student_id,age,gender,attendance_rate,study_hours_per_week,assignment_score,quiz_score,midterm_score,continuous_assessment,previous_gpa,final_exam_score
STU100000,19,Male,91.0,25.15,72.23,70.3,87.02,78.87,3.0,89.41
STU100001,28,Female,99.08,26.45,89.44,84.94,75.99,83.5,4.0,77.11
STU100002,26,Female,76.32,24.92,59.44,77.36,64.16,82.26,2.6,52.46
STU100003,23,Male,61.32,0.0,43.85,59.33,56.5,57.21,1.69,49.71
STU100004,23,Male,100.0,15.23,100.0,94.22,66.23,88.74,2.65,68.62
STU100005,29,Male,64.8,3.27,73.33,61.73,70.1,59.63,1.67,65.37
STU100006,19,Female,82.06,6.43,89.68,70.31,72.49,70.74,2.85,70.21
STU100007,27,Female,67.38,10.39,85.94,54.75,60.95,61.06,2.55,59.47
STU100008,20,Female,76.88,15.33,80.06,68.77,56.44,51.69,2.06,53.42
STU100009,19,Female,90.64,21.07,82.05,67.3,82.16,82.36,2.67,66.47
STU100010,24,Male,74.83,21.6,79.55,69.11,61.36,76.23,3.27,63.71
STU100011,30,Female,73.81,19.93,71.0,89.6,87.4,86.47,3.7,88.79
STU100012,27,Male,78.05,8.09,65.88,45.27,66.77,66.36,2.49,58.58
STU100013,27,Female,89.9,11.33,77.06,66.93,58.75,65.31,2.96,62.6
STU100014,27,Male,70.64,12.57,71.06,70.08,68.38,61.74,2.74,54.12
STU100015,28,Male,72.72,6.15,68.67,73.98,77.53,73.96,3.18,67.15
STU100016,24,Female,84.95,0.0,52.38,71.59,70.47,79.57,2.33,64.83
STU100017,19,Male,100.0,28.02,77.32,84.01,88.36,86.34,3.11,83.29
STU100018,28,Female,73.2,14.62,73.62,80.19,57.38,78.32,3.01,59.94
STU100019,23,Male,60.24,10.09,45.89,34.07,41.07,48.78,1.1,42.49
STU100020,24,Female,88.26,26.85,92.26,92.6,80.93,79.33,2.84,63.95
STU100021,22,Female,77.86,19.24,65.61,76.54,76.55,69.83,2.37,66.47
STU100022,20,Female,79.34,12.65,82.92,60.67,63.27,67.12,2.39,66.29
STU100023,30,Female,73.67,8.32,59.02,61.13,52.91,66.37,1.59,63.07
STU100024,28,Female,71.74,7.92,75.62,77.5,67.42,71.7,1.52,52.25
STU100025,26,Female,100.0,31.4,77.97,80.25,97.24,100.0,3.25,83.35
STU100026,23,Male,66.2,17.63,77.84,52.87,68.38,69.51,2.11,60.72
STU100027,28,Male,57.46,9.24,45.89,44.15,40.9,40.85,2.0,49.75
STU100028,25,Female,97.14,17.5,75.48,78.02,79.31,69.25,2.67,68.68
STU100029,23,Male,87.7,17.74,93.92,97.67,74.25,80.54,3.31,59.53
STU100030,23,Male,74.16,21.74,81.74,72.04,68.24,75.16,2.74,70.05
STU100031,20,Female,49.25,14.94,55.22,43.44,53.91,45.48,1.98,42.53
STU100032,19,Male,66.92,9.98,56.35,59.83,48.65,70.39,2.35,64.84
STU100033,25,Female,71.64,12.28,48.55,68.34,46.25,53.63,2.2,47.89
STU100034,29,Female,100.0,26.63,71.56,90.41,86.18,89.46,3.15,76.12
STU100035,18,Male,68.84,12.23,63.62,73.99,57.68,69.04,1.87,50.02
STU100036,29,Female,57.79,3.63,47.08,32.37,41.45,47.78,1.84,43.12
STU100037,28,Male,84.38,12.76,62.33,60.85,81.15,86.97,2.25,70.1
STU100038,21,Female,80.11,14.53,71.58,70.23,62.54,68.4,2.7,64.46
STU100039,26,Female,63.85,17.46,67.08,76.26,67.05,57.8,2.3,82.37
STU100040,20,Male,66.37,13.08,61.5,50.7,65.15,65.43,1.51,49.85
STU100041,27,Male,58.72,11.41,53.87,60.04,53.86,68.0,2.06,60.21
STU100042,27,Male,76.06,26.32,77.82,83.78,86.3,80.27,3.11,89.14
STU100043,22,Male,86.42,14.66,71.72,62.4,62.5,75.24,2.69,74.83
STU100044,18,Male,84.86,12.01,84.18,67.94,81.19,84.5,2.79,69.05
STU100045,30,Female,78.35,15.68,68.46,72.55,77.5,71.68,2.39,71.2
STU100046,23,Male,77.66,16.58,60.19,69.97,86.5,72.1,2.87,63.9
STU100047,29,Female,77.39,15.57,64.43,73.06,74.1,73.42,2.03,72.64
STU100048,26,Male,78.35,16.32,66.11,63.62,68.27,67.72,2.02,66.47
STU100049,28,Female,100.0,27.04,69.59,92.16,100.0,76.19,3.32,89.43
STU100050,27,Male,100.0,13.41,82.8,82.19,94.06,85.38,3.54,95.82
STU100051,20,Male,66.41,3.68,51.48,56.46,65.73,49.8,2.1,56.65
STU100052,22,Female,64.46,13.29,69.02,75.51,60.69,68.13,2.32,60.39
STU100053,24,Male,87.22,22.43,84.41,78.4,74.62,88.36,2.24,72.61
STU100054,24,Female,89.2,36.76,86.49,86.94,91.81,79.37,3.96,97.13
STU100055,18,Male,92.83,20.81,94.7,89.19,79.64,88.72,2.71,73.63
STU100056,25,Female,84.09,6.68,61.22,70.12,58.77,68.36,2.31,63.2
STU100057,20,Female,85.12,20.53,82.55,87.52,83.09,83.41,3.88,87.17
STU100058,27,Female,59.96,11.62,69.52,48.92,79.36,71.13,2.58,74.87
STU100059,26,Male,97.04,16.83,72.23,74.54,92.47,82.24,3.12,85.24
STU100060,29,Male,82.07,19.96,67.63,71.67,78.8,82.55,3.03,68.67
STU100061,27,Male,68.98,12.33,42.74,61.77,48.95,70.69,1.94,53.88
STU100062,22,Male,75.24,18.9,87.59,56.92,92.54,81.2,3.6,70.29
STU100063,30,Male,86.66,16.74,84.1,84.0,65.0,81.07,2.71,64.22
STU100064,23,Female,87.33,13.9,67.01,76.24,52.34,67.04,2.15,58.92
STU100065,22,Female,64.47,8.33,78.83,73.37,69.57,66.91,2.26,70.59
STU100066,29,Female,57.79,10.49,81.74,51.54,48.12,58.07,2.32,43.53
STU100067,22,Male,88.53,26.46,65.66,61.68,73.45,71.24,2.64,85.07
STU100068,18,Male,74.75,8.28,73.58,69.57,52.06,84.81,2.75,47.32
STU100069,24,Female,68.87,10.61,68.6,74.41,47.96,82.33,2.41,56.26
STU100070,28,Male,74.22,9.15,53.93,60.31,78.72,67.71,2.52,71.14
STU100071,20,Male,84.13,16.24,59.9,93.61,83.03,57.27,2.93,76.72
STU100072,24,Male,86.03,11.22,75.03,72.0,69.24,72.47,2.72,71.96
STU100073,19,Female,99.43,8.31,71.7,68.76,60.03,72.18,2.61,64.48
STU100074,26,Female,60.71,10.54,47.97,52.72,43.38,59.25,1.47,66.47
STU100075,24,Male,93.31,22.34,71.04,88.9,80.48,84.54,3.23,73.28
STU100076,22,Male,81.72,12.75,75.1,64.41,61.43,79.75,2.39,62.3
STU100077,20,Male,62.95,8.99,48.1,53.48,49.08,53.29,2.83,53.59
STU100078,25,Female,35.78,15.04,37.45,62.11,36.7,49.42,1.08,32.9
STU100079,26,Female,89.98,20.26,73.93,96.47,65.83,71.13,3.18,63.2
STU100080,30,Male,93.35,9.16,74.63,72.46,86.6,80.34,2.25,79.9
STU100081,23,Female,68.81,15.04,63.91,64.24,68.88,79.92,2.65,68.15
STU100082,20,Male,80.49,15.33,72.12,63.61,73.38,88.0,2.83,85.13
STU100083,28,Male,83.68,17.5,89.23,100.0,62.68,69.56,3.17,66.72
STU100084,24,Female,83.31,7.38,75.39,82.32,78.1,80.1,2.84,82.03
STU100085,27,Male,93.97,10.99,69.73,79.8,54.66,70.29,2.87,66.55
STU100086,19,Female,66.52,9.83,71.52,59.75,67.58,64.89,2.76,56.97
STU100087,22,Male,83.78,17.22,66.79,68.65,64.35,77.9,2.69,65.93
STU100088,27,Female,94.81,26.45,89.64,76.55,86.31,87.56,2.87,80.99
STU100089,28,Male,74.36,22.94,74.9,37.36,54.03,70.96,2.16,67.22
STU100090,23,Male,95.34,26.0,77.95,77.9,84.42,70.34,3.34,81.34
STU100091,28,Female,78.76,12.32,81.07,77.27,71.67,75.97,2.74,70.62
STU100092,28,Male,100.0,20.62,78.3,77.04,74.55,73.4,2.78,74.72
STU100093,23,Male,100.0,36.43,99.04,90.93,100.0,98.81,3.52,100.0
STU100094,29,Female,94.18,19.31,100.0,70.31,93.27,87.33,3.83,83.75
STU100095,21,Female,100.0,19.75,0.0,82.08,100.0,100.0,2.82,91.04
STU100096,21,Female,70.48,3.11,55.42,68.61,43.83,60.96,1.89,56.34
STU100097,26,Female,100.0,25.33,95.54,100.0,100.0,79.65,3.22,94.23
STU100098,26,Female,75.56,16.37,71.29,77.28,76.41,69.3,2.39,67.52
STU100099,19,Female,73.27,21.05,59.79,68.28,60.89,64.77,2.82,66.16
STU100100,28,Female,42.33,6.5,31.6,70.31,51.39,50.69,1.32,32.98
STU100101,20,Male,68.53,18.89,74.62,61.61,89.53,70.17,2.7,70.07
STU100102,28,Male,67.97,8.73,69.42,36.17,65.9,65.65,2.19,57.86
STU100103,18,Female,81.36,19.41,84.77,82.18,63.14,75.08,2.59,55.9
STU100104,28,Female,71.08,10.28,62.76,40.2,54.31,62.41,2.05,59.9
STU100105,28,Male,92.45,32.3,100.0,88.89,97.59,100.0,3.49,86.3
STU100106,28,Male,75.84,18.21,79.11,78.27,74.33,77.15,2.38,80.19
STU100107,26,Male,78.35,29.99,93.55,84.91,100.0,82.32,3.48,95.24
STU100108,24,Female,63.36,6.82,63.29,57.2,60.5,56.13,2.11,51.82
STU100109,27,Female,100.0,24.86,81.33,90.67,77.16,74.53,2.52,76.62
STU100110,21,Male,56.64,2.9,42.1,46.97,58.49,47.2,2.05,50.07
STU100111,28,Female,95.52,10.3,65.41,77.03,71.55,41.59,3.34,73.53
STU100112,25,Female,76.47,15.58,61.36,58.6,59.96,72.22,2.35,62.22
STU100113,23,Female,75.9,19.75,75.37,62.35,53.68,53.21,2.13,60.58
STU100114,24,Male,78.2,11.71,53.76,55.38,59.33,72.27,2.22,60.77
STU100115,25,Female,64.84,11.17,53.86,58.35,66.16,55.85,2.0,62.47
STU100116,18,Female,49.74,11.75,66.24,55.8,54.87,55.56,1.73,61.9
STU100117,19,Female,75.58,11.63,64.28,55.81,69.68,81.13,2.41,69.03
STU100118,21,Male,94.93,16.64,71.61,75.8,69.29,69.58,2.71,63.44
STU100119,19,Female,73.64,20.9,80.31,58.19,82.89,71.13,2.67,72.69
STU100120,23,Female,85.3,14.02,92.42,84.14,55.2,69.52,3.03,70.27
STU100121,26,Male,79.72,24.61,88.89,68.84,86.09,71.65,2.44,72.78
STU100122,26,Male,60.08,8.69,72.23,63.82,47.98,63.54,1.68,35.76
STU100123,24,Female,73.44,17.01,69.42,71.42,65.95,71.6,2.69,60.72
STU100124,29,Female,92.51,19.25,83.05,88.2,55.28,75.66,3.07,58.53
STU100125,25,Male,83.8,11.06,92.07,62.52,97.46,81.35,2.55,84.51
STU100126,19,Male,78.35,15.37,60.04,58.51,58.42,67.78,2.76,70.86
STU100127,27,Male,98.54,16.93,83.15,83.5,84.12,78.14,2.81,74.24
STU100128,25,Female,70.05,8.05,66.73,68.22,65.28,67.66,1.53,69.4
STU100129,26,Female,77.43,7.68,72.23,69.72,55.38,60.95,2.27,60.06
STU100130,25,Male,81.34,9.2,92.16,81.82,68.38,69.87,2.12,77.22
STU100131,24,Male,74.2,13.95,66.7,74.76,79.88,48.01,2.21,72.35
STU100132,19,Male,62.09,14.96,70.65,68.96,63.31,62.97,2.46,59.08
STU100133,25,Male,81.81,9.49,67.97,70.67,69.86,65.24,2.06,66.47
STU100134,28,Female,62.76,15.27,48.58,58.24,62.67,47.48,2.17,64.78
STU100135,21,Female,53.88,19.01,76.54,76.87,70.08,74.28,1.9,65.63
STU100136,25,Male,95.54,26.05,97.47,81.73,100.0,80.26,3.35,99.58
STU100137,18,Male,77.46,6.79,81.68,55.63,74.32,76.95,2.03,86.2
STU100138,22,Male,87.11,27.92,76.23,93.33,79.06,83.24,3.44,88.72
STU100139,23,Female,82.32,16.91,65.04,80.44,73.85,75.1,2.59,58.35
STU100140,30,Female,67.96,19.72,71.6,61.73,64.69,59.49,2.73,52.69
STU100141,20,Female,80.03,2.08,45.6,52.81,34.5,47.72,1.38,40.6
STU100142,21,Male,80.18,8.74,53.84,74.8,70.8,46.19,2.71,56.63
STU100143,23,Female,75.54,11.42,67.08,63.53,57.42,77.17,1.83,54.96
STU100144,30,Male,70.95,5.85,70.9,76.72,57.86,66.0,1.5,55.29
STU100145,29,Female,98.8,12.78,79.01,85.73,66.96,72.08,3.01,66.24
STU100146,18,Female,91.6,8.84,79.91,77.12,80.81,85.64,3.42,86.33
STU100147,21,Male,100.0,40.0,93.8,81.92,81.68,83.15,3.88,94.43
STU100148,28,Female,73.3,2.07,55.84,62.24,41.74,68.28,2.53,42.12
STU100149,18,Male,98.2,16.31,84.83,100.0,80.14,71.13,3.58,84.53
STU100150,29,Female,100.0,27.41,73.84,70.31,68.38,81.32,3.01,79.08
STU100151,21,Male,71.85,6.49,76.08,70.89,56.42,53.97,2.65,59.8
STU100152,29,Male,84.15,9.79,100.0,90.55,76.53,70.99,2.77,68.36
STU100153,21,Male,85.05,8.07,84.92,65.89,95.12,71.13,2.87,88.3
STU100154,23,Male,70.38,16.11,82.05,73.25,69.4,55.99,2.53,63.91
STU100155,26,Male,56.13,8.83,67.91,73.66,43.82,62.76,2.41,56.53
STU100156,19,Male,74.12,14.45,53.55,66.6,60.23,76.16,2.68,66.48
STU100157,25,Female,55.53,0.46,68.14,26.48,44.96,45.97,1.14,31.23
STU100158,24,Male,87.53,15.85,65.23,63.32,65.28,95.39,2.34,75.04
STU100159,28,Male,60.66,8.47,73.1,41.01,62.31,67.26,1.9,66.47
STU100160,30,Female,68.62,7.17,62.94,44.75,57.5,58.02,2.63,43.25
STU100161,26,Female,83.06,13.06,86.94,83.11,62.1,66.91,2.49,57.69
STU100162,23,Male,66.48,2.29,56.53,50.38,62.27,45.59,2.23,58.09
STU100163,23,Male,82.46,14.36,69.63,87.1,74.82,80.22,2.54,79.0
STU100164,23,Female,81.11,25.47,71.07,83.18,70.73,71.47,2.92,76.97
STU100165,28,Female,60.77,10.62,88.88,54.07,67.43,63.57,2.39,66.47
STU100166,22,Male,71.5,3.3,73.97,70.72,50.91,71.53,2.9,52.25
STU100167,20,Female,63.74,9.15,79.42,40.77,66.1,52.45,2.29,52.39
STU100168,22,Male,88.4,15.48,76.33,81.14,67.32,86.17,2.9,77.59
STU100169,18,Male,66.76,15.9,80.17,76.17,88.22,75.03,2.41,80.21
STU100170,19,Female,77.05,15.22,63.06,70.6,82.4,68.09,3.2,69.96
STU100171,19,Female,85.31,25.46,77.55,58.97,64.18,71.13,2.53,79.86
STU100172,28,Female,81.56,9.23,85.53,48.0,63.57,43.74,1.39,61.87
STU100173,27,Male,53.01,9.97,49.36,78.32,68.38,58.74,1.09,44.73
STU100174,27,Male,93.41,24.3,75.71,87.09,68.9,84.1,2.41,71.43
STU100175,24,Male,81.77,12.3,86.34,74.79,51.29,59.24,3.05,67.41
STU100176,27,Male,68.01,12.73,67.52,73.55,67.76,48.64,3.01,58.03
STU100177,20,Male,75.89,13.66,93.11,89.17,68.3,72.11,1.99,46.72
STU100178,29,Female,84.74,16.5,82.52,96.05,91.06,77.86,2.86,66.47
STU100179,24,Female,87.87,15.81,84.14,80.73,84.06,81.92,3.1,87.32
STU100180,30,Female,79.61,15.72,69.24,60.48,49.08,65.78,2.76,62.01
STU100181,19,Male,54.1,19.28,47.2,61.36,58.32,69.58,1.48,64.56
STU100182,24,Male,54.91,3.07,46.65,52.67,56.9,54.03,2.05,59.85
STU100183,27,Female,75.93,14.21,56.34,78.52,59.42,71.13,2.26,70.69
STU100184,24,Male,95.59,25.33,57.24,87.6,95.69,81.69,4.0,66.47
STU100185,23,Female,68.71,7.98,63.72,69.69,56.32,66.9,2.19,59.82
STU100186,20,Male,72.88,18.46,54.32,73.83,52.98,71.13,2.33,57.36
STU100187,22,Female,62.52,22.28,60.91,50.15,58.62,52.82,2.22,64.4
STU100188,21,Female,64.43,8.82,75.59,65.34,57.65,59.79,2.52,50.19
STU100189,21,Female,85.76,23.6,63.62,81.6,53.27,74.46,2.83,59.94
STU100190,26,Female,61.47,4.59,65.03,47.47,25.89,47.29,1.45,21.68
STU100191,26,Female,95.78,16.65,68.87,76.7,97.73,82.71,2.34,86.73
STU100192,25,Male,86.05,13.43,64.46,80.5,77.66,72.42,2.38,83.29
STU100193,22,Female,100.0,34.22,100.0,100.0,100.0,99.32,4.0,93.51
STU100194,30,Female,52.96,7.44,55.97,21.44,62.5,71.13,1.71,41.97
STU100195,19,Female,96.15,28.23,99.94,99.92,83.39,100.0,3.36,84.93
STU100196,22,Male,100.0,24.48,100.0,62.49,83.37,73.78,2.77,81.79
STU100197,24,Male,77.24,19.29,64.18,64.9,56.96,63.42,2.67,60.33
STU100198,22,Female,74.73,15.28,62.02,51.76,68.63,66.4,2.53,56.34
STU100199,30,Female,53.83,17.12,43.08,54.12,61.41,56.88,2.05,63.1
STU100200,22,Male,62.15,5.25,65.17,60.68,53.29,71.96,2.1,57.77
STU100201,29,Male,78.55,13.98,75.4,75.29,72.36,82.09,2.01,82.84
STU100202,24,Male,66.84,15.12,79.01,84.38,79.71,91.12,2.04,81.43
STU100203,27,Male,65.12,1.12,68.11,38.53,48.35,53.22,1.66,42.55
STU100204,23,Male,100.0,23.73,86.12,100.0,84.31,83.92,3.83,89.45
STU100205,21,Male,59.05,15.35,86.01,64.14,69.22,66.02,2.57,69.99
STU100206,27,Male,78.35,18.72,70.14,68.17,56.57,62.88,2.41,69.95
STU100207,30,Female,68.19,11.81,68.83,79.94,52.22,71.95,2.45,50.43
STU100208,24,Male,73.76,15.04,68.73,75.5,100.0,75.05,2.86,61.21
STU100209,28,Male,85.06,7.34,61.44,49.2,69.85,74.25,2.29,65.86
STU100210,21,Male,82.59,13.03,61.21,69.21,68.94,89.73,2.61,70.16
STU100211,27,Male,66.9,9.01,73.51,62.12,57.46,70.69,2.42,57.62
STU100212,28,Female,75.74,20.53,71.44,74.57,100.0,73.27,2.86,83.82
STU100213,23,Female,78.59,18.8,72.36,71.26,65.58,72.89,2.67,48.4
STU100214,27,Male,87.46,25.93,75.63,82.68,81.3,69.55,3.45,71.25
STU100215,21,Male,85.82,9.05,68.64,57.34,62.04,64.64,2.82,65.24
STU100216,19,Male,94.61,18.25,58.38,70.59,61.64,73.64,2.9,68.04
STU100217,19,Male,89.38,20.73,41.32,63.64,65.86,73.22,2.22,79.45
STU100218,23,Male,86.5,16.01,89.71,85.0,75.74,73.6,2.69,72.5
STU100219,29,Male,78.35,10.75,85.43,73.09,72.9,62.43,2.8,60.63
STU100220,19,Male,79.51,6.68,47.24,77.52,59.42,75.67,2.86,59.93
STU100221,23,Female,67.02,16.99,73.78,70.41,66.99,61.08,3.01,73.49
STU100222,27,Male,61.59,10.72,72.59,74.55,58.91,70.93,1.59,53.65
STU100223,20,Male,79.52,17.57,60.45,72.73,79.19,81.61,3.37,62.59
STU100224,27,Male,65.36,13.58,79.34,57.7,70.12,77.5,2.62,73.04
STU100225,21,Male,64.48,20.65,76.58,60.03,59.97,70.62,2.54,70.6
STU100226,28,Male,81.7,23.53,89.37,71.91,77.2,88.59,2.27,75.72
STU100227,25,Male,89.69,15.95,96.15,86.86,74.33,81.54,2.83,68.92
STU100228,25,Male,100.0,24.19,99.27,98.57,91.03,79.26,3.68,94.18
STU100229,20,Male,70.86,15.32,72.23,62.46,75.65,86.98,1.79,54.69
STU100230,24,Female,81.69,13.66,78.84,78.81,70.31,81.64,1.82,73.36
STU100231,29,Female,38.54,9.46,55.79,32.62,46.11,55.56,1.66,45.44
STU100232,18,Male,91.62,18.72,94.19,75.45,70.51,81.06,2.9,78.44
STU100233,27,Male,60.75,10.31,54.88,28.66,25.41,71.13,2.28,26.75
STU100234,24,Female,61.79,8.11,56.15,66.95,62.0,52.95,1.95,66.47
STU100235,27,Female,91.32,14.37,60.59,96.1,82.93,89.2,2.64,86.24
STU100236,26,Male,61.02,7.83,73.31,57.5,64.57,47.09,2.43,61.88
STU100237,23,Male,63.42,19.11,66.19,63.83,82.13,62.21,2.48,51.52
STU100238,22,Male,70.22,10.62,59.18,68.67,58.41,68.38,2.01,65.37
STU100239,26,Female,82.26,34.78,86.61,67.04,68.18,75.49,3.2,81.05
STU100240,19,Male,71.21,10.16,59.44,58.26,68.48,79.68,1.85,67.02
STU100241,25,Male,81.06,10.42,59.5,74.04,79.77,56.55,2.48,68.45
STU100242,19,Male,81.86,4.8,80.07,67.4,74.32,60.52,2.55,74.55
STU100243,26,Male,91.86,26.08,61.99,79.97,67.39,71.13,3.21,76.06
STU100244,26,Male,87.25,19.12,81.96,76.55,71.37,83.21,3.04,62.41
STU100245,19,Female,53.26,8.1,52.23,41.23,29.13,53.1,1.2,28.5
STU100246,27,Female,94.18,32.88,68.2,88.76,100.0,84.36,2.37,96.89
STU100247,23,Male,69.15,14.68,68.71,70.31,51.35,59.01,2.13,48.72
STU100248,28,Male,81.21,18.1,68.21,52.64,58.86,70.37,2.96,66.85
STU100249,18,Female,70.81,15.5,77.68,38.06,55.61,52.06,2.19,44.09
STU100250,20,Male,83.56,21.25,84.92,62.11,73.8,78.45,2.77,77.74
STU100251,24,Male,100.0,23.99,99.93,94.08,100.0,81.59,3.77,97.24
STU100252,20,Male,73.2,22.43,50.91,68.84,68.29,71.13,2.67,81.03
STU100253,22,Female,83.28,12.01,62.42,66.23,55.7,74.29,1.92,65.24
STU100254,26,Female,66.36,21.31,63.94,68.13,61.22,63.3,2.52,70.03
STU100255,19,Female,63.89,8.72,67.92,52.17,44.06,77.71,2.06,38.05
STU100256,26,Female,91.5,29.65,88.5,99.07,99.74,81.71,3.1,66.47
STU100257,19,Male,78.35,15.75,78.15,64.35,71.86,70.15,2.81,86.23
STU100258,20,Male,72.48,1.12,70.37,67.23,61.46,72.05,1.37,64.18
STU100259,25,Male,65.79,11.72,76.31,78.46,53.5,69.43,2.05,55.8
STU100260,28,Female,90.62,19.98,85.52,55.7,50.16,69.62,2.46,69.49
STU100261,20,Female,87.68,17.81,86.4,60.92,95.78,79.65,3.41,78.41
STU100262,21,Male,71.24,7.08,57.83,58.98,59.78,68.31,1.85,61.02
STU100263,30,Female,85.55,10.61,87.07,88.74,85.26,83.97,3.36,85.76
STU100264,30,Male,80.14,13.67,70.79,69.36,45.7,67.07,2.32,49.69
STU100265,25,Male,59.38,3.17,69.34,38.08,55.02,59.6,1.23,40.28
STU100266,23,Male,72.54,14.78,62.14,47.92,77.74,84.0,2.19,80.06
STU100267,22,Female,98.57,27.17,98.08,84.61,100.0,86.13,3.44,92.78
STU100268,25,Female,68.37,6.75,58.28,58.63,48.91,54.02,1.86,52.67
STU100269,25,Male,63.85,17.22,68.02,58.26,71.27,63.17,2.19,59.03
STU100270,21,Female,78.35,21.92,71.15,83.0,95.52,81.46,2.8,79.49
STU100271,18,Female,69.54,17.27,71.63,74.17,68.98,66.43,2.49,64.52
STU100272,19,Female,70.37,11.86,67.96,70.46,71.54,77.31,1.71,64.23
STU100273,30,Female,91.88,17.87,80.23,69.23,92.53,77.58,2.28,86.95
STU100274,23,Male,94.45,26.03,61.39,82.41,88.93,86.04,2.97,85.66
STU100275,24,Female,77.85,12.41,64.16,87.99,81.29,89.08,2.4,69.12
STU100276,24,Female,72.59,13.44,68.86,55.27,68.38,61.82,2.57,45.79
STU100277,28,Female,67.98,18.34,80.89,58.62,70.28,70.01,1.51,70.38
STU100278,18,Male,78.35,11.58,72.93,74.17,70.33,71.13,2.74,76.96
STU100279,19,Female,57.18,0.42,53.98,44.49,42.71,0.0,2.59,45.16
STU100280,21,Female,92.75,17.75,94.98,73.19,99.37,85.88,3.1,83.29
STU100281,24,Male,93.1,34.29,89.61,85.74,87.73,85.05,3.35,87.4
STU100282,26,Female,68.77,10.54,76.14,64.77,67.32,75.38,2.53,67.31
STU100283,24,Male,71.06,11.13,72.75,81.28,73.53,69.94,2.85,72.45
STU100284,23,Male,78.35,23.95,80.6,74.47,67.06,81.07,2.95,80.43
STU100285,30,Male,96.08,13.11,99.15,92.01,88.7,85.3,3.12,91.59
STU100286,20,Female,90.31,19.57,93.85,99.7,94.65,96.97,3.51,97.74
STU100287,25,Female,49.47,11.66,51.34,62.24,46.9,51.63,0.96,36.22
STU100288,25,Male,76.65,8.33,58.6,65.3,60.56,62.07,2.63,65.18
STU100289,24,Female,84.18,16.7,62.09,77.5,77.45,68.45,2.61,73.92
STU100290,28,Male,72.28,13.51,53.12,55.41,72.71,56.33,2.25,53.27
STU100291,21,Male,93.3,27.17,72.23,92.89,73.44,95.58,3.21,76.16
STU100292,30,Female,100.0,22.11,91.54,100.0,86.9,87.11,3.82,91.21
STU100293,22,Female,62.91,12.84,48.63,73.79,58.18,89.24,2.18,53.55
STU100294,25,Female,76.61,21.26,56.06,68.08,83.83,64.69,2.31,66.4
STU100295,24,Female,67.89,5.19,72.23,64.92,70.78,49.38,2.0,60.2
STU100296,29,Female,62.15,11.41,83.91,60.24,51.6,67.0,2.35,49.59
STU100297,23,Male,91.53,13.12,72.23,58.36,78.83,71.13,3.23,86.28
STU100298,21,Male,94.05,24.22,65.32,77.21,78.3,84.17,2.52,81.97
STU100299,18,Male,68.78,9.83,66.44,62.73,41.04,61.29,2.43,36.98
STU100300,24,Female,49.3,0.0,53.83,47.83,22.56,39.54,1.39,18.23
STU100301,28,Female,75.16,0.0,51.21,51.27,62.11,51.83,2.24,63.69
STU100302,18,Female,74.76,3.16,59.35,62.85,59.97,71.33,2.21,64.56
STU100303,29,Male,72.92,12.03,68.33,37.16,50.19,56.86,2.17,33.61
STU100304,25,Male,74.58,13.55,78.2,73.7,86.01,73.12,2.95,86.32
STU100305,19,Female,60.64,6.81,64.24,51.57,61.79,61.21,2.04,57.23
STU100306,21,Female,78.35,7.42,65.92,43.68,50.42,58.53,2.16,51.24
STU100307,25,Male,63.9,21.13,64.57,64.24,59.76,58.88,2.52,54.7
STU100308,22,Female,69.91,5.82,54.96,71.95,45.59,46.56,1.97,53.61
STU100309,19,Male,76.42,18.61,62.48,63.8,81.38,0.0,2.07,72.83
STU100310,26,Male,75.76,17.99,59.04,72.25,48.99,62.61,1.98,51.14
STU100311,26,Male,82.15,23.15,74.93,73.59,63.57,89.19,3.0,52.13
STU100312,19,Male,70.53,4.83,66.9,79.38,57.81,59.33,1.7,49.55
STU100313,21,Female,80.3,13.54,61.47,50.31,92.52,66.97,2.2,64.51
STU100314,21,Male,53.64,9.78,75.79,62.6,47.01,66.59,1.89,44.21
STU100315,26,Male,90.14,29.93,71.59,86.81,86.26,83.77,3.08,76.94
STU100316,27,Male,92.8,16.13,72.49,68.2,67.05,53.48,2.16,69.71
STU100317,27,Female,88.28,20.24,90.25,95.54,84.82,84.54,2.57,91.15
STU100318,30,Male,44.0,17.01,64.12,36.2,65.2,43.83,1.54,50.88
STU100319,27,Male,70.91,12.94,54.76,68.22,60.43,67.07,2.28,52.93
STU100320,22,Male,56.57,14.3,67.16,60.89,58.23,70.74,2.04,56.43
STU100321,19,Female,58.21,11.16,52.79,55.1,46.08,77.05,1.97,50.02
STU100322,25,Female,67.4,16.33,59.31,53.32,81.1,61.28,2.41,77.93
STU100323,29,Male,100.0,24.87,91.77,86.59,100.0,81.29,3.5,91.15
STU100324,30,Male,73.99,14.07,52.16,57.18,46.46,47.25,2.23,60.31
STU100325,20,Male,79.21,11.09,72.88,70.98,70.23,63.16,2.7,57.5
STU100326,21,Female,72.06,12.7,71.87,66.44,62.63,78.39,1.18,60.59
STU100327,18,Female,55.97,4.84,59.68,54.62,34.14,41.66,1.38,25.73
STU100328,19,Male,69.14,16.97,61.95,65.44,72.36,35.06,2.3,66.47
STU100329,25,Male,90.16,17.53,66.25,77.82,62.14,74.63,2.35,69.06
STU100330,25,Female,77.82,15.31,76.17,77.43,58.6,74.68,2.64,50.74
STU100331,22,Female,79.95,13.19,66.98,43.66,79.25,69.18,1.85,62.62
STU100332,22,Male,52.08,10.62,50.93,59.45,59.13,55.28,1.51,50.89
STU100333,28,Male,67.16,14.1,57.21,70.88,46.65,71.67,2.08,52.9
STU100334,23,Male,76.0,1.93,72.23,72.65,80.99,83.04,2.81,63.08
STU100335,28,Female,75.15,15.04,66.22,50.23,58.27,47.98,1.83,56.33
STU100336,30,Female,61.27,13.71,63.84,54.57,41.7,55.97,2.49,49.95
STU100337,22,Female,88.83,18.16,80.11,54.0,77.31,65.07,2.61,78.02
STU100338,20,Female,73.26,13.84,72.23,69.81,54.41,56.16,2.59,44.2
STU100339,30,Male,69.27,24.79,66.87,81.46,83.44,80.99,3.26,76.54
STU100340,26,Male,68.89,8.81,49.42,52.05,40.98,65.07,1.35,45.97
STU100341,21,Male,86.59,9.91,86.1,86.89,79.91,76.82,2.96,77.99
STU100342,26,Female,71.82,18.18,76.9,84.24,67.01,71.13,2.96,68.59
STU100343,24,Female,81.58,21.41,71.1,52.81,62.46,70.87,2.73,62.5
STU100344,29,Male,84.92,22.31,87.61,85.07,59.83,74.94,2.92,63.19
STU100345,21,Male,72.41,14.04,77.73,63.86,74.62,59.7,2.42,86.79
STU100346,30,Female,78.35,8.82,65.22,67.28,71.95,65.17,1.64,66.02
STU100347,30,Female,87.44,27.98,72.23,87.3,85.53,91.87,3.18,74.26
STU100348,20,Female,90.58,24.28,91.77,70.31,94.11,93.4,2.91,99.51
STU100349,20,Male,76.05,13.8,57.78,46.5,52.3,62.21,2.33,68.23
STU100350,24,Female,79.23,16.46,72.19,81.93,77.42,82.45,2.05,78.62
STU100351,18,Female,92.63,21.54,82.76,76.55,83.3,95.81,3.08,92.83
STU100352,21,Female,74.15,16.95,63.86,67.78,67.67,56.61,2.57,80.42
STU100353,23,Female,85.55,19.58,74.47,59.12,90.02,66.44,2.82,78.4
STU100354,30,Female,81.48,26.07,77.11,77.78,64.58,65.98,2.67,73.1
STU100355,30,Female,65.23,15.01,72.82,63.47,41.67,73.33,2.15,57.98
STU100356,19,Female,96.71,22.71,68.68,74.18,77.84,73.03,3.12,71.41
STU100357,29,Male,78.35,11.14,64.68,62.6,65.86,71.49,2.35,76.15
STU100358,19,Male,58.91,3.57,56.04,43.99,41.62,63.83,1.9,48.34
STU100359,27,Female,54.15,9.38,66.79,65.14,57.45,60.61,1.81,60.87
STU100360,28,Female,56.56,14.83,71.75,45.18,63.53,58.42,2.53,66.13
STU100361,29,Male,84.07,23.23,83.86,88.47,88.15,70.62,2.99,75.71
STU100362,20,Male,90.4,17.01,88.24,97.71,68.7,78.68,2.71,76.9
STU100363,29,Female,87.95,23.4,90.22,100.0,73.17,85.97,2.88,69.77
STU100364,19,Female,84.47,14.5,77.89,64.08,76.35,60.26,2.64,71.51
STU100365,24,Female,85.63,20.85,69.11,80.64,84.23,70.93,2.52,83.87
STU100366,24,Male,73.02,18.1,74.07,67.42,80.42,56.36,2.62,73.44
STU100367,22,Female,94.95,16.32,72.23,86.96,68.2,83.6,2.22,66.88
STU100368,18,Female,82.13,15.17,80.36,79.21,78.95,60.82,2.91,63.82
STU100369,28,Male,63.51,7.24,53.22,51.32,45.63,42.18,2.42,42.15
STU100370,22,Male,63.27,10.67,64.85,51.95,54.13,70.35,2.52,63.96
STU100371,26,Female,68.14,3.59,60.63,54.67,52.22,54.59,1.6,54.69
STU100372,23,Male,100.0,24.65,80.06,75.87,75.3,66.15,2.96,74.08
STU100373,22,Female,89.93,30.71,90.98,88.36,95.61,92.71,3.32,89.11
STU100374,29,Female,43.05,6.29,48.6,45.83,50.7,49.74,1.41,42.98
STU100375,19,Female,89.86,25.96,82.3,82.0,83.11,100.0,3.42,78.82
STU100376,27,Male,76.38,13.27,62.94,64.46,70.73,60.79,2.42,71.26
STU100377,27,Female,85.98,21.72,85.54,87.63,76.52,72.41,2.69,65.87
STU100378,22,Male,75.75,17.38,66.22,82.59,64.72,69.37,3.09,68.0
STU100379,21,Female,94.89,24.26,100.0,78.08,74.74,94.58,2.83,86.75
STU100380,18,Male,93.01,20.94,85.97,72.05,88.29,55.55,2.32,74.24
STU100381,30,Female,60.44,6.28,43.69,45.99,43.83,53.67,1.42,56.05
STU100382,30,Female,75.96,5.18,76.4,94.73,72.89,71.89,2.66,60.41
STU100383,21,Male,86.93,22.09,87.63,66.5,78.32,86.85,2.8,68.98
STU100384,18,Male,80.59,15.69,64.61,70.2,53.54,60.86,2.7,41.51
STU100385,24,Female,96.88,19.7,82.05,82.0,80.45,80.2,2.55,83.52
STU100386,18,Male,79.13,8.73,70.13,62.53,70.07,64.28,2.03,50.14
STU100387,28,Male,70.83,7.27,71.96,54.63,60.39,53.42,2.05,68.11
STU100388,29,Male,57.04,4.91,56.69,54.83,50.18,58.37,1.89,62.92
STU100389,19,Female,79.22,9.73,77.13,56.97,63.2,64.15,2.38,64.93
STU100390,27,Female,73.7,13.78,72.68,74.06,75.11,77.18,2.01,63.71
STU100391,20,Male,47.48,15.04,72.23,39.32,35.24,68.19,1.69,66.47
STU100392,22,Female,70.18,21.08,70.04,62.89,73.01,66.81,1.8,68.07
STU100393,25,Male,66.37,10.53,59.92,27.17,50.69,50.44,1.28,46.98
STU100394,27,Male,76.41,12.68,44.74,55.08,36.48,69.36,2.6,51.37
STU100395,29,Male,92.07,22.02,58.13,79.26,80.42,76.24,2.33,78.16
STU100396,18,Male,55.91,17.02,62.97,66.72,74.82,65.62,2.02,56.67
STU100397,20,Male,98.61,27.34,73.54,59.72,80.48,72.17,2.96,75.46
STU100398,21,Female,100.0,28.39,89.1,100.0,95.44,100.0,3.64,95.83
STU100399,22,Male,93.12,24.96,83.52,92.94,92.19,83.47,3.07,66.47
STU100400,30,Female,84.04,14.89,99.61,53.69,48.49,69.57,2.99,60.11
STU100401,28,Male,84.72,18.8,68.76,84.97,81.14,93.63,3.62,84.08
STU100402,22,Male,55.54,5.95,65.84,45.2,46.12,48.38,2.19,39.8
STU100403,30,Male,53.86,5.13,48.95,57.94,49.08,58.7,2.37,60.82
STU100404,24,Female,73.07,16.23,59.18,76.58,55.0,66.93,2.27,69.37
STU100405,24,Female,73.76,18.47,70.48,82.32,68.48,82.64,2.15,57.98
STU100406,23,Male,81.22,28.76,70.42,76.59,55.29,69.9,3.03,49.21
STU100407,19,Male,78.95,7.55,52.09,70.45,54.87,61.74,2.5,58.82
STU100408,30,Male,85.67,20.99,67.61,87.72,71.73,64.39,1.95,66.41
STU100409,18,Female,73.33,10.58,63.65,68.71,80.92,86.18,2.26,82.52
STU100410,20,Male,83.53,15.4,69.45,66.99,91.14,80.93,2.15,68.75
STU100411,20,Female,79.6,19.78,72.89,76.41,59.04,63.56,2.59,53.86
STU100412,21,Male,65.15,12.72,56.15,31.93,62.6,51.46,2.15,44.29
STU100413,19,Male,71.55,15.1,80.38,63.18,67.92,69.27,2.37,59.31
STU100414,18,Female,83.07,17.59,68.08,82.32,67.46,79.9,2.66,71.39
STU100415,26,Male,87.64,20.62,66.43,66.91,63.82,69.03,1.88,53.88
STU100416,30,Male,86.11,16.04,59.25,75.29,74.52,73.95,2.68,94.3
STU100417,19,Female,98.32,24.0,83.42,72.29,99.41,91.6,2.57,69.63
STU100418,21,Male,84.43,23.89,99.27,77.95,73.37,80.87,2.79,69.11
STU100419,24,Male,72.87,6.81,68.53,53.02,43.85,52.46,1.7,46.31
STU100420,30,Male,77.99,24.27,71.6,53.78,71.19,53.26,2.79,75.24
STU100421,27,Male,47.82,19.9,52.17,72.7,46.03,79.95,2.04,44.68
STU100422,27,Female,73.38,21.05,87.7,64.16,65.51,69.26,2.47,52.31
STU100423,25,Male,68.17,15.04,61.35,57.18,67.59,40.25,2.67,52.09
STU100424,23,Female,100.0,14.02,78.97,66.48,68.38,86.63,3.27,93.48
STU100425,20,Female,86.17,13.1,74.07,73.34,82.67,63.74,2.76,59.05
STU100426,29,Female,92.07,21.5,100.0,93.03,80.03,94.25,2.87,86.71
STU100427,28,Female,85.92,18.02,81.6,91.03,83.38,92.56,2.61,83.28
STU100428,18,Female,87.24,16.51,73.49,67.42,57.93,66.27,2.34,63.45
STU100429,27,Female,84.9,0.0,65.75,58.91,70.84,56.54,2.39,71.32
STU100430,19,Male,93.49,28.55,72.23,89.84,76.14,93.16,2.7,73.17
STU100431,27,Male,63.89,13.13,66.32,73.03,57.8,80.0,1.94,66.08
STU100432,28,Female,47.29,15.04,70.69,39.57,51.99,55.93,1.64,50.16
STU100433,19,Male,94.92,30.58,82.94,84.06,88.81,78.11,2.62,73.16
STU100434,23,Female,80.81,14.32,60.79,79.27,71.86,65.69,2.59,67.71
STU100435,19,Male,89.82,15.95,90.77,86.13,91.36,83.06,3.32,84.96
STU100436,25,Female,83.09,18.74,73.52,72.6,58.86,72.11,2.58,45.46
STU100437,30,Male,67.92,16.79,75.13,62.42,64.5,66.22,2.68,58.22
STU100438,19,Female,100.0,23.29,84.69,90.17,89.11,77.92,3.06,87.68
STU100439,23,Male,56.48,17.53,51.52,68.93,49.87,70.24,1.71,53.69
STU100440,30,Male,62.32,12.54,73.96,77.39,49.92,62.71,1.86,55.18
STU100441,21,Female,64.42,14.75,79.68,54.31,48.75,57.16,2.16,58.62
STU100442,19,Female,48.45,3.44,32.76,41.55,39.78,50.23,1.43,33.93
STU100443,24,Female,91.4,26.59,81.83,93.62,86.3,82.24,2.52,76.55
STU100444,24,Female,80.64,10.0,61.51,69.77,82.26,64.8,2.17,58.01
STU100445,26,Male,97.78,15.12,73.1,85.96,68.21,70.04,2.94,73.54
STU100446,22,Female,83.95,21.16,56.66,56.37,73.35,74.98,2.79,66.83
STU100447,30,Male,83.79,20.14,81.48,85.98,65.25,78.53,2.91,75.71
STU100448,24,Female,67.99,16.24,62.99,62.08,62.19,69.23,2.02,68.66
STU100449,21,Male,54.68,7.33,59.05,63.51,54.56,65.32,2.39,59.43
STU100450,30,Male,78.92,17.94,83.78,63.99,73.22,73.63,2.73,68.72
STU100451,30,Female,82.22,12.54,77.25,96.62,59.16,70.55,2.71,66.33
STU100452,24,Female,87.14,15.04,67.23,59.77,64.14,93.43,2.07,68.68
STU100453,18,Male,67.97,7.27,52.7,81.55,60.41,67.81,1.92,60.68
STU100454,25,Female,69.59,10.29,51.66,56.91,55.48,65.66,1.39,40.59
STU100455,25,Female,76.59,13.8,87.2,70.53,73.69,78.5,2.67,75.32
STU100456,19,Male,65.95,4.81,71.64,54.75,62.61,64.06,2.64,61.59
STU100457,26,Female,81.98,11.73,82.87,63.98,79.7,61.27,2.96,71.13
STU100458,28,Male,77.36,16.56,62.06,65.36,78.45,66.65,2.0,63.54
STU100459,19,Male,75.24,12.99,70.74,66.39,60.51,57.86,2.55,49.72
STU100460,27,Female,80.78,13.04,84.37,78.63,66.32,60.24,2.68,62.74
STU100461,19,Male,90.97,22.52,83.05,74.3,76.95,95.61,1.94,61.86
STU100462,27,Male,100.0,34.62,100.0,97.61,100.0,98.56,3.37,94.85
STU100463,23,Female,69.68,24.09,83.25,90.21,77.56,79.52,2.72,70.61
STU100464,18,Male,95.06,13.02,88.1,98.3,76.42,87.7,3.72,87.81
STU100465,30,Female,76.29,11.27,42.54,67.18,67.69,68.2,1.79,74.38
STU100466,20,Female,50.63,4.69,59.23,56.88,52.22,53.31,1.9,39.41
STU100467,25,Male,64.29,4.73,76.89,58.9,85.07,64.9,2.46,74.64
STU100468,20,Female,87.19,13.7,91.0,81.62,70.91,91.85,2.42,66.81
STU100469,30,Male,90.58,23.2,72.15,67.16,79.08,69.96,2.66,70.69
STU100470,24,Female,88.85,23.2,84.08,93.77,87.14,93.95,3.64,84.59
STU100471,28,Male,57.91,0.18,31.83,44.49,34.83,45.25,1.17,46.24
STU100472,23,Female,100.0,19.27,70.36,95.43,73.91,86.04,3.44,78.4
STU100473,24,Male,66.62,22.42,79.95,85.42,74.82,71.04,2.97,75.17
STU100474,26,Female,56.4,0.0,67.44,56.91,44.66,44.55,1.57,28.67
STU100475,28,Male,68.43,14.9,90.83,71.07,76.84,71.33,2.41,63.01
STU100476,29,Male,85.32,14.43,77.72,49.52,70.53,75.34,2.18,63.9
STU100477,18,Male,77.14,9.66,94.13,79.52,61.9,66.72,3.2,60.96
STU100478,26,Female,86.18,16.59,78.59,79.44,75.78,73.24,3.05,79.84
STU100479,19,Female,92.35,22.89,84.7,83.05,69.38,81.93,2.11,65.33
STU100480,21,Male,49.7,1.94,44.84,60.21,50.43,59.18,2.06,60.07
STU100481,28,Male,63.65,18.05,42.15,74.28,70.9,57.56,1.8,58.5
STU100482,21,Male,40.37,8.47,50.91,54.1,51.22,64.69,1.4,44.24
STU100483,28,Male,95.95,18.05,77.68,60.83,84.78,89.01,2.85,86.42
STU100484,24,Female,100.0,16.29,88.39,98.31,86.64,82.78,4.0,92.17
STU100485,21,Female,60.75,7.87,57.58,43.44,72.74,42.68,2.16,44.14
STU100486,22,Female,59.74,0.42,68.07,55.67,63.37,51.01,2.0,66.25
STU100487,24,Male,74.08,7.06,78.66,56.81,43.9,56.75,2.07,41.55
STU100488,27,Male,94.59,13.49,74.28,65.37,58.86,77.21,2.59,63.45
STU100489,25,Female,81.06,21.82,69.39,71.5,100.0,76.49,3.2,77.52
STU100490,24,Male,63.06,11.58,44.71,59.32,49.04,55.2,2.19,48.92
STU100491,29,Female,95.76,15.88,69.08,85.44,80.85,90.79,2.75,67.85
STU100492,27,Male,81.72,17.95,94.84,68.5,100.0,81.2,2.74,86.2
STU100493,25,Male,88.29,19.27,78.69,78.18,69.16,89.36,3.28,71.18
STU100494,21,Female,43.47,11.41,66.43,36.24,69.97,56.37,2.3,55.61
STU100495,23,Male,92.2,25.07,91.97,75.28,100.0,67.81,2.51,89.7
STU100496,19,Female,85.37,23.69,86.4,70.73,83.19,69.95,3.09,81.08
STU100497,22,Male,100.0,27.47,87.23,94.9,68.45,79.37,2.85,70.44
STU100498,30,Male,68.3,14.06,64.31,69.99,72.26,71.95,2.47,81.28
STU100499,23,Male,75.22,3.81,84.31,53.42,58.08,67.05,1.69,47.78
STU100500,19,Male,65.35,3.54,53.2,26.84,54.18,77.49,1.55,53.59
STU100501,26,Female,65.78,11.4,70.86,42.41,61.49,59.51,2.34,67.48
STU100502,30,Male,82.32,8.2,72.23,59.08,68.42,70.12,2.45,77.36
STU100503,29,Female,87.75,15.04,86.19,75.9,62.72,70.84,2.9,54.4
STU100504,21,Female,88.5,22.27,84.24,92.2,83.0,92.5,3.3,79.46
STU100505,23,Male,65.68,6.92,53.54,49.98,65.73,78.86,2.6,71.56
STU100506,24,Male,81.61,6.43,61.18,55.97,72.59,64.82,2.33,61.49
STU100507,21,Male,61.54,8.5,63.67,51.78,79.43,68.52,2.31,66.33
STU100508,21,Female,83.8,2.14,68.83,62.9,41.05,67.6,2.05,42.65
STU100509,21,Female,87.88,22.47,87.62,56.65,87.39,71.29,3.25,79.24
STU100510,24,Male,79.66,19.16,78.54,56.43,68.83,58.68,2.66,41.96
STU100511,27,Female,81.83,12.05,75.75,76.27,71.77,73.65,2.47,67.42
STU100512,28,Male,77.55,10.31,84.88,89.1,81.11,79.62,2.82,76.1
STU100513,28,Male,83.96,24.52,59.58,77.64,68.22,68.95,3.45,66.47
STU100514,30,Male,76.21,20.83,58.27,73.59,71.7,76.94,2.83,71.96
STU100515,19,Female,70.94,6.86,49.46,82.33,63.55,80.92,1.99,54.4
STU100516,29,Male,88.13,26.31,89.61,74.96,73.35,90.17,3.63,82.07
STU100517,18,Male,82.56,17.22,56.56,67.72,74.66,78.15,3.09,84.63
STU100518,24,Male,84.65,13.98,67.63,59.92,52.27,61.85,2.7,67.0
STU100519,25,Female,74.38,11.2,66.04,87.47,83.0,78.87,2.44,79.26
STU100520,22,Male,81.1,9.49,76.79,79.13,79.8,59.61,2.46,71.91
STU100521,19,Male,77.77,13.64,81.52,87.16,73.49,80.85,2.4,65.69
STU100522,20,Male,69.85,19.14,63.76,61.72,66.5,55.75,2.31,58.42
STU100523,28,Female,93.76,18.81,81.92,80.27,88.55,91.22,3.19,91.14
STU100524,22,Male,78.42,15.46,78.61,67.04,58.92,51.59,1.88,54.12
STU100525,22,Female,70.67,14.26,80.01,54.68,68.85,88.39,2.67,85.52
STU100526,30,Male,66.93,11.68,77.82,59.94,68.66,61.42,2.11,50.49
STU100527,19,Male,85.95,8.22,58.71,61.8,40.28,75.46,1.92,47.61
STU100528,29,Female,57.41,3.67,46.36,48.45,22.51,59.65,1.1,25.36
STU100529,29,Female,88.5,21.46,80.77,85.78,72.47,80.9,3.01,79.96
STU100530,25,Male,92.66,21.69,100.0,94.71,84.83,93.22,3.67,92.58
STU100531,20,Female,65.67,3.09,54.99,53.75,54.73,55.13,1.67,42.56
STU100532,20,Female,65.61,0.0,69.64,50.46,49.67,56.71,1.88,39.79
STU100533,21,Male,90.59,10.19,86.65,66.08,71.21,82.37,3.8,71.94
STU100534,25,Female,84.67,8.24,78.46,58.21,85.69,68.68,2.06,75.03
STU100535,24,Female,87.18,24.28,92.07,90.33,91.03,84.52,2.66,87.25
STU100536,23,Male,71.36,13.03,59.02,51.49,51.58,73.56,2.7,48.51
STU100537,19,Female,52.41,15.0,57.2,65.19,74.38,61.26,1.85,63.59
STU100538,25,Male,72.19,15.57,70.11,69.36,81.08,64.13,2.01,69.46
STU100539,18,Male,43.96,2.01,72.23,36.31,37.57,48.93,1.7,38.72
STU100540,27,Female,55.13,3.42,71.14,56.58,50.08,62.87,2.14,54.26
STU100541,18,Female,100.0,21.06,81.44,82.52,61.05,76.41,3.14,68.59
STU100542,20,Female,100.0,23.42,93.32,71.97,69.49,74.26,3.16,73.65
STU100543,20,Female,80.24,34.44,82.62,77.93,84.32,87.7,2.96,90.69
STU100544,28,Female,84.52,15.92,69.07,73.61,68.89,78.69,2.63,81.56
STU100545,24,Male,44.39,5.12,36.89,43.57,37.12,48.9,1.34,36.06
STU100546,23,Female,73.31,10.57,64.28,48.66,64.04,63.67,2.48,61.12
STU100547,25,Female,87.5,19.44,82.32,84.8,100.0,91.58,3.31,94.15
STU100548,24,Female,93.16,29.09,97.69,88.69,82.22,78.9,2.99,78.98
STU100549,26,Male,100.0,32.63,91.26,94.72,79.26,77.65,3.46,85.64
STU100550,24,Male,81.72,14.89,70.17,66.39,64.09,63.52,1.79,63.05
STU100551,23,Male,74.4,3.75,59.23,50.53,49.69,56.65,1.73,56.72
STU100552,28,Male,75.78,17.09,67.83,76.4,84.68,64.88,2.08,75.65
STU100553,22,Male,66.53,16.49,56.02,70.31,66.31,65.5,2.21,62.94
STU100554,30,Female,100.0,35.48,77.63,73.15,96.73,95.43,3.96,99.8
STU100555,24,Female,88.15,20.08,81.57,66.63,97.05,72.75,2.1,83.81
STU100556,27,Male,83.23,10.43,70.91,48.17,85.78,78.37,2.22,88.82
STU100557,29,Male,72.93,21.81,60.98,60.37,67.34,71.83,2.72,54.38
STU100558,28,Female,74.23,21.28,88.36,88.42,68.41,68.65,2.54,69.19
STU100559,29,Male,89.8,23.44,93.84,65.55,66.46,87.52,2.87,79.39
STU100560,24,Female,62.22,12.88,75.36,65.56,60.34,59.89,2.64,74.93
STU100561,18,Male,78.35,13.7,65.03,61.35,39.55,71.13,2.2,41.16
STU100562,24,Male,100.0,25.43,88.73,78.78,100.0,91.77,3.02,91.2
STU100563,20,Male,75.34,3.88,55.15,46.28,42.86,52.67,1.63,42.92
STU100564,29,Female,100.0,25.5,90.3,100.0,88.72,85.55,3.5,100.0
STU100565,21,Male,49.77,15.04,58.0,56.95,47.47,44.29,1.77,38.67
STU100566,20,Female,65.21,13.2,72.33,84.84,49.03,65.9,2.21,45.36
STU100567,21,Male,95.39,21.23,86.13,54.55,90.23,74.14,3.11,70.63
STU100568,26,Male,89.98,13.43,42.63,74.56,73.1,68.62,2.63,49.06
STU100569,25,Female,58.11,15.04,72.23,30.36,49.31,54.19,1.81,48.95
STU100570,30,Male,79.46,17.54,78.12,73.42,77.23,70.19,2.5,71.24
STU100571,23,Male,79.51,6.5,60.33,67.45,68.1,73.9,2.79,65.82
STU100572,21,Female,64.3,18.83,71.51,55.09,65.41,78.97,2.49,70.59
STU100573,18,Female,59.65,13.0,68.22,55.86,53.81,71.47,1.46,59.59
STU100574,18,Male,68.18,11.73,57.34,65.48,68.87,52.95,2.19,55.61
STU100575,22,Male,75.39,14.46,60.36,66.96,65.44,65.47,2.04,62.98
STU100576,30,Female,100.0,27.07,86.87,84.82,89.7,100.0,3.65,90.51
STU100577,24,Female,84.22,11.02,60.85,59.02,68.26,69.4,2.8,67.09
STU100578,29,Female,59.62,14.63,73.16,69.87,44.26,64.01,3.43,61.25
STU100579,19,Female,78.35,18.9,60.82,70.09,74.01,76.89,1.37,67.42
STU100580,19,Female,78.35,27.06,91.09,100.0,77.82,88.98,3.5,88.02
STU100581,28,Male,51.35,1.29,61.69,52.1,30.79,64.55,1.7,34.02
STU100582,19,Male,75.92,15.4,71.67,79.28,67.55,73.03,2.62,59.77
STU100583,18,Female,83.23,17.81,76.72,64.25,67.8,72.43,2.57,76.48
STU100584,23,Female,56.5,8.48,69.58,67.0,47.87,50.64,1.84,49.68
STU100585,30,Female,64.68,14.88,71.26,50.5,66.44,71.59,1.96,59.07
STU100586,26,Female,79.8,18.87,80.66,71.91,69.83,73.78,2.67,69.13
STU100587,19,Male,66.11,13.67,70.88,61.84,55.8,63.33,2.26,60.56
STU100588,28,Male,86.59,26.62,78.45,77.05,70.46,82.28,2.79,76.85
STU100589,28,Female,89.07,18.61,97.13,97.59,100.0,92.61,3.43,91.34
STU100590,28,Male,78.35,28.06,63.37,69.07,66.61,71.37,2.38,60.15
STU100591,29,Female,69.86,10.96,56.63,61.77,76.04,43.78,2.76,76.33
STU100592,21,Female,84.9,23.04,67.28,45.76,78.45,61.74,2.2,67.86
STU100593,30,Male,63.72,8.37,68.18,68.1,53.0,64.62,2.62,62.95
STU100594,22,Female,76.42,14.8,90.98,46.23,73.62,67.59,2.15,49.97
STU100595,28,Female,78.3,16.71,71.83,68.45,64.3,70.64,2.64,58.0
STU100596,25,Female,80.96,21.29,59.22,97.59,73.98,85.53,2.72,83.44
STU100597,28,Male,92.45,27.73,90.19,91.09,73.78,93.5,2.7,74.9
STU100598,24,Female,84.0,16.77,79.52,64.3,67.85,67.92,2.25,74.42
STU100599,26,Male,69.81,11.98,52.47,61.32,82.58,65.56,1.67,61.14
STU100600,26,Female,100.0,21.39,83.59,81.6,75.13,95.86,2.87,79.37
STU100601,28,Male,82.59,20.0,84.11,71.79,91.64,78.03,2.76,75.15
STU100602,27,Female,66.81,18.66,73.71,53.03,72.9,71.18,2.63,74.99
STU100603,19,Female,91.48,10.93,64.25,66.27,60.8,71.13,2.87,66.47
STU100604,28,Female,85.06,18.11,88.24,74.04,88.74,80.66,2.86,86.66
STU100605,24,Female,71.81,6.53,89.18,63.92,61.64,87.43,1.98,72.56
STU100606,22,Male,54.84,2.95,43.4,54.34,43.45,60.59,1.11,43.1
STU100607,24,Female,73.6,13.74,65.8,89.04,78.06,73.69,2.65,72.04
STU100608,30,Male,91.71,20.19,77.24,86.52,92.16,85.94,2.45,79.0
STU100609,29,Female,94.65,18.22,99.34,70.31,82.66,96.77,3.33,98.8
STU100610,28,Male,77.82,10.52,62.29,62.43,82.77,48.97,2.61,66.24
STU100611,24,Female,87.57,20.86,77.78,83.03,54.0,64.5,2.41,54.06
STU100612,28,Male,88.5,13.51,66.37,80.95,66.08,81.97,2.65,62.22
STU100613,23,Female,80.55,10.85,88.87,75.99,82.35,58.56,2.39,67.4
STU100614,26,Female,92.21,19.6,70.74,66.01,64.94,73.05,2.34,64.94
STU100615,26,Male,83.06,19.79,74.76,80.92,71.3,78.05,2.58,79.76
STU100616,21,Male,76.28,18.39,66.99,85.82,61.93,76.05,2.37,61.29
STU100617,21,Female,80.41,17.12,71.44,86.41,63.73,77.62,2.59,62.96
STU100618,18,Female,87.07,19.17,84.35,100.0,78.64,95.77,2.54,83.08
STU100619,19,Male,73.63,8.8,65.22,69.01,67.3,70.79,2.14,64.49
STU100620,23,Male,65.28,13.67,77.86,79.4,60.69,88.95,2.79,56.73
STU100621,24,Male,74.17,3.84,52.35,71.52,62.77,56.46,2.54,70.82
STU100622,20,Female,64.55,6.69,57.48,62.18,56.86,60.3,2.74,54.64
STU100623,23,Female,48.58,11.56,49.23,40.04,55.96,53.82,1.46,50.8
STU100624,25,Male,69.56,16.18,73.24,62.49,53.15,82.87,2.81,64.13
STU100625,21,Female,83.56,24.01,66.85,67.9,73.82,82.7,2.35,57.24
STU100626,22,Female,82.25,19.15,69.71,56.33,63.74,65.92,2.67,63.29
STU100627,22,Female,72.49,13.38,66.02,66.94,59.66,62.01,3.07,58.84
STU100628,24,Male,66.41,16.02,74.84,70.31,86.03,65.26,2.88,65.51
STU100629,22,Male,78.35,15.04,79.64,97.93,69.05,100.0,3.79,78.48
STU100630,27,Male,81.91,16.27,58.77,53.4,67.62,66.66,2.08,64.25
STU100631,22,Male,71.4,12.91,62.73,65.91,59.33,60.96,1.87,62.13
STU100632,23,Male,89.94,14.39,81.25,71.83,64.09,61.29,2.13,62.76
STU100633,22,Female,100.0,27.01,98.63,94.96,100.0,90.59,3.45,93.63
STU100634,20,Male,62.99,6.76,70.08,55.94,59.02,51.36,2.01,66.28
STU100635,26,Female,78.35,18.63,89.87,98.36,69.88,78.98,2.83,66.85
STU100636,21,Male,100.0,18.52,82.47,75.21,89.34,79.92,2.52,70.56
STU100637,21,Female,54.54,0.43,64.65,37.86,35.32,40.38,1.15,27.86
STU100638,28,Male,89.98,16.66,83.08,75.87,70.01,86.06,2.83,81.4
STU100639,30,Female,75.33,16.33,69.47,80.58,87.46,88.54,2.75,78.03
STU100640,26,Male,72.73,17.35,63.28,69.28,71.15,72.76,1.96,60.06
STU100641,29,Female,83.87,4.07,66.78,62.28,71.84,48.27,1.51,64.09
STU100642,29,Female,77.35,13.14,73.98,68.73,37.0,55.55,2.0,50.79
STU100643,24,Male,62.36,8.42,66.35,72.1,68.3,58.28,1.85,58.88
STU100644,28,Female,70.13,8.95,60.04,66.09,80.38,84.7,2.06,74.93
STU100645,22,Male,84.44,8.24,74.17,82.94,51.89,75.6,2.11,64.11
STU100646,23,Female,77.51,15.29,58.5,70.63,66.62,79.78,2.28,81.76
STU100647,24,Male,93.74,10.86,86.77,80.47,81.23,76.3,2.52,81.68
STU100648,30,Male,65.12,8.56,59.98,68.81,61.42,44.78,2.66,57.35
STU100649,29,Male,56.34,4.73,41.99,30.03,42.19,71.13,1.18,42.87
STU100650,24,Female,88.29,17.39,100.0,72.19,91.68,62.83,3.53,66.59
STU100651,26,Male,69.03,14.76,70.11,65.73,63.79,69.69,2.35,55.1
STU100652,20,Female,81.42,6.6,57.35,53.85,91.53,72.46,2.08,75.17
STU100653,28,Male,78.57,14.11,71.32,76.8,71.41,59.8,2.65,86.01
STU100654,25,Male,86.17,10.0,58.54,80.01,94.55,86.7,2.45,75.94
STU100655,24,Male,76.08,22.11,70.1,80.64,69.42,63.29,1.96,64.07
STU100656,27,Female,95.34,22.34,85.15,70.13,71.75,79.34,3.38,80.24
STU100657,26,Female,70.09,10.46,86.52,64.92,57.83,66.0,1.25,63.69
STU100658,18,Male,80.97,8.41,69.79,79.4,69.32,69.62,2.26,61.14
STU100659,21,Female,52.76,0.33,43.36,46.7,19.05,43.23,1.46,21.41
STU100660,20,Male,84.49,20.86,85.76,92.93,93.01,75.6,3.58,85.79
STU100661,27,Male,74.08,15.04,83.16,67.02,68.67,72.62,2.27,68.23
STU100662,18,Female,90.76,21.01,83.47,90.78,82.9,83.61,3.77,86.19
STU100663,20,Male,89.14,18.98,84.47,67.84,81.25,84.77,3.0,82.24
STU100664,25,Male,96.21,20.01,84.65,100.0,63.1,75.48,1.95,69.95
STU100665,27,Female,74.23,14.1,76.42,66.06,69.85,71.58,1.99,68.69
STU100666,24,Male,84.47,19.04,63.41,73.54,74.01,67.09,2.78,71.09
STU100667,29,Female,65.43,6.04,48.97,63.5,44.83,70.28,1.62,39.63
STU100668,29,Female,76.94,2.66,45.86,70.31,69.36,51.45,2.11,49.71
STU100669,19,Female,79.8,23.63,60.38,61.96,86.8,75.46,2.29,69.25
STU100670,30,Female,73.01,13.0,55.37,52.44,56.99,73.23,1.74,66.37
STU100671,25,Female,94.82,32.58,100.0,100.0,91.81,94.73,2.88,99.4
STU100672,26,Male,80.7,15.88,69.44,72.8,73.04,62.54,2.99,60.92
STU100673,19,Female,57.81,22.75,65.61,57.24,56.73,49.81,1.43,59.99
STU100674,26,Female,64.65,13.77,66.9,70.01,61.13,59.83,2.73,50.45
STU100675,27,Female,81.03,21.53,75.22,61.91,58.16,62.95,2.94,67.56
STU100676,25,Male,77.62,14.76,71.94,62.09,71.82,89.32,2.35,68.72
STU100677,19,Female,82.74,17.46,63.51,81.01,65.98,77.15,2.14,52.74
STU100678,24,Female,86.35,14.84,78.17,60.71,75.9,60.4,2.73,63.07
STU100679,30,Male,62.06,4.19,51.6,41.03,47.4,47.76,1.63,42.19
STU100680,27,Female,49.4,7.0,43.58,42.29,30.84,63.09,0.89,39.65
STU100681,19,Male,71.84,12.71,65.39,68.37,57.4,78.8,2.98,64.11
STU100682,30,Male,86.68,22.52,85.12,90.15,79.35,64.92,2.47,72.87
STU100683,30,Female,70.61,17.34,62.7,69.37,60.93,74.3,1.8,60.43
STU100684,20,Male,100.0,29.49,85.71,89.28,74.87,81.05,3.22,85.56
STU100685,28,Male,77.35,16.82,75.18,59.28,84.29,68.72,2.45,65.72
STU100686,23,Male,96.3,15.59,88.12,87.04,71.67,72.62,3.7,77.88
STU100687,25,Male,85.29,20.31,85.52,71.66,95.76,79.15,2.94,100.0
STU100688,23,Female,78.35,15.04,70.25,91.09,92.97,71.13,2.9,86.71
STU100689,28,Female,75.07,15.04,60.95,57.74,62.97,70.2,2.02,64.91
STU100690,30,Female,67.3,21.69,63.92,69.65,76.54,62.43,2.58,64.12
STU100691,28,Male,95.88,28.02,68.83,88.95,76.12,94.1,3.19,96.96
STU100692,30,Female,80.4,15.91,70.6,68.13,66.51,70.28,2.73,62.76
STU100693,30,Female,86.92,30.48,73.24,71.62,94.98,59.62,2.83,78.89
STU100694,19,Female,64.96,4.93,84.43,44.89,62.31,50.84,1.66,40.04
STU100695,21,Male,83.15,25.17,100.0,100.0,97.02,78.97,3.75,85.98
STU100696,27,Male,74.58,4.79,70.93,58.8,53.37,66.77,1.98,60.2
STU100697,25,Female,62.97,0.0,47.95,44.46,35.55,39.58,1.78,37.33
STU100698,18,Female,83.58,6.99,66.76,73.01,52.9,62.83,2.81,64.14
STU100699,19,Male,41.07,15.04,70.05,42.57,31.87,48.23,1.04,31.83
STU100700,24,Female,64.73,12.2,55.21,34.63,52.9,48.52,2.8,57.13
STU100701,26,Female,100.0,25.93,100.0,100.0,100.0,100.0,3.53,100.0
STU100702,20,Male,58.12,13.22,84.49,60.74,76.03,68.11,2.06,55.48
STU100703,20,Female,55.9,10.47,50.86,45.55,68.38,56.51,1.98,64.41
STU100704,19,Female,69.63,4.98,73.33,68.38,83.94,56.77,2.67,66.56
STU100705,25,Male,69.9,18.47,62.82,54.92,45.42,56.64,2.08,46.59
STU100706,18,Female,75.32,25.45,72.79,74.68,71.8,76.63,3.22,66.95
STU100707,25,Female,59.49,13.72,69.83,61.12,48.4,50.1,2.14,51.0
STU100708,24,Male,77.09,22.63,64.79,54.49,83.25,80.88,3.36,78.51
STU100709,24,Female,70.4,0.0,67.17,64.39,62.74,58.73,1.91,63.86
STU100710,26,Female,100.0,29.5,100.0,100.0,95.84,88.95,3.5,82.52
STU100711,24,Female,86.47,24.31,85.38,58.91,74.31,71.13,2.56,80.13
STU100712,27,Female,68.0,14.09,68.66,72.81,69.49,68.92,2.59,70.73
STU100713,27,Female,69.05,16.96,72.5,58.14,71.11,71.13,2.52,64.16
STU100714,29,Male,76.62,18.92,75.75,59.58,75.05,68.26,2.3,75.89
STU100715,28,Male,58.1,13.95,51.44,64.88,61.92,54.98,1.82,58.65
STU100716,24,Female,77.31,8.98,53.13,69.88,57.6,56.15,2.49,50.0
STU100717,24,Female,100.0,27.95,94.51,92.26,94.0,83.74,4.0,93.45
STU100718,21,Male,70.37,3.33,73.59,49.74,60.24,69.48,2.23,42.46
STU100719,24,Male,38.97,4.68,51.27,46.56,47.05,51.7,2.07,51.23
STU100720,19,Female,71.37,11.75,68.48,61.93,53.28,62.56,2.22,50.5
STU100721,30,Male,83.04,21.32,72.23,72.65,92.49,78.65,3.74,72.81
STU100722,28,Male,76.2,19.29,80.93,58.82,79.06,53.59,2.54,51.91
STU100723,19,Female,75.13,15.59,69.98,67.78,65.65,73.58,2.48,68.94
STU100724,28,Female,79.37,22.75,76.84,88.75,100.0,74.94,3.38,84.95
STU100725,19,Female,66.83,19.5,76.99,55.72,61.9,67.08,1.96,59.19
STU100726,27,Female,75.91,14.01,85.72,79.32,81.01,65.24,2.96,75.97
STU100727,19,Male,64.77,17.95,61.15,49.93,75.49,63.14,2.63,66.05
STU100728,24,Female,88.37,25.02,74.18,79.34,96.68,71.13,3.07,90.57
STU100729,26,Male,78.93,16.88,73.54,47.53,76.37,84.09,2.29,71.14
STU100730,27,Male,74.96,11.53,60.48,70.35,69.54,62.76,2.45,61.5
STU100731,23,Female,80.77,21.63,83.23,87.98,75.44,91.54,3.18,74.98
STU100732,29,Female,81.8,15.47,78.02,76.61,81.43,86.97,3.13,80.84
STU100733,28,Female,70.7,11.2,72.12,73.6,73.09,65.12,2.68,71.29
STU100734,20,Male,55.24,12.83,48.77,66.94,67.42,65.25,2.38,57.24
STU100735,26,Female,97.78,20.18,80.16,74.15,86.47,81.61,3.01,78.38
STU100736,27,Female,71.74,17.37,80.14,64.63,68.67,69.52,2.56,69.61
STU100737,22,Female,73.92,7.14,77.38,61.89,66.33,53.05,2.47,64.08
STU100738,27,Female,58.49,14.35,64.03,61.08,54.43,54.54,2.46,48.43
STU100739,29,Male,80.65,29.32,89.02,73.72,64.81,57.94,3.26,56.89
STU100740,28,Female,84.73,26.68,60.1,59.35,61.76,72.95,2.32,66.05
STU100741,27,Female,76.23,8.85,66.2,39.51,62.34,82.19,2.37,67.12
STU100742,26,Female,64.3,11.4,75.44,87.77,62.13,73.52,2.15,60.72
STU100743,21,Female,77.58,16.78,74.84,90.79,75.06,74.28,2.18,60.71
STU100744,28,Female,79.42,18.77,78.38,61.01,55.52,64.48,2.5,61.11
STU100745,22,Male,87.49,21.76,81.96,69.07,71.85,99.87,3.58,87.37
STU100746,24,Female,90.37,27.94,82.74,98.77,96.7,92.84,3.16,87.41
STU100747,22,Female,86.34,21.42,83.41,54.86,84.53,64.63,3.43,72.47
STU100748,22,Female,94.85,14.98,81.12,95.61,88.35,100.0,3.13,95.51
STU100749,20,Female,70.16,15.9,63.83,76.38,82.58,84.36,2.52,82.19
STU100750,30,Male,86.46,13.52,83.17,74.18,69.77,68.14,2.5,61.43
STU100751,19,Male,87.75,18.77,73.56,95.16,88.12,87.92,2.88,84.39
STU100752,19,Female,100.0,19.62,95.31,74.96,79.14,71.13,2.59,70.51
STU100753,30,Female,88.17,24.77,64.87,88.77,94.6,62.39,2.42,81.12
STU100754,25,Male,86.65,19.21,75.81,74.62,78.49,68.93,2.41,69.25
STU100755,23,Female,100.0,24.98,100.0,79.8,83.52,97.54,3.51,81.02
STU100756,27,Male,68.95,22.81,84.4,84.51,75.57,71.01,1.97,58.92
STU100757,22,Male,70.38,10.16,69.45,61.03,62.38,93.79,2.25,75.83
STU100758,19,Male,79.1,15.71,79.82,63.37,54.04,70.19,2.54,54.79
STU100759,27,Male,77.33,16.69,75.32,74.1,79.2,50.73,1.77,87.73
STU100760,20,Male,70.8,4.47,47.42,60.26,50.61,41.67,1.53,57.48
STU100761,25,Female,100.0,19.32,90.3,72.28,76.54,80.71,3.48,89.71
STU100762,30,Female,71.76,4.66,53.73,72.87,54.74,57.43,2.31,40.86
STU100763,30,Female,85.78,19.68,59.82,71.98,69.23,69.48,2.77,68.54
STU100764,22,Male,55.42,12.25,61.99,53.15,42.01,58.9,1.77,29.95
STU100765,28,Male,75.38,19.02,83.31,75.19,67.24,90.24,2.59,73.62
STU100766,25,Male,60.55,4.26,53.08,60.8,57.52,65.82,2.08,55.83
STU100767,24,Female,69.87,8.79,59.15,41.71,64.33,41.59,2.51,66.31
STU100768,19,Female,91.71,24.29,63.59,76.53,79.33,76.05,2.69,68.44
STU100769,22,Female,75.46,6.32,60.66,64.16,54.25,47.05,2.11,56.04
STU100770,26,Female,69.77,10.52,62.15,59.83,69.59,58.61,2.41,62.83
STU100771,30,Female,93.47,16.87,80.61,74.17,85.52,88.07,2.6,80.19
STU100772,18,Male,84.05,25.8,75.75,77.0,69.6,60.31,2.98,75.48
STU100773,27,Female,58.99,8.0,52.11,59.9,68.38,79.45,2.0,65.05
STU100774,29,Male,68.13,12.03,77.36,63.1,56.4,64.97,1.86,61.13
STU100775,30,Male,88.62,22.65,76.95,68.26,66.14,73.77,2.86,74.43
STU100776,24,Female,77.72,11.38,85.39,68.09,74.89,63.44,2.09,70.03
STU100777,19,Female,81.91,17.77,92.2,93.77,94.09,85.71,3.4,81.97
STU100778,21,Female,65.45,8.66,69.49,47.2,42.58,54.77,1.8,42.51
STU100779,29,Male,80.36,18.55,72.84,77.11,64.61,59.31,1.67,52.93
STU100780,30,Female,68.39,24.27,87.98,79.53,78.81,80.85,2.75,74.4
STU100781,26,Female,100.0,32.74,93.45,100.0,92.78,100.0,3.47,97.22
STU100782,19,Male,55.15,1.08,57.6,72.94,54.04,66.84,2.04,66.47
STU100783,19,Female,74.93,12.85,72.52,61.21,51.87,60.76,2.39,59.95
STU100784,24,Male,66.6,3.61,73.1,82.58,91.42,77.04,2.97,75.5
STU100785,25,Female,59.27,18.72,67.11,69.78,35.04,60.39,1.67,36.79
STU100786,18,Female,73.84,16.94,67.72,63.46,64.9,68.95,2.25,64.16
STU100787,26,Female,90.66,15.38,78.7,78.88,77.2,61.75,2.88,74.2
STU100788,25,Female,96.52,13.3,78.57,84.45,87.9,93.61,3.35,68.48
STU100789,18,Male,81.45,6.65,60.62,71.92,55.29,43.26,2.02,51.41
STU100790,19,Female,87.8,30.12,78.17,87.7,93.04,82.99,2.57,78.91
STU100791,23,Female,62.82,14.17,67.66,56.17,55.96,74.25,1.87,56.56
STU100792,27,Male,79.73,26.87,82.7,69.68,69.04,90.25,3.15,81.27
STU100793,24,Male,94.29,23.61,100.0,96.72,68.38,66.23,3.2,75.0
STU100794,23,Female,84.17,27.65,80.74,64.66,77.3,63.09,3.44,69.95
STU100795,21,Female,68.49,3.65,76.49,85.34,69.6,67.11,1.9,64.03
STU100796,30,Female,91.16,16.06,69.57,91.14,66.65,84.15,3.41,64.36
STU100797,23,Female,80.27,8.03,75.02,55.7,65.59,63.0,2.2,70.99
STU100798,22,Female,97.16,22.36,67.54,83.83,68.87,75.66,3.06,87.47
STU100799,23,Male,71.62,8.26,80.58,57.88,56.38,68.42,2.29,47.79
STU100800,18,Male,91.03,25.75,71.36,71.48,74.36,78.69,2.97,80.31
STU100801,21,Female,66.12,10.61,49.04,49.75,40.28,56.06,2.01,57.03
STU100802,24,Female,65.78,10.37,68.43,51.2,38.0,60.48,1.78,38.88
STU100803,29,Female,59.4,6.52,72.65,61.38,51.99,70.97,2.08,48.85
STU100804,27,Female,60.81,9.94,80.66,71.62,76.87,68.06,2.52,63.96
STU100805,28,Female,60.31,9.37,53.2,57.09,46.68,66.61,1.8,59.14
STU100806,24,Female,74.46,8.84,56.03,62.27,69.21,63.36,1.23,66.47
STU100807,19,Female,64.25,12.71,56.86,52.33,62.64,53.23,1.83,53.81
STU100808,23,Female,89.5,31.88,88.35,81.5,77.91,83.69,3.68,93.32
STU100809,30,Female,52.68,8.02,60.96,69.73,47.84,45.04,2.25,36.82
STU100810,18,Female,66.19,14.39,49.72,52.2,38.48,48.05,2.17,47.85
STU100811,29,Male,81.25,17.95,86.15,86.78,73.84,66.87,2.64,63.36
STU100812,26,Female,100.0,28.61,100.0,82.7,94.24,89.47,3.93,94.05
STU100813,21,Female,65.01,8.2,87.53,68.91,66.67,84.28,2.54,63.9
STU100814,28,Female,73.77,11.84,56.56,72.56,60.06,67.23,2.25,54.11
STU100815,28,Female,82.92,19.77,77.77,96.16,83.19,74.62,3.44,83.1
STU100816,18,Male,96.74,27.51,83.48,89.8,86.26,71.13,3.26,77.59
STU100817,19,Male,93.02,16.31,72.23,77.96,79.56,77.11,2.93,82.23
STU100818,26,Male,86.39,15.16,62.24,64.45,66.58,75.72,2.07,66.47
STU100819,30,Female,87.64,17.86,69.02,66.1,77.1,84.47,2.83,76.41
STU100820,18,Female,67.98,5.56,49.13,52.82,63.14,62.18,2.31,56.2
STU100821,26,Female,74.0,4.41,83.77,85.54,50.8,67.73,2.36,54.35
STU100822,19,Female,99.76,14.55,73.74,76.43,79.67,94.35,2.7,85.63
STU100823,26,Male,94.02,21.63,71.31,79.01,74.86,92.45,2.93,75.66
STU100824,26,Male,88.2,16.73,65.84,61.15,69.61,84.05,2.48,72.15
STU100825,19,Male,71.97,0.0,54.11,40.98,59.42,59.71,1.27,49.0
STU100826,26,Female,65.25,8.98,57.2,44.62,45.9,58.03,1.16,50.51
STU100827,29,Male,70.04,21.25,68.93,50.27,52.68,56.92,2.82,53.07
STU100828,29,Female,77.52,21.94,64.03,71.45,49.25,69.64,2.11,55.77
STU100829,18,Female,61.8,7.92,59.97,63.23,59.26,54.54,1.59,53.3
STU100830,21,Female,77.02,14.12,70.27,70.79,68.38,60.17,1.7,67.11
STU100831,21,Male,97.74,29.11,100.0,79.71,100.0,100.0,3.69,91.91
STU100832,23,Male,91.96,18.94,92.26,57.81,87.17,75.15,2.67,80.26
STU100833,19,Female,88.98,19.83,73.05,52.18,59.81,63.95,2.49,60.85
STU100834,29,Female,83.12,10.57,69.51,46.61,55.18,72.86,1.89,48.6
STU100835,28,Male,78.35,5.94,56.67,41.31,60.72,55.24,1.89,51.5
STU100836,28,Female,65.57,4.67,66.33,51.57,45.67,67.34,1.72,52.98
STU100837,20,Female,59.82,6.97,58.31,53.79,57.4,50.53,0.96,53.7
STU100838,18,Male,80.5,4.38,79.23,66.81,43.97,76.96,2.09,44.19
STU100839,29,Male,91.65,18.86,83.75,90.3,72.32,80.83,2.22,77.38
STU100840,21,Male,53.42,0.0,65.61,81.89,49.67,61.73,2.11,55.33
STU100841,26,Male,83.46,17.45,74.82,70.67,80.59,66.94,2.9,67.42
STU100842,29,Male,100.0,19.16,96.42,67.36,82.26,89.64,3.75,86.39
STU100843,18,Female,100.0,33.37,90.95,86.75,100.0,96.56,2.91,100.0
STU100844,18,Male,97.23,20.3,74.85,76.14,82.88,68.22,3.1,86.99
STU100845,18,Female,82.64,14.2,56.31,74.98,58.47,91.09,2.2,67.42
STU100846,20,Female,82.09,21.69,83.37,64.92,85.98,93.21,3.89,93.16
STU100847,18,Male,88.22,19.03,91.94,68.83,89.94,86.03,3.66,94.8
STU100848,28,Male,47.98,8.8,35.93,50.06,28.42,58.13,2.09,41.94
STU100849,25,Female,86.68,27.6,81.62,81.15,91.41,85.98,3.52,84.8
STU100850,30,Female,79.04,9.22,73.23,58.3,56.74,59.78,2.36,60.59
STU100851,28,Female,83.33,6.73,65.29,55.25,66.25,74.13,2.09,59.38
STU100852,30,Male,77.22,11.0,68.87,61.98,66.28,60.03,2.11,57.72
STU100853,21,Male,88.28,16.38,83.57,75.66,82.19,77.69,2.38,65.28
STU100854,21,Male,67.01,2.91,59.58,33.41,63.9,53.62,2.16,61.38
STU100855,24,Female,79.13,11.01,72.56,66.98,56.78,60.56,2.9,66.85
STU100856,21,Female,67.37,15.04,67.39,82.52,69.1,77.44,2.64,55.89
STU100857,18,Female,83.14,15.3,77.42,76.95,68.26,82.64,2.36,66.17
STU100858,26,Female,79.17,16.31,63.8,95.3,83.36,77.2,2.17,70.39
STU100859,28,Male,73.79,15.5,57.05,62.02,60.12,68.29,2.42,65.63
STU100860,30,Female,88.13,19.32,74.6,76.9,79.82,61.98,3.28,75.14
STU100861,30,Male,84.95,23.35,87.73,94.58,90.03,79.99,3.48,90.16
STU100862,19,Female,81.35,22.22,82.6,81.66,80.67,68.43,3.48,78.38
STU100863,28,Female,77.16,16.59,69.19,89.77,90.53,75.81,2.52,81.16
STU100864,28,Female,77.68,24.05,89.43,88.64,74.05,80.49,3.0,73.72
STU100865,27,Male,79.21,6.51,83.45,80.89,83.77,79.06,3.38,87.08
STU100866,28,Female,100.0,29.27,100.0,99.84,100.0,98.0,3.45,89.29
STU100867,28,Female,81.14,19.46,76.28,81.17,84.04,87.82,2.95,75.14
STU100868,23,Male,81.17,15.06,84.06,68.72,45.68,75.25,3.05,47.57
STU100869,18,Male,59.86,6.36,76.75,51.15,53.97,64.55,1.67,55.53
STU100870,23,Female,59.96,16.18,77.39,73.7,47.27,76.91,2.36,39.39
STU100871,20,Male,70.81,16.64,73.01,85.43,59.02,45.88,2.56,40.84
STU100872,19,Male,75.23,11.15,81.48,57.41,73.3,66.99,2.78,73.62
STU100873,19,Male,81.27,11.92,67.96,74.08,82.63,67.95,2.55,62.68
STU100874,27,Male,93.37,15.75,71.77,85.74,90.07,83.18,3.63,78.6
STU100875,24,Male,49.56,9.06,52.26,64.7,40.58,48.9,1.97,31.53
STU100876,25,Female,62.96,2.87,54.35,45.78,50.03,58.21,2.17,46.42
STU100877,27,Male,77.06,10.17,61.28,66.61,70.51,76.17,2.11,86.88
STU100878,25,Female,78.35,1.39,76.11,73.01,58.52,55.38,2.02,50.32
STU100879,26,Male,75.5,6.99,63.76,55.5,52.92,52.45,2.71,55.71
STU100880,19,Male,62.55,5.39,81.32,70.89,54.46,49.55,2.86,44.27
STU100881,29,Male,77.14,3.01,71.29,55.53,62.26,62.28,1.67,66.47
STU100882,23,Female,74.85,15.99,59.51,68.11,70.71,70.67,2.5,74.13
STU100883,20,Female,70.41,16.12,77.48,68.19,67.27,55.18,2.24,63.45
STU100884,28,Male,65.53,13.74,62.38,67.94,69.75,60.74,2.38,77.55
STU100885,27,Male,72.45,7.82,84.04,78.03,75.82,70.3,2.94,66.52
STU100886,18,Male,86.68,20.4,95.91,77.95,81.44,89.61,3.65,69.15
STU100887,20,Male,80.44,27.23,99.11,86.41,84.26,82.49,3.25,84.95
STU100888,18,Female,82.55,15.2,83.2,81.38,77.25,64.4,2.97,76.46
STU100889,21,Male,81.63,17.98,78.25,87.0,62.58,86.68,2.84,67.15
STU100890,19,Female,63.82,11.71,69.84,59.36,40.84,75.18,2.4,38.8
STU100891,27,Female,89.05,15.96,93.93,87.33,56.55,64.27,2.15,49.72
STU100892,24,Female,94.34,14.04,78.54,66.79,54.13,71.13,3.05,64.75
STU100893,30,Female,88.59,26.02,82.11,86.98,89.85,79.85,3.37,86.61
STU100894,27,Male,49.06,7.04,56.6,51.55,46.17,60.84,1.69,52.1
STU100895,25,Female,84.09,10.82,80.0,62.55,73.07,64.92,2.04,59.72
STU100896,24,Male,85.3,20.81,85.59,72.14,77.43,58.42,3.36,61.05
STU100897,24,Female,76.6,7.71,61.82,51.88,77.92,65.46,2.54,65.78
STU100898,18,Female,73.25,8.51,72.16,66.75,67.87,53.53,1.63,63.74
STU100899,26,Male,64.6,0.44,64.8,52.52,61.45,51.61,2.52,43.12
STU100900,18,Female,99.1,14.18,77.2,78.7,87.59,58.65,3.14,88.65
STU100901,18,Male,68.78,3.63,56.71,55.65,74.99,62.06,2.37,60.9
STU100902,20,Male,60.35,1.19,72.23,57.53,67.31,71.13,1.46,59.42
STU100903,29,Female,97.06,23.24,94.7,81.65,79.4,78.8,3.09,91.87
STU100904,23,Male,78.35,17.36,90.58,63.42,88.74,53.74,2.96,61.6
STU100905,27,Female,85.68,11.39,59.11,67.64,60.82,60.01,2.49,65.55
STU100906,23,Female,62.98,8.65,60.67,49.3,51.45,66.5,1.8,66.35
STU100907,20,Female,78.35,4.04,71.23,68.81,83.07,76.0,2.78,70.61
STU100908,22,Male,100.0,25.15,98.12,90.64,84.05,76.44,3.4,96.29
STU100909,19,Male,56.18,0.0,62.6,53.64,31.44,59.24,1.89,42.57
STU100910,28,Female,55.59,2.08,53.85,56.64,36.75,38.42,1.43,32.3
STU100911,20,Male,70.03,10.84,67.01,73.5,52.57,73.34,1.72,66.47
STU100912,22,Female,66.06,17.07,78.04,61.41,55.82,81.22,2.51,49.8
STU100913,30,Male,89.64,13.22,73.88,60.27,67.52,64.25,2.58,62.05
STU100914,25,Male,85.37,18.61,93.71,59.23,67.23,73.61,3.19,75.5
STU100915,23,Female,100.0,28.82,96.5,78.69,78.78,61.26,3.25,75.3
STU100916,25,Female,78.68,26.75,86.22,67.14,65.48,73.44,2.48,66.47
STU100917,28,Female,85.0,18.4,70.87,82.85,61.22,71.13,2.5,73.49
STU100918,21,Female,88.82,16.13,68.55,77.76,68.38,77.13,2.63,71.41
STU100919,26,Male,69.3,14.26,63.06,84.99,77.11,72.32,2.5,73.41
STU100920,29,Male,61.66,4.18,62.49,50.37,55.36,44.78,2.24,48.0
STU100921,25,Male,72.92,10.71,57.36,62.52,23.55,61.75,1.82,33.74
STU100922,23,Female,60.08,13.25,63.6,62.29,45.19,49.47,1.69,45.69
STU100923,19,Male,72.35,1.66,76.88,90.99,74.85,82.0,3.14,68.32
STU100924,21,Female,89.71,15.55,76.7,77.07,76.59,78.9,3.16,79.52
STU100925,30,Male,71.82,13.75,65.57,53.48,71.76,58.8,1.47,54.55
STU100926,25,Female,91.35,17.4,67.39,72.26,66.5,72.29,3.05,70.84
STU100927,21,Female,62.1,15.04,49.96,64.77,61.0,53.45,1.67,50.44
STU100928,23,Female,60.54,0.58,54.77,71.51,45.88,52.5,1.81,40.75
STU100929,25,Male,66.72,14.76,73.41,58.72,44.88,81.82,2.08,58.23
STU100930,24,Female,70.3,13.32,77.51,50.44,58.08,51.61,2.52,62.13
STU100931,27,Male,75.71,19.64,91.71,100.0,71.4,77.26,2.52,67.21
STU100932,21,Male,66.86,10.71,68.61,56.67,92.43,70.0,2.45,81.81
STU100933,26,Male,82.07,22.11,89.27,87.69,72.07,79.33,3.12,77.69
STU100934,23,Male,65.17,7.15,55.1,68.99,58.18,67.88,2.14,62.84
STU100935,30,Female,80.21,6.71,82.09,68.65,63.83,83.65,2.43,65.23
STU100936,20,Male,100.0,30.25,96.33,78.86,100.0,91.55,3.46,97.9
STU100937,19,Male,54.67,10.74,62.88,78.87,56.72,58.87,1.2,46.91
STU100938,24,Female,91.86,18.99,68.24,86.13,67.05,81.34,3.31,74.84
STU100939,24,Female,77.54,19.1,93.15,83.11,100.0,85.85,3.36,96.84
STU100940,26,Female,83.53,15.21,96.72,65.2,75.63,82.94,2.63,81.67
STU100941,23,Female,83.99,14.01,71.82,46.31,37.31,80.39,2.19,45.58
STU100942,29,Male,91.03,17.74,86.08,92.95,85.36,97.07,3.07,93.31
STU100943,24,Female,65.4,19.49,66.83,58.0,53.87,39.25,2.25,43.6
STU100944,19,Female,80.54,8.44,58.81,59.48,71.29,48.76,2.76,62.87
STU100945,19,Male,64.42,14.5,69.18,59.53,66.61,85.62,3.04,77.8
STU100946,30,Male,83.53,7.86,55.74,69.06,71.87,60.45,1.26,55.1
STU100947,19,Female,89.74,12.24,67.13,63.58,68.68,58.18,2.2,66.53
STU100948,30,Male,90.45,24.99,93.86,70.31,77.07,77.19,3.39,80.42
STU100949,21,Female,78.67,1.97,60.64,69.19,61.01,51.3,2.04,66.16
STU100950,19,Male,64.29,11.42,75.37,62.28,78.78,63.51,2.81,100.0
STU100951,21,Male,46.97,5.55,56.89,40.11,52.35,51.13,2.36,55.99
STU100952,25,Male,72.0,12.56,76.2,68.74,60.02,66.68,2.04,53.78
STU100953,23,Male,70.71,12.42,68.95,62.32,68.44,50.49,1.97,57.44
STU100954,24,Male,63.85,4.93,64.03,57.75,53.74,67.1,2.59,57.31
STU100955,25,Female,75.2,17.92,79.11,50.12,58.83,69.09,2.01,60.27
STU100956,23,Female,80.36,23.77,87.89,82.38,100.0,83.08,2.99,93.43
STU100957,26,Male,82.27,17.1,84.71,64.93,54.32,76.31,2.56,76.31
STU100958,30,Female,78.96,21.84,80.51,75.95,67.57,71.51,3.12,69.8
STU100959,23,Male,69.06,6.53,73.88,77.96,60.45,63.09,2.85,59.66
STU100960,19,Male,65.91,12.68,75.13,41.18,72.56,54.12,2.39,74.07
STU100961,23,Male,89.03,15.88,79.86,93.93,74.14,85.57,2.91,91.7
STU100962,24,Male,65.48,11.09,70.65,53.12,54.17,63.82,1.62,52.92
STU100963,20,Male,87.96,17.66,72.23,89.31,88.62,90.55,3.42,87.4
STU100964,30,Female,78.68,22.72,68.63,92.14,90.78,86.89,2.99,73.83
STU100965,25,Male,71.93,15.04,64.7,57.57,54.87,76.65,2.03,53.97
STU100966,25,Female,71.59,11.53,58.17,66.77,61.86,60.47,2.49,49.73
STU100967,22,Male,69.6,12.62,84.21,56.84,50.03,56.64,2.3,48.28
STU100968,29,Female,61.69,9.07,50.26,36.3,47.8,72.77,2.12,64.8
STU100969,18,Female,79.84,5.89,74.48,76.09,61.54,76.56,2.48,56.64
STU100970,21,Male,82.03,25.36,79.25,77.71,70.89,67.48,3.22,68.1
STU100971,23,Male,65.99,1.16,61.36,76.13,38.54,64.29,2.09,44.49
STU100972,24,Female,83.46,8.98,75.57,93.38,79.88,90.58,2.77,66.47
STU100973,24,Female,73.5,22.26,57.24,56.85,73.42,64.72,2.23,68.04
STU100974,19,Female,100.0,22.99,96.52,99.55,99.58,80.98,3.94,75.92
STU100975,20,Male,69.62,8.67,61.79,67.57,53.61,62.3,1.84,51.65
STU100976,19,Female,83.06,4.82,77.53,85.54,92.11,71.19,2.18,64.88
STU100977,25,Male,73.63,7.27,74.34,54.91,46.17,55.39,1.74,41.24
STU100978,22,Male,78.44,11.91,51.12,60.07,65.2,70.56,2.21,62.09
STU100979,25,Female,90.89,24.24,95.53,89.37,79.09,70.23,3.66,77.34
STU100980,25,Female,89.32,11.81,68.18,75.49,85.92,77.42,2.93,76.39
STU100981,27,Female,94.4,18.95,79.56,67.69,79.48,99.02,2.25,94.69
STU100982,25,Female,59.24,8.95,45.89,65.34,49.49,62.89,2.07,57.71
STU100983,26,Male,86.8,20.12,66.4,93.38,85.69,90.76,2.67,69.64
STU100984,25,Female,65.29,9.81,44.53,60.6,54.44,59.82,2.19,45.2
STU100985,26,Male,73.11,10.78,54.85,42.43,59.21,59.37,1.78,64.66
STU100986,26,Male,87.35,15.89,75.07,71.63,69.9,69.62,2.32,68.89
STU100987,22,Male,78.06,23.33,71.08,63.56,44.62,69.83,2.59,61.96
STU100988,21,Female,75.4,13.85,56.37,67.94,90.15,76.05,2.37,81.55
STU100989,28,Male,94.27,22.78,61.9,80.08,82.13,70.07,2.97,74.92
STU100990,22,Male,99.2,23.89,81.24,86.58,75.81,87.65,2.63,79.34
STU100991,25,Female,98.16,15.62,94.06,100.0,99.54,90.35,2.84,85.84
STU100992,20,Female,68.98,10.06,62.13,62.98,43.85,47.97,2.16,51.83
STU100993,23,Female,100.0,20.81,100.0,76.31,77.28,95.12,3.64,84.18
STU100994,24,Female,99.19,15.04,90.85,97.89,76.81,71.13,3.64,90.89
STU100995,26,Male,100.0,10.68,71.06,63.0,61.48,75.22,2.09,58.32
STU100996,24,Female,61.87,5.8,54.77,49.56,41.01,36.51,1.41,37.37
STU100997,22,Female,0.0,0.0,50.63,54.14,47.99,78.05,1.57,48.18
STU100998,30,Female,86.05,12.36,65.96,66.33,47.82,46.51,2.58,61.06
STU100999,24,Female,98.67,26.0,100.0,70.31,85.75,76.13,3.22,81.5
STU101000,28,Male,78.7,20.29,80.17,75.25,72.85,55.46,2.82,68.5
STU101001,27,Male,85.92,8.13,69.03,51.34,74.23,62.32,2.41,64.82
STU101002,25,Female,54.88,16.84,79.13,47.18,59.96,46.39,2.59,65.28
STU101003,29,Male,63.85,9.0,62.61,61.68,46.87,37.27,2.21,65.76
STU101004,19,Male,83.21,20.08,83.84,85.16,84.94,73.61,3.13,97.27
STU101005,29,Male,76.9,20.82,84.68,81.68,78.75,63.55,1.94,75.32
STU101006,29,Female,93.55,37.21,87.13,92.68,100.0,89.76,3.76,87.91
STU101007,24,Female,82.57,17.72,91.24,79.81,80.76,81.56,2.85,74.49
STU101008,27,Female,88.16,16.28,71.68,84.05,70.57,92.54,2.78,77.36
STU101009,24,Female,77.0,15.69,72.23,51.79,64.54,68.17,2.86,49.26
STU101010,21,Female,72.07,1.34,44.26,41.57,68.38,63.68,1.9,49.1
STU101011,28,Female,48.93,3.25,64.97,67.19,32.42,58.93,1.88,40.03
STU101012,24,Male,60.56,13.32,69.99,58.38,51.6,67.4,2.21,42.92
STU101013,22,Female,87.53,23.32,72.92,93.74,96.43,93.89,2.81,90.96
STU101014,24,Male,72.87,8.4,65.43,84.03,56.81,61.52,2.1,50.59
STU101015,28,Male,78.35,36.39,80.03,77.98,61.78,68.79,2.58,61.06
STU101016,22,Male,72.99,8.9,71.26,67.81,62.81,66.75,2.28,66.12
STU101017,24,Female,62.11,16.34,59.46,53.04,57.29,63.54,2.1,68.36
STU101018,18,Female,65.7,4.0,60.3,61.98,64.65,56.83,2.13,57.73
STU101019,19,Female,73.67,25.72,89.27,52.86,98.08,74.04,2.29,88.59
STU101020,18,Female,78.6,11.03,65.25,57.83,66.88,66.64,1.74,64.06
STU101021,18,Female,81.33,18.99,83.2,83.12,70.41,68.59,3.06,61.77
STU101022,29,Male,74.96,1.66,66.59,55.28,47.05,61.19,1.92,56.91
STU101023,28,Female,84.96,29.11,74.92,76.63,86.03,71.13,2.8,89.26
STU101024,28,Female,97.81,21.76,91.27,86.34,95.29,100.0,3.77,96.08
STU101025,24,Female,79.3,19.04,71.38,61.96,83.07,68.47,2.66,64.12
STU101026,19,Male,84.17,19.74,83.77,58.14,72.3,78.61,3.42,65.03
STU101027,21,Male,83.0,15.67,77.16,83.37,91.25,75.44,2.76,82.99
STU101028,25,Female,100.0,15.25,78.61,89.38,92.8,85.38,3.8,91.61
STU101029,22,Male,70.18,16.09,59.44,77.4,65.25,69.99,2.49,70.43
STU101030,24,Male,81.21,17.84,59.85,77.2,55.96,61.1,2.89,44.94
STU101031,20,Male,86.02,16.38,68.07,68.96,62.55,74.55,2.16,59.36
STU101032,27,Male,75.27,21.08,71.8,63.18,53.52,69.11,1.83,52.09
STU101033,22,Male,74.25,10.97,53.23,54.67,42.68,54.84,1.82,54.62
STU101034,18,Female,92.73,26.9,82.83,80.93,88.06,88.3,2.67,83.56
STU101035,27,Female,55.35,7.42,55.62,48.45,48.56,44.61,2.05,55.84
STU101036,29,Female,78.09,12.91,71.91,100.0,67.4,71.13,2.77,62.25
STU101037,18,Male,80.6,16.1,96.03,84.7,63.87,68.03,2.79,48.52
STU101038,23,Male,95.1,16.83,74.24,95.25,65.07,77.8,2.5,72.07
STU101039,28,Male,78.35,11.66,54.52,76.87,55.95,73.77,2.49,58.53
STU101040,27,Male,65.86,7.78,55.77,58.24,52.79,49.53,2.7,54.98
STU101041,29,Male,85.72,8.88,76.45,72.34,70.09,70.21,3.21,62.76
STU101042,23,Female,74.71,19.58,63.95,70.31,68.35,61.34,3.02,68.22
STU101043,22,Female,59.7,6.91,61.9,52.45,68.17,62.99,1.9,60.48
STU101044,27,Female,93.25,24.98,85.17,100.0,100.0,82.02,3.35,90.44
STU101045,19,Male,76.08,4.73,58.6,100.0,42.67,69.47,2.27,55.38
STU101046,21,Male,74.46,6.66,55.51,48.22,64.83,62.94,1.92,64.06
STU101047,25,Male,66.63,9.23,68.52,54.13,75.68,54.07,1.77,69.8
STU101048,26,Male,89.81,16.55,91.12,80.71,90.78,91.06,3.41,87.24
STU101049,19,Female,57.33,2.81,57.24,40.99,37.02,65.45,1.33,53.53
STU101050,24,Male,82.94,19.68,72.23,76.82,96.82,74.45,2.57,73.22
STU101051,22,Female,69.98,13.27,50.94,60.68,47.95,56.92,1.87,57.63
STU101052,24,Female,78.56,14.79,65.29,61.25,81.85,61.76,2.56,66.47
STU101053,30,Male,60.15,11.52,56.69,69.71,69.97,63.24,2.52,61.47
STU101054,18,Male,100.0,27.38,92.37,81.42,97.38,100.0,3.5,90.59
STU101055,30,Male,76.76,17.67,63.58,59.67,51.54,65.96,3.04,63.6
STU101056,23,Male,73.7,6.55,58.52,55.58,61.33,55.23,1.69,68.64
STU101057,28,Female,65.42,17.69,75.04,65.19,72.6,79.13,2.3,78.39
STU101058,23,Female,91.49,9.64,82.61,79.67,69.64,64.92,2.24,72.03
STU101059,22,Female,95.71,16.28,80.26,71.45,69.55,66.42,3.03,70.52
STU101060,28,Female,71.25,11.61,79.13,58.64,69.38,72.93,2.52,78.74
STU101061,26,Male,76.67,14.39,66.0,74.83,62.68,55.12,2.38,63.81
STU101062,19,Male,72.1,11.19,58.28,59.4,50.38,49.32,2.18,44.42
STU101063,27,Male,70.17,15.74,78.78,60.37,75.81,84.11,2.79,67.59
STU101064,27,Male,88.55,23.93,84.3,78.66,68.53,83.63,3.32,85.41
STU101065,23,Female,56.52,9.46,72.9,76.62,63.53,69.29,1.59,65.53
STU101066,30,Male,79.77,23.58,87.45,68.92,49.34,83.37,3.01,67.22
STU101067,26,Male,80.82,11.73,69.35,79.93,63.11,76.8,2.61,66.47
STU101068,22,Male,70.67,11.4,75.37,80.11,72.37,64.86,2.37,61.26
STU101069,18,Male,89.45,22.82,80.8,85.17,92.66,82.46,3.12,72.52
STU101070,26,Female,45.02,8.82,59.46,38.08,35.5,56.29,2.08,35.28
STU101071,20,Male,75.13,8.21,72.23,75.49,62.58,59.73,2.53,49.67
STU101072,27,Male,82.07,25.87,98.54,92.95,90.81,95.34,3.43,100.0
STU101073,24,Male,100.0,27.14,96.13,96.09,82.34,71.13,3.49,77.21
STU101074,24,Female,99.97,30.4,98.94,95.15,79.19,91.51,4.0,80.35
STU101075,24,Female,85.01,11.03,85.01,82.15,55.08,81.48,2.38,53.6
STU101076,27,Female,89.11,15.82,68.95,66.69,57.63,84.68,2.16,51.99
STU101077,20,Male,79.93,19.44,93.28,87.66,84.93,74.75,2.82,66.25
STU101078,24,Male,88.69,24.34,86.22,81.1,84.52,86.84,3.16,94.59
STU101079,28,Female,78.1,12.84,76.34,56.64,67.32,76.82,3.11,82.53
STU101080,29,Male,86.0,14.1,77.29,70.23,70.19,99.91,2.78,66.47
STU101081,30,Male,73.14,7.09,65.85,78.9,84.23,68.21,2.9,76.69
STU101082,30,Female,88.54,21.86,90.71,78.21,72.27,78.34,2.24,62.3
STU101083,25,Male,61.47,14.21,66.23,64.11,59.82,57.85,2.42,68.2
STU101084,24,Male,73.14,2.98,65.12,62.45,54.56,81.16,2.36,59.83
STU101085,28,Female,78.35,12.24,69.9,66.34,49.78,64.5,2.14,56.54
STU101086,28,Male,68.31,5.98,56.81,62.91,63.46,53.25,2.65,61.48
STU101087,30,Male,53.21,11.18,39.77,75.06,48.51,60.75,2.05,56.07
STU101088,26,Male,81.24,11.41,66.14,70.31,64.47,59.56,1.92,67.68
STU101089,19,Female,80.16,16.14,56.74,77.39,68.0,70.09,2.33,65.69
STU101090,24,Male,73.61,13.5,75.11,77.54,78.93,78.0,3.51,84.25
STU101091,23,Female,80.56,15.04,91.86,70.31,86.21,60.99,3.47,76.0
STU101092,28,Female,88.26,15.04,68.32,59.27,59.16,65.77,2.92,72.83
STU101093,23,Female,81.15,18.85,76.65,81.18,62.29,85.74,1.73,70.4
STU101094,22,Female,55.0,3.16,56.6,70.31,46.09,63.35,2.51,37.94
STU101095,19,Male,80.48,25.97,80.8,73.95,80.39,69.74,2.72,75.48
STU101096,28,Male,82.34,9.52,63.04,60.0,62.72,71.24,2.91,50.73
STU101097,27,Female,63.4,0.74,72.82,67.42,59.13,49.38,2.03,42.03
STU101098,18,Female,82.2,13.94,82.29,58.6,63.43,70.66,2.58,66.22
STU101099,23,Male,84.69,13.14,66.46,56.31,56.37,67.27,1.91,58.74
STU101100,24,Female,74.62,4.24,71.29,58.03,86.52,64.68,2.11,67.04
STU101101,24,Male,63.87,1.71,70.78,63.88,41.39,58.27,2.44,48.27
STU101102,29,Female,75.96,10.8,66.79,72.75,62.81,84.12,1.89,61.96
STU101103,19,Female,94.15,15.79,90.54,74.25,61.0,74.79,3.66,59.1
STU101104,21,Male,83.68,24.29,71.64,72.58,74.64,58.26,2.34,58.08
STU101105,20,Female,100.0,24.34,73.75,88.53,72.72,85.42,2.89,65.66
STU101106,21,Female,86.15,25.94,76.11,76.13,82.07,93.94,3.32,77.15
STU101107,29,Male,95.69,27.79,72.23,86.08,84.49,100.0,3.93,85.02
STU101108,30,Male,91.96,26.2,74.47,71.84,85.73,52.69,2.67,83.96
STU101109,18,Female,78.82,13.8,78.26,78.84,59.53,68.9,2.4,60.63
STU101110,26,Male,51.46,11.64,64.59,80.34,48.1,62.37,1.93,39.2
STU101111,21,Male,85.46,12.11,81.93,66.67,66.4,80.8,2.55,74.94
STU101112,20,Male,72.64,15.12,75.21,65.11,63.69,52.11,2.28,66.02
STU101113,21,Female,68.82,11.75,70.86,51.36,52.14,61.12,1.74,49.94
STU101114,20,Male,100.0,28.52,79.04,85.59,83.7,95.12,3.41,96.04
STU101115,24,Female,63.69,6.88,67.58,51.06,58.94,50.24,2.0,61.64
STU101116,30,Male,88.54,10.19,78.21,86.29,50.5,75.01,3.01,53.61
STU101117,25,Male,68.4,9.29,51.97,35.84,54.62,69.31,1.92,54.49
STU101118,27,Female,94.35,18.37,87.98,71.3,81.42,98.44,2.8,80.0
STU101119,24,Male,91.66,27.19,100.0,95.17,85.14,93.5,3.19,88.55
STU101120,18,Male,87.44,16.04,70.78,87.6,74.97,71.73,2.75,57.49
STU101121,19,Male,87.12,20.24,82.61,100.0,85.5,87.75,3.21,90.84
STU101122,21,Female,93.93,25.91,58.0,73.53,72.79,69.34,2.25,60.35
STU101123,21,Male,85.68,32.4,93.68,99.78,100.0,86.98,3.84,89.47
STU101124,28,Male,91.52,24.86,81.24,59.91,84.28,83.26,2.46,93.0
STU101125,28,Male,69.75,7.04,80.52,59.89,41.75,66.13,1.9,41.78
STU101126,29,Male,81.81,9.92,64.25,76.32,77.04,71.59,2.93,74.89
STU101127,26,Male,66.71,19.42,79.08,63.38,64.47,78.43,2.03,68.11
STU101128,25,Female,61.57,20.96,72.1,66.22,59.03,65.84,2.74,63.99
STU101129,26,Male,62.96,0.0,75.1,63.66,33.05,53.16,1.18,28.08
STU101130,23,Male,93.37,14.73,77.63,89.01,69.74,76.83,2.14,71.45
STU101131,26,Female,63.13,2.11,57.28,56.86,52.81,59.64,2.52,50.16
STU101132,28,Female,54.14,2.25,53.85,41.2,44.54,36.92,1.28,28.68
STU101133,27,Male,70.21,18.37,72.92,73.46,52.67,71.13,2.58,51.26
STU101134,25,Male,71.58,8.62,72.68,57.8,54.44,69.31,2.57,57.4
STU101135,18,Male,77.47,7.97,68.31,70.84,52.44,62.28,2.49,58.42
STU101136,27,Female,38.25,0.0,26.94,29.87,24.18,39.43,1.25,33.16
STU101137,22,Male,77.28,5.12,68.02,67.97,42.26,61.63,1.78,45.64
STU101138,27,Male,62.84,21.49,74.67,67.81,55.07,82.34,2.12,59.15
STU101139,25,Male,65.49,13.66,58.82,56.65,57.06,73.1,2.46,60.07
STU101140,29,Male,87.02,21.96,78.71,78.08,79.02,80.82,3.19,81.53
STU101141,22,Male,100.0,21.53,69.79,81.78,82.65,100.0,2.84,77.06
STU101142,30,Male,84.31,16.73,79.57,85.73,62.21,81.6,2.52,67.38
STU101143,28,Female,82.05,21.25,88.58,71.5,77.72,73.32,2.34,79.97
STU101144,22,Female,100.0,23.28,92.14,84.86,69.18,89.17,3.19,75.4
STU101145,24,Female,64.76,15.77,67.97,51.32,62.92,65.46,1.95,53.1
STU101146,24,Female,88.59,14.27,68.54,86.96,88.24,88.0,2.65,73.88
STU101147,27,Male,87.27,20.28,68.97,88.3,80.96,87.86,3.01,89.4
STU101148,26,Female,73.91,8.42,75.95,64.6,69.22,67.72,1.98,63.35
STU101149,29,Female,64.02,0.42,67.32,60.73,50.82,71.35,2.26,43.31
STU101150,22,Female,100.0,22.78,72.23,93.08,76.93,61.59,2.79,66.44
STU101151,24,Female,69.75,14.85,72.21,61.19,49.36,60.39,2.09,39.4
STU101152,23,Male,78.35,12.3,46.62,50.44,64.42,65.23,2.51,50.29
STU101153,29,Male,63.69,12.15,81.33,71.79,53.36,52.1,2.21,51.55
STU101154,24,Male,68.81,26.97,71.53,69.41,72.19,76.7,2.44,66.5
STU101155,25,Male,78.28,18.61,81.68,74.0,59.16,67.29,2.21,50.23
STU101156,19,Male,100.0,25.21,82.65,60.82,86.71,77.83,3.61,92.03
STU101157,29,Male,78.35,10.17,59.42,67.76,49.78,69.85,2.59,52.81
STU101158,22,Male,74.71,10.62,48.55,52.46,52.42,51.84,2.32,53.98
STU101159,22,Female,76.09,17.48,71.2,73.7,64.79,74.21,2.78,72.72
STU101160,25,Female,61.78,14.37,68.0,47.07,55.7,54.46,2.39,45.42
STU101161,24,Female,70.12,5.92,68.91,64.92,67.05,71.13,2.65,55.53
STU101162,29,Male,72.6,5.96,61.78,50.06,48.44,55.22,1.36,48.63
STU101163,24,Female,90.29,12.48,68.8,60.57,83.75,62.42,2.66,48.71
STU101164,24,Female,80.07,26.8,94.36,87.5,79.55,83.56,2.88,92.04
STU101165,19,Female,70.98,20.79,62.31,56.03,55.11,59.02,1.94,59.6
STU101166,18,Female,81.07,24.63,88.11,93.68,91.33,82.47,3.55,85.76
STU101167,23,Male,71.83,20.51,76.04,62.28,57.31,78.95,2.85,67.21
STU101168,30,Male,60.9,8.92,49.79,55.06,57.91,44.42,1.66,55.03
STU101169,29,Female,78.45,0.0,65.08,45.21,71.7,58.14,1.11,59.3
STU101170,26,Female,77.32,8.6,72.23,60.16,44.83,73.11,1.79,55.67
STU101171,26,Male,76.85,15.34,75.9,70.09,88.03,71.13,2.38,83.4
STU101172,23,Male,85.8,7.07,89.71,78.65,69.73,66.5,2.63,78.06
STU101173,20,Male,100.0,24.67,85.22,89.59,73.22,88.9,3.44,72.93
STU101174,18,Female,48.22,6.02,46.67,71.05,38.8,59.91,1.87,32.19
STU101175,22,Female,86.8,5.93,78.69,61.02,60.05,74.1,2.07,52.81
STU101176,22,Female,61.36,4.78,51.08,64.58,52.24,64.54,2.05,55.49
STU101177,20,Male,64.87,14.08,68.44,52.72,44.2,61.82,2.52,34.55
STU101178,21,Male,75.18,0.0,64.49,62.39,55.94,75.57,2.3,49.52
STU101179,18,Male,68.77,16.37,66.26,58.05,53.35,71.32,3.15,65.14
STU101180,25,Male,59.93,9.94,52.84,40.59,61.93,38.3,1.43,45.5
STU101181,30,Female,80.11,14.97,59.15,76.27,71.28,66.68,1.72,63.74
STU101182,26,Female,62.69,14.81,51.02,69.82,62.85,69.88,2.52,73.78
STU101183,23,Female,76.92,12.93,57.01,76.09,58.23,78.83,2.21,69.43
STU101184,23,Male,100.0,18.09,91.04,80.94,79.11,83.89,3.45,83.44
STU101185,21,Female,100.0,17.73,76.85,69.13,63.24,73.76,2.49,60.09
STU101186,19,Female,78.35,14.16,74.04,70.31,64.8,66.24,2.79,65.2
STU101187,25,Male,73.87,15.04,66.01,53.62,71.68,57.78,2.22,56.24
STU101188,25,Female,65.7,14.5,72.35,79.41,63.84,71.13,2.52,64.13
STU101189,18,Female,89.78,14.42,73.43,80.03,73.41,73.92,2.71,66.3
STU101190,23,Female,88.94,13.6,85.36,65.54,66.54,78.41,2.5,69.1
STU101191,21,Male,82.98,8.79,55.1,83.78,74.05,91.62,2.54,71.19
STU101192,20,Male,71.48,18.39,61.17,60.3,64.49,74.06,2.47,58.52
STU101193,27,Male,69.0,2.11,70.73,55.71,64.14,50.73,1.17,44.59
STU101194,24,Male,81.68,4.38,66.93,70.13,55.16,71.41,1.92,67.55
STU101195,26,Male,78.63,13.88,60.84,85.12,100.0,87.75,3.86,82.3
STU101196,27,Female,93.58,21.08,83.59,73.31,90.38,62.23,2.28,83.51
STU101197,30,Male,72.63,18.91,58.63,66.9,68.6,83.16,2.63,68.4
STU101198,28,Male,94.91,27.63,98.92,77.13,86.85,78.09,3.15,84.36
STU101199,26,Female,76.51,19.12,85.41,77.83,87.85,90.65,3.4,84.37
STU101200,29,Female,72.4,16.28,88.5,75.59,68.41,80.1,1.99,63.2
STU101201,24,Male,60.62,7.41,56.77,37.15,59.02,59.63,1.93,53.46
STU101202,30,Female,98.56,25.91,75.87,91.82,100.0,78.22,3.46,92.82
STU101203,27,Male,94.37,21.82,75.16,73.87,79.63,88.91,2.82,70.32
STU101204,26,Male,100.0,22.14,85.72,89.25,68.96,93.15,3.13,73.34
STU101205,29,Female,98.79,22.62,97.53,83.57,96.11,86.09,3.58,90.43
STU101206,24,Male,65.44,14.04,42.47,49.48,64.11,62.67,1.75,60.99
STU101207,27,Male,53.8,7.92,58.69,75.38,55.31,47.58,1.75,45.93
STU101208,21,Male,42.76,3.08,33.6,34.48,21.42,44.14,1.39,66.47
STU101209,30,Female,89.36,15.01,76.71,80.14,78.31,82.91,3.1,83.32
STU101210,26,Male,78.5,16.91,91.05,68.11,90.76,81.9,3.02,69.7
STU101211,28,Female,83.65,15.04,81.97,96.87,54.95,82.84,2.66,64.39
STU101212,23,Male,62.04,10.87,66.04,60.9,35.81,54.02,2.22,33.4
STU101213,29,Female,78.17,11.39,76.78,68.75,58.5,64.29,2.91,67.76
STU101214,18,Male,90.01,13.34,71.59,81.36,81.8,73.21,2.49,83.22
STU101215,19,Male,83.97,29.48,79.71,82.48,57.23,71.13,3.18,63.16
STU101216,24,Female,88.08,19.97,60.79,71.49,72.69,72.05,2.18,75.94
STU101217,27,Female,97.51,22.25,67.9,76.38,81.29,63.54,2.04,69.31
STU101218,28,Male,87.56,8.24,71.91,53.25,66.53,67.39,3.08,62.1
STU101219,23,Male,90.67,12.8,73.86,79.46,67.49,84.37,2.97,74.55
STU101220,26,Male,77.8,23.64,84.67,72.04,77.03,70.46,2.9,80.26
STU101221,25,Male,58.08,0.0,59.18,59.66,42.36,37.47,1.48,30.72
STU101222,30,Female,81.98,20.83,83.36,83.31,86.27,87.84,2.75,68.91
STU101223,26,Male,98.2,18.3,79.1,90.65,74.11,71.79,2.86,74.71
STU101224,23,Female,89.57,13.17,80.83,76.23,77.02,84.48,2.96,88.57
STU101225,30,Male,82.31,14.48,80.95,64.72,70.92,94.59,2.46,73.51
STU101226,19,Male,86.89,19.67,80.85,100.0,75.46,79.73,3.21,83.93
STU101227,30,Male,55.48,0.0,50.42,47.64,53.39,57.3,1.42,55.85
STU101228,20,Male,100.0,23.72,83.14,89.62,81.85,86.52,3.53,91.13
STU101229,21,Male,77.16,17.47,70.16,51.68,65.5,52.46,2.57,60.73
STU101230,28,Female,97.41,12.89,85.93,89.96,83.31,60.35,2.88,66.47
STU101231,27,Male,100.0,16.7,72.59,55.27,79.77,60.31,2.8,72.94
STU101232,30,Female,65.71,10.25,72.23,75.47,58.61,55.61,1.79,45.73
STU101233,27,Male,54.77,14.25,65.51,71.08,65.78,87.68,2.52,71.75
STU101234,26,Male,81.45,20.02,69.77,79.19,61.36,86.5,2.99,65.62
STU101235,22,Male,77.92,10.75,81.86,73.33,61.03,60.87,2.62,66.47
STU101236,18,Male,70.69,15.06,74.51,50.4,34.06,56.65,1.88,37.76
STU101237,19,Female,69.09,12.91,53.18,70.31,45.3,58.41,2.36,45.16
STU101238,21,Female,84.47,9.38,80.02,84.5,86.14,60.5,3.7,74.11
STU101239,18,Female,92.73,24.4,100.0,95.33,83.5,80.88,3.44,84.1
STU101240,24,Female,55.3,2.43,47.36,45.88,52.02,53.25,1.44,38.96
STU101241,28,Male,100.0,26.34,100.0,100.0,92.96,97.43,3.87,86.17
STU101242,30,Male,94.3,15.01,84.24,83.25,68.02,69.57,2.77,61.46
STU101243,24,Female,78.35,20.94,72.23,83.97,75.55,84.66,2.23,76.14
STU101244,29,Male,65.12,8.25,86.65,46.14,76.71,56.22,2.88,54.93
STU101245,30,Male,77.8,16.14,77.83,69.9,76.76,74.84,2.84,68.17
STU101246,29,Female,77.8,11.21,74.78,72.24,64.04,62.6,2.37,45.82
STU101247,24,Female,70.15,2.52,59.7,45.65,48.97,67.68,1.99,41.92
STU101248,22,Female,67.67,13.24,63.36,50.42,58.87,63.36,1.9,54.26
STU101249,30,Male,90.41,27.98,79.14,98.37,100.0,84.69,3.2,91.8
STU101250,21,Female,71.01,0.0,46.12,45.33,48.71,53.93,1.75,48.83
STU101251,23,Male,84.08,22.41,68.52,70.82,64.21,80.51,2.8,70.27
STU101252,18,Male,74.55,12.71,66.93,57.85,54.68,59.53,1.95,51.57
STU101253,28,Male,69.78,0.0,69.27,63.21,53.26,70.14,1.85,61.49
STU101254,26,Female,100.0,19.66,95.01,94.84,94.18,88.77,3.89,88.54
STU101255,19,Female,72.0,12.31,63.86,78.77,46.37,65.78,1.84,37.37
STU101256,20,Female,76.86,0.1,79.52,51.94,62.67,65.37,1.01,65.91
STU101257,25,Male,65.47,10.79,85.05,72.95,57.98,62.02,2.35,48.52
STU101258,25,Male,71.37,9.98,55.94,42.51,70.61,67.6,2.96,62.97
STU101259,28,Male,77.26,17.28,78.43,55.92,69.72,64.39,2.8,74.46
STU101260,21,Female,77.46,16.86,62.89,85.05,65.58,58.27,2.37,58.39
STU101261,30,Male,86.88,24.25,77.02,83.9,41.97,75.35,2.6,57.59
STU101262,23,Male,86.89,10.18,58.43,73.11,62.04,89.27,2.68,70.18
STU101263,28,Female,64.84,11.28,59.29,73.32,58.58,57.86,1.53,58.06
STU101264,21,Male,99.22,21.12,84.42,66.69,75.76,82.41,2.52,77.91
STU101265,18,Female,65.21,17.89,72.23,85.19,71.65,77.14,2.58,68.48
STU101266,18,Male,76.77,17.28,57.36,54.22,57.41,55.63,2.81,70.81
STU101267,22,Female,88.63,21.71,80.86,89.77,91.23,80.48,3.09,89.21
STU101268,30,Male,71.41,17.53,62.25,96.34,56.65,80.99,2.99,49.1
STU101269,18,Male,91.58,16.92,86.83,73.39,90.61,71.13,2.78,79.77
STU101270,22,Male,89.53,21.97,95.35,97.24,92.42,84.16,1.93,87.97
STU101271,19,Male,70.55,25.23,83.18,93.91,86.16,69.76,3.4,63.69
STU101272,30,Female,91.19,24.02,88.49,72.58,83.66,73.03,3.03,73.61
STU101273,26,Male,78.35,17.85,66.96,91.02,64.53,75.81,2.76,74.22
STU101274,27,Male,75.94,15.07,70.42,60.15,64.86,42.04,2.71,62.71
STU101275,27,Female,73.15,13.14,85.52,66.86,62.03,75.78,2.45,59.01
STU101276,26,Male,49.01,4.74,48.2,52.05,53.91,58.98,1.33,53.59
STU101277,28,Female,72.93,30.26,89.01,77.14,78.27,94.58,2.78,95.46
STU101278,18,Female,66.4,20.74,67.91,100.0,62.68,84.86,2.46,56.87
STU101279,29,Male,94.34,21.86,80.39,70.31,77.09,83.18,2.77,68.6
STU101280,27,Female,85.11,7.45,63.07,84.86,61.27,76.8,1.81,73.08
STU101281,27,Male,90.75,14.77,79.4,54.85,77.38,74.6,2.41,79.08
STU101282,23,Male,64.5,5.11,60.05,25.6,48.95,51.92,1.75,45.58
STU101283,28,Male,70.23,15.04,66.98,70.31,39.76,63.11,1.13,42.11
STU101284,22,Female,54.01,0.0,41.48,49.58,26.48,38.28,0.56,31.55
STU101285,18,Female,70.11,17.41,69.09,83.36,62.08,65.75,2.32,66.46
STU101286,29,Female,70.51,10.96,74.81,77.42,71.84,82.83,2.07,75.71
STU101287,21,Female,64.79,11.35,51.86,61.84,38.11,55.08,1.94,36.83
STU101288,19,Male,79.75,15.93,53.11,78.7,75.53,76.51,1.83,66.61
STU101289,26,Female,82.02,9.46,61.82,67.71,78.43,71.13,2.83,81.21
STU101290,21,Female,73.4,1.53,62.88,69.21,60.17,48.99,1.28,57.32
STU101291,29,Female,89.77,33.33,98.65,86.09,98.74,89.58,3.49,100.0
STU101292,23,Female,75.52,14.39,72.23,62.9,65.24,69.46,2.04,64.55
STU101293,18,Female,62.54,3.11,61.42,66.26,61.02,51.86,2.41,53.44
STU101294,30,Male,79.25,12.1,61.97,73.13,75.01,61.69,2.31,60.19
STU101295,24,Female,64.32,31.08,56.28,81.65,73.2,64.77,2.25,64.76
STU101296,21,Female,51.98,12.94,66.82,67.01,67.39,67.06,2.22,70.75
STU101297,26,Female,100.0,31.08,72.23,79.89,96.27,69.53,3.21,87.2
STU101298,24,Male,84.75,1.6,68.57,76.03,68.69,55.95,2.02,52.17
STU101299,18,Female,85.99,24.78,77.2,79.7,91.45,96.75,3.56,81.31
STU101300,27,Male,71.82,17.18,83.17,81.87,69.12,61.38,2.09,79.03
STU101301,23,Male,95.36,17.64,67.59,69.92,67.0,71.13,2.9,65.91
STU101302,27,Female,81.64,17.92,85.67,78.57,100.0,84.73,3.18,88.45
STU101303,29,Male,93.15,22.04,91.77,90.97,84.23,83.83,2.89,88.25
STU101304,25,Female,97.81,27.8,89.38,77.63,82.36,72.37,2.44,76.05
STU101305,26,Male,63.31,24.09,67.16,55.48,73.15,49.67,2.28,45.99
STU101306,21,Female,73.42,20.29,72.23,81.5,78.93,67.1,1.99,60.07
STU101307,21,Female,34.72,0.0,56.97,31.5,30.61,45.61,1.29,24.67
STU101308,23,Male,74.33,12.66,59.46,70.36,48.47,81.4,2.31,46.1
STU101309,29,Female,84.77,20.42,91.84,82.39,77.96,99.67,2.52,90.29
STU101310,24,Male,90.42,16.04,91.14,61.04,81.78,83.13,2.49,82.67
STU101311,22,Female,82.04,13.71,60.17,58.61,59.57,69.25,2.87,72.98
STU101312,28,Female,100.0,23.83,78.29,92.66,88.56,87.5,3.19,79.98
STU101313,29,Male,92.05,6.69,64.66,78.14,62.15,66.56,3.13,64.2
STU101314,29,Female,71.07,14.89,73.03,54.41,42.96,57.37,2.15,53.98
STU101315,21,Female,69.85,14.3,61.83,55.88,68.88,78.2,2.39,53.93
STU101316,27,Female,61.53,5.06,61.25,63.6,63.14,55.47,1.95,69.56
STU101317,25,Female,77.75,19.47,73.78,84.94,77.51,80.18,2.93,84.34
STU101318,23,Male,85.05,11.91,81.99,82.55,75.38,76.67,3.03,77.56
STU101319,23,Female,81.36,15.9,72.44,78.97,68.84,55.92,3.19,63.63
STU101320,19,Male,77.17,15.95,61.37,60.14,61.84,57.42,1.67,48.95
STU101321,24,Male,69.84,17.01,62.06,77.13,73.96,73.28,2.77,66.47
STU101322,24,Female,48.13,0.0,40.02,44.57,27.57,59.59,1.58,45.43
STU101323,29,Male,85.97,18.81,85.5,81.01,62.46,76.52,2.7,67.0
STU101324,29,Female,78.19,15.22,69.77,65.91,54.93,77.97,3.15,67.86
STU101325,20,Male,49.43,3.41,51.89,55.24,71.08,49.44,2.56,62.47
STU101326,26,Female,76.62,13.54,55.87,74.16,63.93,70.15,2.76,66.47
STU101327,19,Female,68.49,15.61,66.88,46.48,79.17,57.72,2.18,68.26
STU101328,26,Male,100.0,27.12,82.73,100.0,88.91,96.09,2.96,99.28
STU101329,22,Male,73.04,0.17,51.98,57.51,72.9,60.46,2.23,65.53
STU101330,24,Male,63.71,17.82,68.22,45.33,84.17,89.8,3.14,77.29
STU101331,27,Female,71.32,8.58,62.0,59.5,47.88,59.71,1.24,41.95
STU101332,23,Female,74.42,2.16,55.71,59.27,62.18,50.95,2.6,63.85
STU101333,28,Male,69.45,12.62,71.87,62.48,68.38,76.57,2.55,65.07
STU101334,24,Female,82.49,16.19,77.93,87.33,72.16,64.83,1.76,66.03
STU101335,30,Male,67.69,21.89,66.95,78.29,78.69,79.49,2.66,77.74
STU101336,26,Male,91.16,8.79,65.81,72.14,90.85,67.84,2.52,77.31
STU101337,21,Male,66.91,16.93,76.45,65.01,75.75,77.21,2.13,72.07
STU101338,28,Female,76.47,10.9,79.96,82.31,82.85,67.25,2.57,74.64
STU101339,23,Female,91.3,20.15,67.63,50.61,68.12,80.9,2.95,69.14
STU101340,24,Female,78.35,13.22,75.52,95.02,64.17,57.47,2.22,62.93
STU101341,19,Female,75.89,13.59,74.79,70.31,90.52,67.47,3.09,59.11
STU101342,19,Female,75.84,18.13,74.92,90.61,62.11,79.41,2.08,65.56
STU101343,25,Male,82.09,14.05,72.23,68.64,65.39,96.75,2.97,66.17
STU101344,20,Male,87.39,15.04,67.81,79.55,61.02,75.12,2.79,74.08
STU101345,30,Female,84.09,17.19,93.57,63.44,84.49,63.17,3.04,63.11
STU101346,29,Female,82.13,0.0,59.19,37.41,73.53,46.51,2.86,57.5
STU101347,27,Female,68.15,4.53,61.63,66.99,59.33,68.58,1.68,60.62
STU101348,27,Male,47.48,7.39,72.89,55.74,53.49,71.05,1.97,52.34
STU101349,25,Female,62.35,10.31,61.2,46.05,35.85,71.13,1.19,35.24
STU101350,18,Female,100.0,27.23,92.72,56.12,92.35,90.62,2.9,93.57
STU101351,23,Female,46.45,6.98,42.13,40.43,53.25,41.47,1.19,33.89
STU101352,24,Female,100.0,17.69,78.65,86.19,71.82,87.87,3.24,77.9
STU101353,29,Male,73.02,13.71,60.93,50.11,45.86,65.85,2.68,50.34
STU101354,20,Male,99.77,25.84,87.35,84.82,85.8,100.0,3.74,95.56
STU101355,24,Male,59.38,0.0,60.94,38.94,48.75,53.14,1.27,41.86
STU101356,22,Male,71.82,19.09,70.7,55.39,73.33,76.61,2.49,69.39
STU101357,19,Female,100.0,25.36,81.85,85.02,98.0,84.9,2.52,88.18
STU101358,19,Female,89.09,17.87,78.45,56.33,78.35,69.42,2.52,73.83
STU101359,22,Male,69.5,11.48,73.15,71.14,47.22,67.09,2.27,50.75
STU101360,19,Male,44.91,0.0,54.94,48.95,49.18,29.12,1.56,41.44
STU101361,18,Female,62.32,10.22,56.26,61.23,63.74,57.31,1.8,56.43
STU101362,22,Female,99.37,24.85,76.24,97.0,78.88,88.12,3.12,76.99
STU101363,20,Male,73.95,15.83,78.17,63.61,62.41,62.42,2.21,62.86
STU101364,25,Female,75.68,14.96,72.23,42.3,45.34,73.43,2.42,47.07
STU101365,18,Male,81.62,17.73,77.13,70.64,68.69,83.58,2.5,66.47
STU101366,21,Male,60.07,5.7,52.5,43.84,67.96,58.73,1.45,54.81
STU101367,23,Male,95.28,22.83,70.1,89.15,68.79,74.53,3.01,56.57
STU101368,30,Female,75.13,15.51,72.23,61.65,52.38,63.22,2.47,57.26
STU101369,26,Female,77.63,17.63,63.58,81.68,91.16,71.64,3.3,91.37
STU101370,29,Female,56.6,10.86,55.41,77.92,66.88,82.65,2.34,65.04
STU101371,22,Male,57.54,0.0,69.34,44.71,53.38,47.59,1.57,49.65
STU101372,23,Female,68.26,2.51,74.83,65.72,64.1,60.67,2.07,54.53
STU101373,23,Female,80.78,17.0,82.23,77.51,69.01,85.97,2.84,88.44
STU101374,29,Male,90.27,23.71,66.59,96.7,70.39,68.28,2.89,66.47
STU101375,30,Male,79.01,11.66,74.25,82.96,84.94,79.17,2.43,87.96
STU101376,24,Male,75.32,17.06,80.32,69.24,71.91,71.55,2.43,84.18
STU101377,27,Female,80.51,8.92,65.91,61.58,79.14,71.13,2.14,62.04
STU101378,24,Male,66.02,8.89,71.5,65.73,71.91,79.66,2.53,59.73
STU101379,25,Male,77.79,7.55,54.2,56.47,65.66,55.03,2.52,80.32
STU101380,30,Female,85.68,22.13,63.16,77.57,62.99,87.37,2.46,68.55
STU101381,21,Female,82.19,14.29,77.63,67.95,75.79,82.06,2.74,68.33
STU101382,22,Female,71.12,8.97,67.7,64.05,60.48,62.85,2.52,63.57
STU101383,29,Female,58.95,2.93,58.94,52.03,33.56,67.2,1.6,31.17
STU101384,23,Male,92.94,22.81,90.29,94.01,81.99,80.81,2.85,81.29
STU101385,21,Female,100.0,12.49,69.02,54.05,54.67,62.49,1.87,49.88
STU101386,25,Male,93.82,6.09,86.13,54.15,71.56,78.21,2.59,77.39
STU101387,22,Male,100.0,25.31,100.0,91.39,88.14,100.0,4.0,66.47
STU101388,29,Female,89.6,19.36,80.76,72.9,67.68,53.79,3.32,59.85
STU101389,29,Male,91.66,26.86,89.9,100.0,88.65,68.73,2.91,75.36
STU101390,21,Male,74.59,12.41,68.55,70.31,57.5,53.94,2.17,66.47
STU101391,24,Female,82.66,25.54,69.14,94.99,77.71,87.56,2.27,72.66
STU101392,30,Male,87.52,8.1,80.55,79.92,56.12,73.25,2.55,64.17
STU101393,27,Male,70.52,19.27,80.91,54.28,71.8,57.68,2.89,66.89
STU101394,20,Female,78.35,37.38,77.88,84.3,99.25,100.0,4.0,100.0
STU101395,25,Female,61.62,13.57,82.93,51.72,67.17,73.11,1.74,55.99
STU101396,26,Female,81.59,15.56,68.39,85.94,64.6,68.92,2.13,61.88
STU101397,26,Male,63.77,15.04,61.62,68.24,40.52,66.27,2.1,44.98
STU101398,18,Female,94.15,17.6,79.84,84.0,70.39,77.33,2.38,64.64
STU101399,21,Female,63.47,6.9,64.53,57.83,53.51,74.91,2.28,54.1
STU101400,29,Male,94.52,15.04,100.0,77.01,68.38,93.68,3.23,90.19
STU101401,21,Male,62.84,0.0,52.71,42.81,55.79,68.17,1.23,39.33
STU101402,21,Male,86.28,20.27,74.76,82.73,77.89,81.06,2.82,73.89
STU101403,22,Female,70.52,13.96,65.63,63.85,56.7,65.45,1.75,55.93
STU101404,20,Male,87.86,11.36,71.73,85.04,89.86,87.68,3.35,74.43
STU101405,20,Female,70.55,15.73,74.41,73.96,74.05,86.09,2.57,58.43
STU101406,22,Female,62.97,10.71,59.0,72.11,40.56,63.04,2.01,43.25
STU101407,29,Male,77.71,20.07,72.72,70.99,79.26,80.33,1.87,64.89
STU101408,18,Female,64.85,16.45,53.97,71.53,56.03,57.42,2.21,66.47
STU101409,21,Male,91.68,24.23,75.42,86.94,87.78,72.64,3.39,76.48
STU101410,18,Male,77.82,14.76,52.46,53.32,60.12,63.86,1.71,59.51
STU101411,25,Female,71.14,11.57,64.4,71.81,51.75,61.57,2.21,55.7
STU101412,21,Male,77.34,18.37,59.42,76.94,67.52,57.43,2.41,62.71
STU101413,28,Female,94.77,23.42,66.48,86.19,68.45,85.78,3.85,86.16
STU101414,25,Female,78.2,9.96,68.93,69.64,60.07,92.61,1.83,68.85
STU101415,28,Male,80.0,13.96,55.76,77.41,66.52,71.13,2.83,55.46
STU101416,26,Male,81.06,16.23,90.4,78.48,72.03,81.62,2.5,66.56
STU101417,23,Male,69.75,1.55,47.71,56.17,36.09,47.69,1.44,66.47
STU101418,29,Female,66.98,15.04,66.13,56.95,50.82,52.45,1.78,58.98
STU101419,24,Female,79.74,13.05,71.02,77.36,64.59,59.67,2.4,59.01
STU101420,30,Male,69.15,15.16,55.2,69.78,66.05,64.67,1.89,76.53
STU101421,30,Female,66.88,2.47,51.86,43.98,42.18,52.14,2.07,43.64
STU101422,25,Female,86.65,13.75,87.33,75.94,76.88,85.13,3.31,77.55
STU101423,26,Female,75.96,19.95,80.73,64.42,58.63,93.57,2.29,69.17
STU101424,21,Male,86.93,20.12,81.4,60.95,57.69,74.71,2.8,76.55
STU101425,28,Male,78.35,12.63,59.0,89.01,70.82,58.45,2.03,77.2
STU101426,26,Male,80.91,9.78,78.0,87.5,84.19,75.27,2.56,75.83
STU101427,29,Male,92.03,17.43,71.92,87.43,76.44,70.6,3.29,75.93
STU101428,21,Male,75.93,14.84,78.42,71.55,61.54,64.2,2.13,55.48
STU101429,28,Male,82.14,12.33,85.27,69.48,68.63,71.13,3.05,82.19
STU101430,24,Male,64.16,6.4,51.36,49.85,70.34,71.31,2.26,66.85
STU101431,20,Male,87.66,14.85,75.58,69.09,30.41,79.97,2.48,38.27
STU101432,20,Male,88.98,27.77,73.92,75.71,100.0,81.22,3.2,93.4
STU101433,25,Female,92.38,23.52,92.09,91.01,83.91,70.51,3.2,85.0
STU101434,24,Female,96.23,15.04,72.23,86.44,58.81,76.59,2.76,58.82
STU101435,19,Male,83.69,15.71,77.84,81.79,96.12,73.56,2.43,76.08
STU101436,23,Female,86.49,11.86,79.02,72.83,44.4,81.94,2.15,66.47
STU101437,26,Male,72.06,10.25,67.96,48.0,39.89,39.14,2.18,49.92
STU101438,22,Female,67.32,7.77,61.43,48.14,37.09,54.89,2.07,38.72
STU101439,30,Female,59.87,0.0,72.23,58.61,49.81,63.18,2.03,42.15
STU101440,28,Male,78.95,20.57,84.52,71.0,78.1,75.75,1.91,82.07
STU101441,24,Female,75.23,25.3,61.14,63.4,63.39,76.52,2.35,68.53
STU101442,30,Female,100.0,24.29,83.1,81.06,77.32,95.12,3.29,68.64
STU101443,23,Female,90.97,18.73,68.1,78.04,80.92,82.37,3.42,84.92
STU101444,19,Male,67.68,16.7,62.37,45.65,56.53,70.81,1.93,44.44
STU101445,18,Male,88.74,21.3,69.74,78.95,92.45,71.13,2.48,71.1
STU101446,30,Female,70.14,9.51,54.56,72.35,72.64,62.04,2.24,67.01
STU101447,30,Male,88.71,14.24,64.95,72.87,70.27,81.07,3.04,76.05
STU101448,27,Female,97.5,17.81,76.09,66.74,74.52,74.93,2.99,69.49
STU101449,19,Female,94.08,23.42,87.05,93.95,64.65,74.65,2.81,56.27
STU101450,21,Male,73.56,16.52,71.35,78.18,68.38,60.27,2.87,79.32
STU101451,18,Male,88.34,22.51,91.41,77.01,79.91,87.38,2.97,91.24
STU101452,18,Male,51.49,6.03,61.29,39.54,68.38,50.81,1.63,44.73
STU101453,21,Male,94.33,15.04,75.11,83.12,90.18,83.93,2.92,82.73
STU101454,25,Female,77.76,19.12,65.13,72.6,83.33,74.31,2.87,70.05
STU101455,18,Female,87.34,13.94,73.8,65.56,64.16,73.51,2.7,65.79
STU101456,30,Male,45.88,11.97,53.05,31.44,43.64,71.13,1.59,46.2
STU101457,23,Female,84.97,9.4,80.53,75.33,78.99,77.74,1.9,76.85
STU101458,21,Female,93.09,25.11,83.32,87.69,82.89,88.78,3.56,73.41
STU101459,24,Female,74.07,23.39,74.73,80.89,62.07,64.36,2.55,64.52
STU101460,28,Male,78.04,24.49,78.01,78.43,100.0,71.13,3.21,98.41
STU101461,22,Female,78.35,18.93,75.69,85.23,68.09,86.72,2.53,67.76
STU101462,18,Female,83.07,22.86,86.32,79.62,98.3,68.08,3.01,75.68
STU101463,18,Male,83.29,16.41,73.8,66.15,64.8,72.39,2.53,74.89
STU101464,29,Female,69.02,8.54,53.68,54.53,52.06,59.91,2.83,48.94
STU101465,19,Female,76.07,12.53,74.99,88.8,48.55,62.98,2.34,38.98
STU101466,26,Male,80.69,16.93,93.87,85.8,93.4,82.75,2.89,70.56
STU101467,22,Female,100.0,15.04,78.32,91.67,81.52,73.1,2.62,81.59
STU101468,28,Female,68.17,6.61,45.71,63.84,67.23,79.33,2.26,54.54
STU101469,18,Female,100.0,31.79,93.52,81.52,100.0,81.74,4.0,81.27
STU101470,29,Male,86.07,20.41,89.89,89.93,90.85,85.14,2.61,66.47
STU101471,24,Female,96.18,15.12,71.58,72.8,63.21,72.57,2.71,59.68
STU101472,23,Female,78.77,23.93,84.93,76.69,72.67,85.56,2.73,78.39
STU101473,20,Female,80.75,12.14,73.77,80.03,93.34,79.38,3.31,85.35
STU101474,30,Male,91.91,16.25,76.94,80.45,74.52,87.43,3.13,78.56
STU101475,21,Male,41.63,0.0,51.32,61.77,27.34,49.47,1.98,24.03
STU101476,24,Female,79.43,18.12,67.73,76.94,83.63,60.57,2.82,78.35
STU101477,23,Male,81.59,10.97,78.58,69.4,67.53,64.74,2.35,55.11
STU101478,20,Male,84.06,15.04,78.53,61.1,61.88,71.13,2.55,75.39
STU101479,23,Male,67.96,6.97,59.89,72.97,61.32,74.12,1.92,59.11
STU101480,19,Female,54.44,26.09,54.66,57.24,58.42,73.56,1.12,55.46
STU101481,18,Male,59.16,0.0,70.51,45.65,40.36,66.44,1.94,46.48
STU101482,21,Female,78.35,37.26,94.72,93.49,97.78,71.13,3.2,97.1
STU101483,19,Female,94.41,23.24,62.44,73.38,74.74,64.24,3.07,74.86
STU101484,23,Female,41.05,0.0,57.66,48.55,48.46,56.3,1.0,66.47
STU101485,29,Female,67.58,12.67,35.28,50.23,69.88,74.56,2.66,67.9
STU101486,20,Male,90.65,18.39,86.55,89.04,66.97,80.42,3.17,77.29
STU101487,18,Female,75.05,15.06,61.45,70.31,69.38,55.14,2.35,69.49
STU101488,19,Male,85.23,18.78,88.74,90.6,80.41,78.83,3.2,79.73
STU101489,24,Female,100.0,24.84,85.16,94.79,87.6,83.51,2.52,87.18
STU101490,21,Male,41.12,7.77,59.06,58.59,50.53,63.88,1.52,51.3
STU101491,24,Female,67.3,9.19,75.61,79.72,47.22,60.43,2.29,52.3
STU101492,18,Female,67.53,14.45,62.92,54.15,70.39,75.71,2.39,64.96
STU101493,22,Male,53.73,8.49,52.31,53.48,28.6,63.93,1.66,36.69
STU101494,23,Female,70.31,2.69,65.53,47.22,68.38,63.52,1.26,52.16
STU101495,23,Male,55.06,8.03,63.59,54.12,76.87,67.39,2.2,53.98
STU101496,25,Male,82.77,13.72,60.5,47.21,74.36,45.14,2.47,57.91
STU101497,28,Male,79.17,22.15,73.36,74.05,75.56,76.82,3.02,81.76
STU101498,24,Male,79.64,20.55,80.17,91.01,75.53,78.12,3.21,89.11
STU101499,28,Female,67.36,22.74,74.02,88.31,73.53,81.38,3.04,74.56
STU101500,24,Female,85.28,25.34,83.76,67.95,87.78,64.46,3.22,77.86
STU101501,21,Male,69.18,19.92,61.47,62.24,56.88,50.17,2.39,53.69
STU101502,20,Female,87.13,20.7,91.93,69.43,79.63,82.6,2.06,58.55
STU101503,22,Female,72.61,9.6,72.37,60.12,57.55,61.35,2.83,70.8
STU101504,25,Female,80.35,16.81,51.12,62.24,59.95,47.5,1.97,50.93
STU101505,21,Male,99.63,25.43,93.89,91.51,86.49,80.9,3.05,72.78
STU101506,29,Female,46.64,3.55,39.74,40.88,43.59,45.63,0.95,41.16
STU101507,24,Male,63.31,0.62,52.6,35.04,50.58,61.98,2.43,52.15
STU101508,29,Female,84.42,14.3,74.52,83.97,94.2,75.24,2.85,95.73
STU101509,26,Female,81.02,9.9,75.4,68.82,63.25,63.11,2.0,64.27
STU101510,22,Female,69.95,0.0,63.28,57.78,53.63,53.95,1.54,61.76
STU101511,20,Male,62.99,5.74,63.1,62.57,66.75,66.92,1.97,65.6
STU101512,27,Male,67.21,4.29,79.63,65.68,56.34,66.4,2.23,50.81
STU101513,22,Female,95.46,23.19,74.75,81.71,80.04,86.73,3.04,98.56
STU101514,21,Male,72.94,16.95,96.38,74.97,88.61,98.81,2.78,94.89
STU101515,30,Male,96.86,21.49,100.0,100.0,81.25,88.17,3.43,84.86
STU101516,24,Female,57.13,5.48,58.73,58.49,50.52,61.05,1.49,57.28
STU101517,18,Female,64.59,15.86,62.3,45.83,43.33,37.88,2.18,47.68
STU101518,24,Male,54.36,2.93,65.7,44.88,47.09,57.77,1.8,49.27
STU101519,23,Male,100.0,15.82,82.34,100.0,100.0,72.03,2.88,89.33
STU101520,29,Female,77.1,10.94,72.23,72.89,71.48,69.42,2.95,84.67
STU101521,27,Male,75.29,11.18,68.62,64.01,71.08,67.57,2.67,75.99
STU101522,20,Male,75.44,13.09,76.86,67.16,44.23,73.2,2.45,50.18
STU101523,19,Male,87.16,26.18,67.51,74.19,72.03,65.49,2.73,72.78
STU101524,25,Male,47.86,13.11,53.88,52.5,73.9,55.94,2.16,48.62
STU101525,18,Female,98.45,16.5,68.09,77.26,65.95,82.26,3.18,74.61
STU101526,22,Male,87.55,23.15,61.54,91.3,76.86,70.19,2.66,78.42
STU101527,19,Male,59.08,4.74,53.83,40.68,46.99,57.98,1.82,51.42
STU101528,18,Female,93.11,16.39,72.4,72.47,58.55,76.91,2.2,66.47
STU101529,29,Male,73.93,10.09,68.57,65.8,58.38,71.13,2.35,66.47
STU101530,19,Male,93.95,21.5,67.6,55.17,64.2,82.5,2.73,76.9
STU101531,18,Female,84.11,13.9,72.23,73.85,67.71,68.98,2.46,74.49
STU101532,30,Female,100.0,27.88,99.11,89.25,76.16,100.0,1.89,76.78
STU101533,20,Female,68.14,18.49,85.38,58.47,60.59,77.23,2.85,65.36
STU101534,28,Male,68.93,14.24,72.23,59.34,62.6,68.76,1.74,59.18
STU101535,18,Male,68.07,7.85,72.28,75.13,83.36,71.13,2.9,75.36
STU101536,19,Male,78.35,8.63,64.01,79.54,78.65,79.43,3.27,79.07
STU101537,19,Female,100.0,9.74,79.06,100.0,76.1,85.47,2.67,63.44
STU101538,27,Female,94.18,19.07,84.91,74.25,79.93,83.53,3.17,77.03
STU101539,26,Female,78.48,3.61,67.22,100.0,66.28,61.17,2.2,53.26
STU101540,24,Female,90.13,25.21,69.56,76.39,70.83,87.86,3.02,72.98
STU101541,21,Male,60.91,3.66,48.5,47.64,55.31,70.98,1.67,62.16
STU101542,19,Female,72.38,17.36,79.37,68.81,53.72,56.37,2.26,45.97
STU101543,25,Female,78.35,10.89,72.64,70.91,47.08,63.8,2.05,36.89
STU101544,20,Male,90.98,27.81,79.04,86.4,91.89,85.45,3.78,79.08
STU101545,25,Female,54.28,4.24,58.41,70.56,54.92,65.72,2.58,57.7
STU101546,26,Male,84.64,18.4,72.23,76.02,67.88,76.67,3.09,76.42
STU101547,29,Female,58.78,6.93,52.9,40.88,68.38,43.98,1.76,39.65
STU101548,24,Female,68.83,15.04,56.81,74.28,69.64,75.76,2.67,53.59
STU101549,18,Male,66.8,8.33,60.51,70.71,49.62,62.53,1.76,44.67
STU101550,21,Female,100.0,15.04,92.77,100.0,100.0,98.38,3.77,100.0
STU101551,29,Male,77.08,16.06,60.05,69.41,67.69,61.78,2.34,64.93
STU101552,24,Female,69.3,13.48,68.75,62.91,71.39,65.39,2.99,53.15
STU101553,26,Male,73.16,14.23,75.66,61.78,85.44,66.26,2.52,69.89
STU101554,23,Male,64.95,16.56,56.77,61.54,39.45,69.46,1.85,31.58
STU101555,20,Male,76.4,12.33,77.97,52.11,62.92,56.83,2.01,56.43
STU101556,29,Female,93.61,14.83,78.02,67.79,50.16,71.68,2.28,56.3
STU101557,28,Male,89.45,12.62,80.2,92.51,63.85,55.67,2.23,57.17
STU101558,30,Female,69.71,4.42,36.8,49.49,26.94,52.06,1.08,30.65
STU101559,29,Male,68.85,7.49,67.46,65.12,70.06,73.04,1.2,75.98
STU101560,21,Male,100.0,23.68,79.28,63.13,93.28,65.86,2.77,81.4
STU101561,21,Male,77.7,24.04,84.54,69.91,72.49,70.52,3.04,70.77
STU101562,21,Male,100.0,21.87,86.86,92.15,100.0,76.42,3.14,93.62
STU101563,29,Female,69.81,14.03,76.2,70.31,47.61,57.82,1.92,55.61
STU101564,25,Male,97.71,22.34,76.79,88.49,71.86,89.15,2.57,78.16
STU101565,23,Female,85.39,11.3,65.18,55.72,62.09,70.35,2.85,84.68
STU101566,24,Female,86.26,16.23,91.12,81.4,91.05,87.04,3.48,66.47
STU101567,25,Female,69.44,16.4,70.78,54.22,77.42,58.12,2.5,75.31
STU101568,29,Female,54.36,4.2,42.56,47.95,50.89,49.67,0.71,51.31
STU101569,30,Female,90.96,25.0,84.18,62.66,75.13,88.4,2.75,67.36
STU101570,19,Female,89.34,16.76,72.23,64.45,74.08,67.68,2.43,73.02
STU101571,22,Female,65.89,23.08,72.28,72.23,58.28,49.17,2.3,66.47
STU101572,27,Female,72.88,3.38,41.91,55.76,79.4,67.64,1.84,63.81
STU101573,28,Female,95.34,26.51,85.99,92.9,98.62,99.79,3.55,100.0
STU101574,19,Male,69.51,8.44,67.99,66.31,41.38,70.68,2.29,47.99
STU101575,22,Female,95.59,29.1,89.73,86.87,82.48,95.6,3.51,71.96
STU101576,25,Male,70.38,7.78,73.76,64.36,55.05,70.79,1.99,61.2
STU101577,28,Female,70.76,14.0,60.42,62.62,77.95,67.54,1.61,53.89
STU101578,19,Female,90.67,19.23,89.45,73.83,74.74,71.13,3.33,74.13
STU101579,25,Female,65.84,18.39,70.55,65.14,44.51,77.29,2.7,61.55
STU101580,21,Female,75.09,20.65,78.02,89.7,77.47,50.28,2.65,61.04
STU101581,20,Female,66.27,0.0,44.95,60.35,23.48,56.35,1.91,34.97
STU101582,24,Female,61.29,5.52,43.62,77.09,68.38,74.29,2.16,54.27
STU101583,23,Male,87.8,18.75,87.75,78.3,81.47,88.66,2.79,64.46
STU101584,26,Male,71.85,7.85,53.7,48.19,48.44,61.56,1.98,47.39
STU101585,22,Male,83.37,10.3,51.27,61.01,75.87,76.4,2.38,64.15
STU101586,28,Male,75.66,10.1,66.24,47.84,66.9,66.2,3.2,57.01
STU101587,19,Female,64.36,11.12,67.76,84.24,59.56,77.18,2.21,59.37
STU101588,29,Female,100.0,15.04,90.57,95.68,88.51,92.67,4.0,92.2
STU101589,24,Female,82.14,8.38,73.37,58.28,81.93,46.69,1.91,61.29
STU101590,27,Male,64.14,12.69,61.13,69.84,62.09,70.91,2.29,59.5
STU101591,22,Female,100.0,28.61,100.0,100.0,100.0,100.0,3.45,100.0
STU101592,22,Male,76.67,10.29,56.67,65.91,67.5,68.55,2.39,54.78
STU101593,18,Female,90.01,19.93,49.17,72.9,58.87,77.39,2.75,75.54
STU101594,27,Female,71.66,17.63,69.71,71.73,47.2,62.58,2.33,45.89
STU101595,20,Male,81.81,8.35,66.85,70.74,68.63,68.4,2.7,64.86
STU101596,26,Female,81.46,11.1,55.71,72.35,83.59,72.39,2.39,65.26
STU101597,27,Male,90.64,24.41,87.01,81.3,85.48,84.0,2.24,71.54
STU101598,28,Male,93.49,10.25,60.87,68.89,59.67,55.8,2.92,70.43
STU101599,27,Male,84.27,28.73,82.07,91.24,85.63,88.11,3.05,78.17
STU101600,21,Male,92.37,21.94,89.64,100.0,90.42,88.13,2.85,89.83
STU101601,27,Male,80.72,13.36,76.4,61.1,82.61,61.35,2.46,73.34
STU101602,28,Male,78.35,17.31,77.51,74.43,78.83,71.13,2.83,70.65
STU101603,22,Male,100.0,28.46,72.23,76.16,84.56,92.8,2.77,91.65
STU101604,19,Female,71.3,0.0,62.07,62.95,48.14,50.74,2.08,48.25
STU101605,29,Male,100.0,35.12,100.0,100.0,96.94,100.0,4.0,82.93
STU101606,19,Female,69.76,17.9,61.02,65.65,71.97,57.44,2.96,61.98
STU101607,25,Male,73.79,11.29,58.2,60.11,55.42,76.13,2.82,82.4
STU101608,21,Male,69.12,7.37,66.74,51.7,44.59,49.97,1.95,46.11
STU101609,19,Male,64.24,8.59,76.56,49.11,60.89,66.36,2.0,58.43
STU101610,28,Female,84.35,24.51,95.43,63.74,68.38,83.03,2.85,87.26
STU101611,19,Male,100.0,24.97,71.51,100.0,100.0,96.32,3.47,100.0
STU101612,26,Female,71.1,11.52,77.45,70.3,70.34,55.89,2.52,58.23
STU101613,27,Male,74.71,16.58,69.75,86.71,66.82,74.39,2.57,66.73
STU101614,18,Female,83.31,19.72,90.55,69.08,68.38,66.31,2.74,76.55
STU101615,20,Male,83.66,34.38,73.05,86.3,83.64,73.43,2.66,68.3
STU101616,28,Male,96.99,24.64,100.0,86.33,100.0,100.0,4.0,94.1
STU101617,24,Female,100.0,24.52,87.19,81.47,83.38,100.0,3.15,88.25
STU101618,19,Male,90.65,9.76,66.07,87.94,70.56,61.79,2.76,67.25
STU101619,30,Male,85.5,15.73,74.23,72.19,69.48,80.21,2.52,85.58
STU101620,21,Female,92.34,13.39,86.92,86.53,54.69,85.93,2.55,64.5
STU101621,18,Male,85.93,7.23,82.9,72.26,86.16,65.1,2.95,77.81
STU101622,30,Male,64.25,14.34,52.36,43.81,46.27,51.9,1.73,48.72
STU101623,18,Male,70.68,11.99,78.63,59.73,52.96,62.87,1.55,56.76
STU101624,25,Male,89.68,22.35,72.67,86.68,76.09,82.9,2.71,75.44
STU101625,30,Female,100.0,18.14,79.4,91.19,100.0,61.11,3.43,74.1
STU101626,25,Female,85.66,13.38,92.79,49.92,70.74,71.29,2.66,61.21
STU101627,25,Female,93.63,10.78,78.06,63.34,77.93,80.98,2.36,75.44
STU101628,23,Male,94.5,22.05,78.38,86.6,92.7,87.72,2.88,94.44
STU101629,19,Female,74.89,6.44,57.15,41.66,55.27,51.43,1.88,49.31
STU101630,25,Female,72.03,9.61,73.72,77.11,65.04,53.28,2.74,67.7
STU101631,29,Male,100.0,23.32,95.63,91.99,94.86,95.72,3.48,95.63
STU101632,19,Female,77.89,14.33,86.5,78.15,86.91,67.02,2.84,84.73
STU101633,29,Female,54.07,12.3,52.58,70.19,42.33,56.51,2.24,37.12
STU101634,23,Female,95.63,16.71,67.54,59.39,61.16,72.48,3.31,61.32
STU101635,24,Male,95.54,13.09,72.23,86.05,87.28,88.63,2.61,93.89
STU101636,20,Male,51.59,3.34,38.53,42.81,40.56,54.36,0.99,28.16
STU101637,26,Female,77.23,18.77,74.2,73.64,67.04,74.69,2.41,70.56
STU101638,20,Female,66.77,13.7,58.54,63.5,87.48,67.4,2.6,82.66
STU101639,21,Female,52.29,13.38,57.85,53.18,36.41,71.13,1.59,43.53
STU101640,27,Male,80.09,15.61,78.55,41.68,69.82,63.95,2.65,76.29
STU101641,18,Female,75.16,16.33,59.62,80.93,69.46,63.46,2.47,75.91
STU101642,23,Male,78.35,17.2,65.93,56.21,63.77,83.73,2.49,66.47
STU101643,25,Male,87.37,17.3,64.08,84.07,57.58,80.87,2.36,65.24
STU101644,19,Female,62.39,7.76,59.5,48.96,52.63,44.59,2.35,43.5
STU101645,21,Female,70.45,3.05,55.68,43.78,66.41,51.66,2.52,43.63
STU101646,22,Male,64.07,15.72,73.08,66.29,55.98,72.27,2.1,55.73
STU101647,26,Male,89.55,24.76,89.72,82.47,82.77,83.33,2.5,66.86
STU101648,30,Female,88.58,22.77,67.32,77.33,65.23,72.25,2.7,73.34
STU101649,28,Male,83.84,16.66,77.63,72.96,74.61,59.5,2.4,85.88
STU101650,20,Female,63.38,0.52,73.55,56.73,66.09,55.58,2.35,59.56
STU101651,18,Female,77.59,13.58,79.12,62.18,61.79,59.64,2.31,63.36
STU101652,18,Female,92.25,19.59,81.47,84.19,84.18,90.88,2.71,73.37
STU101653,25,Female,82.87,24.18,76.77,68.85,73.17,69.44,2.67,70.79
STU101654,20,Female,63.36,15.04,54.45,65.8,62.61,67.24,2.52,64.11
STU101655,21,Male,41.67,2.4,41.5,23.66,40.54,47.99,0.64,33.83
STU101656,29,Female,66.87,0.59,51.43,64.74,62.7,62.89,1.94,60.15
STU101657,29,Female,72.42,7.98,77.25,65.49,64.41,65.62,2.27,57.64
STU101658,28,Female,79.85,7.74,60.46,59.51,42.29,50.33,2.52,45.45
STU101659,21,Male,80.3,10.81,67.05,82.48,50.65,63.34,2.47,55.97
STU101660,26,Male,81.27,20.73,74.74,94.07,60.64,71.13,2.89,73.06
STU101661,25,Female,92.24,22.18,59.23,79.03,53.84,65.49,2.57,60.46
STU101662,20,Male,89.25,24.83,88.61,90.12,84.78,93.7,3.04,80.98
STU101663,25,Female,65.28,1.35,61.05,54.08,45.98,72.8,1.71,48.72
STU101664,24,Male,66.83,9.03,77.11,69.48,57.78,76.58,1.9,60.51
STU101665,23,Female,51.11,0.0,36.25,52.41,62.17,64.64,1.59,45.91
STU101666,27,Female,81.18,11.86,79.59,71.32,74.89,61.04,1.67,60.45
STU101667,26,Male,58.42,12.75,60.13,58.93,39.27,58.35,1.74,43.09
STU101668,24,Male,93.82,27.51,92.21,70.31,75.1,76.48,3.31,61.69
STU101669,27,Female,86.68,15.58,52.5,75.27,63.55,76.25,3.12,68.42
STU101670,27,Male,81.99,20.94,85.99,85.53,80.95,73.29,3.83,77.83
STU101671,25,Male,58.63,20.79,66.9,74.31,49.79,57.02,2.14,53.64
STU101672,21,Female,73.02,1.46,59.53,51.93,48.66,71.13,1.69,39.3
STU101673,27,Male,88.29,11.88,60.68,59.83,59.63,64.68,2.16,58.1
STU101674,27,Female,84.86,19.24,69.45,73.84,70.0,84.43,3.29,75.02
STU101675,30,Male,100.0,24.38,72.23,80.16,77.05,99.16,3.94,81.42
STU101676,19,Male,75.88,17.38,64.76,88.46,73.98,82.05,2.34,65.27
STU101677,23,Female,85.26,14.85,68.58,57.71,64.89,74.74,2.26,61.27
STU101678,30,Male,72.72,12.39,81.81,82.14,67.77,66.22,2.7,49.51
STU101679,24,Male,86.93,11.62,81.7,56.29,53.6,56.52,2.81,49.8
STU101680,30,Female,100.0,23.6,94.76,77.75,100.0,81.99,3.72,95.33
STU101681,18,Female,97.86,31.71,80.46,80.74,78.36,81.12,2.96,66.47
STU101682,18,Female,85.87,14.36,93.25,76.93,59.69,54.15,2.83,49.57
STU101683,28,Female,83.81,16.67,79.33,75.23,70.12,77.27,2.88,69.84
STU101684,24,Male,83.86,20.72,80.51,86.39,78.39,77.91,2.32,79.96
STU101685,24,Male,78.35,16.91,65.15,67.94,80.1,80.94,3.21,68.46
STU101686,23,Female,67.23,12.7,69.99,74.54,75.74,74.91,2.64,65.73
STU101687,23,Female,65.96,12.45,52.23,43.94,51.33,46.13,1.82,58.7
STU101688,30,Female,100.0,16.95,100.0,71.99,64.5,74.5,3.34,69.37
STU101689,19,Male,79.65,7.45,64.55,67.5,64.88,60.69,2.8,68.64
STU101690,28,Male,86.78,17.04,76.17,69.58,51.26,75.48,3.27,52.76
STU101691,29,Male,100.0,33.52,83.2,94.16,68.38,81.66,3.87,80.18
STU101692,26,Female,90.95,15.25,74.04,69.38,71.06,56.88,2.76,75.3
STU101693,24,Female,71.9,17.8,81.59,83.95,67.34,80.77,2.8,70.16
STU101694,20,Male,100.0,27.57,100.0,100.0,100.0,100.0,3.18,99.31
STU101695,26,Male,81.58,22.95,74.63,65.7,70.45,66.63,2.99,75.48
STU101696,24,Male,70.61,6.95,67.34,54.26,59.16,54.17,2.31,63.08
STU101697,19,Male,74.71,11.04,55.42,65.91,67.33,75.65,2.83,64.42
STU101698,22,Female,100.0,23.64,94.67,100.0,72.19,86.26,2.95,65.3
STU101699,30,Female,47.82,19.8,59.97,46.04,58.19,62.79,2.19,51.31
STU101700,21,Male,61.81,12.69,57.91,37.74,53.33,54.1,2.48,50.66
STU101701,20,Female,97.2,20.85,84.59,78.27,83.77,71.13,2.83,66.1
STU101702,26,Female,95.71,0.0,70.27,57.79,69.33,71.8,2.73,71.26
STU101703,20,Male,79.62,21.1,47.4,53.59,58.85,71.13,2.61,67.74
STU101704,29,Male,85.34,17.97,95.25,81.58,74.11,81.45,2.44,72.33
STU101705,29,Male,70.48,6.44,75.47,50.14,59.5,44.45,2.35,50.98
STU101706,30,Male,53.23,2.37,45.04,56.7,45.04,53.3,1.5,45.49
STU101707,29,Female,71.33,13.99,51.21,42.59,68.43,57.27,1.22,43.83
STU101708,21,Female,85.37,18.28,90.15,100.0,75.23,73.2,2.92,58.36
STU101709,20,Male,89.54,8.94,80.61,83.49,59.53,65.94,2.61,70.9
STU101710,22,Male,68.46,9.82,68.37,54.85,80.33,76.3,2.65,56.16
STU101711,24,Female,73.23,3.89,64.09,49.3,57.36,70.35,1.98,63.48
STU101712,29,Male,61.76,15.17,72.46,64.92,64.18,68.46,2.64,73.95
STU101713,27,Female,91.59,19.77,73.83,89.89,96.83,85.67,3.24,86.7
STU101714,26,Female,72.29,2.14,58.27,56.04,60.77,46.02,2.52,54.97
STU101715,29,Female,67.9,10.61,74.15,50.89,59.03,54.07,1.86,56.91
STU101716,26,Female,66.59,7.57,65.73,42.13,37.45,54.64,1.97,27.24
STU101717,22,Female,76.33,6.53,70.72,65.61,40.52,57.62,2.27,39.17
STU101718,23,Female,90.45,7.23,69.58,66.5,84.29,83.45,2.9,66.47
STU101719,24,Male,100.0,29.1,100.0,70.31,96.89,87.05,3.65,93.97
STU101720,19,Male,83.76,14.9,65.55,51.2,68.67,62.38,2.39,63.14
STU101721,27,Male,84.39,13.6,84.85,74.19,66.0,88.53,2.35,68.56
STU101722,26,Male,77.53,23.91,74.24,76.43,81.56,96.37,3.51,77.87
STU101723,27,Male,80.34,9.48,71.06,60.05,82.64,84.5,2.26,64.45
STU101724,24,Male,59.99,11.84,66.22,66.99,53.01,47.47,2.46,57.61
STU101725,28,Male,100.0,32.13,97.49,100.0,98.11,100.0,4.0,91.36
STU101726,30,Male,81.02,13.94,72.65,61.68,72.99,83.73,2.69,87.66
STU101727,25,Male,91.92,9.34,62.54,79.14,65.9,57.86,3.31,65.67
STU101728,23,Female,87.43,15.0,81.43,62.52,52.48,56.24,3.1,59.18
STU101729,19,Female,77.1,14.82,100.0,50.84,64.44,69.46,2.81,78.13
STU101730,28,Female,97.38,16.26,86.79,85.34,73.53,89.78,3.1,80.04
STU101731,29,Female,55.92,13.32,51.88,54.34,72.47,77.64,2.35,54.99
STU101732,27,Female,84.13,19.72,78.09,66.31,67.93,62.04,3.13,65.25
STU101733,29,Female,61.2,12.77,63.2,77.27,59.76,88.71,2.58,52.14
STU101734,29,Male,92.42,25.82,64.8,83.32,73.67,66.12,2.73,71.13
STU101735,28,Female,73.19,11.1,64.79,83.91,73.65,76.53,1.97,60.8
STU101736,24,Male,72.74,20.3,83.14,70.34,72.61,71.13,2.39,67.27
STU101737,19,Female,79.33,18.05,78.65,83.65,68.8,89.69,2.35,79.62
STU101738,18,Female,76.95,12.38,73.07,65.15,67.73,77.9,2.51,79.95
STU101739,20,Male,78.35,5.46,69.97,39.36,56.18,61.99,1.24,40.33
STU101740,23,Female,82.66,23.53,91.16,100.0,98.26,90.79,3.46,78.34
STU101741,27,Male,90.84,14.04,66.28,83.13,56.41,71.35,3.27,63.21
STU101742,23,Male,70.62,15.28,87.99,85.13,52.82,69.08,2.49,50.35
STU101743,18,Male,58.93,10.19,68.78,52.71,86.37,53.89,2.91,58.36
STU101744,20,Female,92.18,15.07,83.98,84.25,84.33,81.41,3.15,66.47
STU101745,30,Male,96.56,18.75,73.54,80.45,61.32,88.49,3.0,69.08
STU101746,30,Female,54.56,10.46,38.09,62.72,79.86,58.77,1.66,57.48
STU101747,22,Female,78.11,14.54,74.7,79.93,78.88,76.72,2.57,66.47
STU101748,28,Male,78.35,19.84,68.76,75.04,77.12,74.98,3.02,82.02
STU101749,27,Female,43.29,3.11,58.38,70.31,53.91,68.48,1.27,48.49
STU101750,30,Male,75.28,10.13,61.09,68.51,61.5,72.52,2.79,73.36
STU101751,29,Male,89.94,21.78,79.45,86.27,71.74,64.13,3.07,76.96
STU101752,26,Female,100.0,22.56,83.6,68.83,76.14,71.13,2.71,77.81
STU101753,23,Female,84.79,24.65,84.1,72.05,82.92,79.77,3.28,61.94
STU101754,26,Male,82.25,7.49,64.14,70.31,67.37,86.33,2.26,57.59
STU101755,22,Male,68.34,3.57,45.27,64.4,57.26,60.18,1.99,51.6
STU101756,22,Female,43.03,3.93,39.82,50.11,41.82,71.13,1.26,41.76
STU101757,25,Female,90.91,21.0,76.37,79.0,84.9,97.46,2.95,73.71
STU101758,24,Male,85.24,19.31,66.5,88.46,79.29,80.91,3.61,87.19
STU101759,25,Male,100.0,20.23,83.37,89.1,82.28,77.91,2.77,66.47
STU101760,23,Male,81.34,11.58,57.87,57.41,56.63,84.06,2.29,66.2
STU101761,23,Female,90.66,7.05,68.43,68.44,72.48,78.78,2.74,74.68
STU101762,18,Female,69.68,9.27,43.97,51.51,35.13,50.76,0.97,43.02
STU101763,25,Female,66.4,17.14,48.87,54.09,71.7,70.78,2.26,66.55
STU101764,25,Male,88.47,12.99,72.85,63.76,77.11,81.01,2.37,72.82
STU101765,30,Female,86.76,19.99,72.22,84.98,86.22,86.09,2.94,79.93
STU101766,24,Female,100.0,33.48,89.6,100.0,77.14,100.0,3.69,90.17
STU101767,24,Male,84.71,13.73,68.97,66.83,60.18,51.56,2.46,65.65
STU101768,18,Female,73.34,11.33,61.39,60.3,56.79,69.74,2.18,49.63
STU101769,20,Male,61.06,18.71,68.5,52.36,60.42,62.41,1.74,56.93
STU101770,22,Male,66.38,21.06,51.82,51.76,52.01,65.3,2.4,60.32
STU101771,22,Female,100.0,23.02,100.0,100.0,100.0,89.07,3.54,83.08
STU101772,22,Male,94.23,15.04,83.35,65.86,86.13,75.03,2.18,80.11
STU101773,23,Female,92.62,26.14,81.71,76.41,83.53,80.29,3.35,80.51
STU101774,24,Female,72.63,16.05,62.29,60.81,68.11,69.79,2.78,80.05
STU101775,19,Male,79.51,18.52,72.42,74.3,65.85,51.29,3.02,69.63
STU101776,22,Male,84.16,6.09,82.96,75.65,69.51,84.4,3.61,74.21
STU101777,20,Female,69.75,2.2,54.02,58.42,37.5,74.44,2.52,50.43
STU101778,22,Male,90.18,22.17,74.85,80.66,73.54,72.58,2.52,73.68
STU101779,26,Female,66.1,14.82,80.75,78.73,60.34,69.42,2.54,47.93
STU101780,18,Male,76.69,14.08,66.91,68.94,74.43,75.19,1.97,67.3
STU101781,22,Male,79.81,9.08,84.14,71.9,74.33,73.54,1.94,56.85
STU101782,18,Female,58.33,7.99,67.69,55.56,57.49,82.09,1.92,57.25
STU101783,30,Male,71.34,19.56,77.22,72.95,72.33,71.13,3.09,73.18
STU101784,27,Female,80.77,9.79,68.49,61.03,64.01,82.57,2.41,57.96
STU101785,21,Female,60.23,10.4,66.84,77.62,53.6,60.86,2.57,52.37
STU101786,20,Male,82.71,11.91,54.91,59.59,48.18,61.53,2.29,64.51
STU101787,19,Female,78.35,18.58,81.58,64.32,59.7,82.07,2.64,60.62
STU101788,24,Female,68.4,9.36,60.04,60.92,59.79,71.13,1.8,50.58
STU101789,27,Female,88.34,20.19,88.54,100.0,76.6,66.64,2.64,80.63
STU101790,25,Female,90.05,26.34,87.27,79.85,88.36,85.41,2.9,84.92
STU101791,29,Male,68.17,0.0,62.64,47.97,37.41,58.48,2.47,43.45
STU101792,22,Female,99.5,36.23,82.45,73.64,100.0,85.01,3.98,96.55
STU101793,21,Female,77.49,20.4,77.35,68.51,68.63,66.91,2.33,68.19
STU101794,24,Female,90.69,18.5,74.35,78.5,80.16,77.3,3.32,73.11
STU101795,20,Female,62.07,9.8,59.11,56.53,63.83,41.34,2.24,46.75
STU101796,30,Female,95.93,25.8,77.92,75.03,65.37,83.22,2.49,82.93
STU101797,20,Male,57.16,16.91,59.34,57.14,68.25,61.37,2.41,64.74
STU101798,24,Female,83.39,11.28,68.15,61.91,77.99,64.72,2.88,81.17
STU101799,24,Male,66.64,19.58,64.68,52.46,49.16,53.74,1.93,49.3
STU101800,18,Male,74.09,15.04,57.24,55.59,55.28,64.82,2.34,65.7
STU101801,24,Female,82.24,14.19,72.23,69.85,53.17,91.39,2.23,53.88
STU101802,23,Male,72.27,18.28,92.87,90.72,65.55,63.53,2.17,47.21
STU101803,21,Male,69.11,14.5,58.67,92.79,52.68,64.47,2.19,55.4
STU101804,19,Female,73.63,14.23,63.8,73.88,50.79,60.43,1.71,56.8
STU101805,18,Female,73.32,3.41,78.98,67.73,60.98,71.13,1.9,60.11
STU101806,18,Female,65.39,10.96,60.17,45.33,70.4,71.13,2.88,64.02
STU101807,24,Female,87.85,23.51,80.82,100.0,54.39,80.73,2.72,53.19
STU101808,19,Male,90.41,11.51,82.25,81.3,71.45,72.29,3.11,74.13
STU101809,30,Female,84.54,18.58,86.04,67.91,75.38,71.13,3.28,82.34
STU101810,21,Male,67.63,12.34,88.31,96.67,66.51,62.27,2.11,56.63
STU101811,26,Male,82.3,19.12,59.85,73.36,80.72,91.58,2.4,72.72
STU101812,26,Male,78.9,15.95,72.06,76.52,74.03,53.46,2.68,59.49
STU101813,24,Male,56.62,5.03,49.63,47.26,55.52,51.57,1.41,49.72
STU101814,29,Female,70.67,12.26,69.35,73.16,67.7,60.49,2.64,66.35
STU101815,19,Male,77.23,13.06,68.61,72.69,60.94,73.96,2.9,54.49
STU101816,21,Female,75.65,7.94,58.82,67.02,50.29,54.42,1.47,62.27
STU101817,21,Male,65.03,11.43,56.32,76.37,67.01,60.1,2.09,50.87
STU101818,19,Male,77.24,23.1,64.3,73.16,61.32,71.42,2.5,60.05
STU101819,21,Female,86.35,2.19,79.69,59.52,45.94,82.45,1.75,52.45
STU101820,22,Female,71.8,12.44,52.34,61.58,64.34,76.08,1.93,64.63
STU101821,27,Female,86.44,19.58,98.7,76.77,94.23,82.33,3.1,66.47
STU101822,21,Male,54.95,15.16,46.37,43.04,48.5,45.89,1.69,39.69
STU101823,29,Male,69.75,14.35,70.91,64.79,72.04,60.95,2.47,64.55
STU101824,28,Female,67.05,1.66,77.69,69.43,50.97,48.86,2.25,46.43
STU101825,29,Female,71.44,15.04,71.46,66.26,57.32,72.43,2.12,68.19
STU101826,19,Male,70.54,15.04,56.84,66.66,69.06,61.95,2.79,56.3
STU101827,30,Female,81.0,5.91,58.98,56.39,48.19,71.74,1.8,53.81
STU101828,25,Female,85.57,21.52,77.71,64.85,82.27,87.6,2.37,75.69
STU101829,30,Female,90.57,29.91,95.19,76.28,82.2,83.38,3.07,84.93
STU101830,22,Male,78.33,25.45,81.02,80.99,76.5,66.07,3.08,72.46
STU101831,30,Female,83.14,20.62,80.97,81.51,81.33,71.13,3.31,88.69
STU101832,25,Male,51.47,9.57,73.26,62.18,59.33,45.36,2.32,58.09
STU101833,18,Female,73.56,17.58,83.78,70.31,43.01,68.52,2.48,57.04
STU101834,23,Male,76.53,29.05,83.18,81.03,61.15,89.38,3.0,68.28
STU101835,19,Male,94.73,17.21,75.32,64.52,88.97,58.03,3.41,77.24
STU101836,30,Male,94.36,33.07,66.18,80.3,94.43,86.45,3.1,83.42
STU101837,21,Female,97.55,15.95,71.44,84.66,76.68,71.13,2.96,65.86
STU101838,20,Female,92.69,26.28,67.44,80.4,79.81,76.08,3.92,83.79
STU101839,25,Female,100.0,27.7,98.27,100.0,100.0,84.99,4.0,98.12
STU101840,23,Female,86.33,12.16,81.46,82.87,84.74,90.69,2.73,84.07
STU101841,19,Female,90.48,11.84,87.0,79.14,60.44,69.68,2.67,57.94
STU101842,28,Female,73.34,12.18,85.13,87.71,83.19,54.19,2.12,61.25
STU101843,28,Male,73.79,11.64,56.35,78.03,62.59,65.05,1.82,54.61
STU101844,27,Female,82.0,21.54,75.12,67.34,59.73,81.96,2.18,65.69
STU101845,26,Male,65.78,0.0,57.95,73.6,40.8,52.63,1.78,47.36
STU101846,23,Male,72.53,10.95,52.53,92.93,73.6,80.22,2.11,57.84
STU101847,25,Male,86.02,8.88,62.98,55.71,80.76,51.03,2.48,77.36
STU101848,24,Male,79.06,25.22,77.8,74.74,79.09,90.91,2.87,64.01
STU101849,20,Female,83.3,28.77,100.0,86.12,92.63,80.11,2.49,96.19
STU101850,19,Female,61.88,8.35,65.53,61.41,59.67,52.95,2.33,49.36
STU101851,24,Male,100.0,23.94,81.35,76.4,92.67,99.3,2.92,97.98
STU101852,23,Female,80.15,7.81,69.57,62.04,71.58,79.31,2.32,65.03
STU101853,20,Male,74.96,26.18,78.59,74.96,57.09,87.17,2.16,71.51
STU101854,19,Male,50.66,11.89,53.17,49.64,45.48,67.62,1.38,32.02
STU101855,29,Male,65.32,1.39,62.21,69.0,54.92,65.05,2.26,58.78
STU101856,22,Male,76.92,24.58,89.23,100.0,90.76,67.13,3.46,89.99
STU101857,25,Male,77.73,10.46,86.23,59.34,72.45,56.2,2.04,66.1
STU101858,24,Male,78.35,13.1,84.0,94.31,66.9,56.5,2.36,63.42
STU101859,27,Male,84.25,10.12,71.57,91.31,81.86,69.33,2.0,78.99
STU101860,27,Male,62.02,0.0,55.63,36.42,35.12,58.32,1.57,41.68
STU101861,21,Female,91.19,14.19,68.4,57.15,57.46,75.13,2.48,61.22
STU101862,29,Male,100.0,32.93,96.16,82.03,98.11,71.13,3.47,83.64
STU101863,22,Male,78.35,16.89,79.64,72.69,87.73,74.7,2.3,83.86
STU101864,28,Female,79.42,18.71,53.52,74.52,50.74,82.15,2.63,68.13
STU101865,23,Male,100.0,29.62,72.23,94.07,89.46,100.0,2.94,94.75
STU101866,19,Female,61.12,11.05,63.9,57.29,39.94,49.0,1.44,44.76
STU101867,27,Male,67.14,19.15,58.57,62.98,52.01,60.24,2.04,56.26
STU101868,18,Female,100.0,30.96,100.0,89.7,95.48,96.29,3.65,91.21
STU101869,28,Female,84.38,27.49,73.19,80.61,74.88,90.16,2.75,85.86
STU101870,18,Female,63.88,7.53,81.57,85.65,63.54,73.2,1.97,54.64
STU101871,20,Female,82.91,18.39,59.51,45.64,59.22,65.16,2.44,62.12
STU101872,25,Male,75.32,17.71,66.43,61.32,69.87,53.68,1.84,65.2
STU101873,30,Male,82.56,12.8,67.51,77.71,76.31,64.02,2.85,80.57
STU101874,24,Male,65.34,0.0,72.91,70.78,61.91,70.22,2.98,41.7
STU101875,19,Female,88.53,8.78,79.08,73.38,69.49,66.58,2.86,75.12
STU101876,24,Male,65.92,4.42,54.95,68.9,50.66,47.51,1.91,45.14
STU101877,29,Male,78.7,15.04,68.45,67.83,65.78,80.15,3.03,74.39
STU101878,27,Female,81.15,8.99,64.64,86.2,63.03,62.49,1.88,45.95
STU101879,19,Male,49.97,9.1,95.53,43.86,72.44,64.62,2.63,59.44
STU101880,23,Female,94.1,19.58,86.77,90.42,74.81,72.24,2.77,80.82
STU101881,21,Female,99.71,27.38,95.46,94.21,100.0,100.0,2.87,100.0
STU101882,20,Male,100.0,26.32,95.8,94.43,100.0,98.36,3.95,95.64
STU101883,29,Female,87.74,15.74,63.19,84.9,80.82,88.04,2.58,89.27
STU101884,26,Female,67.9,17.51,77.55,60.81,73.86,67.18,2.41,67.59
STU101885,20,Female,86.26,21.48,77.91,80.46,66.68,68.38,2.1,67.33
STU101886,26,Male,63.19,11.69,72.23,93.97,77.54,80.45,3.53,69.91
STU101887,23,Male,77.02,13.57,89.4,62.44,64.15,78.41,2.93,63.92
STU101888,18,Female,83.72,15.77,85.3,79.41,71.08,84.05,3.7,78.59
STU101889,23,Female,49.87,0.0,40.99,59.66,32.56,35.96,1.51,15.38
STU101890,20,Female,78.35,18.41,71.85,76.56,74.99,63.93,2.7,70.47
STU101891,21,Male,94.89,29.84,72.29,63.61,73.48,91.64,2.88,81.3
STU101892,29,Male,85.49,8.29,49.04,66.21,54.59,69.47,2.52,60.47
STU101893,27,Male,60.88,22.73,67.06,75.03,72.69,71.29,2.24,77.7
STU101894,19,Male,88.69,15.32,76.03,70.31,74.03,73.24,3.35,71.9
STU101895,29,Male,100.0,22.94,73.42,100.0,93.73,100.0,3.1,88.59
STU101896,25,Female,57.89,15.58,51.8,39.48,51.16,48.52,1.73,45.83
STU101897,29,Male,56.5,2.23,48.54,32.97,40.8,57.0,1.65,41.76
STU101898,27,Female,68.54,13.91,59.19,70.11,66.68,65.74,2.09,61.45
STU101899,22,Female,66.18,4.03,62.12,44.63,40.98,59.16,1.6,40.37
STU101900,24,Male,65.66,2.6,58.25,53.16,62.66,48.85,1.94,62.03
STU101901,24,Female,63.46,6.62,61.66,47.65,61.74,68.42,1.85,67.3
STU101902,27,Female,86.38,11.56,67.96,92.14,77.63,88.76,3.39,87.71
STU101903,21,Male,84.78,19.43,68.79,70.13,70.36,69.7,2.88,75.62
STU101904,22,Male,72.18,16.32,62.47,68.97,63.68,75.12,2.54,59.09
STU101905,21,Female,51.2,8.53,46.54,46.7,48.45,56.19,2.8,51.27
STU101906,21,Female,73.98,15.34,86.19,75.32,77.67,94.03,3.21,94.01
STU101907,20,Female,95.9,27.81,79.22,94.41,98.73,100.0,4.0,94.09
STU101908,18,Female,79.29,14.09,63.97,54.92,60.12,56.25,2.03,61.22
STU101909,30,Male,89.19,23.98,85.15,84.29,81.62,87.11,2.78,100.0
STU101910,18,Female,94.55,22.0,67.39,74.44,59.22,85.38,2.44,70.83
STU101911,29,Female,88.66,16.48,83.31,77.08,66.6,77.39,2.3,62.14
STU101912,18,Female,84.6,16.93,70.71,78.76,61.97,76.37,2.37,62.61
STU101913,28,Female,62.29,21.9,71.03,85.98,71.62,66.1,1.93,46.15
STU101914,22,Female,90.81,23.6,84.26,89.83,90.25,82.07,3.79,86.88
STU101915,24,Female,79.17,11.86,78.75,85.81,81.33,77.11,2.11,79.78
STU101916,21,Male,98.34,17.98,72.23,64.6,100.0,92.04,3.1,87.63
STU101917,24,Female,68.39,12.65,61.31,69.19,72.61,77.41,3.05,67.76
STU101918,23,Male,81.89,18.92,72.2,82.79,78.01,85.46,2.65,81.84
STU101919,24,Female,68.02,15.21,61.94,82.93,52.38,68.34,2.16,60.33
STU101920,23,Female,68.03,18.16,67.16,64.43,73.63,51.72,2.41,58.69
STU101921,24,Female,100.0,31.72,100.0,90.26,100.0,100.0,4.0,100.0
STU101922,28,Male,41.56,0.0,41.52,34.05,41.03,48.28,0.83,34.59
STU101923,23,Female,100.0,16.8,77.64,66.55,90.2,60.71,2.57,66.96
STU101924,22,Male,73.92,19.26,73.92,77.11,77.93,94.14,3.03,73.66
STU101925,19,Male,90.7,13.89,67.26,55.03,77.24,73.37,2.37,72.06
STU101926,22,Male,66.42,13.0,77.87,71.03,54.53,74.2,1.83,43.66
STU101927,19,Female,81.2,15.04,78.07,71.29,59.3,65.39,2.98,46.84
STU101928,20,Male,78.98,9.94,74.46,76.3,57.16,71.14,1.92,59.3
STU101929,30,Female,81.8,17.72,79.26,78.73,70.91,75.03,2.64,73.15
STU101930,19,Male,72.79,13.01,52.5,72.82,60.62,83.68,2.46,63.53
STU101931,24,Female,100.0,19.71,96.54,97.51,95.26,100.0,3.55,94.27
STU101932,28,Female,78.31,10.68,67.19,78.84,81.43,70.54,3.26,79.5
STU101933,30,Female,83.45,13.77,73.13,61.41,68.38,63.45,3.04,66.47
STU101934,19,Female,64.58,17.81,96.33,47.96,68.38,53.23,2.09,40.79
STU101935,20,Female,87.87,21.85,68.31,70.31,80.2,57.74,3.18,79.81
STU101936,22,Female,85.38,21.55,78.72,79.11,87.83,75.83,2.94,66.47
STU101937,25,Female,81.45,17.18,74.73,64.45,79.48,80.23,2.73,78.43
STU101938,30,Male,66.28,5.7,60.69,64.0,54.87,61.43,2.07,49.04
STU101939,20,Male,57.7,8.26,54.98,48.31,68.22,69.22,1.97,60.9
STU101940,20,Female,90.01,27.58,91.25,86.23,94.7,100.0,3.42,99.04
STU101941,21,Male,75.49,9.12,54.12,61.29,67.35,54.98,1.94,60.53
STU101942,29,Female,67.69,21.36,80.94,82.75,76.11,69.08,2.16,66.22
STU101943,18,Female,76.24,10.05,63.86,54.46,63.21,62.85,2.43,62.99
STU101944,22,Male,85.63,22.53,80.11,93.47,78.05,67.5,2.81,83.52
STU101945,19,Female,83.12,12.61,64.51,79.28,49.62,63.88,2.21,53.18
STU101946,20,Female,76.25,6.59,76.46,74.62,51.7,57.35,1.75,40.35
STU101947,29,Female,66.83,9.17,69.84,80.01,65.34,52.42,1.89,69.58
STU101948,18,Female,69.56,16.22,67.93,74.48,66.61,53.92,1.86,58.49
STU101949,22,Female,95.6,26.56,80.28,81.02,66.41,70.96,3.03,65.11
STU101950,29,Female,89.02,20.01,73.28,63.49,82.81,65.91,2.95,70.42
STU101951,25,Female,72.64,0.0,65.7,52.0,44.61,56.74,1.96,50.09
STU101952,18,Male,86.82,11.04,66.31,79.22,69.36,83.09,2.3,66.12
STU101953,24,Female,55.58,8.71,80.08,39.23,49.76,68.85,1.34,38.22
STU101954,30,Female,87.37,13.37,80.22,90.4,77.76,81.31,3.1,80.31
STU101955,23,Male,81.76,14.24,100.0,73.07,65.44,85.64,2.68,67.94
STU101956,24,Male,68.81,12.76,91.56,64.24,50.89,61.66,2.1,49.91
STU101957,24,Female,82.57,18.36,70.3,80.86,65.28,79.62,2.65,61.14
STU101958,26,Male,95.71,28.6,92.13,92.53,96.27,71.13,3.26,85.93
STU101959,20,Female,74.78,12.22,73.63,63.98,67.9,74.89,1.89,68.14
STU101960,28,Female,62.67,7.11,70.64,50.18,42.8,77.93,1.54,48.12
STU101961,30,Male,74.91,14.26,78.92,61.31,84.58,85.97,2.91,79.58
STU101962,19,Female,77.98,10.74,71.46,35.84,56.55,67.86,1.7,67.51
STU101963,28,Male,76.72,15.94,54.06,82.31,73.01,59.56,2.57,68.72
STU101964,28,Male,59.27,15.94,60.3,61.03,57.21,65.01,2.25,61.84
STU101965,27,Female,71.03,11.44,63.12,53.25,41.51,66.72,2.52,43.26
STU101966,22,Female,87.17,6.94,63.48,74.74,79.85,78.28,2.08,63.29
STU101967,24,Male,96.47,18.65,65.7,72.4,77.38,74.23,3.03,80.25
STU101968,24,Female,87.12,25.92,91.31,74.86,91.45,81.95,3.28,66.47
STU101969,19,Female,85.16,11.88,71.34,92.12,75.31,95.4,2.74,65.05
STU101970,28,Female,74.38,16.59,69.28,81.1,72.95,75.38,3.06,76.2
STU101971,29,Male,68.97,14.88,76.1,68.88,48.52,48.59,1.79,52.6
STU101972,26,Male,44.42,10.87,58.95,38.03,30.94,37.33,1.03,22.71
STU101973,22,Female,70.67,14.2,70.48,76.28,87.13,69.14,2.09,66.47
STU101974,25,Female,47.1,0.72,39.25,50.11,48.75,71.13,1.1,66.47
STU101975,18,Male,57.67,11.9,45.14,51.12,56.46,54.39,1.48,59.73
STU101976,30,Female,72.75,11.09,80.28,80.23,68.38,80.2,2.71,76.98
STU101977,22,Male,82.91,21.96,85.36,63.07,73.86,86.41,2.58,69.13
STU101978,18,Female,85.56,14.26,70.6,62.54,72.22,71.13,2.07,67.21
STU101979,28,Female,100.0,23.11,89.99,92.87,95.98,82.12,2.73,89.62
STU101980,26,Female,83.0,20.03,64.9,69.5,76.71,74.43,2.31,77.48
STU101981,26,Female,82.05,12.77,73.71,76.8,65.98,68.36,2.48,64.52
STU101982,18,Male,78.35,34.61,93.45,99.2,94.73,100.0,3.5,100.0
STU101983,27,Female,92.88,14.06,89.31,87.98,76.59,91.15,3.14,82.52
STU101984,26,Male,75.22,16.66,78.94,79.46,71.14,75.64,3.18,73.11
STU101985,28,Female,69.39,9.08,54.76,59.18,44.54,55.65,1.78,45.97
STU101986,28,Female,80.07,11.03,76.97,60.98,51.84,77.08,2.09,57.89
STU101987,20,Male,50.44,11.72,44.9,66.52,52.34,45.65,1.67,51.29
STU101988,20,Male,75.19,12.51,71.35,61.1,75.16,73.55,2.52,63.48
STU101989,30,Male,62.72,11.16,65.36,66.46,73.4,60.29,2.02,54.49
STU101990,24,Male,76.03,14.18,78.94,61.41,62.89,65.36,1.71,66.47
STU101991,23,Male,83.23,20.76,84.25,64.57,67.25,91.69,2.96,71.97
STU101992,24,Female,58.49,2.41,61.96,57.81,43.0,56.36,2.15,45.95
STU101993,26,Female,78.01,9.03,56.54,62.96,55.16,68.24,1.78,66.47
STU101994,27,Female,64.95,11.34,87.62,57.67,79.72,55.79,1.93,64.94
STU101995,18,Female,69.97,9.75,81.08,67.55,67.27,80.29,2.78,58.59
STU101996,30,Female,74.05,20.03,63.92,63.36,51.17,79.28,2.94,69.73
STU101997,30,Male,86.38,9.57,66.71,69.39,68.63,71.35,2.66,58.64
STU101998,21,Female,57.83,8.37,71.42,56.97,60.01,60.11,1.58,57.55
STU101999,21,Female,63.26,2.02,52.9,71.02,49.83,49.33,2.04,40.83
STU102000,29,Female,69.97,13.8,55.04,52.91,58.79,66.24,2.37,62.34
STU102001,18,Female,82.28,11.33,70.6,52.49,86.14,67.59,2.06,66.47
STU102002,23,Female,79.3,20.71,48.56,65.53,59.34,63.1,2.8,68.67
STU102003,23,Female,79.73,18.34,76.42,51.43,54.07,76.97,2.71,56.18
STU102004,28,Female,86.93,16.13,82.06,66.97,67.16,77.63,3.17,73.5
STU102005,19,Male,80.91,14.54,76.45,71.2,71.31,74.9,2.47,67.65
STU102006,23,Female,76.8,10.65,75.93,63.1,47.65,61.78,2.32,41.22
STU102007,19,Male,70.18,8.15,63.7,50.48,46.99,40.11,1.4,51.22
STU102008,28,Male,94.06,22.4,75.87,86.67,99.72,82.99,3.22,100.0
STU102009,26,Female,79.36,16.61,76.3,66.48,59.96,64.13,3.21,73.06
STU102010,24,Male,65.38,4.17,57.44,55.38,42.35,71.13,2.52,35.52
STU102011,23,Female,87.65,27.88,72.2,79.18,79.12,77.21,2.16,89.37
STU102012,19,Male,90.48,20.4,93.24,59.3,79.05,71.13,3.37,72.14
STU102013,29,Female,89.15,18.5,95.12,93.43,85.13,86.25,3.36,80.48
STU102014,24,Male,88.62,11.13,68.12,51.38,81.88,77.03,3.04,69.45
STU102015,22,Female,82.85,19.64,84.75,81.9,75.31,68.2,2.75,73.45
STU102016,23,Male,66.88,17.47,53.0,70.31,37.73,53.54,1.91,28.34
STU102017,27,Male,62.64,13.93,67.07,72.47,75.37,58.63,2.72,59.97
STU102018,27,Male,78.35,11.12,82.4,60.01,63.27,75.59,2.41,72.86
STU102019,23,Female,81.56,21.28,98.5,76.49,71.12,69.07,2.05,83.91
STU102020,21,Female,81.6,29.26,100.0,78.58,68.12,81.45,4.0,66.47
STU102021,26,Female,83.66,19.79,77.15,86.72,61.14,81.49,2.7,72.02
STU102022,26,Male,57.94,10.37,63.95,67.67,54.43,59.13,1.56,42.69
STU102023,25,Male,63.52,1.9,68.14,46.21,41.79,74.37,1.98,44.7
STU102024,18,Male,94.46,21.12,89.68,100.0,97.61,92.66,3.47,83.17
STU102025,24,Female,72.32,10.13,64.15,77.45,73.37,80.18,3.1,79.49
STU102026,25,Female,75.01,16.57,92.84,63.62,70.96,79.96,3.05,76.67
STU102027,30,Male,66.15,10.81,57.66,77.68,73.4,79.12,2.25,68.93
STU102028,24,Female,89.07,13.96,85.67,89.5,65.5,71.13,2.03,62.12
STU102029,22,Female,72.84,10.47,68.83,56.45,59.87,67.25,2.17,64.91
STU102030,25,Male,100.0,14.04,92.87,78.18,72.91,71.13,2.12,60.64
STU102031,20,Male,59.81,6.25,67.64,56.57,61.92,48.24,2.34,58.49
STU102032,19,Male,69.34,10.41,62.93,71.66,67.88,65.97,2.06,58.59
STU102033,26,Male,71.36,10.98,75.19,70.73,66.4,63.66,2.4,58.5
STU102034,30,Male,36.07,0.0,35.38,43.26,23.04,21.9,0.64,23.41
STU102035,28,Female,69.18,6.2,59.48,47.45,57.98,56.59,2.15,64.73
STU102036,25,Male,67.65,11.87,46.35,54.75,56.13,49.12,1.77,51.42
STU102037,18,Female,81.1,15.06,68.82,77.38,71.72,61.37,2.65,66.47
STU102038,30,Female,61.12,17.1,56.64,62.86,71.66,75.38,2.28,63.65
STU102039,23,Female,94.64,26.27,100.0,93.32,97.41,85.65,3.65,80.33
STU102040,21,Female,70.43,18.64,60.87,64.15,63.22,76.6,2.44,55.94
STU102041,29,Male,80.78,14.93,71.95,80.49,58.75,67.25,2.59,49.06
STU102042,27,Male,87.41,20.19,74.12,76.03,69.37,88.44,2.76,77.44
STU102043,27,Male,97.4,25.95,82.69,70.31,72.39,76.04,2.99,88.12
STU102044,21,Female,79.98,15.25,68.77,78.98,64.07,83.63,2.4,75.43
STU102045,30,Female,82.23,14.39,85.07,59.09,69.34,71.13,2.89,77.22
STU102046,23,Male,73.08,22.42,80.64,98.84,63.84,71.18,2.76,73.64
STU102047,24,Male,42.0,15.04,46.87,100.0,32.62,65.54,1.48,44.57
STU102048,27,Female,100.0,23.94,87.46,100.0,83.83,100.0,3.54,95.74
STU102049,26,Male,86.2,26.65,93.14,66.18,75.7,85.27,3.5,81.34
STU102050,20,Female,90.5,14.15,86.89,73.21,58.45,81.6,2.46,56.06
STU102051,21,Male,65.23,12.63,81.93,40.18,41.05,56.53,1.52,33.95
STU102052,22,Male,85.29,19.93,75.81,99.64,87.85,80.83,3.25,80.57
STU102053,30,Male,57.82,6.74,63.44,51.83,56.46,57.36,1.98,41.77
STU102054,27,Male,78.65,18.18,60.24,64.98,75.58,76.3,3.28,71.1
STU102055,22,Male,55.41,9.48,64.92,55.86,50.18,60.61,1.88,48.19
STU102056,27,Female,94.98,29.96,82.44,100.0,100.0,95.65,3.13,99.01
STU102057,27,Male,49.44,9.04,59.6,66.01,55.25,61.35,1.57,50.95
STU102058,23,Female,76.98,12.65,83.75,68.48,74.08,71.43,2.18,78.03
STU102059,23,Male,58.39,7.94,46.71,43.09,40.31,37.69,1.81,38.84
STU102060,29,Male,71.82,6.48,62.98,74.54,66.92,73.97,2.75,59.8
STU102061,25,Male,76.46,8.54,79.48,64.61,50.97,60.02,2.27,64.07
STU102062,24,Male,89.02,22.01,90.02,83.57,74.88,67.55,3.17,81.7
STU102063,27,Male,77.79,8.96,57.47,63.8,70.14,64.31,2.26,64.88
STU102064,25,Male,85.37,20.28,84.82,88.81,76.31,77.53,3.37,72.64
STU102065,24,Female,67.96,3.95,53.77,62.93,52.85,52.53,2.17,69.03
STU102066,27,Female,75.58,12.27,78.65,82.04,70.51,56.0,2.6,65.15
STU102067,29,Female,85.76,15.74,70.6,60.86,67.32,70.64,2.3,72.94
STU102068,22,Male,88.42,15.3,90.84,69.13,74.12,69.77,2.53,82.4
STU102069,23,Female,84.47,12.82,67.34,73.17,69.99,65.89,2.92,72.41
STU102070,20,Female,74.91,17.03,81.26,75.92,84.73,81.36,3.4,72.08
STU102071,26,Male,77.0,22.12,74.66,81.67,64.64,71.48,3.02,65.84
STU102072,23,Male,79.53,24.45,81.08,66.9,79.25,80.57,3.38,75.17
STU102073,22,Female,60.65,7.22,57.58,72.48,54.03,59.79,2.11,53.0
STU102074,27,Female,82.79,19.87,55.77,71.57,78.13,77.73,2.35,66.47
STU102075,23,Male,99.23,24.56,94.62,99.93,93.91,73.85,3.0,83.8
STU102076,24,Male,60.08,11.34,55.4,76.55,48.6,66.45,2.14,48.23
STU102077,23,Female,93.96,18.89,69.67,85.91,84.57,60.1,2.09,74.03
STU102078,21,Male,89.99,18.05,74.45,83.89,83.18,85.11,3.37,71.39
STU102079,19,Female,85.71,31.77,76.46,97.61,82.96,84.4,2.95,80.32
STU102080,28,Female,88.33,14.74,62.66,75.17,78.93,97.48,3.54,83.4
STU102081,19,Female,83.88,17.2,82.46,73.84,71.83,72.09,2.53,72.07
STU102082,22,Female,93.26,24.41,81.79,68.36,82.94,81.28,2.97,74.8
STU102083,26,Male,67.95,13.92,52.34,55.68,44.4,44.42,2.97,46.83
STU102084,19,Female,72.19,8.86,90.67,68.64,73.83,77.71,2.19,59.01
STU102085,26,Female,70.6,2.9,48.21,55.97,36.08,61.14,1.71,36.67
STU102086,27,Female,97.27,16.88,93.57,90.94,90.49,69.67,3.0,69.45
STU102087,26,Male,70.61,25.12,76.61,76.37,77.79,69.16,2.37,69.94
STU102088,21,Male,52.5,3.84,50.97,56.59,54.46,58.16,1.93,54.91
STU102089,18,Male,95.98,20.2,78.17,82.53,77.36,83.48,2.44,71.97
STU102090,29,Male,78.2,14.82,81.93,76.58,70.02,79.77,2.64,54.38
STU102091,22,Female,88.58,33.74,76.64,83.88,72.38,69.41,2.52,80.16
STU102092,28,Female,73.93,2.67,74.34,71.02,46.01,57.0,2.19,47.16
STU102093,20,Female,78.35,0.0,45.38,41.73,22.87,43.34,0.62,15.76
STU102094,20,Female,74.09,15.04,82.52,74.15,83.14,73.71,2.64,69.4
STU102095,24,Male,57.38,15.04,60.79,41.88,69.2,67.32,2.55,67.72
STU102096,30,Male,99.88,21.55,81.78,73.83,74.89,55.32,2.31,73.36
STU102097,29,Male,100.0,15.04,81.61,100.0,81.55,96.95,3.65,90.88
STU102098,27,Male,85.49,23.62,87.87,80.01,100.0,81.79,2.82,75.42
STU102099,21,Male,100.0,30.87,81.24,89.68,85.29,91.55,3.44,91.55
STU102100,29,Male,95.3,20.28,63.3,85.6,76.38,91.14,3.57,74.2
STU102101,26,Male,96.75,32.98,100.0,70.31,98.62,100.0,3.93,87.68
STU102102,20,Female,81.53,25.04,85.87,78.83,79.49,95.07,3.35,82.83
STU102103,19,Male,100.0,33.54,92.39,94.29,76.49,78.84,2.99,80.58
STU102104,29,Male,62.98,10.6,65.17,73.38,75.91,55.01,2.21,64.09
STU102105,21,Male,64.22,4.05,56.74,38.24,65.72,62.03,1.65,66.47
STU102106,27,Female,100.0,28.73,100.0,72.37,93.34,100.0,4.0,86.02
STU102107,19,Female,86.82,9.31,75.92,65.34,68.42,75.96,2.4,54.75
STU102108,21,Male,99.51,27.0,100.0,71.88,92.07,64.8,3.23,86.65
STU102109,21,Male,63.57,11.32,74.28,66.8,53.56,83.56,1.86,57.67
STU102110,21,Female,83.25,15.05,75.69,76.93,88.99,75.86,2.58,74.18
STU102111,26,Female,36.26,0.0,50.75,47.03,52.36,53.37,1.29,41.61
STU102112,29,Female,74.63,8.19,82.88,70.16,50.57,49.47,2.18,48.01
STU102113,29,Female,82.51,19.03,73.12,58.98,53.53,82.62,2.36,58.7
STU102114,27,Female,80.02,20.06,82.54,71.56,57.53,84.62,2.21,66.54
STU102115,20,Female,88.91,20.77,95.67,76.49,75.91,77.97,3.01,81.0
STU102116,30,Male,80.13,6.61,39.84,67.18,42.17,71.44,2.5,52.11
STU102117,25,Female,93.41,17.77,85.15,75.74,87.0,79.4,2.53,77.85
STU102118,25,Male,100.0,31.27,96.93,96.55,73.63,91.26,3.43,79.9
STU102119,27,Female,88.21,27.91,88.89,100.0,92.43,93.69,2.46,66.61
STU102120,27,Male,90.86,23.53,88.78,76.72,80.38,71.91,2.57,76.14
STU102121,30,Male,74.5,10.6,67.24,58.9,54.12,82.54,1.6,46.84
STU102122,25,Female,52.72,15.78,43.75,46.95,52.51,62.2,2.3,56.42
STU102123,25,Female,91.6,19.88,97.66,97.47,96.65,77.01,3.72,95.79
STU102124,27,Male,85.1,23.46,79.52,77.34,100.0,79.91,2.51,65.76
STU102125,21,Female,67.0,11.07,70.91,62.27,71.31,76.84,2.59,72.83
STU102126,22,Male,52.17,16.35,61.32,60.85,32.45,64.48,2.11,38.39
STU102127,26,Male,63.13,12.9,53.92,68.69,63.5,80.72,2.51,68.38
STU102128,18,Female,90.16,10.27,85.33,67.53,78.71,82.97,2.67,82.9
STU102129,24,Male,76.59,12.47,67.27,77.45,77.18,67.9,1.9,69.35
STU102130,27,Male,51.07,6.75,65.68,54.0,43.18,49.1,1.21,40.72
STU102131,30,Female,93.79,22.08,88.89,94.29,84.69,89.38,3.08,76.07
STU102132,24,Male,45.06,8.51,69.64,50.58,46.14,48.52,2.45,39.94
STU102133,23,Male,96.07,23.91,90.09,85.27,87.68,86.76,3.16,99.65
STU102134,23,Male,83.62,14.66,70.34,78.97,68.38,68.81,2.39,76.5
STU102135,26,Female,75.77,17.65,60.89,77.61,63.5,63.54,3.11,69.71
STU102136,25,Male,85.87,16.62,72.23,85.02,76.73,78.96,3.14,70.37
STU102137,18,Male,73.72,17.39,73.97,76.13,83.39,76.57,2.25,76.22
STU102138,25,Female,100.0,19.85,79.43,79.32,98.02,83.36,3.12,84.03
STU102139,23,Male,72.11,11.98,75.6,67.53,88.17,57.16,2.89,88.16
STU102140,27,Male,70.73,13.54,66.02,69.92,70.85,83.32,2.54,79.66
STU102141,29,Female,74.74,9.61,63.42,73.74,66.73,78.01,2.64,61.97
STU102142,30,Female,75.24,19.33,71.24,77.42,74.09,75.54,2.07,64.76
STU102143,25,Male,100.0,17.81,82.32,82.11,80.81,99.58,2.85,81.86
STU102144,22,Female,69.85,14.14,63.78,72.85,70.72,72.54,1.99,74.76
STU102145,23,Female,95.22,15.72,83.96,75.66,73.36,84.88,2.73,83.46
STU102146,20,Male,71.02,9.87,55.07,58.59,63.21,100.0,2.18,44.88
STU102147,30,Female,50.09,1.77,39.93,54.38,31.13,56.59,1.69,39.39
STU102148,29,Female,89.4,13.75,72.59,81.33,76.31,63.96,3.47,82.85
STU102149,29,Female,77.24,23.29,65.58,77.66,85.46,71.92,2.43,73.28
STU102150,24,Female,74.12,12.49,82.84,87.41,60.17,56.7,2.34,58.78
STU102151,24,Female,78.35,9.54,50.49,34.53,45.55,45.13,1.5,57.89
STU102152,29,Female,83.46,20.41,75.63,83.16,67.3,85.47,3.03,81.74
STU102153,25,Female,75.81,15.23,78.73,62.91,66.67,77.44,3.03,73.72
STU102154,27,Female,55.04,3.38,51.27,59.57,70.51,57.19,1.9,59.86
STU102155,24,Female,61.61,2.47,50.45,54.94,52.84,48.38,2.55,51.84
STU102156,24,Female,69.15,19.88,63.78,66.7,55.68,56.03,2.13,59.95
STU102157,26,Female,86.07,21.38,85.78,68.36,68.26,66.84,2.52,69.16
STU102158,28,Male,79.63,18.19,92.72,61.16,53.01,69.65,3.22,66.13
STU102159,22,Male,61.69,6.88,79.56,40.83,49.83,36.29,1.58,37.37
STU102160,28,Female,77.5,24.48,84.98,69.67,57.67,80.65,2.77,58.95
STU102161,21,Male,88.06,15.98,69.85,81.34,67.11,82.83,1.99,65.46
STU102162,23,Female,69.49,8.66,52.17,62.92,49.92,62.82,2.2,62.53
STU102163,29,Female,82.14,17.89,85.22,82.49,58.44,77.45,2.15,64.46
STU102164,30,Female,100.0,16.51,99.43,93.53,68.38,84.4,3.37,83.97
STU102165,30,Male,63.83,3.56,66.04,65.57,56.31,71.13,2.13,57.03
STU102166,22,Female,86.48,19.65,90.99,72.97,85.38,71.13,3.47,68.82
STU102167,28,Male,96.1,29.02,84.79,99.4,90.36,100.0,3.62,96.83
STU102168,30,Female,79.88,11.48,85.19,71.35,40.25,60.59,2.41,35.45
STU102169,30,Male,81.91,5.76,61.89,53.22,59.05,74.93,2.2,56.66
STU102170,18,Female,100.0,13.54,68.09,70.31,93.44,71.86,2.99,100.0
STU102171,27,Female,67.63,10.05,77.14,59.01,86.91,58.42,2.02,71.24
STU102172,30,Female,60.01,0.0,42.75,33.37,47.38,33.7,1.25,40.57
STU102173,27,Female,76.45,18.25,59.36,84.46,67.44,52.67,2.35,61.94
STU102174,21,Male,76.23,21.86,84.7,77.75,65.41,78.06,2.46,74.51
STU102175,27,Male,85.25,19.48,63.11,67.96,89.55,69.26,2.26,66.67
STU102176,19,Male,77.12,8.4,67.16,54.9,55.77,64.98,1.61,52.26
STU102177,24,Female,78.42,17.09,65.32,77.74,62.32,83.04,1.26,70.08
STU102178,26,Female,80.03,15.04,96.36,69.0,91.39,76.8,2.88,81.43
STU102179,23,Male,67.64,9.71,75.3,67.79,36.24,73.46,2.6,46.26
STU102180,27,Male,49.8,1.59,65.8,51.27,48.37,64.41,0.8,40.28
STU102181,21,Male,87.0,25.96,74.91,100.0,68.4,86.27,3.2,76.56
STU102182,25,Female,76.05,15.07,54.59,53.13,70.94,69.95,2.35,61.28
STU102183,26,Male,78.35,24.59,79.86,68.13,97.48,66.98,2.63,68.31
STU102184,26,Male,57.83,2.16,63.08,48.59,55.73,57.66,1.65,58.4
STU102185,21,Male,87.76,10.52,71.48,62.4,86.3,75.33,2.81,69.42
STU102186,21,Male,0.0,20.38,87.78,76.36,76.53,92.72,2.41,69.65
STU102187,21,Male,89.36,11.07,76.12,64.48,81.47,66.91,2.48,64.93
STU102188,24,Male,49.44,0.3,50.12,64.93,37.3,69.57,2.03,42.29
STU102189,25,Female,62.75,0.0,51.87,44.26,41.02,41.11,1.02,33.63
STU102190,22,Female,97.01,23.11,89.15,77.55,73.41,95.0,2.52,94.13
STU102191,23,Male,81.6,24.99,86.13,70.64,75.02,66.2,2.77,80.49
STU102192,21,Female,100.0,17.81,75.66,80.54,79.13,84.11,3.0,80.31
STU102193,20,Male,94.77,20.26,75.61,92.04,77.46,74.7,3.79,73.63
STU102194,26,Female,70.21,28.8,81.67,85.44,73.16,77.17,3.15,80.41
STU102195,28,Female,69.24,7.6,81.28,73.46,74.4,67.6,1.75,67.64
STU102196,21,Male,80.95,21.24,75.24,68.35,75.95,76.87,2.61,68.21
STU102197,29,Female,84.55,20.04,91.86,89.15,87.24,71.13,4.0,87.27
STU102198,25,Female,86.97,17.51,73.3,59.65,69.32,71.56,2.2,69.03
STU102199,20,Female,100.0,38.08,91.29,98.2,98.66,93.76,3.47,89.83
STU102200,22,Male,59.92,9.96,67.06,65.46,47.5,52.75,2.18,37.13
STU102201,18,Male,61.11,6.12,56.56,31.2,37.31,46.75,1.92,50.76
STU102202,18,Male,89.77,15.04,78.06,80.29,89.63,74.3,3.27,86.34
STU102203,22,Female,68.97,9.21,59.09,60.03,53.56,71.52,2.35,57.38
STU102204,23,Female,100.0,24.43,90.1,100.0,95.75,91.94,3.53,96.04
STU102205,28,Male,78.35,15.77,79.18,79.0,91.72,96.98,2.89,90.32
STU102206,19,Female,100.0,13.88,85.99,81.83,76.61,84.95,3.45,77.15
STU102207,28,Male,88.71,16.15,81.53,81.67,70.6,78.65,2.8,69.31
STU102208,21,Male,61.23,9.31,65.06,65.83,42.33,66.31,1.87,57.1
STU102209,19,Female,78.35,10.64,46.17,53.63,44.23,59.02,2.19,44.8
STU102210,27,Female,100.0,20.28,83.53,95.82,96.89,98.35,3.11,66.47
STU102211,28,Female,49.39,6.96,53.17,60.1,49.27,36.04,2.35,70.03
STU102212,25,Female,95.67,16.0,81.22,82.7,100.0,91.37,3.38,91.66
STU102213,19,Female,99.07,15.02,73.75,78.07,79.56,68.37,2.78,63.07
STU102214,19,Female,66.92,2.31,78.99,74.51,61.04,68.77,1.83,55.47
STU102215,23,Male,79.66,28.82,88.95,67.4,66.74,65.67,3.46,70.73
STU102216,23,Female,83.92,18.78,73.97,68.67,89.54,71.13,2.73,77.98
STU102217,30,Female,78.87,14.62,63.58,53.41,73.39,59.36,1.6,71.18
STU102218,21,Male,94.47,26.23,85.92,98.1,83.7,68.52,3.56,78.15
STU102219,20,Male,87.53,36.01,87.14,100.0,86.52,74.94,3.18,86.81
STU102220,30,Male,83.45,13.76,79.83,65.22,65.47,82.84,2.25,70.84
STU102221,20,Male,70.0,6.5,62.19,69.15,35.31,70.75,2.53,46.52
STU102222,18,Female,98.69,32.84,80.74,97.65,85.1,96.0,2.26,78.23
STU102223,23,Male,61.12,0.0,73.38,35.86,30.82,32.64,1.24,35.25
STU102224,24,Female,71.44,24.15,64.87,78.68,69.78,91.5,2.62,66.41
STU102225,26,Male,95.14,19.07,87.79,91.94,64.55,100.0,3.17,74.48
STU102226,29,Male,66.02,12.2,76.93,58.32,56.0,53.08,2.87,60.14
STU102227,30,Male,96.29,13.66,79.66,80.41,69.93,84.29,2.9,66.52
STU102228,21,Male,81.63,27.81,75.95,84.09,68.63,65.33,2.65,60.56
STU102229,30,Female,86.28,9.81,51.47,60.09,68.41,72.53,3.19,66.15
STU102230,26,Male,89.61,17.27,82.04,75.36,82.87,95.62,2.98,90.05
STU102231,18,Male,61.75,11.23,71.31,56.28,39.97,51.03,2.12,44.74
STU102232,30,Male,84.33,16.99,81.89,98.23,61.89,67.95,2.5,66.75
STU102233,19,Male,45.92,5.23,51.96,55.98,30.82,48.25,2.19,42.62
STU102234,25,Female,87.89,10.41,90.51,78.96,81.73,100.0,2.39,85.62
STU102235,28,Female,69.71,15.99,79.72,76.06,90.33,78.91,2.62,77.61
STU102236,21,Male,77.92,8.75,72.87,53.21,54.7,69.99,2.31,36.07
STU102237,21,Female,80.89,13.42,68.61,80.36,62.45,84.15,2.72,71.82
STU102238,24,Male,62.94,9.82,48.93,65.09,80.64,80.43,2.31,85.45
STU102239,29,Female,78.35,25.76,86.36,80.66,76.93,85.01,3.11,75.52
STU102240,20,Female,57.72,16.61,77.42,74.02,73.7,75.9,3.4,72.65
STU102241,26,Male,82.78,16.8,83.48,85.08,75.15,70.41,3.52,87.41
STU102242,23,Female,83.37,15.04,76.17,92.25,64.79,76.02,2.58,68.85
STU102243,19,Female,53.89,17.87,67.42,56.05,54.33,76.32,2.11,61.4
STU102244,27,Male,77.91,8.57,69.15,77.93,63.49,77.63,2.07,60.45
STU102245,28,Female,75.62,17.59,64.51,71.94,66.88,68.55,3.56,72.46
STU102246,25,Female,73.93,9.41,53.52,76.57,47.97,68.1,2.46,54.52
STU102247,20,Male,100.0,20.63,75.51,86.63,72.72,71.72,3.45,79.0
STU102248,20,Female,80.26,20.89,63.14,66.06,67.86,81.74,2.79,62.86
STU102249,23,Female,79.71,5.53,75.21,68.75,66.83,79.29,3.46,88.52
STU102250,24,Female,59.8,1.97,42.83,70.31,55.69,54.06,1.71,50.26
STU102251,25,Female,100.0,19.5,77.5,85.39,71.88,76.99,2.58,66.06
STU102252,21,Female,74.26,13.42,83.48,69.59,79.08,56.39,2.86,65.34
STU102253,24,Female,58.42,14.84,60.65,89.08,55.76,61.07,2.29,66.47
STU102254,21,Female,93.85,16.39,89.12,94.9,88.72,100.0,3.48,87.57
STU102255,26,Male,76.85,26.26,79.29,66.0,71.4,71.11,3.39,71.52
STU102256,28,Male,86.11,23.47,83.92,94.71,77.31,68.63,3.17,81.7
STU102257,26,Female,96.32,16.52,72.06,82.36,54.81,76.87,3.28,54.23
STU102258,18,Female,75.55,7.1,69.42,68.34,66.72,80.55,2.54,58.06
STU102259,30,Male,63.95,10.46,64.07,56.75,84.07,76.59,2.68,57.44
STU102260,18,Female,90.8,24.8,66.68,77.27,86.64,90.06,3.07,85.38
STU102261,30,Female,88.45,21.93,94.13,95.58,65.52,77.93,2.95,70.42
STU102262,18,Female,81.67,13.69,63.4,75.43,70.11,78.33,2.39,45.61
STU102263,24,Male,100.0,22.58,100.0,100.0,97.73,95.48,3.4,96.79
STU102264,19,Female,87.19,17.49,63.3,82.19,80.97,66.82,2.49,67.88
STU102265,19,Male,53.99,5.89,45.38,57.44,42.94,56.87,1.64,52.28
STU102266,24,Male,48.02,3.49,71.64,20.17,69.63,60.6,1.79,68.78
STU102267,27,Female,65.25,4.4,41.47,43.24,48.54,58.94,1.8,36.95
STU102268,19,Female,57.01,9.29,47.12,50.84,54.39,71.45,2.36,52.35
STU102269,30,Male,73.84,9.53,56.52,82.64,48.76,74.59,2.46,66.47
STU102270,22,Female,92.6,11.5,77.71,83.93,75.13,74.3,2.64,80.86
STU102271,22,Female,60.1,11.73,59.4,68.4,69.44,58.51,2.39,66.47
STU102272,21,Male,88.64,11.06,75.44,75.28,66.77,73.28,2.34,73.38
STU102273,23,Male,66.57,17.7,54.05,82.38,74.68,79.3,2.48,73.71
STU102274,20,Female,63.4,11.74,81.69,62.06,73.19,58.08,2.16,70.81
STU102275,23,Female,62.54,9.57,69.72,51.59,60.87,65.03,2.25,66.65
STU102276,20,Male,93.6,23.35,75.17,73.35,76.82,86.91,2.52,77.92
STU102277,18,Female,53.98,1.8,35.33,54.84,49.29,61.7,2.52,51.64
STU102278,22,Female,90.47,10.93,66.97,66.38,90.12,62.63,3.44,76.6
STU102279,26,Female,76.48,15.02,72.23,79.08,56.55,48.89,2.33,59.18
STU102280,27,Female,83.47,29.14,89.81,79.85,60.11,73.99,3.4,60.2
STU102281,22,Male,67.27,19.43,69.61,56.74,63.97,75.78,2.31,67.95
STU102282,22,Male,79.9,21.45,67.7,68.76,60.13,83.73,3.1,72.05
STU102283,28,Male,91.27,6.91,64.16,70.31,46.29,62.34,1.96,57.89
STU102284,26,Female,89.1,22.4,88.93,85.17,89.05,77.64,3.26,82.9
STU102285,28,Female,73.34,14.02,79.88,81.66,54.76,73.16,2.12,47.96
STU102286,29,Female,93.15,33.96,90.91,91.4,77.91,100.0,4.0,85.67
STU102287,28,Male,90.74,21.22,72.23,67.33,79.73,78.15,2.55,65.1
STU102288,30,Female,85.68,14.31,79.33,75.49,82.36,76.13,2.8,73.58
STU102289,23,Male,72.69,2.69,83.72,64.57,91.86,71.13,2.59,66.94
STU102290,23,Male,79.98,12.59,75.05,82.23,59.18,85.02,2.77,66.47
STU102291,22,Male,63.39,14.63,66.69,67.3,64.68,66.43,2.39,70.78
STU102292,21,Female,77.43,14.27,66.68,61.72,55.71,62.35,3.05,67.76
STU102293,27,Male,86.26,14.5,72.9,57.72,68.91,71.83,2.74,57.12
STU102294,27,Female,82.24,20.02,67.05,70.67,70.47,71.13,2.72,73.85
STU102295,28,Female,92.5,22.76,88.61,78.91,51.09,65.44,2.86,72.84
STU102296,20,Female,77.06,13.52,83.96,92.32,78.07,83.39,3.37,73.32
STU102297,24,Male,60.64,18.53,88.42,60.18,68.97,70.79,2.4,69.98
STU102298,20,Female,100.0,32.47,83.22,78.33,93.44,85.35,2.64,94.33
STU102299,29,Female,84.79,24.68,95.11,85.2,60.71,67.09,2.33,48.25
STU102300,21,Male,100.0,27.98,100.0,100.0,100.0,100.0,2.52,99.01
STU102301,19,Female,72.3,16.77,71.25,69.19,71.2,77.6,2.22,75.31
STU102302,25,Female,78.61,24.51,93.08,87.91,83.01,71.12,2.68,74.54
STU102303,29,Male,70.53,10.74,55.39,74.72,72.93,68.22,2.13,55.05
STU102304,29,Female,78.88,22.16,86.44,96.38,84.8,93.2,3.29,93.21
STU102305,19,Male,67.41,2.12,63.2,55.34,50.25,71.18,2.23,42.07
STU102306,22,Male,91.65,13.41,80.46,80.01,84.51,77.77,2.47,61.44
STU102307,19,Female,78.41,9.94,65.28,78.78,63.24,65.37,2.72,66.47
STU102308,22,Male,85.46,11.41,71.7,72.57,68.38,73.18,2.91,72.52
STU102309,24,Male,89.13,14.14,66.35,71.74,64.14,56.24,2.94,66.47
STU102310,21,Male,71.53,14.6,61.41,55.83,80.15,57.36,2.4,57.86
STU102311,18,Male,59.51,11.27,69.7,57.65,63.89,65.36,2.24,55.8
STU102312,24,Male,95.31,13.23,99.19,91.76,80.3,79.33,3.73,88.67
STU102313,18,Female,99.01,17.21,57.56,85.15,77.15,77.29,2.83,79.04
STU102314,20,Male,60.06,8.64,65.68,63.61,47.34,71.21,2.13,52.28
STU102315,18,Male,100.0,22.6,79.11,69.57,72.71,97.39,3.3,92.88
STU102316,19,Female,75.49,6.05,61.29,73.65,70.43,56.64,2.01,73.95
STU102317,23,Female,83.65,13.44,69.7,84.56,64.06,94.32,2.91,63.93
STU102318,29,Male,75.99,22.75,78.05,88.0,84.89,86.82,2.73,73.12
STU102319,28,Male,88.11,20.46,74.86,68.26,91.48,71.11,2.51,73.22
STU102320,19,Male,100.0,22.71,88.91,99.78,87.06,94.41,2.68,87.27
STU102321,18,Male,55.43,2.52,68.47,67.38,60.09,62.02,1.84,65.15
STU102322,22,Male,86.29,19.78,84.01,64.85,67.0,58.74,2.88,59.69
STU102323,26,Female,76.78,18.07,97.41,88.92,94.41,72.12,3.51,83.97
STU102324,27,Female,67.56,13.05,60.07,53.08,47.03,70.78,2.46,53.94
STU102325,28,Male,55.81,15.04,70.34,62.25,68.49,49.22,2.03,68.66
STU102326,22,Female,79.05,23.66,74.99,90.82,64.57,84.51,2.12,71.77
STU102327,20,Male,76.38,16.56,76.04,77.12,63.21,83.26,2.6,58.92
STU102328,18,Female,70.34,16.54,72.99,53.93,43.81,62.97,1.45,51.98
STU102329,19,Male,80.29,18.72,71.86,61.96,79.38,62.57,2.04,66.26
STU102330,18,Male,56.05,3.22,58.8,57.59,38.48,65.86,1.26,42.15
STU102331,29,Female,80.6,17.48,87.75,83.44,88.85,92.65,3.63,77.25
STU102332,21,Male,87.29,13.7,66.45,56.3,75.73,84.33,3.41,61.39
STU102333,28,Female,100.0,28.62,100.0,81.3,87.26,99.1,3.72,89.35
STU102334,25,Male,93.54,19.66,78.0,87.19,80.93,93.66,2.81,74.77
STU102335,25,Female,79.58,3.98,72.72,80.06,55.93,61.23,1.86,51.15
STU102336,23,Female,71.63,15.31,78.16,62.54,55.32,61.16,2.04,50.1
STU102337,28,Male,85.63,23.82,76.57,83.65,66.98,65.69,2.83,67.85
STU102338,18,Male,83.21,5.57,71.97,70.58,54.59,77.63,2.78,61.82
STU102339,19,Female,99.49,27.18,84.93,76.63,79.1,81.16,3.33,87.07
STU102340,23,Female,54.64,17.84,53.42,82.22,40.68,49.44,2.46,47.47
STU102341,23,Male,78.35,18.15,89.09,79.09,86.72,92.2,4.0,97.88
STU102342,25,Female,80.31,20.31,83.5,89.05,65.86,65.8,3.0,65.49
STU102343,24,Male,78.21,9.53,70.76,61.84,54.98,69.53,3.38,53.42
STU102344,25,Male,100.0,30.66,100.0,88.9,80.62,90.6,2.69,88.02
STU102345,21,Female,75.77,8.23,72.39,77.81,62.36,59.02,1.84,59.27
STU102346,22,Male,75.61,13.96,68.72,73.34,60.56,82.05,2.67,70.97
STU102347,27,Male,66.73,9.45,58.79,53.16,39.68,41.7,2.05,47.53
STU102348,20,Female,100.0,33.88,100.0,86.12,86.65,90.9,3.36,86.81
STU102349,24,Male,60.1,4.81,39.62,57.78,66.56,55.9,1.5,51.99
STU102350,25,Male,50.29,4.0,55.02,70.31,33.32,55.66,2.55,55.06
STU102351,27,Male,80.9,9.77,53.85,64.59,67.07,75.67,1.99,54.97
STU102352,27,Female,84.44,26.22,100.0,84.14,87.42,78.69,2.8,79.11
STU102353,24,Female,86.52,14.07,88.59,73.44,100.0,79.78,3.57,93.07
STU102354,22,Male,87.14,15.65,68.88,57.82,72.3,73.31,2.86,69.48
STU102355,22,Male,87.24,16.42,82.01,82.36,80.59,77.79,3.39,75.54
STU102356,23,Female,77.25,8.29,63.33,70.31,66.66,55.59,2.51,68.04
STU102357,20,Male,84.03,7.81,94.1,77.51,72.45,88.81,2.23,80.14
STU102358,26,Male,98.35,22.34,68.25,67.54,95.01,80.84,3.36,86.07
STU102359,20,Female,75.96,18.91,72.52,63.41,59.52,61.69,1.85,47.83
STU102360,26,Male,70.51,0.48,63.36,70.43,88.63,42.8,2.2,65.85
STU102361,27,Female,84.24,20.54,67.62,59.52,82.21,76.39,2.96,78.63
STU102362,30,Female,79.72,16.2,77.18,97.6,74.82,80.01,3.25,67.16
STU102363,19,Female,66.93,10.35,72.23,75.3,66.42,83.18,2.52,78.21
STU102364,27,Male,98.03,22.74,72.23,80.66,80.06,78.03,3.26,84.29
STU102365,19,Male,83.94,15.04,70.38,69.69,65.11,71.43,2.08,59.37
STU102366,22,Male,82.23,23.26,81.7,63.72,75.97,81.48,2.9,79.84
STU102367,20,Female,78.35,18.67,71.53,89.12,75.45,87.33,2.92,81.63
STU102368,20,Female,74.13,16.37,86.95,75.58,85.89,77.21,2.36,71.63
STU102369,20,Female,77.85,26.64,88.64,89.25,77.8,84.17,3.49,70.17
STU102370,18,Male,80.45,29.6,85.63,85.02,72.23,85.8,3.07,73.21
STU102371,28,Female,59.17,11.71,72.23,70.89,54.2,78.74,2.38,52.11
STU102372,18,Female,85.81,23.84,77.22,69.91,69.72,60.93,2.48,70.36
STU102373,23,Female,100.0,18.09,91.41,81.74,75.18,84.56,3.07,75.43
STU102374,27,Female,82.36,15.49,100.0,84.91,85.08,87.61,3.08,85.49
STU102375,30,Male,82.16,28.16,69.28,79.41,70.43,84.96,2.57,75.84
STU102376,29,Male,51.98,6.02,55.46,40.22,63.46,53.12,1.4,56.63
STU102377,19,Female,48.44,1.17,34.83,56.63,51.97,41.16,1.44,47.91
STU102378,30,Male,93.04,25.39,88.85,86.64,90.78,96.52,3.43,96.76
STU102379,26,Male,75.11,13.17,78.35,71.45,61.75,77.53,3.47,61.06
STU102380,20,Male,85.04,12.68,89.32,76.96,82.12,69.19,2.72,82.92
STU102381,23,Male,100.0,15.96,76.92,73.62,72.29,76.97,2.42,87.0
STU102382,29,Female,100.0,28.22,100.0,77.01,88.26,90.76,4.0,99.62
STU102383,23,Male,94.08,25.31,72.23,86.5,90.48,84.16,3.58,75.45
STU102384,20,Male,78.35,17.77,83.17,88.08,71.12,91.17,2.28,66.47
STU102385,29,Female,63.25,19.82,55.2,58.05,69.71,65.97,1.7,66.78
STU102386,24,Female,64.65,10.32,69.52,59.73,66.63,66.52,1.95,68.69
STU102387,30,Male,57.03,1.2,58.01,42.0,68.57,44.85,1.6,46.58
STU102388,30,Male,93.62,25.52,73.31,76.91,78.96,82.92,1.98,65.13
STU102389,29,Male,81.95,17.28,88.04,84.35,80.06,74.06,3.01,87.49
STU102390,23,Male,95.21,19.54,80.98,91.96,100.0,84.8,3.37,86.12
STU102391,20,Male,94.99,20.48,79.48,85.69,57.75,63.44,1.85,50.39
STU102392,26,Male,73.35,6.7,73.96,89.03,68.23,67.03,2.68,53.27
STU102393,20,Female,69.54,10.43,57.14,81.64,59.68,60.49,2.52,66.47
STU102394,24,Female,73.66,20.3,54.79,52.93,70.44,62.52,1.79,61.86
STU102395,26,Female,81.83,23.16,78.36,66.69,97.29,65.82,2.01,83.22
STU102396,30,Male,69.7,13.62,56.0,66.92,49.39,65.75,1.71,54.04
STU102397,21,Male,100.0,15.04,100.0,72.53,100.0,82.97,2.44,86.63
STU102398,21,Female,65.48,9.65,42.75,59.15,66.05,65.55,1.73,67.69
STU102399,27,Female,73.41,11.66,78.33,59.73,78.67,82.91,2.48,83.11
STU102400,18,Female,45.82,11.6,52.25,48.28,46.75,41.44,1.11,35.81
STU102401,25,Male,69.11,12.04,73.96,73.79,78.55,79.38,2.99,75.42
STU102402,27,Male,82.74,19.83,72.23,52.98,58.59,68.7,2.53,64.88
STU102403,25,Female,74.58,10.31,55.3,90.71,81.35,75.71,2.41,70.17
STU102404,22,Female,70.45,7.16,72.55,54.68,45.79,51.68,1.89,49.09
STU102405,28,Male,71.4,17.71,68.11,84.94,58.29,81.85,2.76,73.1
STU102406,22,Female,72.29,21.9,59.09,48.27,58.68,62.23,2.68,46.91
STU102407,27,Female,0.0,21.32,90.2,62.59,60.75,67.73,2.29,62.6
STU102408,24,Female,100.0,28.44,88.93,100.0,96.33,89.1,3.75,94.35
STU102409,18,Male,86.88,16.35,66.08,70.01,67.04,62.79,2.86,66.47
STU102410,24,Female,78.47,22.1,84.77,84.38,65.83,83.54,2.91,73.85
STU102411,18,Female,76.46,19.04,69.77,71.67,51.27,61.03,2.85,53.84
STU102412,30,Male,62.61,1.49,72.23,53.04,70.05,67.2,1.85,55.7
STU102413,25,Female,56.82,14.23,72.24,82.09,72.73,68.16,2.34,72.48
STU102414,22,Female,100.0,24.76,100.0,100.0,85.47,94.58,3.48,77.3
STU102415,24,Female,71.55,12.18,87.47,52.61,70.81,77.02,2.61,64.26
STU102416,26,Male,90.65,10.88,68.88,75.46,69.23,61.19,2.59,61.51
STU102417,21,Female,62.77,1.0,59.16,67.33,41.86,41.64,1.84,51.1
STU102418,21,Male,38.48,0.0,29.28,38.29,21.79,36.36,1.7,28.44
STU102419,23,Male,64.15,7.49,67.22,61.84,68.39,61.91,2.74,53.93
STU102420,21,Male,100.0,32.22,97.5,100.0,100.0,93.15,2.52,97.65
STU102421,27,Male,86.55,14.5,89.42,60.64,82.28,70.21,2.32,65.37
STU102422,19,Male,100.0,20.52,88.52,86.75,80.73,100.0,3.97,90.09
STU102423,28,Male,69.86,14.89,67.66,62.66,68.87,78.71,2.49,58.43
STU102424,22,Female,50.04,2.29,49.63,51.4,44.08,22.88,1.47,27.08
STU102425,25,Male,57.95,16.86,58.59,52.28,29.47,53.64,1.98,41.3
STU102426,20,Female,94.52,22.06,79.61,94.5,78.92,78.77,2.42,72.06
STU102427,23,Male,70.34,11.3,76.26,66.92,72.62,76.15,2.47,77.92
STU102428,27,Female,71.3,11.58,76.61,58.8,91.18,63.47,2.73,58.14
STU102429,21,Female,68.25,15.55,64.53,76.64,81.41,77.51,2.08,75.19
STU102430,19,Female,100.0,16.21,86.64,86.89,78.79,72.47,3.12,74.18
STU102431,24,Female,78.12,10.37,72.46,68.53,66.36,65.66,2.52,69.63
STU102432,20,Female,74.87,8.29,71.99,71.06,72.78,73.23,2.28,64.99
STU102433,22,Male,86.92,9.64,73.24,68.89,65.69,75.16,3.17,74.58
STU102434,23,Male,77.7,19.09,66.8,70.84,50.01,62.2,2.52,52.42
STU102435,25,Male,69.61,10.55,51.96,54.69,50.56,66.37,2.18,56.09
STU102436,26,Male,78.44,9.29,72.23,83.24,58.24,59.1,2.48,66.67
STU102437,26,Male,100.0,23.8,98.0,93.64,100.0,93.16,2.81,91.92
STU102438,28,Male,92.72,30.25,91.18,80.2,83.92,77.39,2.88,77.19
STU102439,18,Female,77.82,17.84,85.3,77.36,74.64,93.78,2.48,69.01
STU102440,22,Female,80.11,12.65,55.0,49.39,51.19,60.9,2.15,59.0
STU102441,18,Female,57.17,10.73,66.1,61.15,54.82,57.85,1.9,60.81
STU102442,18,Female,81.26,28.8,99.9,74.65,78.29,92.01,3.1,85.33
STU102443,20,Male,84.82,16.17,86.49,78.77,68.43,82.05,3.36,84.4
STU102444,24,Male,75.93,8.83,73.22,96.86,60.22,79.47,2.04,60.23
STU102445,29,Female,67.14,7.26,60.25,47.62,80.92,56.18,2.52,58.97
STU102446,28,Female,66.65,9.87,57.01,52.68,48.94,61.11,1.91,61.84
STU102447,26,Male,96.2,30.16,76.7,66.34,89.9,78.35,3.03,73.18
STU102448,28,Male,76.56,25.95,82.23,77.84,64.75,90.74,2.63,63.83
STU102449,20,Male,65.73,7.63,76.54,60.83,71.4,68.28,2.58,66.69
STU102450,28,Male,65.3,16.36,72.19,48.44,66.5,67.96,2.66,66.47
STU102451,29,Male,91.52,20.1,81.58,88.0,92.06,89.99,3.27,90.64
STU102452,19,Male,83.95,6.99,66.31,77.56,44.26,73.77,1.65,44.4
STU102453,24,Female,92.84,24.02,90.08,93.23,90.0,70.56,3.45,91.97
STU102454,28,Female,89.19,11.44,67.09,77.28,58.59,63.0,2.56,63.88
STU102455,24,Female,72.19,9.17,55.87,81.82,51.48,66.8,2.21,66.68
STU102456,28,Female,91.12,21.38,80.17,76.84,50.01,61.15,2.99,42.77
STU102457,30,Female,70.87,10.1,78.6,42.02,52.42,64.81,2.27,59.36
STU102458,24,Male,78.35,13.82,77.9,84.29,70.12,84.15,3.8,76.86
STU102459,18,Female,88.45,23.24,75.25,54.99,86.75,94.36,3.22,83.67
STU102460,22,Male,100.0,16.76,91.36,75.05,75.29,88.71,3.14,76.36
STU102461,20,Female,81.48,11.5,67.84,57.03,68.65,79.33,2.91,72.06
STU102462,24,Male,74.2,15.77,54.92,67.67,74.5,66.89,2.81,54.77
STU102463,25,Female,82.98,11.32,67.91,60.93,68.61,55.37,2.81,50.97
STU102464,24,Female,65.85,10.18,79.71,68.09,55.5,60.01,2.26,47.67
STU102465,20,Male,98.29,24.01,82.36,94.35,88.04,71.4,3.0,68.36
STU102466,21,Male,85.0,19.58,76.35,71.61,72.35,86.26,2.61,77.09
STU102467,26,Male,88.67,12.3,66.93,71.59,49.43,71.09,1.6,45.37
STU102468,18,Female,70.23,0.0,52.03,33.27,60.27,63.29,2.1,54.48
STU102469,20,Female,100.0,23.38,75.97,72.44,93.38,91.36,3.13,88.71
STU102470,29,Male,63.33,23.89,70.97,84.14,67.66,68.14,2.45,64.27
STU102471,19,Female,82.09,17.37,58.16,59.84,65.22,58.07,2.8,68.66
STU102472,23,Male,95.18,22.42,84.25,82.13,82.7,82.93,3.24,79.0
STU102473,20,Male,60.38,14.29,69.04,55.98,77.12,69.78,2.91,68.45
STU102474,19,Male,74.93,16.22,72.18,49.14,67.15,52.4,2.14,56.89
STU102475,23,Female,63.08,9.41,68.15,56.84,63.68,70.21,2.04,67.23
STU102476,24,Male,67.09,13.39,47.89,55.3,61.72,46.86,1.4,42.81
STU102477,20,Female,93.26,17.71,71.69,69.86,82.61,79.72,2.91,80.37
STU102478,19,Male,54.53,8.86,67.09,71.95,62.89,51.5,2.52,68.67
STU102479,19,Female,70.91,19.53,71.87,57.52,70.81,72.34,2.01,69.14
STU102480,26,Female,68.23,0.43,62.13,70.31,64.74,51.02,1.78,51.31
STU102481,29,Female,55.04,5.6,59.35,57.66,61.01,56.15,2.74,60.0
STU102482,20,Female,75.27,13.17,64.29,70.05,67.8,71.13,1.57,57.83
STU102483,22,Female,85.97,19.85,72.23,58.57,61.8,72.07,2.98,75.47
STU102484,22,Male,92.34,22.3,61.58,73.37,56.89,52.05,2.22,61.56
STU102485,22,Female,82.55,4.01,75.12,74.45,73.41,77.72,2.66,72.16
STU102486,21,Male,99.21,33.42,96.28,88.25,90.03,76.06,4.0,99.35
STU102487,18,Male,80.25,7.84,60.39,67.2,74.26,67.75,2.59,68.13
STU102488,24,Male,95.54,20.72,72.68,80.84,78.08,96.03,2.7,69.9
STU102489,22,Male,82.91,18.99,77.61,71.12,97.46,79.05,3.35,84.53
STU102490,22,Female,84.07,18.87,57.8,62.32,57.51,67.38,2.57,60.87
STU102491,21,Female,62.45,15.47,68.01,60.53,68.38,72.9,3.93,74.88
STU102492,30,Female,90.05,20.18,78.13,90.69,63.53,61.61,1.91,62.85
STU102493,25,Male,86.83,12.07,69.68,67.62,73.42,74.64,2.0,73.31
STU102494,23,Female,50.61,11.07,58.54,50.88,67.84,84.25,2.55,57.03
STU102495,20,Female,75.13,13.0,76.73,46.81,65.96,62.16,2.24,62.26
STU102496,28,Male,62.31,23.49,75.26,62.1,73.22,63.81,2.79,66.72
STU102497,29,Female,49.45,7.33,58.05,50.49,48.07,55.06,1.13,46.88
STU102498,18,Female,100.0,25.0,80.33,84.34,84.0,93.1,3.27,88.48
STU102499,30,Male,100.0,31.16,91.59,97.82,100.0,71.13,3.74,95.27
STU102500,27,Female,90.1,21.45,73.87,79.29,79.41,70.18,2.39,65.26
STU102501,19,Female,78.35,20.87,80.9,76.01,72.87,82.85,2.91,74.95
STU102502,27,Male,90.67,16.36,100.0,80.8,73.34,68.79,2.56,0.0
STU102503,19,Male,70.89,10.19,59.34,70.92,54.7,53.19,1.98,45.16
STU102504,18,Female,86.44,20.43,91.23,87.77,81.46,59.67,3.47,86.2
STU102505,19,Female,72.68,10.68,88.19,69.02,46.72,65.63,1.85,34.05
STU102506,23,Female,100.0,24.82,100.0,92.21,98.23,92.42,3.19,93.55
STU102507,26,Female,75.2,16.77,71.53,74.68,57.72,78.57,2.82,58.42
STU102508,23,Female,98.18,23.01,91.8,83.9,60.13,72.78,2.49,61.38
STU102509,19,Female,70.52,9.15,71.17,70.99,69.61,78.37,2.52,73.92
STU102510,20,Female,97.72,22.65,93.99,100.0,82.65,91.45,3.62,90.55
STU102511,29,Female,63.36,21.38,74.37,67.55,74.68,71.56,2.1,76.71
STU102512,30,Male,74.85,26.29,91.75,67.77,89.99,89.75,3.6,74.59
STU102513,24,Female,97.39,19.19,83.14,77.75,78.3,78.01,3.14,72.6
STU102514,19,Female,75.65,20.46,74.6,63.36,86.83,77.58,2.8,72.62
STU102515,28,Female,78.84,14.04,69.94,78.85,80.39,68.1,1.86,64.01
STU102516,26,Female,82.46,10.14,54.44,46.95,51.04,75.09,2.42,61.79
STU102517,24,Female,45.83,0.0,46.95,40.59,46.45,68.74,0.83,49.59
STU102518,19,Male,95.01,26.27,85.27,82.8,74.45,69.02,2.96,61.26
STU102519,30,Male,60.77,5.0,74.2,52.77,70.95,66.34,2.26,54.89
STU102520,23,Male,100.0,16.92,72.23,82.36,78.15,80.4,3.75,79.66
STU102521,18,Male,81.25,10.99,76.43,81.52,59.59,78.51,2.59,61.51
STU102522,20,Male,84.26,26.47,82.45,77.91,86.94,68.76,2.6,88.49
STU102523,23,Male,79.47,19.31,79.59,81.81,72.9,69.61,3.42,66.47
STU102524,18,Male,61.94,0.0,58.11,47.51,48.78,61.44,1.52,45.08
STU102525,22,Male,80.69,17.58,89.76,66.17,88.52,90.41,3.07,91.39
STU102526,24,Female,65.9,9.78,77.47,66.39,46.36,52.91,2.85,43.96
STU102527,30,Female,88.52,14.82,84.62,80.84,82.1,100.0,3.69,90.45
STU102528,19,Male,85.46,24.85,76.46,76.61,81.86,70.48,2.48,71.58
STU102529,25,Male,86.45,17.87,89.02,60.75,76.64,84.72,2.31,72.39
STU102530,29,Male,78.29,19.78,84.75,53.02,66.28,67.38,2.66,70.93
STU102531,28,Male,68.93,2.28,76.94,71.84,59.42,63.91,1.95,53.0
STU102532,30,Male,77.98,14.92,72.07,72.8,46.79,68.09,2.22,45.06
STU102533,20,Male,54.22,0.0,53.81,51.85,61.83,61.17,1.21,56.32
STU102534,28,Male,87.49,23.68,72.59,72.79,67.79,60.95,2.41,60.9
STU102535,30,Female,56.52,0.0,0.0,40.12,43.41,72.86,1.91,53.9
STU102536,22,Female,71.57,15.35,53.95,51.84,43.18,66.77,1.73,47.26
STU102537,24,Female,74.61,15.6,71.4,68.04,78.03,69.19,2.07,62.03
STU102538,24,Male,72.99,17.29,100.0,68.15,77.01,77.01,3.19,81.12
STU102539,24,Male,78.35,17.76,67.95,58.19,71.13,71.98,2.57,63.61
STU102540,21,Female,74.45,7.32,74.51,77.5,67.38,62.52,2.64,62.58
STU102541,30,Male,75.93,13.24,57.84,53.23,58.85,58.78,1.29,40.54
STU102542,30,Female,64.99,17.39,67.59,70.89,45.27,75.27,2.36,42.66
STU102543,22,Female,61.11,10.13,55.19,63.99,53.75,68.14,1.84,63.05
STU102544,28,Female,80.34,15.87,63.14,79.81,72.88,65.91,2.48,69.7
STU102545,23,Male,59.72,15.52,62.12,60.39,55.97,56.51,2.07,0.0
STU102546,28,Female,81.73,22.46,83.67,74.81,71.85,69.43,2.98,71.1
STU102547,25,Male,60.96,7.69,82.56,50.78,60.5,80.62,2.22,62.42
STU102548,24,Male,84.99,21.01,76.18,83.25,84.34,82.09,2.69,90.42
STU102549,19,Male,93.87,17.63,82.51,92.22,92.95,79.56,2.52,84.78
STU102550,26,Female,85.87,13.31,74.96,98.31,75.31,76.12,2.35,82.29
STU102551,22,Female,87.8,22.36,71.48,88.82,86.72,86.73,3.29,80.12
STU102552,20,Male,44.75,0.0,55.97,40.21,46.09,45.01,1.29,39.59
STU102553,20,Male,74.6,12.27,65.46,59.4,69.06,66.03,2.65,59.98
STU102554,30,Female,93.16,24.99,70.47,61.73,81.49,88.83,3.34,84.73
STU102555,19,Female,73.61,27.6,87.21,67.64,68.24,65.5,3.06,62.61
STU102556,28,Male,97.76,29.28,85.8,78.13,100.0,95.01,3.54,100.0
STU102557,29,Male,100.0,17.88,92.34,94.95,100.0,100.0,3.2,81.58
STU102558,18,Female,80.97,10.23,78.25,82.83,71.83,59.16,2.6,66.37
STU102559,25,Female,59.29,22.12,71.26,89.69,68.82,76.62,2.6,62.9
STU102560,25,Female,61.38,6.08,53.02,89.97,57.86,50.08,1.28,50.75
STU102561,22,Male,66.64,4.56,79.49,66.94,62.51,53.53,2.7,53.04
STU102562,26,Male,77.58,7.53,61.23,59.55,63.94,63.27,2.12,62.02
STU102563,23,Male,91.67,15.41,44.14,59.74,72.8,70.04,2.17,69.08
STU102564,23,Male,78.35,10.05,70.25,52.77,46.09,66.73,2.01,53.73
STU102565,23,Female,73.24,20.65,83.39,97.89,66.75,74.01,2.69,76.28
STU102566,28,Male,97.08,25.01,78.62,61.37,98.11,78.76,2.89,83.65
STU102567,26,Female,89.28,15.09,81.42,96.61,81.21,79.2,3.02,76.43
STU102568,22,Female,80.18,4.13,78.34,56.97,76.94,51.3,2.55,63.85
STU102569,30,Female,100.0,16.91,95.15,70.31,81.58,89.03,2.29,69.62
STU102570,28,Female,93.29,17.69,81.21,48.25,76.35,71.18,2.22,77.02
STU102571,30,Female,81.81,8.84,78.98,80.05,65.8,80.5,2.79,60.26
STU102572,27,Male,76.76,19.3,77.48,76.85,80.75,61.27,2.7,79.47
STU102573,23,Male,87.47,8.8,72.23,56.88,74.73,73.86,2.5,63.2
STU102574,28,Male,83.03,10.65,68.7,88.23,64.93,61.58,2.59,50.86
STU102575,22,Female,80.11,15.84,71.09,80.73,76.35,84.58,2.52,58.52
STU102576,21,Female,67.31,14.43,74.69,56.54,69.89,67.54,1.71,68.73
STU102577,23,Male,51.63,17.8,73.98,40.65,58.47,59.69,2.06,64.94
STU102578,30,Male,91.84,8.78,76.96,71.24,79.13,70.2,2.2,66.47
STU102579,25,Male,88.55,24.69,73.58,85.43,86.88,72.75,2.66,71.38
STU102580,22,Male,55.28,14.05,72.23,57.11,63.39,67.55,1.98,51.69
STU102581,24,Female,72.43,5.1,61.56,68.13,58.05,45.1,2.2,51.07
STU102582,21,Male,90.58,25.91,90.59,75.49,79.01,80.87,3.28,87.06
STU102583,26,Female,98.37,28.01,72.0,80.99,86.75,79.06,2.82,79.44
STU102584,22,Female,54.76,0.0,51.08,40.23,34.65,59.75,1.89,66.47
STU102585,25,Male,83.22,20.88,95.33,86.46,91.38,79.87,2.84,76.74
STU102586,22,Male,75.7,11.02,72.23,75.82,81.26,59.54,2.38,69.41
STU102587,30,Female,73.09,19.27,73.56,88.41,61.97,72.29,2.38,69.61
STU102588,30,Female,81.88,29.13,87.35,84.89,95.83,87.93,3.33,92.62
STU102589,22,Male,100.0,25.28,100.0,73.04,88.64,88.82,3.55,82.14
STU102590,18,Male,93.17,19.56,91.08,87.62,74.6,81.82,3.46,76.32
STU102591,22,Female,92.87,18.67,89.9,69.92,69.77,74.07,2.65,77.68
STU102592,24,Female,58.34,5.57,65.33,51.27,52.16,55.4,0.78,46.55
STU102593,19,Female,45.98,0.0,59.09,48.12,39.85,45.05,1.34,25.68
STU102594,24,Female,93.65,22.85,72.51,85.58,91.03,73.04,3.49,78.67
STU102595,20,Female,87.43,27.98,76.9,80.96,82.47,85.0,3.06,58.59
STU102596,24,Male,65.74,15.48,78.83,66.7,62.03,65.63,1.42,59.3
STU102597,27,Female,78.96,7.6,65.11,70.97,86.62,68.78,2.52,81.65
STU102598,30,Male,70.31,14.69,61.45,69.59,60.27,49.14,2.4,68.75
STU102599,23,Female,67.08,19.16,45.33,72.31,56.84,73.46,1.95,59.26
STU102600,29,Female,79.68,34.1,92.63,60.1,78.22,69.72,2.95,69.75
STU102601,20,Female,88.12,18.7,64.3,68.66,82.73,61.49,2.31,69.41
STU102602,28,Female,72.3,18.54,62.31,65.94,65.04,59.27,2.57,64.33
STU102603,24,Female,100.0,25.98,100.0,97.2,100.0,94.17,3.85,100.0
STU102604,27,Female,64.67,0.78,37.37,45.16,44.09,55.24,1.37,46.84
STU102605,27,Female,93.31,23.22,90.04,69.83,72.63,85.6,2.77,64.39
STU102606,24,Female,63.53,0.0,53.62,63.24,65.3,69.01,1.72,63.75
STU102607,21,Male,73.33,14.83,69.04,72.82,52.12,53.72,2.93,40.81
STU102608,24,Male,70.92,15.04,66.55,72.01,52.71,56.38,2.89,57.54
STU102609,28,Female,83.79,23.63,72.23,69.47,73.97,89.31,2.88,87.92
STU102610,24,Female,77.6,16.96,62.59,75.75,61.5,66.82,2.4,51.59
STU102611,30,Female,67.06,12.55,60.71,73.66,61.32,57.9,2.67,60.12
STU102612,24,Female,77.18,11.28,58.06,77.98,62.75,73.38,2.3,63.94
STU102613,25,Male,76.78,19.29,75.14,50.36,55.78,70.38,2.23,60.61
STU102614,19,Male,82.03,24.96,69.81,100.0,72.24,81.29,3.33,80.71
STU102615,26,Female,70.86,20.92,57.84,75.3,85.54,66.86,2.47,67.45
STU102616,30,Male,79.91,17.75,57.84,100.0,82.08,56.01,3.29,76.53
STU102617,18,Female,65.78,11.66,75.02,92.82,66.31,74.77,2.94,62.83
STU102618,26,Female,86.36,19.24,54.64,75.53,75.51,68.12,2.49,71.03
STU102619,30,Female,92.79,20.52,82.43,85.24,57.05,75.48,2.93,51.89
STU102620,29,Male,84.43,21.52,100.0,84.66,84.36,67.31,3.09,85.84
STU102621,23,Female,78.35,26.57,88.13,98.74,94.45,87.5,3.12,89.73
STU102622,19,Male,73.01,18.28,78.64,76.61,67.35,69.76,2.41,69.78
STU102623,30,Male,100.0,30.87,81.3,68.17,90.62,86.55,3.36,94.54
STU102624,29,Male,87.7,5.9,67.69,65.21,57.19,75.0,1.93,58.02
STU102625,25,Male,63.64,14.13,67.86,76.59,69.28,62.67,2.28,62.52
STU102626,30,Female,100.0,32.86,87.3,83.24,70.38,100.0,2.98,66.24
STU102627,18,Female,86.15,24.55,95.61,69.69,87.94,78.69,2.44,80.97
STU102628,26,Male,84.65,12.27,65.29,66.48,65.12,74.91,2.59,76.92
STU102629,18,Female,50.77,12.72,54.07,66.76,57.92,71.13,1.9,53.79
STU102630,30,Female,77.36,13.54,69.25,80.48,65.33,74.18,2.85,66.47
STU102631,26,Female,66.52,18.22,73.7,51.28,71.07,55.94,2.07,68.33
STU102632,29,Female,100.0,29.45,86.72,77.71,92.26,94.66,3.22,79.25
STU102633,25,Female,87.61,15.23,82.12,77.9,87.21,100.0,2.56,78.52
STU102634,19,Male,68.99,11.6,68.77,54.48,53.74,53.38,2.13,49.2
STU102635,18,Male,64.61,15.04,80.69,52.49,61.41,39.37,1.99,60.79
STU102636,22,Male,81.16,12.67,72.52,58.75,74.92,57.72,2.37,67.79
STU102637,27,Female,69.89,13.24,58.43,71.38,77.86,67.95,2.24,63.51
STU102638,19,Female,82.91,16.82,50.7,59.82,41.02,70.23,3.15,51.62
STU102639,29,Male,96.4,23.78,84.88,100.0,83.9,78.72,3.22,66.47
STU102640,21,Male,73.51,5.59,55.78,51.76,41.94,70.79,1.67,49.89
STU102641,24,Female,97.36,26.45,90.96,80.49,92.54,90.25,3.27,89.65
STU102642,20,Male,72.34,8.07,53.42,59.96,51.53,69.3,2.22,52.2
STU102643,24,Female,63.79,7.02,53.05,55.28,57.33,53.2,1.44,59.01
STU102644,24,Female,88.74,23.88,84.44,98.95,87.66,80.09,3.55,96.81
STU102645,18,Male,92.16,28.44,84.57,74.35,77.36,85.68,3.47,91.84
STU102646,25,Male,94.17,9.11,64.23,69.33,71.72,70.81,2.73,78.63
STU102647,28,Male,79.44,8.61,69.27,77.46,62.61,91.51,2.39,83.54
STU102648,30,Male,79.94,27.27,81.06,59.22,65.88,79.15,3.03,67.27
STU102649,22,Female,83.25,11.73,73.36,73.71,66.32,71.13,2.68,63.73
STU102650,29,Female,58.12,12.72,58.79,58.02,50.64,58.79,1.64,40.95
STU102651,29,Male,49.34,3.15,46.18,40.86,39.92,40.56,1.2,36.8
STU102652,30,Female,64.27,6.02,55.18,47.57,59.92,60.04,2.24,47.61
STU102653,22,Male,100.0,25.23,100.0,89.66,84.5,84.89,3.17,92.97
STU102654,29,Male,99.77,24.72,100.0,70.31,93.55,91.18,3.53,91.71
STU102655,25,Female,90.47,15.21,80.69,70.53,66.28,54.72,2.88,63.2
STU102656,18,Female,66.87,5.42,46.24,66.58,56.71,45.53,2.36,46.03
STU102657,21,Female,79.56,15.79,68.86,70.9,56.42,67.02,2.67,51.26
STU102658,26,Male,91.5,17.45,82.97,87.83,78.37,67.79,2.8,71.2
STU102659,20,Female,74.08,24.11,71.36,69.74,81.48,79.72,2.61,86.65
STU102660,23,Male,61.21,0.0,72.23,34.46,45.0,40.1,1.06,47.49
STU102661,28,Female,100.0,29.07,91.75,100.0,100.0,100.0,3.54,100.0
STU102662,19,Female,100.0,19.07,80.41,100.0,92.8,76.85,3.15,70.4
STU102663,24,Female,87.28,15.65,62.75,65.11,70.76,88.86,2.64,72.06
STU102664,20,Male,65.17,1.83,42.92,83.15,55.02,60.97,2.12,52.68
STU102665,24,Male,86.41,26.91,92.54,80.78,79.68,84.65,2.69,74.25
STU102666,21,Female,83.07,18.07,80.82,67.49,68.48,70.2,2.77,70.23
STU102667,30,Male,84.08,17.72,61.02,90.66,59.48,68.12,3.02,56.91
STU102668,18,Female,75.52,18.85,84.43,76.92,80.66,71.13,3.04,73.77
STU102669,30,Female,75.77,10.99,71.92,65.72,64.12,69.74,2.43,58.74
STU102670,28,Female,80.31,12.0,86.43,83.01,79.83,81.52,3.42,74.85
STU102671,29,Male,77.51,15.86,85.88,90.47,95.48,87.4,3.81,65.06
STU102672,29,Female,73.76,9.53,68.31,67.82,82.53,92.81,2.5,76.15
STU102673,20,Male,82.52,18.49,81.04,82.33,62.09,80.47,2.56,68.8
STU102674,30,Male,95.6,22.54,72.23,83.4,79.53,85.6,3.44,76.42
STU102675,25,Female,52.72,0.0,64.96,42.05,54.09,71.13,1.38,55.41
STU102676,30,Male,69.06,7.13,72.76,53.91,62.47,56.45,2.4,53.37
STU102677,29,Female,73.14,18.42,90.97,58.57,81.68,67.54,2.55,63.95
STU102678,25,Female,79.7,17.09,73.33,62.9,55.75,71.13,2.27,65.89
STU102679,22,Female,72.42,6.2,60.76,66.33,50.5,77.31,2.1,51.66
STU102680,19,Female,100.0,33.53,87.06,96.17,74.86,87.76,2.87,79.39
STU102681,19,Female,62.67,9.31,60.78,76.76,77.92,66.65,1.73,66.47
STU102682,23,Male,58.63,0.0,64.1,45.35,47.27,41.41,2.11,44.71
STU102683,28,Female,77.69,21.25,60.16,63.51,71.47,59.79,2.62,64.24
STU102684,24,Male,77.59,10.14,92.58,64.06,65.35,73.43,2.76,62.86
STU102685,24,Female,74.17,22.86,69.85,71.62,61.36,76.5,2.64,63.3
STU102686,21,Male,83.44,15.01,77.23,73.98,81.43,85.13,1.97,75.79
STU102687,25,Female,89.63,16.38,72.73,75.88,60.7,84.4,2.47,66.93
STU102688,26,Male,66.65,7.64,63.9,82.83,71.08,60.25,2.34,67.95
STU102689,30,Male,69.29,14.23,55.17,71.89,69.91,52.68,1.53,45.07
STU102690,27,Male,75.25,18.05,69.69,58.92,40.24,74.27,1.69,57.57
STU102691,25,Male,68.44,7.96,65.69,70.68,51.01,73.9,1.85,51.22
STU102692,29,Male,72.83,12.91,65.21,73.3,64.36,67.96,2.37,60.67
STU102693,23,Male,86.79,15.04,81.9,72.34,71.97,92.54,2.86,79.83
STU102694,30,Male,96.12,15.07,71.38,88.79,71.92,85.58,3.02,74.58
STU102695,22,Female,90.67,26.77,80.55,64.63,100.0,85.67,3.63,89.88
STU102696,19,Male,65.85,12.17,83.85,76.33,56.76,70.08,2.55,53.6
STU102697,23,Female,92.62,21.45,82.22,85.71,84.36,71.02,3.19,84.24
STU102698,19,Male,76.92,11.12,75.92,66.61,66.21,69.25,3.47,58.51
STU102699,19,Female,64.23,9.2,62.46,69.13,55.1,71.01,2.0,57.84
STU102700,29,Male,75.94,21.56,75.07,95.5,79.78,91.66,2.07,73.34
STU102701,28,Female,70.85,12.12,68.48,87.54,43.6,76.04,1.85,33.22
STU102702,20,Female,0.0,6.43,45.82,38.69,29.39,43.25,1.73,43.44
STU102703,28,Female,78.69,8.55,55.63,62.84,61.08,73.58,2.26,59.74
STU102704,18,Male,77.73,11.28,82.66,76.3,82.78,70.37,2.48,80.54
STU102705,21,Female,72.58,13.0,76.91,70.59,60.19,48.13,2.29,60.87
STU102706,27,Male,68.85,24.37,76.2,84.79,59.01,87.03,2.0,55.78
STU102707,21,Male,47.17,5.09,51.82,56.21,40.94,41.91,1.64,47.25
STU102708,27,Male,53.19,3.08,64.27,40.16,49.12,25.31,2.06,41.89
STU102709,29,Female,100.0,11.48,82.07,81.44,85.67,87.68,3.16,78.38
STU102710,18,Male,73.49,11.15,60.73,65.72,65.49,65.94,3.02,58.7
STU102711,18,Female,62.7,10.35,76.66,72.71,49.46,69.58,1.97,43.7
STU102712,30,Male,63.18,12.63,77.08,63.64,67.83,80.76,2.34,69.7
STU102713,24,Male,90.42,20.94,81.96,90.71,78.3,92.52,3.21,76.18
STU102714,24,Male,94.74,12.7,73.49,90.45,87.64,84.95,3.25,86.2
STU102715,24,Male,64.93,5.88,65.99,56.23,49.52,53.15,2.11,46.03
STU102716,23,Female,97.05,20.97,71.99,82.45,85.57,78.47,3.43,89.06
STU102717,26,Female,75.61,9.15,72.23,73.19,58.58,74.63,2.62,55.88
STU102718,25,Female,72.57,7.08,56.41,56.92,70.09,60.8,1.81,58.82
STU102719,20,Male,66.96,18.26,72.19,67.13,52.3,75.18,2.61,56.64
STU102720,26,Male,63.11,7.18,62.4,71.65,61.3,64.86,2.07,60.45
STU102721,26,Female,52.1,9.27,50.09,56.27,39.52,55.6,1.57,41.97
STU102722,19,Male,92.13,18.77,71.58,91.53,73.28,71.13,3.13,66.47
STU102723,22,Male,73.02,7.53,79.76,58.28,71.56,66.41,2.71,80.42
STU102724,28,Female,56.63,17.04,81.24,79.94,63.76,64.63,2.64,64.87
STU102725,26,Male,85.3,18.18,68.75,79.08,76.28,71.13,2.52,81.56
STU102726,19,Male,78.35,26.98,72.83,79.58,82.52,76.93,2.29,85.13
STU102727,18,Male,46.95,0.0,43.58,43.98,22.8,47.88,0.85,24.11
STU102728,25,Female,71.44,9.37,71.09,45.7,62.18,61.04,1.98,64.26
STU102729,24,Male,83.15,22.96,86.19,87.64,86.29,71.75,3.06,89.71
STU102730,30,Female,45.76,13.65,63.57,41.44,44.79,81.37,1.66,61.24
STU102731,24,Male,98.1,13.99,78.25,60.98,64.12,63.29,3.19,75.4
STU102732,30,Male,59.68,15.04,63.35,60.13,34.67,59.95,1.73,36.22
STU102733,20,Male,79.81,20.66,57.44,66.61,58.7,73.14,2.44,73.62
STU102734,23,Female,92.32,27.22,90.96,89.53,97.89,94.72,3.2,82.44
STU102735,19,Male,84.93,24.81,89.61,65.94,73.37,75.8,3.23,71.74
STU102736,25,Female,57.08,9.75,55.22,52.21,50.44,63.3,1.24,33.79
STU102737,20,Male,79.84,22.86,81.11,87.85,72.09,76.64,2.88,70.19
STU102738,24,Male,100.0,26.65,84.97,74.9,89.22,85.25,3.22,82.76
STU102739,22,Male,100.0,28.43,95.34,100.0,100.0,100.0,3.7,93.78
STU102740,20,Female,87.84,16.63,72.19,84.4,87.32,79.04,2.75,77.76
STU102741,19,Male,60.49,5.92,59.99,41.28,52.79,66.84,1.78,45.22
STU102742,24,Female,77.13,23.6,72.11,76.36,71.27,63.83,3.09,75.46
STU102743,30,Female,100.0,25.46,72.0,88.52,79.7,71.13,3.29,83.05
STU102744,20,Female,80.64,14.81,77.34,71.54,73.81,78.04,2.6,69.99
STU102745,23,Female,87.32,16.29,87.27,78.89,79.46,88.19,2.52,70.85
STU102746,20,Female,59.25,15.98,66.58,45.98,70.66,61.82,2.57,55.96
STU102747,28,Female,69.86,15.04,67.16,69.99,55.51,70.23,2.58,52.31
STU102748,23,Male,48.35,0.0,42.05,36.44,33.19,49.98,1.15,39.54
STU102749,30,Female,64.6,15.85,67.01,58.71,54.97,63.45,2.29,76.54
STU102750,21,Female,87.41,19.4,72.37,82.17,73.24,57.81,2.39,70.58
STU102751,19,Male,81.58,8.57,72.23,51.08,50.65,75.52,2.49,65.01
STU102752,25,Female,62.7,1.8,70.28,64.89,50.62,71.13,2.67,55.86
STU102753,26,Female,71.36,10.98,59.23,82.04,71.6,60.09,1.91,51.94
STU102754,30,Male,72.74,14.1,48.35,90.62,75.02,83.89,3.2,82.55
STU102755,29,Female,85.45,7.15,71.89,86.92,70.27,71.67,2.28,68.96
STU102756,29,Male,78.28,11.6,73.73,72.54,60.55,71.13,3.0,71.17
STU102757,26,Male,91.63,5.65,79.86,78.79,74.62,75.06,3.11,67.36
STU102758,24,Male,83.3,17.46,72.29,48.25,53.74,65.56,2.54,62.3
STU102759,23,Female,89.79,27.36,80.93,83.13,94.79,84.73,3.13,91.41
STU102760,24,Male,59.51,16.11,71.13,70.23,60.15,75.77,1.92,59.13
STU102761,23,Female,100.0,28.33,79.48,77.49,92.91,73.46,3.21,76.49
STU102762,22,Male,96.11,19.44,83.24,73.94,83.44,100.0,3.06,72.29
STU102763,18,Male,71.5,17.98,62.78,67.15,75.84,88.52,2.26,76.8
STU102764,20,Female,84.45,9.76,72.23,50.27,84.7,64.87,2.42,75.03
STU102765,24,Male,78.01,9.61,66.83,90.42,71.21,74.69,2.11,62.75
STU102766,22,Female,87.79,17.86,78.8,82.59,76.18,78.84,2.81,81.76
STU102767,30,Male,86.59,23.62,83.96,85.72,85.36,91.84,3.49,81.74
STU102768,24,Female,61.78,2.9,59.95,62.94,66.04,58.46,2.52,51.73
STU102769,30,Female,81.06,12.39,69.8,71.42,81.0,78.85,2.73,77.53
STU102770,26,Male,46.59,0.22,53.49,48.88,45.96,59.87,2.34,36.9
STU102771,18,Male,77.82,16.0,70.5,58.29,73.62,51.84,2.21,65.27
STU102772,20,Male,90.34,23.0,89.92,63.11,89.91,84.44,3.2,71.84
STU102773,27,Female,65.6,19.68,71.92,54.0,36.96,58.86,1.28,31.37
STU102774,25,Female,56.37,4.72,56.61,67.79,59.07,51.68,1.56,49.69
STU102775,21,Male,66.89,20.08,65.2,89.12,62.64,57.89,3.24,67.48
STU102776,24,Male,99.62,16.08,100.0,83.66,84.08,85.59,3.07,68.33
STU102777,29,Female,87.01,19.89,84.26,71.01,64.36,69.58,2.13,69.02
STU102778,23,Male,73.17,1.26,58.55,33.21,42.23,47.85,1.85,53.91
STU102779,18,Female,57.94,4.86,53.11,61.69,49.78,53.7,1.79,50.52
STU102780,22,Female,80.64,24.02,79.82,75.49,82.94,56.98,2.84,72.52
STU102781,30,Male,67.68,15.04,41.41,54.86,49.36,56.36,1.81,49.86
STU102782,27,Female,87.8,9.28,87.31,51.81,84.3,66.31,2.22,61.36
STU102783,28,Male,88.01,10.42,82.08,54.18,54.39,61.49,2.53,57.27
STU102784,29,Male,74.67,12.93,65.43,65.83,49.74,70.58,2.45,100.0
STU102785,19,Female,99.51,26.48,98.45,75.0,81.77,78.09,3.38,100.0
STU102786,21,Female,91.83,18.93,83.71,82.12,82.97,82.12,2.93,89.41
STU102787,18,Female,91.94,15.84,75.22,89.38,68.38,91.25,2.92,75.67
STU102788,18,Female,78.73,30.66,83.09,67.25,66.85,79.5,3.11,65.57
STU102789,28,Male,64.19,21.42,73.81,68.77,84.1,79.32,2.42,76.53
STU102790,30,Female,73.32,14.48,68.78,58.4,64.27,89.88,2.16,66.8
STU102791,20,Female,75.39,5.61,66.86,75.95,79.12,73.01,2.4,72.77
STU102792,27,Male,100.0,15.04,87.4,100.0,86.97,75.55,2.71,75.12
STU102793,24,Male,69.24,16.78,67.0,61.58,68.18,75.07,2.39,54.82
STU102794,18,Female,99.07,25.86,100.0,100.0,100.0,71.27,3.67,93.83
STU102795,29,Female,65.81,16.52,58.54,71.95,56.23,84.51,2.3,58.6
STU102796,29,Male,85.52,13.82,77.9,71.66,59.1,74.13,2.03,60.21
STU102797,25,Female,77.49,8.82,61.32,72.69,70.32,71.17,2.05,57.81
STU102798,27,Male,67.48,13.08,73.43,52.22,58.91,52.29,2.05,64.2
STU102799,23,Male,95.98,15.04,84.01,95.59,100.0,100.0,3.31,83.98
STU102800,28,Male,69.51,6.82,69.96,61.93,71.51,67.48,2.09,69.92
STU102801,23,Female,67.6,15.89,79.46,80.13,56.17,66.64,2.67,55.78
STU102802,30,Male,68.18,12.22,65.66,56.26,53.95,58.59,2.41,54.63
STU102803,18,Male,79.62,8.34,63.4,59.82,67.51,63.36,2.37,64.57
STU102804,20,Male,72.77,12.35,79.38,58.62,79.37,63.25,2.66,68.01
STU102805,30,Female,76.2,1.59,63.8,66.0,46.47,44.96,2.06,42.93
STU102806,21,Female,82.18,10.01,66.96,63.46,81.22,68.55,2.28,69.65
STU102807,22,Male,83.48,15.67,69.47,59.95,58.95,91.46,3.21,67.12
STU102808,28,Female,82.61,26.12,68.02,91.69,96.76,85.07,2.78,86.93
STU102809,20,Male,78.05,14.36,92.49,55.15,70.68,63.85,2.53,76.66
STU102810,24,Male,77.64,14.14,67.41,65.15,74.03,71.13,2.16,86.07
STU102811,21,Female,73.17,10.87,59.32,63.79,69.3,43.39,1.97,65.21
STU102812,20,Female,68.79,3.38,69.5,53.21,38.51,81.01,1.77,50.4
STU102813,30,Male,58.57,8.99,53.3,42.57,53.79,56.43,1.7,36.07
STU102814,20,Female,59.6,8.07,60.57,60.67,47.51,71.13,1.75,46.86
STU102815,19,Male,66.76,11.94,76.94,68.6,71.5,63.28,2.04,59.65
STU102816,26,Female,86.75,23.89,71.78,80.74,78.28,85.53,2.86,67.59
STU102817,29,Female,73.66,16.16,65.03,68.95,77.13,87.7,2.18,79.36
STU102818,19,Female,73.29,23.91,72.51,49.27,82.15,48.38,2.95,57.32
STU102819,27,Male,74.19,7.16,57.2,71.02,69.31,69.49,1.92,57.52
STU102820,25,Female,89.76,23.64,76.54,88.12,85.17,86.31,2.69,69.18
STU102821,28,Female,69.74,11.16,61.5,64.04,46.48,58.15,1.74,46.7
STU102822,19,Male,75.58,15.06,92.39,77.41,77.76,71.13,2.61,79.71
STU102823,30,Male,68.47,11.43,63.46,79.01,63.97,78.74,2.65,57.55
STU102824,26,Female,71.7,17.9,70.1,69.56,82.89,71.33,2.75,69.75
STU102825,28,Male,75.52,18.48,96.79,73.34,56.51,71.13,2.95,64.35
STU102826,22,Female,68.38,10.08,79.53,57.08,61.95,71.13,2.49,71.36
STU102827,30,Male,73.97,10.77,64.56,85.46,86.91,77.38,2.76,76.34
STU102828,26,Female,81.68,12.37,69.61,62.99,85.09,76.2,3.06,66.47
STU102829,19,Male,100.0,22.1,95.1,83.61,96.8,93.95,2.4,85.58
STU102830,29,Female,83.0,18.28,85.58,66.52,81.69,64.57,2.54,70.05
STU102831,28,Female,53.69,0.16,66.95,39.99,49.12,50.69,1.8,43.24
STU102832,24,Male,78.35,17.94,83.4,75.93,93.01,86.52,3.47,75.02
STU102833,25,Female,84.24,8.82,82.35,82.53,75.51,90.04,2.11,66.47
STU102834,23,Female,65.53,7.44,60.35,58.96,73.69,86.19,2.37,65.91
STU102835,25,Male,74.19,9.6,63.03,66.84,67.32,82.72,1.9,52.81
STU102836,30,Male,46.23,1.06,38.55,52.77,39.89,51.01,0.81,42.53
STU102837,29,Female,36.39,0.0,61.04,23.01,48.69,71.13,1.45,56.16
STU102838,20,Female,100.0,25.6,92.32,100.0,91.31,91.23,3.62,93.32
STU102839,30,Male,60.93,2.98,66.69,58.53,65.68,58.08,2.63,53.14
STU102840,23,Female,86.74,19.72,95.74,71.46,57.93,79.74,2.8,76.91
STU102841,27,Male,57.73,4.36,60.38,52.75,40.22,52.69,1.93,41.92
STU102842,27,Male,61.67,1.48,71.35,51.31,50.38,68.43,1.91,57.03
STU102843,24,Female,89.86,20.21,85.83,70.31,62.02,85.19,3.03,65.35
STU102844,23,Male,70.84,3.54,78.38,61.1,57.71,68.77,2.85,55.25
STU102845,23,Male,87.51,14.8,68.11,87.3,82.19,74.45,2.7,81.14
STU102846,29,Female,80.38,18.86,80.73,96.78,71.64,64.83,2.87,60.87
STU102847,24,Male,64.49,2.63,73.81,74.57,75.44,65.6,1.97,61.77
STU102848,21,Male,71.73,14.27,61.43,64.42,69.37,63.16,2.39,63.43
STU102849,22,Female,55.24,2.01,65.72,50.84,63.59,61.52,2.26,66.44
STU102850,20,Female,85.51,20.46,97.78,96.23,85.96,86.23,3.53,73.94
STU102851,23,Female,99.13,31.44,87.33,80.1,100.0,79.98,2.87,95.58
STU102852,19,Female,62.27,5.63,54.51,61.41,50.0,55.88,1.91,55.68
STU102853,19,Male,67.73,16.44,54.52,52.55,68.14,58.87,2.05,64.28
STU102854,27,Male,76.88,11.39,55.89,53.54,73.12,72.01,2.48,71.5
STU102855,24,Female,70.66,16.62,73.82,71.55,79.04,69.86,2.71,63.93
STU102856,25,Male,81.74,18.12,75.59,58.25,66.22,56.1,2.91,55.95
STU102857,28,Male,86.27,20.72,92.8,90.45,67.88,66.17,2.3,50.34
STU102858,27,Female,72.72,15.47,64.2,61.86,67.82,73.32,2.39,63.28
STU102859,23,Female,75.54,12.0,74.01,67.36,51.8,73.95,1.85,56.08
STU102860,20,Female,100.0,21.72,96.72,90.44,100.0,90.24,3.92,87.57
STU102861,30,Male,69.14,4.34,66.38,51.58,57.06,56.55,2.43,60.68
STU102862,28,Male,100.0,31.41,72.23,95.43,84.49,75.31,4.0,85.14
STU102863,25,Male,100.0,32.18,77.93,85.53,68.09,73.83,3.58,74.8
STU102864,19,Female,84.98,18.67,93.52,99.13,64.1,72.71,2.87,66.35
STU102865,18,Male,53.06,0.0,61.26,58.73,70.94,37.02,1.63,52.63
STU102866,22,Male,76.9,11.32,74.78,70.97,62.25,72.69,2.52,54.75
STU102867,20,Male,67.02,7.8,70.75,67.75,72.15,70.2,2.29,76.78
STU102868,29,Female,79.24,12.34,78.86,69.29,55.63,58.89,2.61,59.95
STU102869,20,Female,70.74,4.2,57.07,47.76,41.73,50.79,1.28,34.87
STU102870,21,Male,76.28,22.14,76.0,64.05,77.08,77.82,2.95,72.91
STU102871,30,Male,78.35,15.04,76.64,70.61,80.89,73.88,3.03,78.86
STU102872,28,Male,99.51,29.92,85.74,96.76,76.62,84.94,3.7,72.76
STU102873,20,Male,77.99,10.76,57.75,68.3,63.38,75.96,2.26,69.84
STU102874,22,Female,64.25,9.64,55.17,63.46,47.36,58.3,1.7,40.45
STU102875,24,Male,86.47,20.82,80.27,81.94,84.64,59.39,2.77,87.13
STU102876,26,Female,100.0,30.64,86.92,87.85,100.0,90.6,3.4,99.3
STU102877,30,Female,78.37,9.24,56.85,64.62,79.28,68.55,2.49,64.06
STU102878,29,Female,83.62,19.74,73.26,95.32,60.0,80.46,2.28,53.86
STU102879,30,Female,92.24,14.32,74.73,72.89,69.89,89.74,2.33,74.15
STU102880,18,Male,78.35,13.49,67.94,47.75,56.15,57.26,2.05,46.72
STU102881,21,Male,77.84,19.25,63.44,59.76,70.22,71.06,2.75,67.26
STU102882,25,Male,83.71,22.93,80.43,76.54,74.09,72.73,2.7,73.41
STU102883,18,Female,86.06,12.97,73.88,65.67,74.05,82.88,2.47,74.99
STU102884,22,Male,78.85,13.3,80.11,74.26,75.28,94.42,2.68,83.19
STU102885,19,Male,73.34,12.98,84.79,51.85,72.6,70.59,2.86,75.33
STU102886,30,Male,86.6,16.9,76.6,71.64,65.89,68.88,2.68,74.19
STU102887,18,Male,67.28,11.35,46.09,69.54,47.44,55.14,2.99,56.08
STU102888,24,Female,57.08,7.24,78.27,54.2,53.85,57.52,2.13,52.98
STU102889,20,Female,76.78,19.78,51.77,57.89,65.64,68.41,2.04,58.0
STU102890,19,Female,76.57,14.87,68.8,67.33,71.92,72.32,2.2,53.73
STU102891,25,Female,71.23,11.38,78.29,64.46,70.47,65.91,1.91,65.19
STU102892,22,Male,84.82,9.79,68.13,69.13,69.14,61.9,2.33,56.75
STU102893,29,Male,74.8,29.55,75.54,64.41,80.87,66.5,3.14,75.81
STU102894,21,Male,83.35,21.89,82.11,87.18,91.63,82.08,2.71,66.54
STU102895,24,Female,91.05,15.04,84.94,80.24,82.88,78.7,3.09,73.22
STU102896,24,Female,72.83,4.0,50.86,57.03,56.3,52.24,2.24,49.06
STU102897,24,Male,82.99,12.18,54.66,47.46,56.23,67.31,2.52,79.23
STU102898,28,Female,74.56,10.45,78.66,79.15,61.21,73.89,2.59,56.16
STU102899,20,Male,79.33,24.58,68.2,78.18,56.44,68.69,1.95,54.97
STU102900,24,Male,55.59,19.17,73.93,63.57,55.47,77.56,2.25,58.68
STU102901,28,Female,78.6,15.93,58.28,66.99,71.79,75.25,1.91,72.06
STU102902,29,Female,77.94,9.55,81.32,82.92,48.1,80.17,2.45,46.62
STU102903,26,Female,86.06,27.43,85.58,87.38,91.87,90.16,2.38,70.37
STU102904,26,Female,52.07,17.21,57.61,70.18,44.99,55.57,2.56,36.88
STU102905,29,Male,100.0,27.16,100.0,100.0,78.91,100.0,3.1,78.78
STU102906,26,Female,90.42,15.93,86.08,64.98,63.01,68.63,2.91,76.64
STU102907,24,Female,92.96,25.94,73.86,87.81,58.44,92.8,3.33,62.1
STU102908,19,Female,78.98,1.66,56.49,80.4,68.38,62.86,2.32,52.45
STU102909,22,Male,85.3,24.18,81.35,82.62,76.13,77.16,2.81,72.5
STU102910,19,Female,85.77,20.72,61.56,63.02,53.74,63.16,3.2,61.1
STU102911,19,Male,77.82,17.33,66.63,80.12,63.17,70.48,3.79,61.16
STU102912,24,Male,57.43,15.04,55.12,74.96,65.7,72.22,2.33,100.0
STU102913,24,Female,86.46,15.04,89.14,89.08,87.64,95.53,3.33,91.49
STU102914,23,Female,53.64,0.38,38.21,60.67,54.52,46.22,1.56,35.16
STU102915,23,Female,84.24,12.76,77.9,74.29,81.74,92.47,2.57,72.27
STU102916,26,Female,83.01,17.57,42.42,69.26,68.95,83.21,2.72,68.96
STU102917,30,Male,63.72,15.48,65.59,62.04,61.31,64.23,2.08,63.56
STU102918,29,Female,100.0,25.62,96.52,95.81,100.0,99.52,2.91,100.0
STU102919,22,Male,90.71,32.02,89.02,84.45,91.25,85.2,3.58,83.83
STU102920,22,Female,42.94,5.88,61.31,22.1,47.59,36.9,1.56,22.34
STU102921,28,Male,80.45,9.19,80.86,43.07,43.89,68.0,2.38,47.0
STU102922,19,Female,82.13,16.46,72.01,77.37,72.14,88.84,2.62,76.71
STU102923,25,Female,83.34,23.05,68.72,76.89,87.87,86.99,2.87,84.36
STU102924,23,Female,100.0,21.28,95.49,84.98,80.93,75.89,3.82,80.82
STU102925,20,Male,100.0,26.94,91.71,85.21,68.38,73.77,3.29,77.36
STU102926,26,Male,81.02,14.54,72.26,88.96,73.52,65.66,2.91,73.48
STU102927,22,Male,100.0,32.27,79.5,90.65,89.57,76.89,3.35,86.71
STU102928,20,Male,92.49,22.77,90.04,84.27,84.05,75.18,2.82,81.86
STU102929,26,Female,79.3,11.65,69.05,82.93,59.15,71.78,2.54,55.45
STU102930,20,Male,79.8,15.15,65.98,53.59,56.46,38.45,1.75,58.75
STU102931,26,Female,98.68,11.66,59.08,100.0,68.38,82.95,3.19,80.46
STU102932,20,Male,62.07,4.81,68.5,70.62,49.4,75.45,2.28,51.34
STU102933,23,Male,81.75,10.22,67.32,62.36,53.0,75.07,2.28,65.82
STU102934,28,Female,72.13,19.43,64.74,42.02,60.22,72.18,2.49,60.01
STU102935,20,Male,84.68,9.9,68.03,87.82,72.9,75.53,2.7,78.32
STU102936,27,Male,76.74,13.67,71.03,85.54,61.82,79.23,2.52,58.17
STU102937,27,Male,71.35,8.69,62.85,48.38,47.53,62.18,1.43,41.75
STU102938,29,Male,95.09,23.21,80.53,100.0,100.0,80.5,3.05,88.34
STU102939,20,Female,62.06,12.08,72.74,48.4,70.12,75.13,2.75,52.29
STU102940,27,Male,100.0,24.02,82.25,95.56,76.13,71.13,3.87,82.65
STU102941,30,Male,88.33,15.59,69.31,71.71,74.29,81.32,2.53,80.32
STU102942,27,Female,88.8,27.48,91.19,70.91,86.45,88.95,3.01,100.0
STU102943,20,Female,76.47,15.34,100.0,74.43,100.0,79.1,2.66,66.47
STU102944,28,Female,100.0,12.09,100.0,84.38,87.39,85.22,3.0,96.86
STU102945,19,Male,76.69,20.75,80.28,64.46,95.99,91.92,2.89,86.01
STU102946,25,Female,87.23,23.89,64.1,79.6,67.06,83.36,2.99,83.61
STU102947,24,Male,99.67,16.3,69.1,75.5,73.64,94.58,3.84,83.26
STU102948,24,Male,100.0,36.72,100.0,94.39,68.38,100.0,3.45,100.0
STU102949,24,Female,68.85,15.98,63.74,81.4,73.49,78.54,2.59,55.8
STU102950,18,Female,83.78,13.99,88.26,72.25,68.43,83.05,3.09,63.77
STU102951,24,Female,70.03,11.45,66.93,47.17,61.3,69.51,2.38,58.67
STU102952,30,Female,85.91,14.3,79.33,73.14,79.3,83.25,2.39,81.37
STU102953,23,Male,81.48,16.1,69.46,71.62,65.3,69.1,2.62,72.2
STU102954,21,Female,57.93,1.15,52.24,43.37,43.14,59.56,2.16,41.64
STU102955,30,Female,68.93,19.33,76.52,76.36,52.99,58.08,2.49,42.98
STU102956,19,Male,96.71,25.24,72.23,85.4,56.56,79.19,2.72,61.38
STU102957,24,Male,60.92,2.68,69.88,55.17,71.25,56.84,2.06,56.55
STU102958,24,Male,95.77,13.43,66.12,87.29,90.83,100.0,2.56,81.32
STU102959,24,Female,68.31,19.17,77.53,76.6,67.68,66.95,2.6,63.92
STU102960,29,Male,88.24,11.27,70.36,72.29,66.82,68.7,2.64,66.34
STU102961,23,Male,84.7,19.56,78.86,78.53,69.63,61.7,2.71,74.74
STU102962,30,Female,90.97,21.82,57.57,80.62,73.83,93.55,1.7,100.0
STU102963,24,Female,88.47,21.82,61.43,75.96,97.52,68.2,2.81,77.1
STU102964,27,Male,78.35,14.93,72.23,78.2,98.14,94.76,2.83,83.26
STU102965,25,Female,87.12,5.11,77.16,76.98,73.2,63.64,2.34,73.6
STU102966,21,Female,53.86,4.57,72.23,57.0,28.76,45.36,1.41,31.34
STU102967,20,Female,71.01,8.46,72.23,71.22,68.5,74.55,2.45,73.18
STU102968,27,Male,50.99,4.5,42.66,55.81,43.2,38.57,1.46,44.43
STU102969,24,Male,98.8,18.5,69.64,55.05,72.08,81.81,3.15,74.75
STU102970,25,Female,79.39,15.5,62.01,88.93,78.72,73.18,3.28,77.12
STU102971,18,Male,92.74,31.08,82.99,70.31,99.04,100.0,2.88,76.91
STU102972,25,Female,78.88,18.02,94.1,86.64,75.41,92.25,2.56,69.77
STU102973,30,Male,98.34,17.94,81.16,67.35,89.9,92.45,3.03,94.84
STU102974,18,Female,77.65,6.05,49.24,68.32,53.21,76.12,1.66,64.48
STU102975,24,Female,71.67,17.0,71.11,46.93,70.63,64.36,1.83,60.84
STU102976,24,Female,62.14,3.35,56.24,57.28,57.32,63.55,2.46,49.38
STU102977,29,Female,70.62,24.45,52.86,62.47,59.62,59.05,2.57,65.69
STU102978,21,Female,100.0,17.08,90.76,92.72,74.17,95.42,3.15,64.17
STU102979,24,Male,89.13,14.29,82.08,99.41,97.24,85.2,2.38,87.65
STU102980,27,Male,93.19,10.98,77.21,79.77,60.87,66.72,2.77,62.79
STU102981,18,Female,72.64,13.93,87.99,77.31,68.67,68.65,2.2,61.92
STU102982,28,Female,84.03,11.4,61.17,74.43,74.28,62.02,1.98,73.23
STU102983,28,Female,62.71,14.47,90.07,65.67,73.54,73.33,1.84,73.38
STU102984,27,Female,94.34,24.01,76.02,86.19,87.74,98.66,2.89,91.28
STU102985,26,Male,82.83,19.74,62.65,88.33,79.12,65.69,2.56,83.41
STU102986,27,Female,58.6,3.68,48.42,55.65,60.25,48.66,1.64,47.21
STU102987,28,Female,81.54,17.76,83.7,65.38,82.97,45.46,2.47,65.2
STU102988,29,Female,55.51,2.54,45.55,53.62,30.27,57.46,1.56,35.99
STU102989,23,Female,89.4,17.78,67.4,80.18,91.01,86.62,3.43,96.92
STU102990,23,Female,72.95,8.35,67.96,67.3,58.91,71.84,1.97,47.88
STU102991,26,Female,77.31,8.83,56.21,51.15,45.66,58.32,1.57,45.51
STU102992,20,Male,65.69,26.0,85.38,81.45,67.11,72.57,2.3,60.13
STU102993,29,Female,99.49,12.33,71.77,74.98,77.53,66.07,2.6,76.07
STU102994,28,Male,100.0,13.99,66.27,67.87,65.47,78.66,2.13,60.42
STU102995,26,Male,90.29,28.96,100.0,100.0,95.46,85.89,3.93,93.45
STU102996,21,Male,86.0,27.59,71.17,72.16,75.92,62.6,2.78,84.31
STU102997,22,Male,81.23,13.29,58.04,55.36,63.21,73.9,2.51,55.94
STU102998,23,Male,91.58,14.05,81.5,64.0,82.37,73.06,3.27,71.5
STU102999,26,Female,78.35,8.66,44.08,66.23,76.37,69.69,2.05,67.41
STU103000,28,Female,96.18,27.53,91.7,82.85,95.21,53.59,3.01,87.9
STU103001,26,Female,65.11,15.12,90.75,80.15,86.4,73.27,3.11,79.09
STU103002,30,Male,93.0,11.12,83.71,61.99,70.08,72.8,2.76,77.75
STU103003,30,Male,65.78,11.41,47.99,37.08,43.17,73.1,1.96,58.08
STU103004,27,Female,90.47,16.91,66.29,52.31,68.08,69.57,2.89,60.71
STU103005,22,Female,65.05,8.69,71.75,73.67,62.16,42.9,2.79,56.07
STU103006,25,Female,55.98,2.15,64.55,68.59,42.1,58.11,2.13,28.38
STU103007,23,Female,75.47,2.83,84.08,76.86,62.54,68.62,2.88,64.9
STU103008,26,Female,93.89,14.5,90.67,69.97,80.29,87.39,2.69,93.84
STU103009,28,Female,90.84,16.5,70.2,71.44,80.24,70.7,2.68,69.91
STU103010,22,Female,55.25,11.33,52.75,31.65,49.77,52.54,1.73,45.49
STU103011,24,Female,71.47,15.49,62.16,83.1,75.46,66.83,2.72,65.03
STU103012,18,Female,95.36,5.67,73.18,76.48,62.51,92.9,2.02,77.01
STU103013,27,Male,75.9,14.74,83.62,81.14,46.47,77.62,2.01,66.47
STU103014,24,Male,84.43,22.66,73.68,62.17,55.63,69.34,2.77,60.21
STU103015,23,Male,69.45,9.97,67.68,61.65,66.94,76.17,1.94,54.21
STU103016,24,Female,76.39,16.14,86.51,63.14,44.48,55.75,1.88,42.56
STU103017,20,Female,71.88,15.04,78.78,87.73,55.44,64.55,2.98,48.91
STU103018,25,Male,82.85,24.58,63.37,90.81,64.53,75.66,3.32,69.33
STU103019,27,Female,78.38,18.83,74.55,71.26,69.31,57.07,2.52,67.26
STU103020,22,Male,90.72,27.32,88.41,91.86,87.81,94.93,2.15,77.75
STU103021,19,Male,89.17,14.39,81.04,73.48,64.63,74.94,3.25,66.33
STU103022,23,Female,100.0,31.56,98.87,73.17,94.06,87.7,3.48,97.24
STU103023,20,Male,100.0,14.18,82.98,84.63,84.77,79.5,3.37,78.11
STU103024,22,Male,92.03,25.94,79.13,76.18,73.88,90.09,3.45,91.98
STU103025,26,Male,56.25,7.84,53.69,40.01,54.15,77.27,1.86,58.66
STU103026,19,Male,85.85,15.76,84.66,77.57,68.3,74.16,2.68,70.83
STU103027,27,Female,85.81,17.43,72.23,80.89,75.04,78.7,2.72,77.78
STU103028,20,Female,81.71,26.14,81.79,75.53,72.33,73.12,2.96,58.15
STU103029,29,Female,77.27,14.38,71.9,57.5,58.54,60.48,2.23,66.28
STU103030,27,Female,86.53,18.43,66.49,81.18,73.53,59.46,2.95,78.92
STU103031,21,Male,80.33,14.0,63.43,68.58,66.29,85.69,2.81,74.42
STU103032,25,Female,84.75,32.49,75.59,92.09,89.26,83.53,2.93,74.34
STU103033,19,Male,56.67,4.57,49.63,70.31,53.25,47.54,1.23,49.85
STU103034,19,Male,57.44,10.17,59.27,78.5,56.41,61.15,1.98,46.54
STU103035,30,Female,56.11,3.12,51.29,62.9,25.91,58.58,1.24,34.51
STU103036,28,Male,80.81,28.22,65.45,73.01,69.49,70.22,2.64,74.54
STU103037,20,Male,100.0,24.38,91.63,87.14,85.9,100.0,3.17,85.86
STU103038,21,Male,72.13,18.89,80.37,63.9,78.67,66.12,2.89,73.77
STU103039,24,Female,72.39,7.11,75.81,58.0,73.26,64.16,2.26,67.27
STU103040,23,Male,83.06,15.04,96.75,68.12,84.5,75.91,3.33,88.58
STU103041,21,Male,79.46,12.76,64.76,75.38,61.1,68.21,2.63,66.76
STU103042,22,Female,77.76,16.54,71.64,68.11,81.31,83.53,2.31,67.4
STU103043,24,Male,75.21,15.98,77.29,72.55,61.47,82.71,3.43,55.99
STU103044,20,Female,60.7,9.43,58.61,72.2,57.32,57.62,2.52,65.23
STU103045,29,Male,71.6,10.99,70.67,74.35,57.6,54.7,2.51,46.79
STU103046,24,Female,83.28,25.89,72.23,79.1,83.09,84.32,2.85,70.74
STU103047,27,Female,80.36,15.57,77.99,79.11,96.38,68.45,3.13,77.74
STU103048,20,Female,90.02,26.51,93.23,82.65,87.41,83.27,3.33,82.19
STU103049,27,Female,91.91,20.4,92.75,83.27,57.32,79.41,2.36,48.49
STU103050,28,Male,79.91,12.4,88.58,76.87,65.47,92.13,2.6,68.62
STU103051,20,Female,77.09,17.67,80.67,75.72,100.0,99.66,2.92,78.82
STU103052,27,Female,52.79,11.42,70.01,50.34,68.68,68.65,2.41,65.3
STU103053,22,Female,85.06,19.56,68.78,68.0,52.79,45.59,2.39,56.99
STU103054,28,Female,85.62,12.41,65.82,72.1,75.74,58.94,2.5,75.84
STU103055,24,Female,64.98,25.47,50.63,40.16,53.94,56.67,1.67,56.18
STU103056,28,Female,92.18,21.28,78.59,73.21,99.42,71.89,2.49,86.34
STU103057,19,Male,94.81,23.01,81.84,85.23,81.63,82.91,2.61,69.49
STU103058,23,Female,68.87,15.16,72.34,59.46,56.81,65.03,2.35,52.98
STU103059,21,Female,73.3,9.02,54.77,92.77,72.34,63.67,2.5,65.89
STU103060,21,Female,85.72,17.08,64.28,78.48,56.69,70.62,2.12,65.47
STU103061,22,Male,62.3,2.29,72.31,45.79,48.24,51.56,2.07,47.69
STU103062,22,Female,99.61,31.68,98.29,90.68,81.97,93.63,3.53,83.82
STU103063,19,Female,66.27,6.02,52.83,70.31,50.88,78.16,2.0,59.61
STU103064,27,Female,63.09,3.33,47.04,54.71,59.96,48.23,1.54,37.36
STU103065,25,Male,85.17,25.15,73.99,79.99,68.27,74.83,2.7,63.55
STU103066,28,Male,84.9,16.11,72.23,66.58,65.56,71.13,2.52,67.82
STU103067,27,Male,81.39,11.35,83.3,61.62,62.73,67.95,2.8,64.83
STU103068,19,Male,78.35,31.88,93.61,99.5,99.62,92.72,3.91,99.83
STU103069,18,Female,73.02,4.23,69.77,57.89,74.53,71.13,2.29,65.04
STU103070,23,Male,65.76,18.33,68.44,89.32,52.48,72.68,2.01,55.37
STU103071,24,Female,100.0,24.57,93.92,97.53,81.37,93.65,3.25,79.02
STU103072,21,Male,89.11,14.27,89.95,69.86,70.18,96.64,3.53,87.26
STU103073,28,Male,100.0,23.91,76.42,85.96,86.21,86.84,2.79,75.78
STU103074,25,Female,59.78,14.07,57.89,62.56,71.1,71.13,2.22,62.53
STU103075,27,Male,96.75,11.14,89.99,87.81,83.21,63.56,3.3,78.55
STU103076,19,Male,80.52,19.5,75.54,71.71,65.86,87.77,2.98,76.66
STU103077,28,Male,75.2,17.63,56.39,75.21,74.18,80.24,2.46,64.32
STU103078,20,Female,78.22,12.69,78.96,74.12,63.29,58.15,1.95,58.09
STU103079,23,Female,77.45,14.72,75.34,79.39,72.61,71.13,2.55,81.24
STU103080,23,Male,100.0,28.62,90.87,99.58,77.84,96.77,3.55,82.8
STU103081,28,Female,69.02,11.28,59.22,88.95,43.58,61.96,2.42,47.08
STU103082,21,Male,62.84,10.36,71.27,56.27,41.9,69.83,1.59,42.3
STU103083,21,Female,78.35,15.04,54.05,81.02,71.87,69.05,2.8,68.34
STU103084,22,Male,71.17,13.28,67.81,68.32,74.8,68.62,2.19,66.91
STU103085,22,Female,84.47,11.89,74.41,65.98,51.65,69.1,2.82,60.38
STU103086,24,Female,87.13,15.64,86.67,80.6,71.65,92.3,2.72,65.53
STU103087,20,Male,86.79,12.15,61.3,84.17,65.67,62.39,2.17,62.91
STU103088,21,Male,80.32,14.86,77.98,67.01,77.85,73.55,2.07,71.47
STU103089,24,Male,81.95,12.37,71.01,53.45,72.2,87.58,2.52,76.92
STU103090,22,Male,93.82,17.95,72.62,85.51,91.16,78.63,3.0,87.03
STU103091,23,Male,43.39,11.56,40.64,53.29,44.42,61.07,1.67,56.62
STU103092,27,Male,91.64,20.39,100.0,76.86,67.72,82.02,2.95,70.02
STU103093,21,Female,62.47,10.73,62.32,48.03,50.45,53.19,2.48,44.34
STU103094,29,Male,61.89,11.2,69.51,68.92,53.31,74.78,2.28,55.25
STU103095,27,Female,78.35,23.58,66.05,86.76,82.71,88.16,2.77,67.57
STU103096,20,Male,78.35,22.84,57.54,60.26,86.38,65.17,3.55,64.1
STU103097,22,Female,81.96,15.57,84.26,78.24,78.81,81.06,2.74,71.95
STU103098,20,Male,82.4,19.49,61.4,93.82,62.86,75.25,2.33,65.83
STU103099,21,Female,78.87,23.72,81.0,76.46,67.25,64.84,2.52,58.53
STU103100,22,Male,93.07,18.37,100.0,87.11,70.27,97.22,3.52,84.88
STU103101,19,Male,99.17,24.15,72.52,77.25,74.91,76.28,2.96,78.29
STU103102,18,Female,78.65,8.11,70.76,68.54,54.78,64.39,2.71,66.26
STU103103,23,Female,70.74,19.3,56.02,78.42,81.1,74.52,3.37,87.65
STU103104,27,Female,66.78,10.07,49.04,57.97,57.65,62.23,2.62,65.32
STU103105,21,Female,100.0,19.51,99.78,91.7,100.0,86.9,3.55,89.11
STU103106,29,Male,38.76,13.92,71.91,56.48,61.86,54.54,1.73,46.94
STU103107,22,Female,89.02,16.42,66.26,55.47,63.97,61.63,2.71,58.32
STU103108,29,Female,73.77,8.65,63.3,65.41,74.55,65.09,2.13,66.17
STU103109,21,Female,64.89,14.7,54.36,93.59,52.1,69.14,2.52,51.57
STU103110,25,Male,64.87,16.79,57.15,51.37,88.77,57.94,2.42,61.2
STU103111,27,Male,74.83,1.53,0.0,77.01,45.07,52.99,3.05,50.53
STU103112,18,Female,99.33,6.39,86.8,94.17,89.84,73.62,3.61,87.57
STU103113,30,Female,58.35,7.56,43.43,63.35,65.61,57.13,1.52,48.42
STU103114,24,Male,78.96,17.06,86.98,76.11,81.65,76.03,2.81,72.67
STU103115,24,Female,86.83,25.58,100.0,87.24,65.74,62.62,2.15,50.06
STU103116,26,Female,75.94,10.86,64.55,70.31,55.59,55.37,1.56,51.49
STU103117,26,Male,88.91,19.74,71.54,87.69,64.38,75.46,2.81,64.16
STU103118,18,Male,71.6,13.12,75.54,71.51,65.94,65.58,2.0,69.36
STU103119,29,Female,63.81,0.66,69.63,58.56,62.29,58.48,2.52,58.9
STU103120,24,Male,65.08,8.61,68.22,52.26,59.48,73.73,2.36,55.64
STU103121,30,Female,93.6,12.3,75.85,79.35,76.57,79.77,2.73,75.58
STU103122,24,Female,95.88,11.75,74.42,83.21,61.45,60.12,2.69,59.37
STU103123,25,Male,93.71,10.96,72.23,74.2,88.04,67.53,3.14,71.39
STU103124,23,Female,83.72,6.72,56.95,65.86,61.48,69.86,2.9,63.63
STU103125,29,Male,90.22,12.81,73.46,68.39,62.03,62.82,2.08,52.34
STU103126,28,Male,82.2,11.09,63.92,85.77,66.39,58.49,1.97,62.59
STU103127,29,Female,52.32,5.94,56.28,53.1,29.98,60.92,1.52,36.04
STU103128,24,Female,91.0,7.5,70.5,73.88,68.19,67.58,2.68,75.57
STU103129,28,Male,73.26,16.88,77.75,52.77,72.15,68.05,2.58,68.72
STU103130,22,Female,97.73,13.0,73.06,81.65,67.31,63.85,2.69,60.26
STU103131,23,Female,91.43,26.62,96.77,96.73,100.0,100.0,4.0,75.29
STU103132,27,Female,73.05,10.22,69.45,65.24,43.3,50.22,1.51,34.0
STU103133,19,Female,81.62,11.81,72.23,69.83,68.38,62.24,2.01,61.58
STU103134,27,Male,83.27,10.85,71.49,63.0,68.38,70.73,2.08,72.29
STU103135,18,Male,64.52,16.59,73.97,70.31,68.63,79.18,2.33,68.47
STU103136,25,Female,47.6,1.03,45.32,67.13,52.89,43.76,1.45,40.1
STU103137,24,Male,88.09,25.19,88.1,63.95,74.24,69.44,2.55,74.32
STU103138,24,Female,86.06,17.04,69.56,60.5,68.37,80.58,2.81,54.0
STU103139,24,Male,51.14,2.68,48.83,32.49,18.53,71.28,1.49,31.18
STU103140,24,Male,77.19,7.9,72.29,67.77,74.32,64.3,2.55,71.71
STU103141,23,Male,56.55,7.2,66.31,77.69,41.67,56.5,1.99,34.94
STU103142,23,Male,86.75,13.57,69.97,68.91,57.94,88.62,2.2,71.21
STU103143,25,Male,58.92,6.58,57.01,66.8,43.0,53.7,1.71,52.46
STU103144,27,Female,89.3,17.05,91.14,55.8,50.36,72.15,2.62,60.63
STU103145,25,Female,100.0,16.8,90.6,82.3,90.84,90.54,3.53,90.79
STU103146,26,Male,71.94,12.52,72.27,67.01,66.84,77.19,1.96,41.03
STU103147,28,Male,53.11,0.67,66.03,62.74,46.67,51.08,1.52,44.32
STU103148,30,Female,83.65,22.72,68.06,75.8,77.07,82.71,2.34,81.03
STU103149,19,Male,73.6,4.38,85.98,68.16,71.58,56.26,2.28,63.27
STU103150,27,Female,72.21,3.17,42.76,60.6,59.59,57.67,1.4,58.72
STU103151,20,Female,76.91,7.63,71.78,72.41,77.04,84.18,2.55,73.8
STU103152,20,Female,89.0,21.91,66.02,100.0,88.36,59.37,3.04,78.58
STU103153,28,Female,67.01,16.92,52.95,83.07,63.46,52.36,2.33,63.8
STU103154,18,Female,76.88,6.94,59.49,64.01,50.27,60.78,1.26,48.4
STU103155,29,Female,48.56,5.82,72.23,58.46,41.67,51.11,1.64,35.79
STU103156,28,Female,75.97,5.85,59.69,58.43,62.41,58.34,2.57,58.54
STU103157,30,Male,90.51,15.91,85.32,74.19,71.5,72.45,2.25,67.18
STU103158,26,Male,64.46,8.04,76.76,45.04,66.43,69.51,2.24,64.81
STU103159,29,Male,70.56,11.2,64.55,59.07,57.85,56.01,1.43,48.29
STU103160,19,Male,76.92,20.92,61.49,61.84,96.12,76.07,2.47,85.8
STU103161,29,Female,67.45,16.32,85.15,81.03,88.76,64.94,2.83,66.47
STU103162,20,Male,74.11,20.3,69.69,72.26,62.23,83.41,2.93,76.95
STU103163,22,Male,83.23,19.08,82.93,87.83,77.85,65.25,2.7,71.15
STU103164,19,Male,100.0,12.43,72.42,70.18,76.04,63.08,3.11,60.46
STU103165,23,Female,62.47,17.89,57.3,70.1,45.85,67.05,2.06,41.47
STU103166,27,Female,71.78,14.35,78.2,57.55,49.28,83.7,1.79,49.89
STU103167,21,Female,61.33,7.71,62.34,46.23,87.33,63.03,2.65,66.47
STU103168,28,Male,56.2,0.29,55.82,67.38,38.0,74.72,1.04,28.61
STU103169,25,Male,81.16,16.09,73.4,59.66,41.31,55.37,2.34,47.64
STU103170,26,Female,100.0,26.84,91.73,83.22,73.5,87.81,2.73,78.76
STU103171,30,Female,85.53,19.62,95.88,90.74,73.49,72.89,2.43,66.9
STU103172,23,Female,91.45,10.52,69.95,73.99,82.48,91.1,3.1,89.79
STU103173,22,Female,74.13,11.04,63.01,60.94,69.79,71.4,2.47,65.88
STU103174,30,Male,92.64,24.6,83.94,100.0,71.62,76.55,3.83,72.42
STU103175,25,Female,68.47,11.54,88.61,53.72,25.71,71.38,1.61,30.03
STU103176,25,Female,78.35,14.23,74.32,78.73,61.11,57.21,1.47,59.06
STU103177,21,Female,81.38,11.58,78.28,87.11,82.07,70.54,2.89,66.13
STU103178,20,Female,85.0,19.52,69.31,81.63,80.54,68.55,3.53,64.54
STU103179,20,Male,63.32,18.11,65.02,73.45,53.43,73.24,2.46,58.7
STU103180,20,Male,80.46,6.34,79.86,72.95,71.77,75.06,2.97,73.05
STU103181,20,Female,81.2,12.34,73.38,72.3,57.29,63.08,2.49,62.5
STU103182,27,Female,72.25,13.76,69.68,81.56,51.68,62.5,1.91,50.29
STU103183,18,Male,69.02,2.75,73.8,74.5,61.08,40.38,3.02,68.25
STU103184,26,Male,70.1,14.43,93.13,86.14,67.12,99.85,2.82,75.06
STU103185,30,Female,71.16,19.04,72.84,80.28,53.55,72.53,2.73,41.16
STU103186,27,Male,99.38,21.49,85.62,87.22,99.64,95.21,3.6,83.41
STU103187,23,Male,79.56,11.44,65.78,59.38,66.62,81.51,1.91,52.47
STU103188,18,Female,76.34,14.26,66.4,83.71,70.8,58.2,2.04,65.29
STU103189,28,Female,91.49,17.79,89.93,81.54,98.54,74.07,3.13,86.62
STU103190,18,Female,85.77,15.58,87.68,77.25,77.79,95.28,3.34,93.67
STU103191,26,Female,81.47,18.21,89.08,73.05,67.74,65.15,2.12,58.76
STU103192,26,Male,78.35,10.38,49.57,38.93,37.98,51.4,1.7,36.0
STU103193,20,Female,68.99,12.12,66.95,58.37,66.62,55.83,2.02,61.65
STU103194,27,Female,54.24,15.48,53.6,51.75,39.47,33.13,1.42,30.54
STU103195,20,Female,70.02,17.32,75.95,57.16,70.33,69.21,2.34,64.6
STU103196,20,Female,73.33,15.04,91.01,53.08,67.11,65.24,2.44,72.92
STU103197,28,Male,100.0,24.95,87.24,88.91,74.44,97.05,2.78,84.21
STU103198,30,Male,61.88,6.83,78.02,63.71,61.09,50.81,2.21,63.04
STU103199,21,Male,55.15,10.05,52.49,57.04,33.83,53.43,2.08,29.81
STU103200,29,Male,65.97,13.33,70.13,62.66,57.47,78.04,2.74,66.57
STU103201,29,Female,84.19,14.25,74.2,70.3,73.98,84.27,2.76,74.21
STU103202,28,Male,31.76,0.0,46.87,70.31,43.26,33.71,0.82,66.47
STU103203,24,Female,64.73,1.81,52.87,63.08,33.11,35.3,1.4,36.4
STU103204,21,Male,66.19,23.77,76.24,77.77,72.07,88.35,2.49,73.45
STU103205,26,Male,100.0,32.24,61.39,88.97,93.01,99.09,2.95,95.94
STU103206,30,Male,92.96,24.69,82.41,100.0,87.05,84.07,3.51,90.59
STU103207,28,Male,76.73,10.41,84.81,61.14,64.24,63.66,1.98,66.39
STU103208,23,Female,70.06,3.24,57.33,70.31,68.38,68.48,2.57,69.99
STU103209,21,Female,66.61,5.01,60.11,58.72,72.91,54.41,2.27,58.47
STU103210,30,Male,87.07,14.75,83.95,90.78,70.55,71.96,2.25,63.75
STU103211,21,Female,100.0,21.97,87.27,95.3,78.4,85.4,3.29,85.07
STU103212,22,Female,100.0,19.69,77.26,96.17,81.83,70.92,2.6,73.69
STU103213,30,Female,83.47,15.9,75.8,69.98,56.92,91.67,1.83,63.29
STU103214,25,Male,76.24,13.84,71.1,63.3,70.41,47.18,1.87,64.12
STU103215,21,Male,73.17,11.41,66.59,68.98,72.87,51.84,3.48,63.9
STU103216,18,Female,99.76,30.47,90.0,78.25,85.06,93.29,3.46,91.01
STU103217,23,Female,70.47,14.33,75.64,67.0,74.27,63.11,2.79,68.87
STU103218,30,Male,64.1,8.55,63.29,48.69,53.67,56.2,1.81,50.07
STU103219,23,Female,74.6,10.64,71.62,62.27,73.31,67.09,2.39,72.35
STU103220,27,Male,79.61,16.06,84.63,74.2,70.24,64.62,2.67,59.0
STU103221,21,Female,58.48,6.34,53.82,52.04,59.91,51.33,1.37,42.15
STU103222,28,Male,86.87,23.73,65.73,87.51,57.34,77.03,2.78,63.73
STU103223,28,Female,77.61,21.3,75.19,68.19,79.4,86.22,3.16,70.3
STU103224,25,Male,87.74,30.43,100.0,87.96,100.0,82.99,3.67,100.0
STU103225,28,Male,69.92,4.36,50.36,38.55,48.56,61.45,2.27,49.74
STU103226,25,Female,97.53,25.36,59.54,69.72,71.46,74.35,2.93,63.79
STU103227,22,Male,78.35,14.42,85.93,88.24,76.04,77.31,3.58,75.76
STU103228,27,Female,90.72,15.25,73.36,85.2,74.42,68.27,2.69,85.18
STU103229,28,Female,52.88,10.37,81.77,66.65,66.34,57.73,2.74,55.49
STU103230,28,Female,60.25,2.85,63.32,72.03,54.85,48.69,2.17,46.2
STU103231,20,Male,79.82,10.97,84.06,77.66,80.45,61.5,2.41,74.95
STU103232,26,Female,65.2,10.93,68.26,72.61,73.69,63.28,2.13,74.8
STU103233,18,Female,59.05,13.54,71.49,71.5,70.4,44.61,1.94,52.23
STU103234,25,Female,94.76,21.96,88.59,78.19,84.31,75.51,2.52,74.63
STU103235,25,Male,68.35,17.41,80.33,50.34,60.68,62.2,2.27,50.21
STU103236,22,Female,52.5,13.04,54.43,46.15,31.64,54.73,2.52,35.05
STU103237,24,Female,72.06,15.01,64.97,65.99,40.92,55.92,2.84,49.01
STU103238,29,Female,73.49,15.32,86.1,77.63,69.79,75.17,2.78,75.01
STU103239,18,Male,80.36,18.89,69.09,67.16,46.93,77.63,2.7,59.23
STU103240,20,Male,81.9,12.53,67.99,68.96,71.08,71.64,2.26,68.48
STU103241,20,Female,91.27,23.65,86.85,95.92,92.85,87.64,2.98,66.47
STU103242,29,Female,60.61,20.62,57.79,46.73,54.74,61.34,1.17,56.49
STU103243,24,Male,71.28,11.44,67.77,65.54,34.51,63.01,2.85,34.85
STU103244,27,Female,100.0,25.78,81.89,82.58,82.75,80.55,2.78,82.86
STU103245,28,Male,53.64,2.39,61.89,32.29,49.09,51.97,1.05,32.64
STU103246,27,Male,61.95,12.63,81.17,66.43,79.61,60.08,2.97,77.88
STU103247,19,Male,83.2,24.78,91.99,76.12,88.0,62.89,3.25,92.26
STU103248,19,Male,100.0,15.93,91.02,80.8,82.6,76.47,3.15,76.85
STU103249,23,Male,80.44,18.13,62.05,79.5,80.48,72.15,2.95,76.83
STU103250,24,Male,85.52,12.33,79.95,57.19,94.5,78.81,3.18,86.83
STU103251,27,Male,80.91,16.48,69.37,70.28,55.62,61.15,2.01,67.13
STU103252,20,Female,99.53,28.18,98.29,100.0,69.87,78.97,2.65,67.94
STU103253,22,Female,46.41,3.96,57.59,48.14,48.11,58.73,2.16,44.85
STU103254,21,Female,75.87,0.0,72.05,52.64,46.35,66.98,2.08,53.29
STU103255,20,Male,83.85,19.78,78.8,67.57,60.95,72.92,3.1,75.78
STU103256,20,Female,75.04,11.82,43.73,55.01,54.65,57.15,1.82,54.35
STU103257,20,Male,82.91,27.46,73.44,93.82,98.11,69.22,2.35,90.76
STU103258,25,Female,90.48,24.59,69.06,73.29,63.03,81.57,2.85,77.73
STU103259,23,Female,98.7,28.84,84.76,98.35,84.54,75.83,3.06,87.82
STU103260,23,Male,71.35,14.96,85.72,70.31,100.0,80.71,1.89,80.09
STU103261,24,Male,73.17,9.98,68.35,70.31,65.86,59.19,2.52,60.7
STU103262,27,Female,75.06,20.57,74.16,90.06,79.29,87.1,3.15,91.45
STU103263,29,Female,82.55,11.78,57.6,49.04,63.05,64.61,2.04,54.29
STU103264,24,Female,86.06,16.94,85.21,90.66,80.63,85.11,3.15,83.68
STU103265,26,Female,78.36,8.57,70.88,68.1,63.65,79.18,2.67,70.28
STU103266,27,Female,77.4,27.04,82.47,92.38,75.84,84.42,2.7,77.62
STU103267,26,Male,59.35,4.49,46.35,42.53,100.0,71.13,1.66,41.74
STU103268,19,Female,54.63,3.62,45.59,34.16,23.22,38.96,1.85,30.64
STU103269,30,Male,54.55,1.7,46.4,53.79,44.51,61.59,1.41,42.43
STU103270,20,Male,100.0,32.31,85.04,97.0,72.14,76.31,3.64,82.86
STU103271,23,Male,78.35,13.31,79.92,40.04,44.63,48.06,1.51,45.7
STU103272,26,Female,86.02,19.7,72.87,74.94,81.78,77.13,2.59,86.31
STU103273,23,Female,78.35,12.2,61.1,52.51,55.37,74.99,2.6,66.47
STU103274,21,Male,93.63,14.98,62.38,77.55,62.52,71.13,1.96,60.66
STU103275,30,Male,86.93,15.22,70.02,64.72,39.95,62.91,2.39,57.35
STU103276,18,Male,100.0,27.65,88.27,100.0,74.3,92.92,4.0,76.94
STU103277,21,Female,94.03,20.39,72.23,70.31,63.27,72.38,3.15,77.14
STU103278,30,Female,85.02,16.43,72.31,78.14,55.16,78.51,2.43,51.75
STU103279,27,Male,90.77,16.94,86.19,71.4,85.25,84.78,2.95,91.31
STU103280,19,Male,49.26,11.07,48.38,62.27,60.41,55.07,2.12,49.81
STU103281,27,Female,81.07,25.16,75.11,71.75,89.04,91.58,3.49,82.5
STU103282,30,Male,100.0,23.77,91.21,96.36,91.94,65.08,2.6,66.47
STU103283,19,Female,97.96,26.9,73.64,91.72,92.85,71.76,2.57,77.91
STU103284,23,Male,77.76,21.16,77.46,71.3,69.78,74.81,2.52,80.54
STU103285,24,Male,60.13,15.88,59.09,75.97,64.45,91.74,1.69,53.46
STU103286,19,Male,72.64,10.72,61.61,56.04,60.24,45.75,1.75,57.82
STU103287,24,Female,66.09,11.87,79.16,67.78,47.97,61.1,2.07,51.91
STU103288,20,Male,72.58,6.63,69.33,59.66,59.5,39.92,2.52,46.86
STU103289,20,Male,73.51,21.2,58.15,79.98,67.3,72.9,2.21,63.63
STU103290,23,Female,71.34,20.25,98.71,69.47,52.97,62.35,2.51,45.29
STU103291,24,Female,90.26,22.8,67.25,75.22,55.48,75.45,2.91,61.44
STU103292,21,Male,99.28,20.71,94.04,58.38,49.98,88.47,2.51,66.43
STU103293,21,Male,60.02,7.44,57.04,52.28,52.37,67.35,2.55,53.85
STU103294,20,Female,56.93,6.68,49.64,76.51,47.7,56.06,2.07,49.54
STU103295,28,Male,83.44,12.83,65.69,67.11,57.77,74.65,2.03,60.52
STU103296,20,Female,58.62,6.7,57.99,54.71,46.75,63.12,2.68,66.4
STU103297,29,Male,57.93,11.09,57.95,61.25,51.48,52.13,1.88,66.47
STU103298,25,Male,100.0,11.19,72.23,74.4,77.58,87.28,3.41,75.1
STU103299,28,Male,76.29,3.11,60.75,48.96,50.3,59.33,1.56,53.26
STU103300,26,Female,95.49,27.48,100.0,95.33,100.0,100.0,3.73,100.0
STU103301,21,Male,78.51,29.24,77.06,79.14,66.82,85.66,2.48,66.74
STU103302,24,Male,90.73,20.94,82.82,85.36,90.98,87.29,2.85,93.3
STU103303,21,Male,84.64,20.42,74.35,95.65,70.82,63.49,2.88,66.47
STU103304,19,Female,71.27,14.53,75.56,70.75,56.01,78.55,2.63,57.26
STU103305,21,Male,100.0,33.57,84.67,74.63,100.0,100.0,3.71,95.19
STU103306,21,Female,66.5,4.44,48.5,54.97,34.24,64.61,1.52,47.42
STU103307,19,Female,79.06,24.23,93.56,63.58,60.69,79.8,2.41,73.69
STU103308,18,Male,66.63,6.18,65.36,62.97,65.31,66.65,2.1,70.86
STU103309,30,Female,69.75,9.53,57.14,49.04,59.84,62.98,1.61,56.83
STU103310,24,Female,66.03,10.75,76.13,64.71,58.22,48.61,2.51,63.07
STU103311,23,Male,91.85,23.42,67.81,92.71,85.05,100.0,2.91,89.49
STU103312,30,Male,89.23,19.01,90.62,77.92,87.12,76.7,2.61,80.48
STU103313,20,Male,84.21,15.04,84.49,92.84,100.0,100.0,3.06,66.47
STU103314,23,Male,100.0,26.59,85.38,96.22,100.0,93.49,3.36,94.91
STU103315,29,Female,100.0,32.85,97.64,100.0,100.0,100.0,3.53,100.0
STU103316,26,Female,99.95,24.37,100.0,75.78,97.34,97.06,3.34,92.83
STU103317,23,Female,93.89,30.27,100.0,98.98,99.32,93.44,3.48,91.93
STU103318,21,Male,72.42,11.48,89.88,73.05,70.45,66.95,3.24,76.78
STU103319,18,Male,88.4,2.9,69.87,73.67,52.13,63.18,2.7,52.04
STU103320,19,Male,92.62,7.42,58.82,79.85,58.19,72.83,2.8,67.48
STU103321,20,Female,74.66,13.9,68.21,62.35,74.71,63.12,2.11,68.42
STU103322,28,Male,72.35,10.55,67.6,66.55,81.66,65.82,2.83,77.32
STU103323,26,Female,72.75,18.93,64.72,86.36,78.82,91.75,3.45,85.49
STU103324,23,Female,79.93,9.64,72.23,64.0,51.32,80.87,2.57,63.1
STU103325,24,Male,69.47,3.2,57.96,45.69,53.17,71.13,1.35,47.28
STU103326,20,Female,59.88,13.94,79.9,82.37,75.89,86.1,2.52,69.43
STU103327,20,Female,50.3,15.68,71.32,69.12,40.29,62.04,2.19,44.55
STU103328,23,Female,72.02,12.64,72.16,65.71,75.82,61.6,2.0,67.17
STU103329,29,Male,78.42,21.97,70.11,73.37,75.02,73.01,3.32,91.97
STU103330,25,Male,69.72,13.28,82.91,72.12,52.77,60.43,2.15,53.47
STU103331,29,Female,91.06,15.04,78.81,70.31,80.58,79.18,3.04,78.79
STU103332,21,Male,74.02,8.78,64.43,71.78,62.51,81.25,2.21,60.95
STU103333,29,Female,92.14,22.54,81.82,71.82,95.1,85.89,3.16,78.77
STU103334,18,Male,73.26,17.45,78.88,70.85,64.76,76.46,3.09,57.71
STU103335,20,Female,78.35,11.54,77.18,79.27,54.88,67.99,2.5,48.21
STU103336,24,Female,74.5,11.97,70.43,94.29,68.61,69.62,2.5,63.12
STU103337,18,Male,56.44,4.21,55.76,57.24,41.58,58.66,1.48,49.3
STU103338,29,Male,67.12,16.31,87.01,65.23,81.57,81.25,3.09,79.54
STU103339,29,Female,86.79,19.85,68.91,76.65,77.41,82.76,2.87,69.67
STU103340,25,Male,96.31,15.46,100.0,67.29,68.2,86.61,2.93,67.9
STU103341,21,Female,59.17,8.12,55.42,62.15,44.04,40.9,1.01,38.47
STU103342,19,Female,56.94,7.07,54.57,54.02,44.65,46.37,1.7,41.74
STU103343,24,Male,81.6,11.23,69.94,55.19,58.29,60.09,2.09,53.26
STU103344,24,Female,100.0,19.85,90.99,84.34,68.42,89.11,2.55,54.07
STU103345,27,Female,94.53,19.68,68.6,80.44,59.14,76.77,2.96,58.66
STU103346,25,Female,86.76,16.97,67.44,62.79,61.37,69.24,1.93,56.08
STU103347,19,Male,78.35,4.04,48.67,47.41,62.79,52.97,2.44,63.53
STU103348,19,Male,60.53,7.75,59.43,73.03,54.1,64.78,2.65,65.74
STU103349,28,Male,64.81,12.82,49.84,65.63,59.52,79.23,1.87,47.33
STU103350,20,Female,93.81,14.76,82.82,73.5,100.0,80.85,3.45,92.33
STU103351,30,Female,100.0,14.69,80.81,82.33,82.64,64.66,3.57,87.86
STU103352,19,Female,57.01,5.46,42.96,37.55,35.29,64.44,1.78,38.96
STU103353,27,Male,89.08,21.07,73.64,81.79,82.7,89.42,2.52,100.0
STU103354,30,Female,79.47,14.5,78.26,100.0,77.78,87.79,2.07,84.63
STU103355,23,Female,62.67,7.83,67.63,68.29,48.98,55.94,2.04,46.53
STU103356,18,Female,75.7,4.45,59.42,67.83,55.25,67.62,2.12,66.06
STU103357,29,Male,85.14,20.13,72.87,77.05,80.27,81.39,2.81,77.8
STU103358,20,Female,96.22,23.18,64.09,78.23,42.96,74.27,2.38,63.06
STU103359,24,Male,61.27,0.19,60.97,57.45,42.54,58.36,1.37,45.32
STU103360,30,Male,76.14,18.01,67.32,70.93,65.83,67.17,2.37,63.08
STU103361,27,Female,80.88,17.78,83.11,55.9,68.45,80.73,2.36,66.33
STU103362,18,Male,95.43,25.01,84.96,84.88,86.06,82.34,3.09,79.54
STU103363,28,Male,63.0,9.76,49.7,57.0,47.04,62.11,1.91,49.63
STU103364,20,Female,72.57,10.21,65.77,63.46,66.66,55.66,2.22,60.55
STU103365,27,Female,56.2,9.58,58.89,60.44,68.38,71.13,2.43,72.67
STU103366,26,Male,79.81,11.28,84.95,79.83,62.24,60.96,2.27,55.43
STU103367,21,Female,78.11,21.08,89.44,92.04,73.24,57.94,2.93,79.6
STU103368,23,Male,75.97,10.23,83.68,86.89,76.59,68.47,2.75,82.31
STU103369,19,Male,61.44,8.16,54.66,57.2,56.13,63.23,2.46,59.1
STU103370,30,Male,91.72,17.06,76.37,90.3,68.22,77.3,2.78,82.51
STU103371,21,Female,78.63,10.31,67.12,71.79,59.05,71.01,2.15,70.6
STU103372,22,Male,72.01,17.46,80.29,76.26,68.31,65.39,2.26,62.56
STU103373,24,Male,100.0,23.39,87.8,84.06,96.88,74.88,3.57,91.46
STU103374,26,Female,49.23,9.88,61.25,53.3,58.04,59.73,1.81,53.47
STU103375,24,Female,72.28,23.25,54.16,73.42,77.51,68.08,2.66,80.61
STU103376,24,Female,64.55,6.59,61.12,77.81,45.0,56.69,2.42,66.47
STU103377,25,Female,92.05,5.76,65.81,86.66,71.66,62.73,2.32,57.86
STU103378,29,Male,100.0,20.58,83.24,88.4,79.37,78.51,3.24,80.44
STU103379,23,Male,81.71,14.81,64.4,74.09,78.61,78.8,2.79,68.26
STU103380,28,Male,69.31,16.31,74.45,76.83,50.84,58.88,2.6,46.03
STU103381,28,Female,100.0,13.0,91.27,90.78,95.1,67.98,3.01,82.28
STU103382,30,Male,79.24,18.61,73.28,89.61,75.2,75.66,2.52,69.86
STU103383,29,Male,91.42,17.81,72.62,68.86,90.04,72.1,2.52,76.1
STU103384,28,Male,85.6,23.31,84.55,79.02,77.28,85.03,2.65,76.33
STU103385,21,Male,59.42,0.0,56.77,46.05,31.18,38.71,0.77,31.12
STU103386,28,Female,72.2,18.88,88.52,83.99,60.46,60.78,2.43,52.12
STU103387,27,Female,72.39,0.98,64.48,77.95,50.68,61.18,1.7,44.33
STU103388,21,Male,67.36,10.11,66.0,46.68,37.53,62.13,2.24,51.1
STU103389,26,Female,100.0,15.04,75.25,79.98,84.39,85.74,3.26,66.47
STU103390,21,Female,86.46,10.31,80.1,65.81,58.22,57.52,2.37,70.38
STU103391,24,Male,84.67,39.96,70.52,79.53,92.1,100.0,3.35,89.87
STU103392,28,Male,60.58,1.81,68.21,71.35,43.62,51.08,1.82,48.58
STU103393,20,Female,57.84,6.63,61.01,59.54,58.08,72.66,1.87,55.46
STU103394,22,Male,90.71,13.86,57.88,70.31,75.91,63.28,3.15,76.34
STU103395,28,Female,79.43,11.42,71.57,65.05,45.55,75.3,2.17,66.47
STU103396,23,Female,77.92,16.09,73.68,78.1,72.14,78.57,2.52,84.87
STU103397,30,Female,72.48,10.65,66.7,55.6,74.69,67.01,1.99,60.47
STU103398,18,Female,77.92,22.03,68.26,58.58,75.32,54.69,2.68,66.47
STU103399,27,Female,64.16,18.95,68.68,56.76,55.29,68.33,2.15,58.69
STU103400,28,Female,82.82,11.34,73.6,55.47,55.04,56.09,2.27,43.12
STU103401,24,Male,79.16,22.93,65.28,88.08,86.71,73.4,2.42,76.94
STU103402,20,Female,100.0,22.29,92.17,88.63,91.86,94.57,2.88,71.11
STU103403,30,Female,65.03,7.64,66.27,78.68,55.55,66.85,2.23,48.64
STU103404,23,Female,68.74,9.05,82.13,64.91,68.38,64.99,2.83,56.21
STU103405,22,Female,65.72,5.59,74.21,75.82,61.68,77.81,2.01,66.47
STU103406,22,Male,93.25,28.52,95.87,96.73,94.6,87.24,2.46,88.93
STU103407,26,Female,97.29,14.76,95.89,77.22,73.12,93.5,2.97,61.37
STU103408,26,Female,61.98,10.05,59.35,51.42,29.97,48.68,1.16,31.67
STU103409,24,Female,50.85,4.05,50.73,52.24,25.05,60.14,1.81,37.5
STU103410,18,Female,64.19,8.0,40.38,72.35,49.53,60.98,1.94,60.12
STU103411,30,Female,87.84,13.87,76.57,72.92,62.47,76.44,2.52,76.13
STU103412,20,Female,68.29,23.56,87.26,73.83,56.39,63.18,2.9,51.29
STU103413,19,Male,84.36,18.14,85.33,61.65,88.39,78.46,2.97,76.66
STU103414,25,Male,71.05,11.43,65.53,59.72,50.03,71.87,1.98,49.34
STU103415,23,Female,93.4,27.65,86.92,79.04,77.71,86.43,2.81,86.17
STU103416,26,Female,93.74,22.56,75.04,84.59,99.0,63.36,2.26,81.43
STU103417,24,Female,73.58,10.52,75.4,64.29,60.74,80.82,3.45,67.79
STU103418,19,Male,99.54,21.9,72.23,84.72,81.94,85.54,2.77,80.73
STU103419,21,Male,75.81,0.0,68.19,50.54,62.04,58.14,2.08,61.63
STU103420,24,Male,81.81,14.32,72.27,69.73,65.81,83.73,2.27,62.85
STU103421,28,Female,78.98,17.4,75.75,80.84,73.54,71.69,2.19,75.66
STU103422,25,Female,94.48,20.85,70.87,79.16,68.81,83.38,2.81,76.42
STU103423,22,Female,48.55,0.0,50.47,48.61,38.08,60.11,1.53,48.11
STU103424,25,Male,87.04,9.74,59.02,71.79,48.78,65.88,2.65,52.76
STU103425,24,Female,76.78,18.64,88.8,91.2,70.68,75.05,2.99,69.08
STU103426,24,Female,100.0,24.12,72.58,76.79,77.91,71.13,2.53,82.46
STU103427,29,Male,86.5,22.58,85.53,71.04,100.0,61.0,2.59,72.06
STU103428,28,Female,92.43,16.78,65.88,65.43,71.93,72.02,2.46,78.51
STU103429,21,Female,64.79,19.49,60.21,66.44,79.12,57.84,1.67,62.13
STU103430,21,Male,84.39,19.7,76.65,66.18,85.59,64.36,2.74,80.2
STU103431,28,Male,66.95,14.69,67.04,43.72,58.04,62.44,2.4,64.32
STU103432,20,Female,68.23,19.87,75.63,68.65,70.01,93.67,2.17,70.27
STU103433,22,Female,97.18,19.29,98.36,82.86,78.26,68.73,2.46,73.36
STU103434,21,Female,67.64,10.06,53.18,83.13,53.38,74.89,2.47,47.8
STU103435,25,Female,76.46,16.4,84.43,73.81,69.83,57.66,2.46,52.5
STU103436,21,Male,82.72,26.33,86.34,83.92,71.36,83.48,2.91,74.14
STU103437,26,Female,95.66,28.74,74.01,83.44,74.68,84.61,2.73,86.48
STU103438,30,Female,100.0,16.31,80.73,84.69,81.46,73.55,3.2,78.43
STU103439,28,Male,100.0,15.04,100.0,89.58,96.06,89.03,3.47,78.74
STU103440,30,Female,80.14,17.38,78.54,99.51,70.45,69.64,2.68,63.44
STU103441,18,Male,83.26,12.33,64.51,55.06,51.87,70.84,1.61,52.55
STU103442,23,Male,77.78,26.57,67.87,79.98,56.62,78.84,2.74,60.65
STU103443,20,Male,77.59,15.04,69.17,67.37,82.92,82.82,2.77,66.47
STU103444,29,Female,79.77,17.31,67.25,77.94,75.62,75.72,2.74,67.86
STU103445,27,Male,90.64,20.76,95.16,90.79,96.4,72.34,3.92,78.03
STU103446,22,Male,57.06,5.08,47.67,49.03,45.77,43.66,1.71,59.18
STU103447,25,Female,89.46,25.64,76.71,74.84,86.26,74.15,3.2,92.26
STU103448,25,Female,100.0,22.67,92.48,87.28,87.83,82.08,3.6,80.26
STU103449,24,Female,63.94,25.66,70.34,87.49,71.1,71.33,3.52,73.02
STU103450,24,Female,86.93,14.82,91.95,61.6,77.54,72.73,2.88,70.39
STU103451,18,Male,66.38,16.04,69.83,83.52,61.89,67.02,1.6,56.2
STU103452,23,Male,72.72,15.17,73.85,70.96,77.59,54.07,2.65,70.74
STU103453,22,Female,81.21,25.41,81.06,85.04,90.41,85.42,2.54,83.35
STU103454,28,Male,93.15,14.78,83.66,66.61,88.77,79.95,2.14,84.41
STU103455,29,Male,90.69,22.19,85.88,76.72,92.33,74.96,3.45,80.73
STU103456,27,Female,84.2,30.87,78.87,70.58,64.38,72.55,3.33,70.98
STU103457,18,Female,78.35,13.18,71.87,82.87,90.81,75.21,2.63,60.95
STU103458,28,Female,93.7,15.22,78.68,67.93,78.51,75.65,2.58,75.67
STU103459,23,Female,80.07,19.27,62.39,52.62,56.81,64.75,2.04,44.93
STU103460,23,Female,87.76,19.32,65.83,100.0,70.98,77.99,2.61,62.22
STU103461,30,Female,87.52,26.72,71.96,97.23,86.84,92.33,3.38,95.22
STU103462,29,Female,72.06,13.18,60.71,73.4,45.52,71.25,2.24,59.85
STU103463,18,Female,100.0,32.27,70.0,90.69,92.12,81.05,3.11,79.15
STU103464,22,Female,63.45,1.43,58.04,74.09,54.54,46.82,1.55,60.1
STU103465,27,Female,70.77,21.01,64.76,68.42,62.47,82.98,2.77,73.63
STU103466,25,Male,63.09,3.77,66.01,71.94,73.28,69.67,2.6,69.82
STU103467,21,Female,95.28,15.44,92.4,61.79,84.87,96.49,3.15,75.73
STU103468,24,Female,85.42,19.41,91.18,87.01,78.61,82.99,3.31,91.39
STU103469,24,Male,76.53,13.77,74.88,65.78,66.59,72.93,2.67,72.94
STU103470,20,Male,92.76,18.45,92.47,77.88,99.42,71.13,3.09,80.65
STU103471,27,Female,94.21,21.04,85.87,95.85,86.8,71.13,3.93,73.29
STU103472,27,Male,69.26,10.16,48.02,68.1,75.49,84.57,2.02,59.68
STU103473,29,Male,87.7,11.23,57.66,69.88,62.4,85.98,2.87,70.63
STU103474,21,Male,76.14,14.74,83.79,70.2,81.72,78.61,2.83,74.44
STU103475,20,Male,69.27,11.12,65.17,56.62,59.78,69.01,1.69,68.97
STU103476,25,Female,85.14,12.48,79.4,51.19,69.38,76.79,3.34,64.56
STU103477,24,Male,100.0,14.53,100.0,90.68,89.1,93.93,4.0,92.74
STU103478,23,Male,81.85,11.81,68.97,50.34,59.17,69.85,2.18,68.78
STU103479,28,Female,79.16,23.87,79.84,95.0,59.55,72.74,3.08,52.6
STU103480,28,Male,77.96,16.75,80.38,83.13,58.17,62.42,2.6,61.58
STU103481,21,Male,72.34,7.71,59.46,77.14,50.27,73.05,2.31,53.99
STU103482,28,Female,100.0,20.06,81.37,59.59,55.76,63.7,2.21,66.47
STU103483,20,Female,100.0,18.65,88.32,98.0,86.52,81.23,2.93,67.79
STU103484,23,Female,90.2,16.72,92.86,69.6,69.77,72.74,3.42,75.7
STU103485,18,Female,91.74,19.15,64.93,80.82,66.19,91.87,2.84,69.3
STU103486,22,Female,97.84,30.0,88.55,86.24,99.7,86.89,3.32,88.69
STU103487,30,Male,82.92,16.15,63.54,53.11,61.87,60.24,2.07,70.34
STU103488,23,Female,50.47,9.91,51.5,47.68,63.87,49.0,2.04,53.32
STU103489,27,Female,100.0,30.26,95.82,96.57,74.95,87.61,2.86,77.89
STU103490,19,Male,83.06,10.03,70.49,77.76,73.77,70.4,2.3,82.85
STU103491,26,Female,96.87,28.26,93.37,66.56,88.98,69.88,2.53,80.99
STU103492,22,Male,59.61,0.0,59.12,72.5,62.31,64.1,2.57,54.52
STU103493,27,Female,74.01,24.47,72.46,70.57,68.26,60.19,2.12,73.93
STU103494,30,Female,56.69,4.21,78.72,44.67,51.49,49.88,1.54,47.63
STU103495,24,Female,82.94,17.28,60.58,65.31,72.2,83.99,1.82,65.17
STU103496,19,Male,74.52,18.35,58.48,49.33,60.75,54.0,1.86,50.61
STU103497,24,Female,59.87,12.54,35.15,52.82,68.07,60.73,1.9,55.24
STU103498,19,Female,89.68,15.04,65.09,62.03,55.04,71.56,2.69,69.28
STU103499,23,Male,78.35,5.57,54.81,49.46,49.58,63.95,2.52,44.81
STU103500,18,Male,78.35,0.64,63.69,64.97,56.58,72.68,1.78,57.31
STU103501,26,Female,85.73,13.04,81.19,89.3,79.39,84.72,3.0,72.73
STU103502,22,Male,89.62,18.44,67.79,81.89,70.51,64.96,2.52,79.58
STU103503,20,Female,68.23,7.57,59.3,38.9,65.43,51.37,2.81,49.19
STU103504,18,Female,99.69,16.72,74.2,61.88,65.96,72.45,2.57,62.6
STU103505,29,Male,57.75,15.92,62.93,71.08,45.67,83.88,2.21,47.7
STU103506,28,Female,74.3,25.09,80.91,73.4,76.99,82.78,3.15,67.93
STU103507,28,Male,78.35,9.7,67.51,70.31,68.38,69.13,2.23,63.92
STU103508,18,Female,78.53,15.26,68.97,72.76,66.99,71.13,2.4,71.47
STU103509,22,Female,73.48,6.63,100.0,81.71,85.64,82.12,2.28,79.02
STU103510,24,Male,100.0,22.42,91.92,100.0,99.84,91.48,3.88,99.79
STU103511,25,Female,65.75,5.98,64.82,52.75,60.53,63.73,2.16,47.74
STU103512,24,Female,89.37,16.09,62.93,60.45,86.64,71.33,2.56,76.21
STU103513,19,Female,80.73,16.42,81.5,67.95,81.22,72.31,2.49,83.19
STU103514,21,Male,75.92,11.48,52.29,71.57,66.9,58.99,2.67,61.17
STU103515,30,Female,69.82,5.36,55.56,60.81,45.84,57.9,1.91,55.76
STU103516,20,Female,66.27,16.96,70.06,63.73,60.05,67.46,1.64,57.6
STU103517,29,Male,91.03,22.28,71.55,64.39,70.64,91.39,2.73,74.46
STU103518,26,Female,76.04,7.76,77.73,75.01,68.23,61.77,1.78,53.23
STU103519,29,Male,79.36,18.12,85.85,69.42,70.04,70.82,2.65,66.09
STU103520,28,Female,99.2,16.15,75.54,72.64,86.28,69.59,2.95,87.21
STU103521,22,Male,76.11,12.22,62.56,60.52,62.48,62.13,2.1,56.07
STU103522,28,Female,81.05,12.01,82.01,74.08,65.45,56.19,2.16,73.8
STU103523,20,Male,65.14,12.54,40.48,48.69,55.07,59.88,1.63,50.99
STU103524,21,Male,71.69,15.04,75.52,63.18,86.54,90.49,2.94,88.99
STU103525,20,Female,80.43,12.91,71.57,74.41,71.99,82.52,2.98,73.57
STU103526,19,Female,78.73,17.84,88.12,81.33,64.26,75.45,3.19,49.99
STU103527,24,Female,64.11,24.48,58.33,38.45,44.34,68.25,1.38,46.0
STU103528,20,Female,84.63,7.54,74.11,67.13,68.38,55.62,2.34,58.65
STU103529,19,Male,62.6,3.73,51.43,47.13,43.63,61.73,1.95,43.96
STU103530,22,Female,55.0,10.17,77.74,71.69,59.64,90.99,2.12,52.19
STU103531,18,Male,78.35,18.1,76.89,69.43,80.64,89.79,2.66,71.23
STU103532,18,Male,78.8,7.81,76.52,53.62,67.99,71.13,1.89,66.81
STU103533,30,Female,57.3,6.26,58.62,31.14,67.06,53.86,2.34,74.66
STU103534,19,Female,76.11,13.3,43.96,66.62,44.88,66.57,1.74,52.39
STU103535,24,Male,49.01,0.0,55.85,36.68,58.29,53.78,1.71,46.97
STU103536,18,Male,65.5,4.72,64.18,42.16,61.92,71.13,1.8,36.89
STU103537,19,Female,89.51,15.01,67.79,76.61,78.86,76.35,2.78,88.82
STU103538,24,Male,66.96,0.47,49.53,52.12,48.18,41.04,1.66,53.15
STU103539,28,Male,76.51,21.85,76.02,79.9,79.46,80.7,2.93,73.82
STU103540,27,Male,84.55,11.33,67.67,77.68,68.9,80.82,2.53,72.69
STU103541,25,Male,83.67,4.96,69.55,75.36,59.91,71.69,2.02,56.4
STU103542,19,Male,62.55,20.76,72.29,88.55,52.53,69.87,2.63,45.75
STU103543,28,Female,67.16,15.63,50.62,69.99,61.22,64.59,1.58,55.22
STU103544,18,Male,73.64,21.23,100.0,82.62,92.09,83.0,3.09,90.13
STU103545,26,Female,62.74,6.11,61.62,64.15,45.32,60.83,1.91,49.2
STU103546,23,Female,67.14,11.29,69.06,71.72,54.31,77.15,2.09,55.0
STU103547,29,Female,71.4,8.69,82.71,44.04,57.04,73.16,2.43,65.46
STU103548,21,Female,89.29,18.89,86.87,76.24,73.68,86.98,2.7,73.43
STU103549,26,Female,91.77,21.85,82.66,58.0,67.64,79.54,2.65,80.68
STU103550,23,Female,48.65,0.0,54.69,33.2,48.59,30.48,1.6,33.21
STU103551,24,Female,86.44,16.51,79.64,58.17,91.12,53.51,2.29,69.69
STU103552,30,Female,48.44,1.97,58.93,70.31,48.67,48.41,1.8,66.47
STU103553,27,Female,82.36,16.28,73.77,72.33,57.32,59.91,2.66,64.0
STU103554,23,Female,50.34,16.19,69.07,80.65,67.96,71.13,2.85,61.07
STU103555,23,Male,85.99,3.7,78.06,56.36,52.45,56.84,3.09,50.41
STU103556,27,Female,94.79,9.1,83.19,69.04,71.97,65.64,2.53,73.41
STU103557,22,Female,92.64,17.66,58.73,88.98,82.3,59.91,2.56,82.96
STU103558,20,Male,78.35,15.21,72.03,56.48,65.34,50.76,2.52,68.52
STU103559,24,Female,53.85,15.97,56.48,53.62,63.54,58.42,2.42,50.38
STU103560,18,Male,83.8,18.6,73.96,76.86,62.97,65.26,2.21,57.69
STU103561,20,Female,60.56,4.98,41.13,57.82,50.37,64.35,1.9,44.11
STU103562,23,Female,74.23,19.46,62.01,74.35,58.75,63.16,3.21,73.48
STU103563,28,Male,84.87,19.48,82.36,89.81,93.08,70.02,3.21,82.03
STU103564,28,Male,63.08,4.26,61.4,49.12,53.69,52.82,2.07,50.1
STU103565,21,Male,76.7,5.85,63.14,79.83,80.29,71.52,2.88,74.26
STU103566,23,Female,65.38,9.72,46.34,72.07,63.89,43.36,3.08,62.53
STU103567,19,Male,100.0,22.72,88.04,92.29,83.88,100.0,3.59,85.92
STU103568,27,Female,61.03,19.46,63.06,72.81,49.28,69.12,2.67,56.32
STU103569,21,Female,69.08,18.83,72.85,64.54,63.76,78.58,1.98,65.74
STU103570,28,Female,73.32,9.13,62.87,49.23,32.14,64.65,1.99,52.46
STU103571,28,Female,85.96,17.39,65.33,71.35,64.16,67.21,2.35,65.97
STU103572,26,Female,87.39,13.6,77.29,92.33,65.46,73.07,1.98,65.18
STU103573,22,Male,75.05,0.0,79.36,70.38,49.02,57.34,1.5,40.22
STU103574,30,Female,97.65,17.12,92.7,85.32,81.51,88.47,3.14,77.95
STU103575,26,Female,76.1,20.37,57.59,64.08,60.92,66.59,2.79,67.62
STU103576,26,Male,90.94,22.3,100.0,67.83,62.66,82.69,2.56,59.66
STU103577,29,Male,82.76,11.07,79.37,63.94,68.9,77.89,2.88,73.24
STU103578,29,Female,69.88,20.16,88.68,66.58,67.18,75.32,2.23,64.24
STU103579,24,Male,64.36,11.37,55.96,70.31,68.38,69.2,2.48,68.55
STU103580,29,Female,83.97,18.04,82.97,87.67,87.3,89.35,2.52,69.74
STU103581,27,Male,65.11,19.4,78.37,56.97,74.54,65.78,2.6,78.17
STU103582,24,Female,69.7,11.99,61.84,61.56,70.02,51.27,2.82,51.51
STU103583,21,Male,68.3,17.38,72.09,61.33,68.18,57.31,2.54,76.39
STU103584,27,Female,83.91,15.04,81.4,68.54,78.54,58.55,2.49,68.95
STU103585,20,Male,77.35,13.58,71.35,77.32,74.08,76.29,2.82,75.95
STU103586,24,Male,75.7,22.9,95.63,68.78,83.47,71.13,2.46,75.13
STU103587,24,Male,71.11,13.36,71.36,50.11,60.73,56.99,2.55,60.69
STU103588,26,Male,78.01,14.65,56.53,61.92,50.53,78.97,2.19,52.07
STU103589,29,Female,73.95,17.54,66.01,79.98,68.8,76.29,2.55,73.82
STU103590,19,Female,77.59,17.85,85.6,69.25,85.74,85.39,2.56,81.39
STU103591,21,Male,66.05,0.0,45.24,51.88,51.93,52.53,1.77,52.18
STU103592,30,Female,55.62,7.63,72.06,63.6,51.63,47.52,1.87,57.27
STU103593,25,Male,48.28,7.94,63.36,66.76,54.8,76.01,1.76,66.47
STU103594,21,Male,82.13,17.73,75.24,58.25,57.34,71.13,3.08,66.26
STU103595,21,Female,62.28,9.27,57.5,71.93,63.77,56.35,1.6,46.25
STU103596,22,Female,84.46,9.26,69.73,70.31,57.15,73.77,2.25,68.33
STU103597,25,Female,78.35,1.16,74.77,73.11,54.93,60.37,1.51,53.97
STU103598,21,Male,72.36,16.34,64.41,79.57,52.91,77.87,2.53,56.39
STU103599,26,Male,70.8,11.47,66.1,58.58,56.5,61.67,1.68,62.17
STU103600,23,Female,73.72,24.48,97.74,70.96,53.16,74.87,2.89,60.54
STU103601,25,Male,86.45,12.48,79.22,81.94,69.47,78.31,2.28,57.97
STU103602,20,Male,76.88,16.51,69.1,60.47,62.14,81.22,3.03,73.41
STU103603,26,Female,82.59,9.73,64.44,68.81,57.03,60.81,2.37,52.67
STU103604,30,Female,48.37,3.01,32.3,39.58,8.55,50.51,1.53,21.58
STU103605,19,Male,73.92,26.78,56.66,62.69,55.72,55.71,2.56,66.52
STU103606,22,Male,65.99,14.95,67.28,39.66,61.29,67.56,1.68,58.1
STU103607,27,Female,84.27,12.71,83.24,71.92,62.03,73.98,2.41,62.51
STU103608,26,Male,83.43,17.46,74.47,78.13,80.12,82.99,2.87,87.32
STU103609,26,Male,83.99,15.14,83.94,68.32,80.91,83.37,2.05,75.61
STU103610,25,Male,100.0,23.2,93.09,83.46,68.38,78.05,2.55,79.78
STU103611,26,Female,68.89,3.97,59.08,52.61,64.67,66.69,1.93,47.89
STU103612,25,Female,73.9,12.96,60.46,71.0,63.2,66.87,1.8,61.27
STU103613,18,Male,100.0,10.64,70.47,81.87,86.04,75.76,2.9,66.47
STU103614,27,Male,83.11,7.63,80.3,94.15,63.13,63.63,2.77,66.47
STU103615,23,Female,55.56,23.53,69.43,70.07,56.23,71.13,2.64,50.61
STU103616,18,Female,94.83,24.28,100.0,70.31,82.12,86.05,4.0,87.29
STU103617,23,Female,75.3,25.6,77.38,71.8,81.71,73.1,2.78,80.39
STU103618,23,Male,83.09,9.81,61.61,79.8,57.14,66.78,2.46,56.33
STU103619,19,Female,78.35,0.38,71.8,57.81,56.35,68.33,2.15,68.35
STU103620,30,Female,100.0,17.71,67.75,100.0,79.84,80.3,3.28,75.21
STU103621,20,Female,85.38,29.68,71.37,89.61,72.46,66.36,2.74,84.85
STU103622,22,Male,83.15,8.09,65.23,70.31,74.36,72.57,2.83,71.24
STU103623,23,Female,76.33,27.94,92.69,74.86,82.42,84.3,3.16,86.64
STU103624,28,Female,92.6,22.01,96.85,72.72,60.85,84.21,3.12,64.15
STU103625,27,Male,95.53,18.9,81.59,62.96,78.21,71.18,3.3,66.02
STU103626,28,Male,77.03,16.56,75.64,82.68,78.03,70.02,2.95,73.31
STU103627,21,Female,80.88,13.2,92.01,75.02,75.03,66.81,2.51,74.44
STU103628,28,Female,87.49,21.15,71.48,82.94,68.38,79.73,2.62,69.61
STU103629,28,Female,70.0,17.21,52.16,61.39,51.02,68.38,2.1,54.8
STU103630,24,Female,100.0,26.84,72.69,99.11,99.73,85.22,3.03,90.12
STU103631,25,Female,69.02,11.3,60.41,55.78,50.85,53.57,1.67,40.27
STU103632,18,Male,84.96,14.73,59.74,71.54,83.86,63.3,2.26,68.67
STU103633,27,Female,68.5,17.84,71.33,56.1,51.43,56.94,1.95,53.9
STU103634,30,Male,82.94,15.6,65.87,76.59,66.69,76.26,2.57,65.47
STU103635,24,Male,71.47,21.74,54.74,60.05,54.11,59.23,1.6,63.93
STU103636,25,Male,76.79,10.99,83.32,80.49,69.26,81.71,2.34,69.22
STU103637,24,Male,90.02,16.83,83.48,66.57,81.4,65.15,3.31,61.36
STU103638,19,Female,60.58,14.62,77.18,56.12,54.9,54.07,2.24,50.04
STU103639,26,Male,78.35,15.53,56.41,51.02,69.63,69.28,2.64,66.47
STU103640,27,Male,85.47,25.95,69.02,82.19,100.0,86.61,2.96,80.57
STU103641,30,Female,68.11,2.24,72.59,44.01,39.85,55.29,1.94,53.51
STU103642,24,Male,77.61,7.85,38.08,66.02,48.23,64.7,2.07,58.5
STU103643,24,Male,80.84,15.79,69.72,84.61,81.37,81.66,2.65,73.72
STU103644,30,Male,77.7,15.04,73.27,83.02,51.77,82.44,2.37,53.01
STU103645,24,Male,75.97,14.96,61.52,88.25,74.89,73.12,2.52,68.35
STU103646,26,Female,98.87,18.49,84.44,79.94,72.56,78.55,2.49,69.03
STU103647,25,Male,79.81,15.04,53.72,53.88,53.93,66.66,1.64,51.2
STU103648,30,Male,67.94,6.56,78.15,68.71,69.96,71.13,2.17,64.7
STU103649,27,Female,45.56,0.4,71.38,58.4,47.06,51.54,1.88,28.59
STU103650,19,Male,83.04,10.05,72.23,60.1,43.86,75.57,2.22,55.14
STU103651,18,Female,94.44,33.8,82.72,85.08,63.39,80.05,2.61,57.35
STU103652,23,Female,57.98,7.34,45.31,45.02,50.02,46.41,1.93,51.1
STU103653,24,Male,71.38,3.6,58.57,77.19,61.78,62.72,2.63,68.83
STU103654,26,Male,58.7,9.03,46.92,52.0,40.51,55.82,2.18,39.06
STU103655,24,Male,89.78,22.74,100.0,85.39,95.7,93.86,3.6,86.36
STU103656,24,Male,67.78,13.25,68.57,71.18,59.77,60.94,2.41,65.85
STU103657,24,Male,77.99,17.44,60.94,88.35,64.45,79.2,2.43,64.41
STU103658,22,Female,65.66,6.28,69.65,49.68,57.49,51.4,1.72,47.69
STU103659,24,Male,87.92,14.03,69.07,48.5,47.04,76.83,2.05,51.11
STU103660,25,Male,91.63,27.63,93.63,79.15,85.13,80.82,3.17,100.0
STU103661,24,Male,79.88,19.22,86.94,55.82,52.56,66.25,2.52,54.42
STU103662,30,Female,83.8,15.33,74.93,63.73,50.36,69.33,2.28,58.71
STU103663,30,Female,51.45,5.82,44.44,67.28,33.9,55.83,1.9,42.18
STU103664,24,Male,85.42,10.2,63.51,58.39,69.69,66.86,2.09,75.52
STU103665,23,Female,81.45,9.65,100.0,61.11,75.91,65.38,2.35,83.43
STU103666,25,Male,64.27,12.4,56.91,67.46,64.21,73.76,2.28,49.89
STU103667,20,Female,78.11,25.31,76.41,75.2,75.1,79.91,2.98,85.94
STU103668,23,Female,93.64,22.45,76.92,92.15,74.6,60.34,2.86,72.77
STU103669,20,Female,69.41,14.66,58.14,61.28,65.95,67.44,2.11,55.04
STU103670,19,Male,85.96,14.92,85.69,84.53,74.7,82.92,2.92,81.61
STU103671,19,Male,63.31,11.36,58.61,53.12,67.85,51.63,1.8,50.65
STU103672,25,Female,88.29,15.47,76.13,73.41,80.49,76.2,2.81,84.98
STU103673,18,Male,97.86,25.96,95.55,90.96,91.6,100.0,3.07,87.94
STU103674,26,Male,68.22,13.35,58.66,53.78,74.37,61.36,1.96,70.1
STU103675,23,Female,85.09,16.13,81.27,100.0,68.38,80.26,3.27,87.61
STU103676,22,Female,72.47,22.46,84.83,94.57,87.82,73.32,3.32,72.9
STU103677,28,Female,63.03,12.69,51.52,68.99,51.61,53.37,1.84,41.23
STU103678,25,Female,59.46,17.59,79.24,61.78,60.84,52.83,1.97,57.26
STU103679,24,Female,62.62,3.25,76.04,49.23,69.71,47.76,1.94,53.9
STU103680,27,Male,84.44,11.82,62.1,85.3,67.58,46.67,3.13,69.9
STU103681,18,Female,60.21,9.17,72.41,49.55,58.71,85.87,2.35,61.2
STU103682,20,Female,77.98,9.43,65.51,62.22,48.19,62.37,2.47,46.81
STU103683,25,Female,84.0,18.11,90.26,85.08,73.83,82.05,2.18,73.13
STU103684,30,Male,49.65,0.0,60.17,74.63,50.82,61.57,1.14,30.29
STU103685,20,Male,58.48,7.32,73.19,76.32,42.67,62.24,2.0,32.71
STU103686,19,Female,88.6,19.19,70.38,83.8,90.22,77.03,2.66,72.52
STU103687,30,Male,88.09,13.1,65.43,97.67,76.52,79.85,2.82,59.23
STU103688,30,Male,51.5,6.24,44.21,52.94,68.17,78.36,2.01,66.47
STU103689,20,Female,93.92,18.46,100.0,80.92,73.5,77.35,2.99,66.91
STU103690,23,Female,84.43,23.56,93.65,99.41,61.45,71.36,2.51,60.68
STU103691,26,Male,80.52,6.53,82.6,55.33,62.63,60.51,2.09,65.76
STU103692,20,Male,78.35,12.45,48.7,62.36,48.21,52.07,1.96,58.11
STU103693,22,Male,84.83,23.87,86.7,84.28,69.39,78.17,2.71,75.52
STU103694,23,Female,88.45,21.63,73.98,93.3,92.92,77.6,3.25,73.12
STU103695,26,Male,63.14,18.07,67.1,49.68,47.35,56.61,2.52,44.34
STU103696,22,Male,76.86,17.51,72.6,74.82,68.38,69.88,2.26,43.68
STU103697,23,Male,81.89,23.1,80.4,85.12,74.09,90.91,3.11,71.38
STU103698,21,Male,81.9,19.11,68.39,65.89,76.95,64.14,2.52,80.97
STU103699,27,Male,60.6,0.0,64.64,58.11,43.01,58.31,1.65,44.91
STU103700,19,Male,100.0,15.89,72.02,88.67,63.63,77.82,2.97,75.3
STU103701,20,Female,73.68,12.22,74.29,52.1,51.13,67.25,1.25,42.23
STU103702,21,Male,72.16,3.39,58.6,60.71,62.42,36.47,1.66,50.51
STU103703,29,Male,43.11,2.87,57.45,64.16,50.49,36.88,1.95,48.2
STU103704,30,Male,76.62,25.15,89.01,97.24,86.76,69.2,2.79,71.85
STU103705,24,Male,65.61,11.54,67.58,59.06,61.48,74.49,1.73,58.85
STU103706,20,Male,96.29,17.1,77.65,84.65,54.72,67.49,2.52,64.47
STU103707,27,Male,100.0,18.79,97.5,74.28,73.03,66.48,2.78,78.39
STU103708,24,Male,74.44,15.1,83.73,79.91,78.92,71.41,2.39,76.19
STU103709,29,Male,76.87,21.04,52.04,65.96,48.71,92.52,3.29,64.68
STU103710,22,Female,86.92,27.74,74.26,59.3,52.39,68.91,2.79,61.77
STU103711,30,Male,78.08,17.29,86.79,70.31,68.38,66.34,2.25,48.79
STU103712,28,Female,67.5,16.85,56.98,70.33,50.21,71.83,1.62,66.18
STU103713,20,Female,100.0,7.72,63.36,67.53,56.92,64.4,2.22,48.77
STU103714,27,Male,98.46,10.96,71.85,60.86,52.86,70.01,2.12,67.3
STU103715,21,Male,86.92,10.3,85.1,43.91,70.44,65.44,3.19,55.88
STU103716,24,Male,98.1,12.98,67.09,83.68,94.58,78.03,2.86,80.28
STU103717,21,Male,76.47,20.14,74.95,96.77,74.47,57.71,3.25,72.91
STU103718,26,Female,90.73,15.04,80.26,55.1,57.19,77.04,2.76,60.38
STU103719,21,Male,60.67,15.15,66.78,57.81,52.66,51.26,2.49,42.93
STU103720,26,Female,65.24,0.0,54.48,36.23,45.74,61.79,0.57,38.06
STU103721,25,Male,79.63,8.77,67.13,63.92,59.11,72.51,1.69,58.11
STU103722,27,Female,66.7,6.92,57.21,68.3,57.86,64.03,2.19,59.38
STU103723,30,Female,63.29,11.79,69.5,59.4,55.12,81.18,2.66,60.38
STU103724,18,Female,77.04,19.39,76.33,67.66,73.15,97.27,2.19,75.06
STU103725,30,Female,75.79,13.51,70.55,70.31,93.53,71.61,1.91,76.7
STU103726,19,Female,100.0,25.15,90.46,69.64,85.65,90.25,3.49,90.95
STU103727,24,Male,87.03,24.67,72.25,83.97,72.87,82.45,2.91,73.09
STU103728,22,Male,100.0,25.06,85.16,100.0,68.38,95.96,3.51,94.9
STU103729,26,Male,78.35,16.42,84.46,78.21,100.0,56.85,2.84,72.97
STU103730,27,Male,84.27,21.09,71.28,77.72,88.69,79.37,2.39,66.86
STU103731,29,Female,77.49,13.24,74.58,63.2,63.62,59.07,2.19,58.66
STU103732,23,Male,68.81,0.85,58.53,55.06,49.06,63.41,1.88,73.07
STU103733,30,Male,71.85,10.09,66.42,64.33,74.84,70.2,2.08,66.2
STU103734,22,Female,85.39,17.03,70.41,54.39,66.04,70.93,1.82,70.04
STU103735,20,Male,74.39,21.25,70.31,67.29,74.69,58.27,2.39,75.48
STU103736,22,Female,61.39,6.35,74.96,54.96,51.93,55.53,2.3,49.2
STU103737,24,Male,81.87,21.33,92.55,74.95,66.11,91.68,2.43,79.34
STU103738,26,Female,63.14,9.86,71.1,52.89,40.01,38.74,1.93,42.52
STU103739,28,Female,53.78,11.6,57.01,70.31,53.29,82.49,1.56,63.98
STU103740,20,Male,63.85,5.17,67.63,70.61,34.99,76.09,1.77,41.22
STU103741,21,Female,64.81,19.11,51.36,69.41,68.38,66.91,2.56,69.45
STU103742,30,Male,69.9,16.06,67.48,42.65,40.56,66.65,2.19,59.16
STU103743,23,Female,86.5,20.85,73.43,67.74,46.16,67.75,2.76,50.73
STU103744,21,Female,85.61,25.74,64.38,78.98,73.93,75.61,3.17,66.47
STU103745,30,Male,92.46,19.4,72.77,76.03,83.61,72.75,2.73,77.55
STU103746,23,Female,71.31,13.96,67.79,54.97,57.7,58.1,3.16,62.74
STU103747,30,Female,54.18,5.08,61.93,54.74,58.44,63.73,2.39,61.88
STU103748,29,Female,87.15,0.43,74.73,71.96,63.07,57.16,1.98,60.98
STU103749,29,Female,66.49,20.21,93.53,74.2,81.56,77.9,2.87,76.25
STU103750,25,Female,88.75,19.53,79.76,93.79,93.56,76.32,2.25,92.67
STU103751,28,Male,76.09,21.93,65.38,67.47,64.19,71.13,2.69,74.1
STU103752,30,Female,100.0,26.52,91.88,73.37,83.35,93.12,3.69,82.99
STU103753,21,Female,100.0,20.06,100.0,87.06,68.51,81.85,2.52,74.07
STU103754,18,Male,92.65,23.8,78.91,44.68,75.14,78.09,2.22,71.9
STU103755,22,Male,96.13,25.86,91.51,86.67,81.77,71.13,3.36,80.7
STU103756,26,Male,68.79,7.02,87.14,63.57,64.11,78.05,2.58,61.28
STU103757,25,Male,78.35,15.4,79.72,88.08,75.91,89.62,3.7,78.66
STU103758,19,Male,95.36,8.36,93.59,60.81,68.75,65.14,2.51,70.91
STU103759,25,Male,47.6,6.96,41.27,55.39,50.23,55.74,2.44,42.94
STU103760,20,Female,63.05,6.57,41.62,60.59,60.68,60.37,1.91,59.33
STU103761,24,Male,73.17,3.47,48.94,72.17,46.49,75.93,1.48,48.86
STU103762,25,Male,65.04,1.09,48.61,48.3,62.49,44.31,1.5,42.74
STU103763,26,Female,83.67,18.77,80.93,83.22,86.17,86.29,2.66,66.47
STU103764,23,Female,99.19,30.29,84.81,99.62,100.0,81.18,3.68,94.84
STU103765,23,Male,60.86,5.23,70.2,70.31,44.8,87.51,1.79,56.08
STU103766,26,Female,71.81,14.78,86.28,90.42,70.82,84.58,2.98,77.98
STU103767,27,Female,100.0,26.23,90.48,85.5,94.94,81.52,3.47,100.0
STU103768,28,Female,87.49,13.28,72.23,59.67,57.3,86.13,3.12,68.42
STU103769,22,Male,80.55,17.76,82.65,69.05,62.59,86.69,2.73,66.03
STU103770,23,Male,76.55,11.04,62.25,78.92,53.65,72.08,2.87,58.09
STU103771,22,Female,78.8,26.1,75.4,72.68,77.62,74.73,2.52,71.6
STU103772,24,Female,100.0,21.29,72.23,81.04,74.46,69.58,3.08,72.26
STU103773,19,Female,69.27,23.9,82.53,55.11,62.47,66.5,1.95,62.43
STU103774,23,Female,79.38,20.15,72.55,66.25,89.59,63.7,2.67,64.43
STU103775,20,Male,78.67,17.58,75.14,76.57,72.98,80.69,2.61,78.91
STU103776,24,Male,58.88,1.68,62.96,62.6,53.76,65.21,1.87,55.41
STU103777,29,Female,88.76,26.22,76.74,70.31,80.13,70.26,2.4,85.93
STU103778,30,Female,58.43,8.37,44.41,61.35,59.85,68.75,1.72,50.09
STU103779,23,Male,89.76,13.95,76.3,72.94,80.18,74.38,2.72,85.26
STU103780,18,Female,77.35,8.98,72.29,78.41,57.86,72.97,2.73,67.01
STU103781,20,Male,63.16,8.86,54.53,46.56,72.68,63.33,2.18,54.79
STU103782,19,Female,74.16,18.89,43.7,58.42,77.73,64.03,2.12,57.89
STU103783,27,Male,100.0,23.19,79.04,93.46,88.81,76.06,3.6,88.11
STU103784,30,Female,77.08,9.82,78.31,53.39,49.83,66.62,2.52,57.98
STU103785,25,Male,65.08,15.04,51.05,80.21,41.71,45.75,2.26,47.44
STU103786,20,Female,73.52,25.31,90.53,71.88,66.72,63.11,3.3,62.99
STU103787,18,Female,55.39,1.18,57.32,63.09,60.77,56.77,2.01,71.8
STU103788,30,Male,56.03,0.23,56.65,35.85,39.93,50.18,2.54,37.86
STU103789,22,Female,79.37,13.09,74.9,45.47,67.72,63.67,2.49,72.71
STU103790,19,Female,62.62,12.31,68.44,76.8,62.64,61.94,2.39,47.98
STU103791,20,Female,86.41,16.21,73.06,74.22,70.51,74.88,2.33,64.76
STU103792,21,Male,78.35,8.39,65.46,38.99,67.15,68.66,2.36,67.36
STU103793,26,Female,67.18,18.34,90.07,67.44,75.57,76.0,3.1,86.47
STU103794,29,Female,93.46,20.03,78.35,92.98,87.14,79.42,2.24,87.47
STU103795,21,Female,56.61,5.07,39.48,45.91,58.66,51.77,1.16,46.95
STU103796,26,Male,92.16,22.42,59.26,48.7,75.03,71.13,3.34,63.18
STU103797,18,Female,65.56,16.14,67.99,61.56,60.99,83.62,2.07,73.19
STU103798,18,Male,94.38,30.42,90.5,84.22,84.59,96.61,3.35,86.75
STU103799,18,Male,72.6,12.71,77.23,79.49,83.02,72.04,2.82,84.93
STU103800,30,Male,86.59,21.48,71.88,78.44,85.8,69.92,2.86,85.55
STU103801,25,Male,66.69,22.48,66.24,44.82,40.19,71.45,1.54,51.66
STU103802,28,Male,59.89,1.08,69.58,54.51,63.41,56.27,2.39,52.35
STU103803,18,Male,81.72,12.17,84.28,60.65,63.59,60.99,2.49,57.73
STU103804,18,Female,71.6,7.66,66.16,73.32,66.02,63.94,2.71,66.47
STU103805,29,Female,100.0,24.47,100.0,79.72,84.25,95.57,3.25,88.39
STU103806,19,Male,76.85,21.27,83.64,62.85,62.04,82.71,2.45,79.71
STU103807,20,Female,42.92,10.34,60.75,53.4,35.9,74.98,2.02,47.35
STU103808,24,Female,53.57,8.95,65.67,51.87,41.57,60.05,1.74,47.46
STU103809,25,Female,100.0,23.52,94.57,96.12,76.99,79.57,3.53,89.14
STU103810,20,Female,73.12,12.55,61.56,79.28,64.31,67.78,2.28,59.48
STU103811,23,Female,77.27,15.04,62.56,79.25,64.47,62.96,2.26,67.24
STU103812,26,Female,90.8,24.45,71.33,69.65,83.45,75.81,3.48,74.49
STU103813,23,Female,78.35,18.28,60.62,63.52,48.66,57.97,2.13,59.3
STU103814,22,Female,35.92,3.84,41.2,52.58,26.28,64.81,1.3,43.32
STU103815,18,Male,78.4,10.97,60.21,50.29,67.37,54.67,2.22,62.03
STU103816,23,Female,90.99,26.63,72.23,61.29,76.65,75.74,2.84,63.79
STU103817,28,Female,75.06,3.72,56.87,57.11,57.56,73.71,2.33,67.62
STU103818,26,Female,62.58,5.18,68.34,37.86,57.43,74.11,2.04,68.41
STU103819,29,Female,87.23,17.39,93.04,91.81,70.1,84.01,2.56,63.96
STU103820,19,Male,66.48,14.79,69.35,81.19,71.88,69.98,2.67,64.67
STU103821,18,Male,87.31,20.35,89.43,71.25,75.06,66.25,2.97,81.14
STU103822,25,Female,85.01,22.42,79.9,74.19,66.72,67.36,2.93,62.46
STU103823,20,Female,64.56,4.61,68.57,48.56,56.86,57.57,1.07,43.82
STU103824,25,Female,85.49,20.16,63.0,96.65,58.67,71.44,2.61,55.27
STU103825,29,Female,78.35,15.96,78.14,75.72,78.55,79.64,2.53,72.1
STU103826,22,Female,100.0,15.44,89.34,77.54,81.57,87.91,3.52,89.4
STU103827,25,Female,86.72,19.68,77.92,76.84,65.64,72.51,2.72,69.24
STU103828,26,Male,88.49,16.99,75.71,62.66,80.53,79.68,3.17,84.43
STU103829,19,Female,54.97,12.03,53.29,53.23,57.93,62.64,1.21,56.73
STU103830,29,Male,86.22,25.55,75.49,84.37,67.36,54.69,2.63,75.01
STU103831,20,Female,67.35,6.22,72.23,57.46,56.94,62.74,2.02,64.38
STU103832,28,Male,92.71,13.64,99.01,92.28,80.62,96.91,4.0,76.56
STU103833,26,Female,100.0,14.95,74.67,63.1,80.78,86.37,3.48,78.77
STU103834,19,Male,52.81,5.12,62.87,49.54,50.86,55.38,2.41,61.5
STU103835,27,Male,75.21,15.76,77.85,70.44,67.36,76.06,3.19,73.88
STU103836,20,Female,76.08,15.19,63.27,54.23,68.22,68.75,2.72,62.89
STU103837,25,Female,91.8,14.11,78.07,83.35,95.14,88.12,2.92,82.69
STU103838,30,Male,60.42,13.88,56.57,48.25,45.19,58.25,1.59,54.65
STU103839,30,Female,51.39,5.06,62.93,48.16,31.21,65.58,1.51,33.89
STU103840,29,Male,72.75,24.02,73.69,68.18,50.98,70.54,1.55,61.03
STU103841,24,Male,47.43,0.0,52.88,39.88,46.76,49.06,1.24,41.44
STU103842,25,Male,82.49,15.04,81.17,45.87,84.2,69.71,2.66,84.72
STU103843,21,Female,83.68,17.81,53.24,65.71,63.2,78.02,2.74,76.03
STU103844,29,Female,100.0,20.46,72.23,89.04,89.0,76.07,2.58,78.02
STU103845,24,Female,78.35,11.39,61.76,48.9,65.41,76.6,2.14,69.2
STU103846,28,Female,80.09,12.47,87.12,61.94,69.74,74.74,2.04,58.43
STU103847,22,Female,67.05,18.19,84.72,72.71,64.24,77.74,3.45,68.6
STU103848,24,Female,62.14,12.68,67.88,53.38,58.39,67.2,2.52,57.68
STU103849,20,Female,94.02,10.68,85.96,87.36,91.97,94.08,2.24,71.39
STU103850,27,Male,79.06,24.13,75.85,75.48,85.2,94.37,2.56,68.36
STU103851,18,Male,73.16,13.33,73.38,56.64,65.53,57.26,2.51,71.02
STU103852,19,Female,77.9,15.3,73.23,54.42,78.1,78.71,2.63,72.03
STU103853,24,Female,78.19,18.84,82.23,99.1,47.95,78.29,2.11,50.18
STU103854,24,Female,98.57,21.5,70.55,79.32,83.5,78.4,2.65,76.62
STU103855,27,Male,79.97,10.44,77.68,75.12,69.54,71.13,2.22,73.87
STU103856,22,Female,70.36,12.5,70.87,48.52,67.07,83.72,2.46,56.52
STU103857,18,Female,57.28,18.77,71.71,59.26,61.0,56.4,1.75,63.01
STU103858,22,Male,70.29,1.98,48.16,55.27,50.92,65.02,2.01,67.24
STU103859,23,Male,89.4,15.04,76.29,67.39,54.45,66.61,2.52,51.35
STU103860,25,Male,53.95,2.57,61.16,67.41,62.66,61.97,2.38,51.86
STU103861,26,Male,85.93,22.24,79.82,76.38,96.51,65.31,3.28,84.93
STU103862,21,Female,100.0,18.07,62.34,72.55,66.51,67.95,2.45,72.98
STU103863,25,Female,66.67,4.16,64.32,61.13,59.06,46.75,1.87,44.65
STU103864,26,Male,100.0,11.94,75.53,72.83,57.33,97.39,2.46,64.15
STU103865,28,Male,62.17,10.6,48.0,49.16,60.6,50.1,2.1,64.59
STU103866,24,Male,53.57,6.8,72.23,61.81,41.76,62.47,1.79,58.76
STU103867,28,Male,65.21,1.73,67.07,57.27,58.88,57.84,2.36,55.97
STU103868,20,Male,67.16,11.17,74.96,68.22,76.96,48.9,2.63,66.35
STU103869,27,Female,70.73,18.93,76.73,90.68,77.03,78.57,3.3,78.63
STU103870,18,Female,78.02,21.95,74.02,100.0,68.59,71.13,2.6,51.66
STU103871,19,Female,90.05,24.64,81.63,84.98,69.78,73.37,2.5,64.37
STU103872,29,Male,60.49,6.84,72.23,41.44,62.71,77.43,1.45,56.79
STU103873,24,Female,69.67,17.74,66.57,62.93,52.19,84.9,2.88,78.35
STU103874,26,Male,100.0,23.29,76.24,100.0,100.0,78.19,3.5,92.87
STU103875,25,Male,62.6,0.0,46.98,46.01,45.43,35.7,1.61,66.47
STU103876,27,Female,70.51,19.49,67.08,73.34,52.19,59.4,2.43,52.75
STU103877,21,Female,68.58,10.86,72.22,66.21,39.79,69.91,2.02,47.46
STU103878,20,Male,62.56,14.77,68.75,60.62,62.14,50.7,2.55,52.55
STU103879,18,Male,74.94,12.43,86.13,84.07,59.1,71.03,2.15,46.01
STU103880,29,Female,84.73,20.13,95.56,81.08,79.94,78.07,3.17,70.43
STU103881,20,Female,78.07,16.57,75.21,72.57,60.82,67.66,2.44,58.58
STU103882,25,Female,62.6,5.72,54.87,53.65,59.85,53.16,1.53,51.71
STU103883,23,Male,69.91,8.21,86.3,51.6,35.39,63.27,1.61,33.49
STU103884,20,Male,67.49,15.38,78.59,61.98,68.69,71.68,2.42,50.07
STU103885,23,Male,100.0,15.03,83.62,68.18,69.91,93.44,3.31,82.97
STU103886,24,Male,100.0,23.89,90.26,100.0,98.54,92.01,3.56,87.12
STU103887,20,Female,83.33,20.57,75.34,88.26,88.64,77.32,2.37,78.2
STU103888,19,Female,51.77,13.82,52.52,48.42,64.54,66.1,2.09,52.36
STU103889,28,Male,57.22,10.46,84.12,87.07,69.88,60.81,2.23,66.92
STU103890,25,Female,96.21,12.97,78.52,85.83,83.65,87.46,3.13,69.13
STU103891,30,Female,70.38,3.4,63.72,57.57,75.17,58.02,2.52,69.9
STU103892,23,Female,89.75,11.24,72.54,80.57,89.08,80.03,2.29,73.7
STU103893,20,Male,43.15,0.0,39.68,37.51,33.98,45.22,1.3,32.77
STU103894,25,Male,82.18,23.19,77.09,86.52,82.28,76.76,2.51,76.36
STU103895,30,Male,70.23,3.46,68.48,69.39,69.66,83.94,1.86,64.53
STU103896,24,Male,78.62,16.64,50.46,64.59,66.8,72.29,2.43,74.36
STU103897,18,Male,96.31,22.47,78.33,74.1,96.27,79.71,3.52,90.33
STU103898,21,Male,55.48,10.46,52.94,55.12,52.86,49.66,1.84,58.7
STU103899,30,Male,73.81,22.47,84.57,77.99,56.45,85.17,2.46,63.0
STU103900,24,Male,86.87,19.61,75.14,91.92,90.41,83.15,2.12,78.02
STU103901,30,Female,66.01,21.69,57.52,78.13,63.89,68.1,2.35,62.51
STU103902,24,Female,52.05,13.06,45.59,61.15,30.72,64.41,1.89,26.35
STU103903,18,Male,92.97,29.83,100.0,77.77,100.0,77.53,2.71,99.35
STU103904,24,Female,78.64,10.37,66.46,47.82,54.58,60.91,2.84,57.8
STU103905,27,Male,83.7,15.04,57.23,47.13,67.91,64.26,2.03,47.26
STU103906,27,Male,78.35,12.51,53.7,63.53,53.55,65.04,2.41,50.0
STU103907,30,Female,73.7,13.6,68.32,57.99,59.1,51.26,2.17,45.63
STU103908,20,Male,48.78,0.0,60.65,55.06,46.11,53.83,1.49,37.32
STU103909,29,Male,82.66,16.3,77.7,79.23,60.1,77.76,2.74,66.48
STU103910,21,Male,63.56,0.0,90.14,69.28,69.07,61.12,1.99,44.49
STU103911,30,Female,83.58,26.75,67.85,54.19,99.03,77.62,2.54,88.82
STU103912,20,Female,88.02,20.49,74.07,70.31,74.49,67.16,1.93,62.73
STU103913,25,Male,100.0,20.66,91.26,92.17,70.12,90.15,2.52,73.9
STU103914,28,Male,63.83,14.36,65.76,70.38,54.82,73.1,2.4,66.47
STU103915,19,Male,74.78,11.43,45.28,59.58,49.91,75.5,2.49,66.47
STU103916,18,Female,60.05,8.6,61.57,50.7,51.04,53.06,1.98,55.39
STU103917,29,Male,78.35,28.51,88.75,100.0,90.66,71.13,3.98,81.74
STU103918,18,Female,97.64,23.7,69.44,67.94,97.49,83.71,2.63,93.55
STU103919,25,Female,82.54,4.51,56.92,65.33,58.6,62.57,1.67,48.86
STU103920,30,Male,86.92,24.51,100.0,100.0,96.66,71.13,3.61,91.65
STU103921,25,Female,97.49,32.07,97.78,87.34,83.09,91.66,3.22,79.56
STU103922,24,Male,49.17,5.13,48.14,59.74,50.85,47.33,1.66,53.79
STU103923,23,Male,79.37,11.69,48.84,47.63,55.33,53.37,2.38,46.65
STU103924,26,Male,87.96,9.23,78.79,76.84,66.39,64.47,2.54,73.54
STU103925,25,Male,72.98,19.36,79.83,61.93,50.21,44.8,2.19,62.86
STU103926,24,Female,78.35,15.85,91.99,67.89,67.17,86.7,2.09,56.19
STU103927,19,Female,90.9,12.98,66.5,85.18,71.11,66.77,3.2,58.1
STU103928,26,Male,57.1,12.21,70.18,43.15,73.9,67.35,1.81,58.97
STU103929,27,Male,81.63,11.39,74.87,91.22,75.43,64.64,3.03,71.72
STU103930,27,Female,91.28,25.43,66.66,100.0,88.16,92.72,3.42,84.5
STU103931,18,Male,66.82,22.55,68.25,68.38,71.09,85.64,2.94,69.86
STU103932,27,Male,70.62,24.68,64.24,81.0,52.41,54.7,2.42,57.19
STU103933,27,Female,88.15,12.11,69.68,61.29,46.57,63.4,2.41,54.16
STU103934,20,Female,87.28,20.23,68.21,67.04,76.43,94.9,3.3,67.39
STU103935,29,Female,65.16,0.0,68.32,69.62,51.39,59.74,2.12,43.7
STU103936,24,Male,80.84,14.17,72.23,69.85,74.84,81.58,2.69,81.99
STU103937,24,Male,75.02,11.58,81.34,76.3,70.07,73.51,2.76,69.07
STU103938,27,Male,91.8,20.85,77.58,100.0,77.07,90.53,2.88,77.12
STU103939,24,Female,67.75,8.9,69.51,68.64,87.28,76.33,2.74,64.59
STU103940,25,Male,53.76,15.94,57.41,66.33,65.22,64.08,1.66,62.9
STU103941,22,Male,69.39,4.75,65.39,46.46,48.4,58.34,1.89,49.74
STU103942,30,Male,96.15,20.0,74.55,65.55,69.8,72.87,2.58,70.41
STU103943,30,Female,63.6,11.88,66.28,63.74,69.89,55.39,2.06,66.97
STU103944,19,Female,64.35,6.71,62.78,56.42,55.1,68.39,2.18,49.21
STU103945,24,Female,80.8,6.83,48.56,68.27,68.23,63.96,1.72,68.29
STU103946,18,Male,78.27,19.39,88.16,65.1,73.66,87.79,3.52,79.66
STU103947,22,Female,67.87,15.24,61.59,49.99,50.79,77.36,1.48,63.2
STU103948,30,Male,100.0,5.26,72.72,57.44,41.56,56.14,1.66,42.28
STU103949,20,Male,93.81,20.62,91.34,81.11,89.44,76.55,2.58,89.43
STU103950,22,Male,76.56,16.42,63.02,68.76,55.15,63.78,2.49,38.17
STU103951,20,Female,96.52,20.63,79.45,78.88,87.29,93.93,3.33,75.56
STU103952,27,Male,79.9,4.04,54.29,58.04,57.55,54.88,2.5,50.22
STU103953,24,Female,72.69,17.39,83.0,75.76,76.56,74.06,3.01,68.22
STU103954,25,Male,65.98,8.41,76.22,83.29,82.45,58.94,2.29,75.8
STU103955,30,Male,99.4,15.86,72.23,88.64,77.4,98.41,3.42,68.05
STU103956,24,Female,99.62,16.31,72.23,78.86,75.56,90.91,3.05,85.57
STU103957,27,Female,89.46,21.11,75.05,63.77,100.0,77.1,3.16,83.38
STU103958,19,Male,83.62,6.41,72.23,79.61,64.97,80.85,2.57,57.48
STU103959,24,Female,77.72,15.04,79.96,57.18,63.16,53.73,1.41,67.82
STU103960,30,Male,93.33,21.46,91.8,91.89,63.9,80.01,3.58,58.19
STU103961,29,Male,92.29,23.13,84.58,100.0,74.65,65.26,3.14,77.41
STU103962,26,Female,75.23,25.77,87.28,90.97,84.22,88.42,2.52,89.19
STU103963,22,Female,76.76,11.43,81.68,79.62,64.29,67.86,2.26,47.38
STU103964,20,Male,72.04,19.05,80.12,86.75,66.68,76.26,2.9,58.82
STU103965,29,Male,68.09,23.47,96.97,76.01,79.75,69.79,2.63,82.47
STU103966,28,Female,84.96,9.33,84.72,60.15,52.7,62.56,1.86,53.04
STU103967,21,Male,89.69,12.85,99.1,80.21,73.45,68.11,2.63,72.68
STU103968,25,Female,63.57,20.55,74.64,55.7,60.09,83.49,2.3,64.81
STU103969,26,Female,66.49,10.37,42.16,57.18,65.41,66.58,2.33,65.11
STU103970,24,Female,78.35,10.13,65.6,55.87,60.59,56.14,1.78,47.31
STU103971,30,Male,67.24,10.6,61.36,67.81,64.65,43.76,2.94,64.67
STU103972,19,Female,47.78,11.52,57.13,54.3,61.77,72.22,1.88,66.47
STU103973,21,Male,90.36,15.74,89.64,65.32,63.2,50.34,2.64,58.86
STU103974,19,Male,66.71,14.98,66.58,65.2,57.58,80.64,2.7,53.31
STU103975,27,Male,71.55,19.49,72.13,97.96,68.38,83.06,2.24,67.03
STU103976,26,Male,82.13,14.48,78.83,76.07,100.0,81.86,2.96,82.44
STU103977,30,Female,97.74,25.46,100.0,83.16,97.13,71.13,3.79,98.71
STU103978,25,Female,92.88,19.41,82.3,91.65,61.97,92.34,3.1,69.26
STU103979,19,Female,62.75,4.15,66.39,62.0,64.56,71.13,2.1,53.99
STU103980,23,Female,65.04,0.0,73.89,59.93,41.06,66.19,1.62,40.0
STU103981,19,Female,91.83,12.89,87.42,91.36,88.27,90.48,3.48,83.63
STU103982,26,Female,76.13,11.95,65.46,99.52,81.98,71.16,3.11,69.62
STU103983,26,Female,100.0,19.21,83.56,87.91,83.66,80.78,2.84,83.61
STU103984,29,Female,93.27,15.74,72.23,79.59,70.1,70.36,3.65,67.32
STU103985,22,Female,53.05,8.33,35.93,49.71,37.62,51.13,1.02,34.46
STU103986,22,Male,80.51,17.5,71.44,65.14,59.67,77.29,2.65,56.99
STU103987,18,Female,99.82,19.6,53.4,78.41,71.19,86.55,2.48,67.9
STU103988,23,Male,87.35,28.91,87.79,67.65,84.69,83.63,2.88,91.27
STU103989,24,Male,93.83,9.32,86.47,89.58,100.0,92.45,2.84,82.33
STU103990,27,Female,91.56,22.42,75.02,58.98,84.33,77.21,2.77,73.35
STU103991,27,Male,71.34,13.05,49.73,53.53,57.94,83.54,2.55,68.03
STU103992,19,Male,63.47,12.94,74.04,67.02,51.8,54.78,1.32,53.74
STU103993,21,Male,85.12,9.22,72.22,80.52,44.54,70.47,3.21,47.94
STU103994,24,Male,81.04,7.38,73.87,61.02,54.48,65.4,2.48,65.6
STU103995,22,Female,100.0,19.2,85.96,82.07,87.39,96.54,3.42,80.22
STU103996,18,Female,56.95,0.0,67.58,42.09,40.92,46.5,1.69,66.47
STU103997,28,Male,77.89,29.96,83.18,70.77,69.78,74.29,2.88,71.17
STU103998,27,Female,75.99,14.09,76.16,80.33,46.97,70.92,3.16,55.49
STU103999,24,Female,83.12,18.4,62.5,65.31,51.73,59.82,1.79,57.74
STU104000,22,Female,54.15,12.98,74.11,38.64,45.57,56.49,2.29,47.96
STU104001,28,Male,78.35,0.0,49.21,34.69,35.71,43.94,1.21,41.95
STU104002,18,Male,71.37,9.19,59.17,55.86,31.04,77.51,2.52,49.06
STU104003,23,Male,60.81,12.22,65.18,61.44,59.67,67.12,2.03,47.1
STU104004,28,Male,92.8,23.65,83.03,79.62,80.77,77.95,3.3,73.98
STU104005,30,Female,62.2,11.96,71.79,50.58,62.47,79.79,1.57,66.42
STU104006,24,Male,80.08,26.48,59.81,81.35,69.35,92.12,2.13,58.59
STU104007,26,Female,50.41,11.8,80.13,35.59,60.34,73.22,1.81,49.28
STU104008,20,Female,81.85,21.17,81.12,67.97,91.76,71.97,3.24,90.94
STU104009,19,Male,34.17,6.42,48.79,52.54,26.38,71.13,1.57,27.53
STU104010,22,Male,98.34,34.34,97.53,99.02,81.24,100.0,3.73,87.35
STU104011,29,Female,69.69,11.04,56.64,65.58,69.49,65.92,2.73,67.59
STU104012,26,Female,40.45,0.0,44.45,47.93,39.61,40.43,0.96,38.55
STU104013,24,Male,63.27,7.66,70.37,64.4,46.89,59.63,2.35,44.28
STU104014,21,Female,67.76,2.88,60.26,60.74,74.03,63.91,1.86,58.9
STU104015,19,Female,77.23,6.15,70.0,68.64,50.55,80.74,2.06,69.5
STU104016,21,Female,76.51,13.31,72.23,70.0,61.13,67.93,2.25,51.24
STU104017,19,Male,80.44,15.04,58.74,75.95,66.64,59.26,1.98,56.42
STU104018,20,Female,64.21,13.34,74.87,58.06,72.35,61.78,2.07,54.86
STU104019,26,Female,66.69,9.57,59.64,54.59,43.91,69.85,1.83,47.47
STU104020,19,Male,90.77,21.75,97.65,81.28,85.54,54.04,2.66,68.97
STU104021,18,Female,100.0,15.88,96.09,83.72,81.61,86.8,3.05,89.89
STU104022,25,Female,69.1,9.08,72.9,85.56,50.06,66.22,2.43,60.73
STU104023,21,Male,84.1,5.34,64.43,74.97,61.58,64.9,2.11,59.94
STU104024,23,Female,57.63,11.08,59.41,50.06,42.12,43.61,2.52,35.93
STU104025,19,Female,74.29,25.04,81.9,55.99,75.8,77.39,2.36,84.01
STU104026,20,Female,77.89,17.27,69.3,88.28,56.56,70.7,2.68,53.03
STU104027,23,Female,78.99,15.02,73.72,63.85,69.74,72.93,2.16,68.19
STU104028,26,Male,74.06,14.72,80.82,77.61,72.54,64.75,3.07,72.33
STU104029,23,Male,74.12,15.77,74.04,73.17,74.98,56.95,2.99,61.85
STU104030,25,Male,60.19,15.05,53.84,66.25,55.07,49.24,1.61,66.47
STU104031,24,Female,92.7,22.61,98.62,77.9,73.8,81.22,3.28,88.35
STU104032,21,Male,68.02,16.95,74.11,70.31,69.18,52.49,2.9,66.6
STU104033,21,Female,100.0,31.56,86.59,83.53,89.89,89.61,3.01,90.26
STU104034,23,Male,80.18,23.02,69.25,100.0,67.99,90.37,2.41,74.99
STU104035,18,Male,100.0,26.99,100.0,84.63,100.0,68.74,2.52,92.46
STU104036,26,Female,92.61,22.58,83.44,88.84,70.53,76.67,2.63,77.16
STU104037,25,Female,94.74,14.43,83.27,100.0,75.93,71.91,2.34,73.74
STU104038,21,Male,70.29,13.16,56.34,72.9,65.07,61.9,1.78,58.74
STU104039,22,Male,59.83,8.72,67.38,61.74,56.32,75.45,2.41,80.89
STU104040,22,Male,82.69,19.95,73.15,77.67,76.97,72.63,2.52,68.36
STU104041,26,Male,79.89,21.05,89.23,63.57,74.26,69.91,2.47,68.13
STU104042,27,Male,63.66,3.04,69.05,79.94,59.77,61.43,1.94,63.75
STU104043,19,Female,100.0,10.71,71.57,77.11,72.57,83.86,3.32,82.16
STU104044,23,Male,75.99,15.01,80.78,69.67,67.6,86.17,2.22,65.6
STU104045,18,Male,82.91,23.38,91.7,70.65,72.17,79.61,2.43,100.0
STU104046,23,Male,67.75,10.58,59.01,55.94,69.77,74.83,1.51,61.32
STU104047,21,Male,82.74,14.94,74.76,81.71,88.77,81.9,3.24,83.27
STU104048,22,Female,91.74,22.5,57.48,86.7,75.03,64.93,3.02,72.99
STU104049,23,Male,98.49,31.73,94.42,86.37,75.43,93.53,2.52,77.73
STU104050,22,Male,90.77,16.52,66.18,91.89,76.7,71.13,2.55,79.92
STU104051,23,Female,81.71,10.87,70.69,46.2,61.02,83.0,2.38,65.25
STU104052,27,Female,72.02,14.14,54.73,82.1,64.9,76.68,3.27,75.35
STU104053,28,Female,87.37,25.07,100.0,76.48,73.58,97.51,3.29,79.52
STU104054,18,Female,71.91,19.27,81.1,74.49,58.89,61.22,2.16,45.73
STU104055,22,Female,82.97,20.91,82.35,47.31,66.12,69.99,2.87,71.65
STU104056,29,Female,57.13,11.25,77.29,66.14,56.03,66.51,2.49,62.42
STU104057,24,Female,47.19,0.88,51.57,58.38,63.28,39.55,1.75,52.19
STU104058,24,Male,53.43,0.0,51.75,47.53,49.43,71.13,1.67,34.7
STU104059,25,Female,74.44,24.28,61.08,74.93,74.87,68.41,2.5,71.72
STU104060,19,Female,97.08,22.35,86.5,87.34,74.48,67.34,2.75,68.9
STU104061,18,Female,87.01,17.0,67.15,81.99,79.3,74.26,2.45,74.02
STU104062,26,Male,99.47,22.42,100.0,67.4,78.2,83.04,2.64,82.27
STU104063,24,Female,86.77,16.81,66.04,84.43,67.3,70.31,3.33,69.1
STU104064,27,Male,77.36,1.52,73.12,78.33,51.57,51.78,1.97,51.67
STU104065,22,Female,85.35,11.46,72.23,70.31,67.71,69.49,2.67,67.6
STU104066,29,Male,92.16,15.0,61.81,59.74,85.23,74.92,2.47,76.61
STU104067,23,Female,61.24,10.44,61.91,52.53,64.61,62.72,2.18,56.69
STU104068,27,Female,83.13,17.77,74.77,76.07,67.6,76.74,2.89,66.47
STU104069,19,Male,70.75,23.96,100.0,76.79,77.39,63.79,2.38,79.85
STU104070,19,Male,80.67,9.94,63.69,72.0,72.17,68.64,2.6,68.0
STU104071,28,Male,79.22,10.12,59.91,60.06,58.66,76.17,2.62,60.31
STU104072,28,Female,100.0,23.75,90.98,85.23,82.44,73.77,3.14,78.4
STU104073,30,Female,83.34,16.3,76.47,77.1,84.74,80.77,2.96,84.27
STU104074,22,Female,75.44,16.91,73.33,62.0,62.56,57.96,2.97,65.05
STU104075,18,Male,64.42,11.72,68.25,74.47,63.51,78.73,2.47,63.0
STU104076,30,Female,63.69,7.53,62.03,53.2,45.56,76.37,1.35,44.19
STU104077,25,Female,95.21,24.41,84.51,93.84,87.53,96.68,3.72,92.56
STU104078,21,Male,96.48,20.51,76.42,76.01,100.0,80.35,2.76,89.34
STU104079,27,Male,87.28,22.64,89.47,85.21,68.24,80.17,3.18,66.47
STU104080,29,Male,33.66,5.02,51.13,32.98,25.27,52.66,0.48,28.65
STU104081,21,Male,65.21,25.41,72.68,65.91,78.29,60.04,2.39,71.91
STU104082,28,Male,78.35,17.71,53.44,57.57,68.34,70.24,2.84,73.29
STU104083,28,Male,89.92,17.87,84.62,80.55,73.32,77.8,2.84,67.61
STU104084,24,Male,54.86,9.13,62.87,82.78,70.86,64.07,2.48,59.44
STU104085,26,Male,74.55,15.34,72.15,71.1,52.94,64.8,2.07,51.04
STU104086,21,Male,77.29,26.02,61.77,75.97,78.76,78.15,2.93,75.66
STU104087,30,Female,59.84,14.64,66.53,59.28,56.6,53.95,2.11,51.97
STU104088,30,Female,65.87,7.99,67.73,70.31,61.19,58.19,2.3,56.65
STU104089,30,Male,81.31,18.42,71.97,83.28,70.92,75.49,3.31,78.72
STU104090,27,Female,88.41,24.14,77.69,89.13,100.0,84.25,3.63,79.64
STU104091,18,Female,71.81,25.1,90.67,62.25,72.76,79.29,3.18,69.45
STU104092,22,Male,91.83,22.96,76.34,93.02,72.78,90.77,3.32,73.23
STU104093,23,Male,75.95,16.7,72.23,61.99,74.12,70.68,2.21,77.47
STU104094,30,Male,88.43,18.06,96.56,80.07,96.34,84.21,3.08,86.96
STU104095,25,Female,54.64,8.51,46.7,54.47,33.19,59.04,1.09,38.21
STU104096,24,Male,99.48,20.18,99.31,86.62,96.52,100.0,3.07,85.79
STU104097,19,Male,100.0,28.36,90.15,100.0,82.65,88.77,3.27,80.26
STU104098,28,Female,81.5,14.99,82.36,72.68,59.98,79.68,2.72,45.69
STU104099,22,Female,89.31,16.94,72.07,85.66,75.94,77.15,2.49,74.53
STU104100,19,Male,77.16,17.68,72.23,54.17,60.94,62.11,2.47,57.49
STU104101,30,Female,78.35,13.73,70.63,61.56,52.62,68.7,2.34,45.96
STU104102,20,Male,83.35,0.0,65.44,61.79,51.97,70.17,1.8,56.19
STU104103,18,Female,77.29,13.72,74.91,79.4,62.18,62.95,3.01,56.02
STU104104,19,Female,79.7,16.39,70.32,65.4,80.92,86.64,2.31,75.08
STU104105,23,Female,71.54,23.81,71.29,86.68,63.29,71.73,3.1,67.68
STU104106,19,Male,100.0,20.71,98.66,93.5,92.93,87.23,2.7,100.0
STU104107,28,Male,71.98,25.19,72.23,74.47,50.86,78.83,2.5,54.77
STU104108,24,Female,78.91,10.35,52.57,46.1,47.87,58.45,1.34,51.24
STU104109,22,Male,100.0,23.48,81.28,78.85,95.49,81.26,3.09,85.73
STU104110,18,Female,61.64,5.58,55.29,34.43,48.2,46.65,2.52,43.76
STU104111,24,Male,57.97,8.45,56.8,66.48,66.27,80.47,2.1,64.53
STU104112,19,Male,86.49,18.23,81.44,79.42,52.24,75.45,2.25,60.77
STU104113,30,Male,99.8,13.56,72.38,71.22,62.09,92.27,2.88,75.21
STU104114,21,Male,50.16,5.74,47.29,37.76,55.77,51.62,1.65,52.85
STU104115,24,Female,84.23,5.09,62.62,56.14,65.27,66.44,2.18,56.56
STU104116,18,Male,45.44,9.68,44.13,56.95,68.42,44.6,1.44,51.98
STU104117,19,Female,73.83,19.58,70.54,78.7,82.53,68.18,2.51,61.66
STU104118,20,Female,94.67,19.76,96.31,90.02,94.08,79.24,2.82,73.02
STU104119,18,Female,71.47,6.46,49.76,40.16,43.53,73.53,2.17,64.52
STU104120,27,Female,89.42,17.51,80.85,77.09,80.08,83.23,2.52,79.24
STU104121,30,Female,92.76,22.15,100.0,79.54,65.67,90.4,2.6,72.95
STU104122,30,Female,78.93,4.77,67.49,68.92,70.79,82.5,2.23,72.64
STU104123,21,Male,63.97,7.61,47.28,41.86,41.01,59.44,1.54,45.69
STU104124,28,Female,60.17,9.44,43.08,63.25,59.68,68.15,2.17,67.0
STU104125,24,Female,63.95,9.19,67.28,53.69,37.61,65.97,2.03,42.34
STU104126,18,Male,100.0,27.19,80.99,89.61,61.79,99.93,3.24,57.34
STU104127,19,Female,80.21,16.23,75.89,65.81,84.25,73.15,2.59,75.59
STU104128,25,Female,70.63,15.04,55.57,55.13,90.2,70.9,1.64,74.16
STU104129,23,Female,74.48,22.42,76.05,95.84,73.39,69.67,2.88,60.54
STU104130,18,Male,67.56,0.0,71.68,52.04,67.56,63.92,1.86,57.32
STU104131,30,Female,75.42,23.53,83.29,71.54,66.92,80.11,2.37,66.47
STU104132,27,Male,68.25,15.04,50.13,44.77,40.28,58.1,1.62,52.0
STU104133,24,Female,68.9,14.96,64.36,70.63,74.41,49.9,2.05,61.53
STU104134,30,Male,83.46,24.46,84.65,68.92,71.39,77.89,2.5,67.14
STU104135,30,Female,100.0,23.36,76.24,89.35,87.29,93.0,3.64,87.94
STU104136,30,Male,96.21,26.28,100.0,86.15,100.0,84.4,3.5,93.42
STU104137,21,Female,70.94,10.33,62.7,62.55,51.9,61.78,2.09,58.87
STU104138,29,Male,71.01,5.75,70.98,72.52,48.82,67.48,1.9,47.97
STU104139,24,Male,77.85,16.43,74.08,88.78,60.34,86.18,2.75,75.01
STU104140,27,Male,78.35,19.93,84.23,81.82,82.11,85.62,3.54,83.71
STU104141,29,Female,67.14,15.04,41.92,39.87,50.37,55.31,1.37,44.03
STU104142,20,Male,78.35,13.18,86.77,64.35,66.14,70.54,2.35,61.09
STU104143,23,Female,69.31,15.84,83.17,64.72,60.93,63.26,1.95,51.94
STU104144,19,Male,78.35,6.86,71.54,50.83,36.59,50.01,1.53,42.32
STU104145,21,Female,70.66,6.09,72.23,60.49,46.54,53.35,2.32,49.66
STU104146,23,Male,79.28,11.91,69.25,55.25,76.86,63.15,1.74,44.64
STU104147,29,Male,85.25,13.83,76.55,72.06,67.4,76.34,2.51,66.02
STU104148,29,Male,89.61,12.24,75.83,71.0,72.44,86.09,2.4,81.53
STU104149,23,Male,88.26,12.04,78.98,72.68,88.76,78.64,2.53,74.6
STU104150,22,Male,82.78,25.48,68.78,94.61,76.78,83.51,3.07,69.18
STU104151,24,Male,80.06,21.15,85.64,68.14,66.67,83.3,1.96,63.94
STU104152,29,Female,69.11,6.48,50.9,53.15,56.69,75.54,1.99,61.88
STU104153,30,Female,77.93,19.49,72.49,71.56,49.56,70.63,2.51,53.03
STU104154,20,Male,71.84,13.17,85.95,86.49,71.97,91.86,2.89,65.73
STU104155,20,Female,100.0,18.61,77.27,74.01,82.71,94.46,3.13,87.15
STU104156,27,Male,89.17,13.52,82.99,54.94,61.98,71.02,2.08,71.73
STU104157,21,Male,57.65,8.06,45.91,51.29,66.21,55.84,2.14,66.44
STU104158,20,Male,86.65,13.55,75.16,69.38,61.99,71.22,2.46,65.46
STU104159,18,Male,71.84,18.5,61.58,90.42,76.43,76.55,2.99,72.72
STU104160,23,Male,93.46,26.28,77.75,69.9,77.86,80.92,2.31,78.62
STU104161,23,Female,52.29,3.66,60.26,45.08,68.57,54.9,2.06,64.87
STU104162,24,Female,67.65,11.62,60.14,65.19,74.96,54.84,2.2,70.14
STU104163,20,Female,83.17,24.36,91.22,71.42,89.37,74.98,3.35,81.68
STU104164,27,Male,82.36,10.49,57.35,55.58,63.68,61.66,2.33,54.51
STU104165,26,Male,85.95,9.57,53.52,71.56,62.12,49.47,2.34,61.11
STU104166,24,Female,100.0,18.27,80.99,85.04,82.21,91.44,3.26,83.75
STU104167,24,Male,70.81,16.78,59.25,64.91,40.58,66.57,2.25,50.86
STU104168,24,Male,100.0,34.8,97.7,100.0,100.0,97.52,3.39,88.58
STU104169,26,Male,73.75,9.85,76.12,51.04,39.11,45.8,1.7,66.47
STU104170,22,Male,91.47,26.1,61.67,63.09,74.63,71.13,2.38,78.43
STU104171,21,Female,67.25,11.72,85.92,79.81,82.49,73.81,2.68,75.43
STU104172,24,Male,90.42,15.85,67.52,71.91,54.94,85.1,2.71,55.59
STU104173,22,Male,80.37,8.12,66.78,97.17,69.39,87.85,2.28,77.71
STU104174,23,Female,94.17,10.92,80.91,89.23,85.84,79.81,2.72,77.53
STU104175,22,Female,55.58,10.02,48.63,79.53,57.58,68.57,2.39,61.15
STU104176,24,Male,74.75,9.44,62.25,54.12,50.35,69.53,2.29,52.79
STU104177,27,Male,100.0,28.01,99.55,89.6,73.24,84.35,3.57,78.81
STU104178,23,Female,78.23,18.45,78.04,78.47,63.51,64.46,2.13,70.07
STU104179,24,Male,65.89,10.33,60.51,61.5,51.6,71.98,1.54,62.56
STU104180,26,Male,49.22,1.1,58.42,53.58,34.86,61.63,1.44,47.58
STU104181,22,Male,88.91,22.9,95.08,93.22,100.0,88.12,2.96,86.1
STU104182,19,Male,72.61,19.64,64.16,56.7,52.5,51.38,1.73,57.13
STU104183,29,Female,100.0,30.52,97.58,84.38,97.6,72.91,4.0,79.35
STU104184,18,Female,80.8,24.51,68.98,72.75,64.09,74.53,1.91,67.67
STU104185,25,Female,91.95,24.74,65.26,67.76,75.17,72.42,2.74,86.12
STU104186,21,Female,69.99,12.73,70.89,62.96,71.75,70.35,2.9,60.08
STU104187,20,Female,100.0,32.4,73.0,93.67,100.0,100.0,3.95,90.4
STU104188,18,Female,65.25,15.04,55.91,32.42,25.09,50.62,1.5,30.9
STU104189,29,Female,78.08,21.45,75.0,80.09,62.81,55.46,3.07,60.97
STU104190,23,Male,75.35,17.55,67.36,72.99,73.83,86.35,2.99,80.22
STU104191,22,Male,74.04,15.04,76.79,74.25,58.48,46.01,2.29,57.73
STU104192,27,Female,85.44,17.91,77.12,63.4,65.8,67.7,2.73,53.78
STU104193,18,Male,58.36,9.12,78.57,57.07,69.7,59.0,2.81,56.47
STU104194,25,Male,78.63,14.43,88.1,85.28,67.05,77.26,2.29,63.14
STU104195,24,Male,78.15,11.56,74.68,67.73,68.54,59.14,2.4,60.66
STU104196,25,Female,54.25,11.66,52.03,60.9,50.46,63.46,1.62,53.84
STU104197,19,Male,85.33,13.87,82.41,62.74,69.05,72.07,2.85,66.47
STU104198,30,Male,92.88,12.9,72.86,75.17,62.75,84.81,2.19,66.47
STU104199,21,Male,75.11,7.71,59.56,75.8,56.45,43.88,2.73,52.65
STU104200,26,Male,100.0,25.13,88.49,92.33,96.05,88.33,3.62,85.53
STU104201,27,Female,90.56,15.04,96.1,82.52,80.94,90.97,3.37,84.17
STU104202,22,Male,92.12,26.04,87.55,85.31,83.2,69.59,2.09,80.95
STU104203,19,Male,91.79,22.56,88.59,82.61,74.79,82.41,2.55,73.23
STU104204,21,Male,76.48,18.1,73.44,91.21,73.02,73.83,3.04,63.25
STU104205,28,Female,100.0,25.54,88.99,83.41,75.76,85.11,3.01,87.98
STU104206,29,Female,99.15,28.51,93.61,94.24,75.46,83.94,2.68,69.91
STU104207,30,Male,78.09,25.02,74.05,77.71,86.32,85.81,2.98,77.18
STU104208,20,Male,77.16,24.1,71.73,53.98,50.09,68.57,2.45,44.16
STU104209,25,Female,73.53,18.77,71.57,73.79,60.38,73.22,2.67,67.18
STU104210,19,Female,82.3,19.87,74.23,61.78,74.9,71.66,2.73,71.82
STU104211,27,Male,86.06,17.7,77.31,89.23,59.95,70.66,3.32,66.97
STU104212,23,Male,82.95,16.08,66.33,56.06,61.2,74.61,2.22,58.48
STU104213,27,Male,79.83,17.37,63.87,54.97,54.46,59.04,2.41,66.47
STU104214,26,Male,95.73,18.41,88.05,78.02,84.35,100.0,3.34,96.29
STU104215,30,Female,63.4,14.86,72.23,64.23,52.33,78.43,1.92,39.89
STU104216,24,Female,50.33,7.22,75.69,47.97,51.26,54.75,1.9,52.1
STU104217,22,Female,56.4,5.88,63.42,60.07,49.69,49.9,1.72,36.37
STU104218,24,Female,59.1,11.95,63.33,52.6,70.77,65.26,2.04,64.73
STU104219,20,Male,95.46,19.85,66.77,82.85,100.0,86.51,3.02,94.38
STU104220,19,Female,92.51,24.98,100.0,79.07,88.52,83.87,3.4,79.06
STU104221,24,Male,69.84,8.79,64.68,92.25,63.43,75.24,2.28,55.94
STU104222,28,Male,85.18,15.04,71.09,70.31,64.91,82.54,3.3,73.61
STU104223,24,Female,77.33,15.92,83.28,74.79,60.27,63.96,2.29,58.44
STU104224,28,Male,43.37,7.83,49.62,56.24,50.54,50.84,2.23,39.88
STU104225,20,Female,78.35,29.68,98.05,87.12,100.0,76.9,2.52,88.8
STU104226,23,Female,100.0,23.15,81.99,89.48,74.38,69.95,3.25,70.01
STU104227,25,Female,80.35,19.33,73.37,64.4,75.69,66.07,2.7,69.03
STU104228,22,Female,70.55,8.83,63.69,49.65,52.05,59.23,1.82,65.82
STU104229,18,Male,72.7,12.2,58.89,55.95,74.54,75.85,2.21,68.04
STU104230,18,Male,56.86,2.01,63.48,62.73,55.18,69.12,2.23,48.21
STU104231,30,Female,96.48,22.41,82.56,65.43,61.66,76.55,2.53,68.91
STU104232,25,Female,87.72,11.04,74.48,64.8,64.58,72.39,3.07,67.36
STU104233,21,Female,81.43,21.03,100.0,69.82,81.13,87.84,2.17,87.68
STU104234,21,Male,58.27,5.06,57.87,64.37,49.36,45.35,1.63,42.28
STU104235,18,Male,100.0,33.88,83.14,79.85,100.0,90.66,2.98,88.66
STU104236,30,Male,69.89,21.64,69.69,75.93,74.03,76.46,2.84,80.27
STU104237,19,Female,81.52,22.55,59.33,80.43,79.4,65.99,2.92,67.46
STU104238,24,Female,78.85,12.7,77.45,78.06,58.83,64.04,2.63,50.49
STU104239,21,Female,54.24,0.0,70.28,49.38,47.25,41.85,2.08,45.98
STU104240,22,Male,84.29,13.59,78.81,84.59,56.13,67.18,2.73,58.68
STU104241,21,Male,76.55,11.49,61.13,72.21,53.64,80.98,2.63,51.41
STU104242,28,Male,88.19,18.75,71.43,59.2,73.99,79.8,3.07,60.39
STU104243,18,Male,83.11,14.3,87.74,83.02,75.18,97.5,3.22,80.96
STU104244,22,Male,90.42,18.16,75.17,78.45,75.58,91.65,2.24,78.21
STU104245,21,Female,100.0,6.32,74.27,90.84,87.34,71.13,2.61,80.86
STU104246,21,Male,100.0,24.32,81.71,100.0,100.0,79.12,2.96,95.64
STU104247,20,Male,87.13,17.97,92.88,64.74,62.57,87.98,3.14,70.25
STU104248,29,Female,96.82,17.69,79.09,91.43,84.89,81.42,2.78,80.0
STU104249,22,Female,74.77,16.61,84.41,74.13,67.64,62.65,2.53,69.5
STU104250,23,Male,54.14,4.41,57.47,41.53,27.77,60.12,1.55,34.98
STU104251,23,Male,74.84,19.14,62.85,82.82,89.39,83.35,1.99,65.74
STU104252,30,Female,50.59,15.07,63.35,55.35,56.13,75.41,2.2,66.47
STU104253,22,Female,87.09,17.92,65.47,73.03,66.75,77.98,1.87,71.87
STU104254,22,Female,61.05,10.11,76.83,60.26,66.73,73.52,1.69,55.68
STU104255,22,Male,90.71,20.41,70.11,82.06,99.17,82.01,2.87,96.9
STU104256,22,Female,83.71,29.89,85.42,94.31,82.76,72.45,2.56,75.57
STU104257,19,Female,100.0,24.73,80.03,99.77,100.0,93.51,3.56,100.0
STU104258,25,Male,95.2,26.02,72.23,97.26,87.3,85.67,3.33,79.37
STU104259,18,Male,73.26,10.31,64.8,34.53,57.58,70.78,2.06,63.88
STU104260,20,Female,62.23,8.05,55.01,71.07,44.87,55.62,2.03,55.46
STU104261,20,Male,100.0,28.3,85.31,100.0,95.32,98.68,3.96,89.78
STU104262,21,Female,100.0,23.35,86.33,92.49,83.3,71.78,2.66,81.4
STU104263,27,Female,73.35,17.2,67.86,69.43,83.62,79.77,2.94,74.36
STU104264,25,Male,78.78,14.1,73.73,70.22,63.12,88.44,2.67,61.51
STU104265,30,Female,81.63,17.38,79.22,78.96,76.48,71.13,3.2,77.31
STU104266,22,Male,58.03,0.0,55.37,68.34,47.86,51.93,1.82,43.19
STU104267,30,Female,69.08,7.66,72.04,63.21,55.55,59.01,2.52,51.99
STU104268,18,Female,75.9,9.94,59.09,56.18,73.62,63.89,2.55,57.39
STU104269,24,Female,76.18,6.83,75.47,67.93,51.19,71.13,2.29,60.47
STU104270,28,Male,72.39,10.72,63.33,61.56,71.01,71.13,2.61,61.54
STU104271,24,Female,100.0,25.8,85.2,88.04,96.77,78.31,4.0,88.68
STU104272,30,Female,78.12,21.87,47.51,66.03,72.29,95.67,2.32,64.87
STU104273,22,Female,78.35,18.93,72.18,78.0,73.58,76.63,2.21,79.21
STU104274,18,Female,89.98,12.48,67.46,83.3,71.9,70.18,1.97,59.29
STU104275,28,Male,82.59,9.83,70.93,71.63,41.17,71.13,2.4,36.48
STU104276,18,Female,81.12,9.22,70.18,70.31,56.53,71.16,2.05,60.27
STU104277,27,Male,91.71,20.83,100.0,82.97,73.28,73.41,3.65,70.75
STU104278,27,Male,72.12,14.49,68.24,92.36,78.75,69.79,3.25,79.18
STU104279,28,Female,59.92,19.99,59.81,69.12,50.1,61.9,2.52,63.4
STU104280,24,Female,70.93,6.08,65.58,74.23,49.75,61.82,2.88,61.83
STU104281,29,Female,78.94,14.22,61.39,73.37,71.59,58.75,2.17,71.41
STU104282,24,Male,73.1,13.04,60.58,64.36,63.63,64.01,2.52,53.97
STU104283,23,Male,85.13,16.81,91.99,83.44,73.64,73.7,2.4,76.98
STU104284,19,Male,93.73,9.11,78.57,67.14,80.32,75.29,2.11,69.32
STU104285,27,Male,96.09,17.89,75.73,80.75,77.0,74.03,2.37,66.23
STU104286,27,Female,84.41,17.94,69.35,53.54,92.33,77.07,2.49,80.78
STU104287,28,Female,87.71,19.06,73.65,54.73,78.32,65.81,2.6,68.09
STU104288,27,Male,50.77,4.51,44.23,26.48,42.37,51.66,1.47,40.52
STU104289,22,Male,74.83,25.76,97.29,97.52,80.77,73.71,2.65,78.32
STU104290,24,Male,74.43,7.7,78.98,73.62,71.53,74.66,2.94,76.31
STU104291,30,Female,64.62,7.92,63.12,45.36,51.04,55.16,1.77,48.99
STU104292,24,Female,87.73,29.21,76.22,97.82,80.55,57.88,2.64,75.53
STU104293,19,Male,84.23,24.19,90.48,69.61,92.16,80.46,2.44,87.39
STU104294,30,Male,100.0,14.76,83.78,88.41,80.67,92.61,3.47,79.28
STU104295,30,Male,98.78,18.5,100.0,68.1,79.9,78.74,2.76,65.75
STU104296,23,Male,74.75,11.69,76.57,81.38,62.69,63.03,2.9,58.25
STU104297,28,Female,100.0,18.52,88.92,80.6,86.17,68.87,2.55,76.24
STU104298,18,Female,61.24,23.16,79.51,59.09,54.99,75.51,2.41,58.15
STU104299,19,Male,97.73,22.26,78.42,61.54,75.37,79.24,2.91,92.02
STU104300,21,Female,70.28,3.67,67.57,55.79,64.72,65.93,1.47,53.02
STU104301,26,Male,89.46,17.84,92.23,72.35,94.72,89.98,3.46,86.5
STU104302,19,Male,58.62,5.35,30.89,34.27,27.72,60.56,1.26,31.91
STU104303,18,Female,81.4,18.58,81.06,86.43,93.96,80.42,2.98,84.83
STU104304,26,Male,90.22,16.67,67.1,81.54,80.55,83.93,3.13,82.64
STU104305,28,Male,84.05,16.92,82.28,73.92,85.01,96.23,3.32,88.9
STU104306,27,Female,64.12,8.49,67.11,40.31,55.29,74.46,1.59,57.49
STU104307,28,Female,68.05,11.61,83.92,74.44,79.6,78.62,2.48,73.69
STU104308,28,Male,72.88,13.53,60.06,72.13,87.54,72.57,2.96,58.18
STU104309,25,Female,77.6,21.12,69.96,64.87,70.66,75.87,2.43,74.55
STU104310,24,Male,59.29,10.2,53.21,57.57,69.71,66.96,1.85,69.87
STU104311,29,Female,84.23,15.31,72.98,49.51,85.65,72.4,2.68,68.56
STU104312,22,Male,46.93,9.59,40.73,49.3,57.91,51.53,1.78,43.82
STU104313,19,Female,82.74,16.31,84.64,61.2,67.95,58.99,1.63,55.28
STU104314,27,Male,58.02,5.62,63.8,65.7,49.09,54.33,1.94,51.6
STU104315,21,Female,90.93,18.68,73.53,81.87,66.42,72.12,2.7,60.45
STU104316,30,Female,78.35,26.21,76.47,75.64,68.38,73.39,2.7,70.43
STU104317,23,Male,99.67,25.77,73.1,95.11,80.85,72.48,2.65,68.13
STU104318,29,Female,100.0,16.26,88.43,78.56,84.07,95.68,3.45,88.95
STU104319,18,Male,72.23,19.08,61.93,51.56,45.22,78.3,2.33,52.71
STU104320,26,Female,76.73,27.28,64.58,86.02,69.66,71.13,3.31,76.9
STU104321,23,Male,81.5,18.68,67.62,81.28,57.87,58.48,2.88,53.78
STU104322,24,Male,85.46,12.15,83.62,79.79,69.65,75.58,2.18,62.18
STU104323,21,Female,94.81,21.11,72.01,82.36,92.7,92.27,3.63,84.2
STU104324,30,Male,100.0,36.04,100.0,86.42,95.88,89.51,3.65,87.69
STU104325,23,Female,74.53,16.59,72.71,52.81,48.05,73.58,2.34,49.08
STU104326,29,Female,73.05,22.74,76.81,70.36,74.34,87.85,3.21,67.87
STU104327,23,Male,83.0,28.58,82.23,58.75,61.76,59.94,2.3,66.47
STU104328,18,Male,87.83,11.95,77.26,69.32,70.76,83.04,2.18,72.93
STU104329,29,Female,80.6,16.03,55.28,89.36,78.76,71.61,2.63,69.72
STU104330,20,Female,82.99,13.95,65.07,60.93,65.16,55.39,2.12,66.61
STU104331,21,Male,44.24,0.0,32.1,31.18,24.79,35.92,1.43,40.0
STU104332,29,Male,92.39,15.01,100.0,92.53,100.0,83.06,3.0,83.46
STU104333,29,Female,73.2,15.85,61.4,58.7,50.84,71.68,2.17,58.35
STU104334,29,Female,75.44,9.79,67.57,63.54,76.35,73.99,2.45,70.77
STU104335,23,Female,59.13,9.83,72.23,80.11,62.23,73.38,2.82,59.19
STU104336,27,Male,67.1,8.5,63.35,63.0,83.62,55.9,1.76,55.18
STU104337,22,Female,72.64,15.29,63.64,83.87,68.38,69.83,2.06,84.89
STU104338,27,Female,78.54,14.13,81.32,93.38,49.62,67.8,2.97,54.08
STU104339,24,Male,74.86,15.52,61.02,53.39,55.76,69.65,2.17,59.8
STU104340,18,Male,78.05,21.74,62.88,70.2,57.35,85.0,2.86,66.47
STU104341,23,Male,70.4,13.51,82.58,67.85,88.97,71.13,2.78,93.66
STU104342,24,Female,78.35,17.58,69.73,75.46,72.35,73.02,3.32,73.06
STU104343,21,Male,81.47,6.32,60.79,50.84,64.45,53.65,1.7,57.3
STU104344,22,Female,50.96,5.7,50.07,74.68,67.49,66.15,1.87,59.45
STU104345,24,Female,88.57,19.21,82.09,79.17,65.37,88.91,2.16,75.66
STU104346,18,Male,65.97,6.43,74.92,87.56,44.92,63.35,1.83,44.21
STU104347,19,Female,63.75,20.22,57.04,55.91,67.04,67.96,2.07,51.33
STU104348,24,Female,70.08,12.1,55.33,78.42,57.44,50.94,1.96,66.47
STU104349,22,Male,74.04,11.7,60.55,86.37,66.88,64.97,2.05,70.59
STU104350,25,Female,81.65,17.95,70.62,68.2,68.63,76.65,2.47,71.16
STU104351,25,Female,73.55,7.58,87.07,71.98,36.14,47.16,2.87,35.37
STU104352,25,Male,48.36,5.27,70.79,66.98,54.43,69.98,1.97,46.92
STU104353,23,Female,97.52,21.76,90.62,73.29,89.12,82.56,2.49,94.03
STU104354,24,Female,100.0,23.63,76.05,100.0,66.75,85.46,3.61,75.25
STU104355,28,Male,50.22,8.78,62.32,40.42,52.8,33.1,1.27,47.35
STU104356,30,Female,59.76,0.0,64.87,47.23,46.71,63.5,2.24,55.82
STU104357,21,Female,99.77,25.11,85.21,76.38,69.1,99.12,2.91,80.48
STU104358,26,Female,100.0,21.7,82.4,89.91,90.69,84.85,3.32,83.68
STU104359,30,Male,63.31,0.0,59.02,49.42,41.84,44.88,1.98,41.16
STU104360,18,Male,90.78,11.28,74.15,72.7,91.51,76.63,2.43,82.51
STU104361,28,Male,100.0,22.05,94.69,87.28,82.46,94.52,2.95,90.04
STU104362,24,Female,78.92,17.78,60.01,49.43,70.6,71.13,1.95,72.08
STU104363,30,Female,94.21,29.32,79.37,99.46,87.03,92.42,3.24,82.01
STU104364,25,Female,79.39,22.1,100.0,75.13,70.33,67.02,2.52,73.15
STU104365,28,Male,64.6,16.32,92.71,69.84,68.11,83.87,2.35,61.2
STU104366,20,Female,56.73,11.22,53.99,59.84,49.43,53.21,1.68,48.03
STU104367,19,Female,94.01,13.11,91.1,70.31,89.62,91.81,2.67,81.43
STU104368,30,Female,93.23,12.11,72.23,70.03,77.69,91.36,3.0,79.34
STU104369,24,Female,95.6,24.62,87.97,78.54,85.78,85.09,3.53,91.88
STU104370,25,Female,90.44,16.76,81.62,76.77,95.42,71.13,2.97,81.61
STU104371,20,Male,75.05,10.66,60.56,79.38,82.76,79.81,2.5,87.38
STU104372,20,Female,100.0,33.87,100.0,100.0,100.0,100.0,4.0,100.0
STU104373,28,Female,75.7,29.47,75.01,71.38,100.0,81.65,3.19,74.22
STU104374,21,Female,88.21,18.29,52.49,83.11,66.85,83.62,2.88,74.36
STU104375,25,Male,78.35,2.22,64.44,46.46,57.8,54.92,2.66,48.27
STU104376,22,Female,61.62,0.0,44.09,60.36,57.8,68.3,1.49,55.9
STU104377,21,Male,59.67,6.93,56.2,54.58,15.88,51.14,1.51,12.73
STU104378,20,Male,55.73,6.25,50.14,54.1,46.6,83.42,1.87,62.0
STU104379,30,Male,85.74,23.84,80.79,89.85,80.48,87.71,3.0,89.68
STU104380,24,Male,96.03,16.9,77.75,89.1,76.76,64.2,2.11,67.8
STU104381,19,Male,65.5,10.97,68.09,44.28,60.42,76.42,2.24,62.31
STU104382,22,Male,82.83,20.19,82.84,80.03,41.8,66.33,2.51,37.46
STU104383,25,Female,66.25,18.72,69.35,59.13,60.87,51.55,2.31,54.87
STU104384,22,Male,87.48,21.64,81.19,93.27,62.13,96.27,2.99,67.44
STU104385,27,Female,63.93,5.25,60.72,68.66,50.88,86.52,2.15,66.47
STU104386,21,Female,79.9,14.34,83.83,62.65,68.68,79.28,2.21,80.25
STU104387,18,Female,78.88,20.62,64.93,67.59,73.75,79.95,2.75,73.33
STU104388,22,Male,79.36,16.41,59.61,65.51,53.26,66.76,2.27,66.73
STU104389,25,Male,100.0,18.16,88.2,97.26,87.59,92.82,2.74,84.17
STU104390,20,Female,76.35,20.86,60.97,71.59,59.0,65.4,2.86,58.69
STU104391,28,Female,62.79,5.14,74.28,62.63,58.94,60.7,1.57,54.58
STU104392,18,Female,77.6,23.46,83.53,73.13,65.2,77.97,2.53,73.58
STU104393,18,Male,67.47,29.33,61.62,71.04,67.95,71.72,2.6,63.33
STU104394,24,Female,94.5,9.5,79.87,73.87,61.46,64.39,2.89,64.86
STU104395,24,Female,52.04,10.42,71.54,41.56,49.23,67.5,2.18,48.67
STU104396,21,Female,84.23,18.3,73.78,82.42,79.82,80.24,3.1,62.93
STU104397,24,Female,100.0,30.27,100.0,90.76,85.47,99.73,3.4,86.06
STU104398,18,Female,42.03,4.33,61.06,69.24,50.78,62.28,1.91,48.88
STU104399,26,Female,78.35,4.73,77.11,85.35,68.29,71.13,2.57,60.98
STU104400,22,Female,57.87,6.52,74.54,62.81,78.57,66.89,2.17,63.74
STU104401,19,Female,100.0,32.87,100.0,100.0,100.0,100.0,3.87,99.09
STU104402,23,Female,94.95,29.18,88.36,90.24,88.14,76.23,2.94,78.96
STU104403,30,Male,89.61,18.72,75.86,73.09,62.65,74.1,2.52,69.22
STU104404,21,Female,57.96,15.0,43.69,42.09,27.74,55.46,1.24,32.17
STU104405,29,Female,62.47,6.62,65.51,57.22,49.54,64.44,2.3,57.92
STU104406,21,Male,86.0,16.6,81.86,75.0,60.6,77.32,2.98,55.23
STU104407,20,Male,55.21,8.54,54.56,53.51,53.22,41.4,1.01,45.79
STU104408,21,Female,65.37,5.14,35.42,52.75,54.19,48.6,2.11,53.61
STU104409,22,Female,81.7,20.67,77.83,81.27,70.05,76.87,2.49,78.61
STU104410,19,Male,57.83,8.77,65.24,83.25,68.23,76.02,2.24,61.12
STU104411,25,Male,87.68,21.59,65.89,69.53,63.63,96.58,2.33,79.91
STU104412,22,Male,73.74,18.4,56.61,51.92,55.14,71.13,2.04,60.95
STU104413,27,Female,91.11,22.35,63.86,70.7,83.18,65.14,2.63,85.86
STU104414,24,Female,77.09,14.39,67.52,72.92,77.26,75.5,1.79,58.35
STU104415,23,Female,71.23,15.51,99.39,86.39,77.6,86.64,3.41,77.54
STU104416,24,Male,70.53,12.13,68.78,60.82,73.81,66.16,2.74,67.09
STU104417,20,Female,84.65,20.36,85.57,62.11,94.11,84.84,3.51,86.03
STU104418,27,Female,73.61,18.48,82.98,77.09,81.75,85.73,3.17,85.15
STU104419,19,Female,70.84,15.04,69.82,82.84,52.78,58.72,2.48,61.81
STU104420,27,Male,76.84,12.54,64.73,66.86,63.53,67.23,1.86,63.8
STU104421,30,Male,60.91,4.53,61.77,48.68,63.67,48.71,2.52,41.43
STU104422,27,Female,54.4,4.3,40.46,46.06,52.05,37.5,1.46,40.73
STU104423,23,Male,74.03,17.12,71.12,49.24,67.82,67.9,2.52,66.47
STU104424,22,Female,73.29,13.85,81.06,65.82,47.34,76.01,2.43,45.55
STU104425,29,Female,61.08,6.1,67.09,70.1,39.12,59.58,2.08,41.75
STU104426,24,Male,69.38,13.89,72.23,56.35,60.74,56.61,2.17,63.41
STU104427,24,Male,83.87,25.51,88.36,84.57,68.38,91.6,3.16,90.44
STU104428,28,Female,100.0,22.51,77.91,83.33,77.95,78.47,2.8,73.85
STU104429,29,Female,56.96,10.34,55.87,44.54,62.26,50.21,1.64,62.3
STU104430,29,Male,77.15,13.09,53.55,68.42,50.07,68.84,2.66,65.65
STU104431,19,Male,83.51,15.72,80.67,66.27,66.7,73.36,2.6,71.16
STU104432,29,Female,61.25,8.16,77.7,57.79,72.16,81.2,2.3,60.73
STU104433,19,Male,78.64,9.71,66.48,57.24,45.68,71.1,2.04,47.52
STU104434,25,Female,82.59,15.38,68.83,62.57,75.62,75.19,2.7,66.73
STU104435,30,Female,78.52,15.04,88.46,83.18,84.77,66.4,2.35,73.49
STU104436,26,Male,91.59,22.81,65.05,82.56,81.22,89.99,3.2,90.8
STU104437,30,Female,70.83,12.35,59.95,59.96,60.51,71.8,1.69,61.23
STU104438,22,Female,66.96,12.24,75.76,76.1,77.03,60.91,2.87,73.52
STU104439,22,Male,60.96,12.64,56.32,60.6,68.38,71.13,2.45,65.0
STU104440,22,Female,59.23,12.31,63.08,37.05,35.25,53.93,1.48,50.05
STU104441,22,Female,63.93,9.05,52.1,66.37,76.83,77.5,2.47,66.47
STU104442,26,Female,54.48,8.12,65.17,48.81,54.87,68.96,1.95,28.54
STU104443,23,Male,81.45,15.04,85.83,87.5,93.64,76.17,3.0,82.49
STU104444,27,Female,95.65,23.75,86.17,81.92,91.47,71.13,3.24,84.09
STU104445,23,Male,65.93,15.93,74.61,46.37,84.77,47.55,2.35,64.93
STU104446,22,Female,79.12,12.24,66.8,61.63,53.05,49.78,2.59,49.58
STU104447,20,Female,92.1,15.34,87.01,92.3,97.01,75.32,2.92,74.97
STU104448,25,Male,98.95,24.88,87.14,86.93,74.4,77.87,3.46,76.43
STU104449,29,Male,51.12,5.78,52.63,43.05,59.59,59.32,1.93,49.96
STU104450,29,Female,78.35,7.29,84.42,61.9,76.63,74.68,2.52,72.78
STU104451,21,Male,78.38,18.36,82.68,64.45,67.54,72.57,2.39,72.28
STU104452,24,Female,72.37,4.45,67.9,59.44,39.02,71.13,1.88,49.4
STU104453,27,Female,77.45,15.04,77.22,68.38,73.97,73.94,2.31,75.29
STU104454,25,Female,65.59,12.27,71.55,44.54,54.69,71.13,2.14,54.66
STU104455,18,Male,68.38,11.39,77.76,62.5,70.36,61.42,1.95,65.8
STU104456,25,Male,74.4,11.27,88.02,83.1,57.79,67.59,2.94,48.74
STU104457,18,Male,77.44,1.1,52.0,46.85,44.44,62.7,1.45,42.57
STU104458,19,Female,55.83,0.0,60.32,34.42,36.06,58.11,2.52,50.6
STU104459,26,Female,89.34,15.12,80.54,94.49,76.04,72.86,3.16,81.33
STU104460,19,Female,59.04,9.93,49.79,80.74,59.65,63.44,2.54,49.19
STU104461,22,Male,93.74,25.08,100.0,89.77,99.7,99.12,3.82,90.55
STU104462,25,Male,99.96,19.94,72.23,94.42,96.95,89.84,3.86,100.0
STU104463,26,Male,80.97,15.04,75.65,66.6,49.1,62.68,2.22,45.58
STU104464,23,Female,100.0,25.82,94.32,100.0,87.86,100.0,3.65,77.24
STU104465,19,Male,88.0,21.97,85.1,69.38,73.63,86.41,3.67,76.04
STU104466,28,Male,64.3,12.94,71.63,62.4,56.55,63.99,2.77,55.15
STU104467,30,Female,33.08,6.22,50.63,29.99,27.65,36.17,1.46,37.17
STU104468,29,Female,89.75,22.37,90.22,81.29,69.03,63.9,3.23,74.79
STU104469,27,Male,76.34,9.75,80.69,85.37,81.24,72.89,2.82,71.37
STU104470,23,Female,86.74,6.72,71.08,78.05,76.23,80.79,2.29,71.59
STU104471,29,Male,76.49,6.03,69.78,58.82,54.03,59.07,2.37,57.54
STU104472,24,Male,56.56,5.62,55.59,66.95,57.85,68.04,2.45,63.62
STU104473,19,Female,74.68,4.4,68.96,58.97,58.54,63.47,2.54,57.5
STU104474,29,Male,76.15,16.16,62.24,82.5,94.95,62.39,2.83,78.84
STU104475,22,Female,75.49,13.04,85.75,58.27,57.38,71.8,2.85,71.26
STU104476,30,Female,73.17,10.02,61.24,52.61,58.59,66.39,2.45,59.05
STU104477,22,Female,72.09,7.28,51.99,45.49,46.6,54.28,2.0,51.09
STU104478,29,Male,72.16,12.5,73.54,43.86,57.93,79.36,2.68,68.04
STU104479,24,Female,54.04,4.52,48.01,46.46,58.82,72.99,2.13,52.24
STU104480,24,Female,85.72,29.05,78.5,100.0,79.82,85.77,3.17,74.62
STU104481,21,Male,74.06,10.43,72.23,33.61,62.46,59.85,2.59,62.48
STU104482,28,Female,52.07,13.79,83.54,50.7,64.39,52.13,2.85,64.73
STU104483,18,Female,100.0,32.21,95.48,100.0,96.37,98.81,3.42,94.45
STU104484,30,Female,72.65,17.55,65.26,57.01,80.52,68.39,2.47,65.3
STU104485,22,Male,63.58,10.53,57.21,60.87,67.96,59.32,2.72,59.14
STU104486,25,Female,82.08,23.74,97.3,76.49,57.27,72.39,2.75,61.01
STU104487,21,Female,50.65,2.04,54.28,33.32,49.14,66.06,1.15,38.38
STU104488,26,Female,83.21,27.59,85.52,94.47,94.95,92.36,2.81,94.83
STU104489,23,Female,74.42,14.79,69.55,79.68,56.71,91.08,2.7,74.48
STU104490,20,Male,90.14,16.61,82.15,69.6,62.84,85.93,2.6,57.69
STU104491,20,Female,33.0,0.0,32.12,41.48,32.67,38.77,0.55,33.96
STU104492,27,Female,71.76,15.25,82.58,53.76,74.52,71.13,2.73,72.99
STU104493,21,Female,69.48,3.14,63.15,56.08,54.15,58.93,1.77,59.57
STU104494,21,Male,91.94,13.5,84.52,72.37,86.01,88.3,3.5,71.98
STU104495,26,Male,78.16,23.62,70.77,69.17,94.48,80.65,2.63,78.06
STU104496,22,Male,88.04,16.29,75.14,94.44,67.66,77.43,2.57,63.54
STU104497,23,Male,75.43,5.83,57.86,57.84,43.96,63.83,1.93,47.09
STU104498,21,Female,99.96,32.24,88.61,96.47,83.97,95.23,3.53,79.51
STU104499,22,Male,67.93,11.96,51.47,100.0,66.43,76.71,2.77,77.83
STU104500,27,Female,78.35,23.25,82.13,79.83,93.07,86.03,3.21,88.73
STU104501,24,Female,73.97,7.59,70.02,41.58,78.73,61.61,2.98,60.66
STU104502,30,Female,84.91,12.63,81.62,72.45,90.78,89.95,2.16,75.65
STU104503,28,Male,83.89,16.62,50.12,48.45,64.42,69.41,2.57,73.76
STU104504,18,Female,88.81,19.81,98.72,86.64,72.58,82.66,2.73,70.7
STU104505,22,Female,80.11,21.79,89.4,63.91,67.72,60.5,2.96,76.52
STU104506,21,Female,100.0,17.19,77.79,90.86,87.0,92.17,3.62,91.98
STU104507,25,Male,76.66,11.72,95.93,92.47,84.6,77.17,2.9,67.83
STU104508,21,Female,91.15,10.24,73.76,97.83,74.06,68.13,1.9,60.33
STU104509,30,Male,83.96,20.95,77.14,79.93,66.42,71.13,2.64,61.0
STU104510,24,Female,100.0,22.6,92.17,86.16,79.2,98.52,3.47,87.92
STU104511,24,Male,93.26,15.55,86.13,74.37,77.47,69.98,3.25,89.95
STU104512,19,Male,85.32,19.4,74.6,63.87,70.56,82.68,2.67,73.78
STU104513,29,Female,54.3,6.33,43.23,39.94,42.55,43.61,0.8,38.32
STU104514,24,Male,86.83,21.56,76.39,93.96,69.2,68.7,3.32,73.95
STU104515,28,Female,64.09,7.84,60.54,49.96,42.92,53.91,2.52,46.5
STU104516,22,Female,84.81,10.94,79.87,92.01,67.7,83.68,2.57,65.17
STU104517,18,Male,80.82,20.6,83.93,59.57,68.83,62.98,2.52,68.92
STU104518,27,Male,46.85,5.99,53.17,52.46,40.72,55.04,1.97,48.47
STU104519,23,Male,84.53,18.58,76.58,61.56,75.82,61.57,3.2,68.41
STU104520,30,Female,98.6,29.84,88.11,99.53,100.0,97.72,3.66,88.96
STU104521,27,Female,69.88,8.4,78.51,64.32,66.1,59.97,2.28,68.93
STU104522,25,Male,90.85,29.08,77.25,78.49,80.32,74.96,3.02,63.28
STU104523,30,Female,100.0,29.0,90.77,93.32,83.06,100.0,3.67,79.42
STU104524,28,Male,86.49,20.34,81.38,85.25,85.92,73.69,2.93,79.55
STU104525,23,Female,86.04,9.07,50.5,69.61,54.47,68.37,1.56,63.31
STU104526,18,Female,72.07,22.17,79.28,80.96,81.6,76.24,2.8,77.72
STU104527,19,Male,93.62,23.85,74.36,66.22,92.13,78.31,3.15,78.59
STU104528,23,Female,98.65,24.39,100.0,89.4,78.85,76.54,3.57,84.74
STU104529,25,Male,94.24,14.96,78.78,78.58,76.31,84.95,3.44,74.19
STU104530,18,Female,55.83,0.0,41.37,52.29,39.56,41.15,1.1,42.54
STU104531,19,Female,62.63,9.54,72.31,62.77,44.74,59.7,2.12,42.86
STU104532,27,Female,87.38,12.32,78.41,72.3,68.22,76.84,2.88,62.44
STU104533,27,Male,64.15,3.99,70.81,55.71,52.57,49.12,2.3,55.94
STU104534,18,Female,28.46,0.0,31.61,20.29,21.93,27.24,1.17,35.29
STU104535,24,Male,58.68,18.0,54.23,62.56,68.38,71.13,1.9,41.71
STU104536,19,Female,90.64,18.69,96.2,82.43,73.24,84.89,2.26,78.41
STU104537,27,Male,80.83,12.02,71.38,56.51,86.26,49.44,2.12,53.33
STU104538,28,Female,62.21,5.77,63.71,71.88,51.54,62.44,1.67,39.82
STU104539,29,Male,82.86,17.05,79.76,76.24,54.2,69.89,2.06,48.34
STU104540,25,Female,78.35,18.08,63.82,53.59,80.23,81.36,2.84,73.12
STU104541,26,Female,69.55,10.18,63.02,55.5,53.51,59.67,2.41,59.74
STU104542,30,Male,100.0,25.18,76.78,100.0,85.21,83.3,3.27,76.47
STU104543,25,Female,73.69,17.91,74.07,69.42,61.59,63.48,2.65,55.82
STU104544,23,Female,50.01,13.21,50.5,50.99,42.87,58.15,1.55,51.08
STU104545,27,Male,66.58,3.81,66.49,48.58,57.28,65.11,1.77,49.34
STU104546,25,Female,75.98,15.88,80.51,66.29,58.54,72.51,2.29,69.68
STU104547,24,Female,86.61,27.57,93.77,91.75,65.69,80.02,3.07,62.38
STU104548,24,Female,60.98,11.54,67.46,57.29,60.77,70.54,1.58,66.07
STU104549,29,Male,72.68,29.62,79.87,68.98,100.0,99.02,2.47,91.66
STU104550,18,Female,76.23,14.67,69.16,48.36,79.28,64.78,2.39,68.28
STU104551,18,Male,94.92,18.37,96.24,83.09,91.8,95.93,3.87,92.35
STU104552,19,Female,90.4,13.1,75.04,67.43,100.0,75.49,2.79,82.56
STU104553,25,Male,73.75,7.46,48.01,65.36,41.86,73.61,2.51,59.34
STU104554,27,Male,82.96,22.21,74.0,82.34,82.77,73.59,2.83,61.57
STU104555,20,Male,91.42,23.78,87.15,93.17,95.88,88.06,2.89,85.02
STU104556,20,Male,72.38,13.3,72.23,53.63,52.95,65.99,2.48,59.37
STU104557,29,Female,61.88,9.48,49.76,58.24,56.75,56.99,1.86,61.91
STU104558,27,Female,83.99,27.79,75.85,77.79,68.42,78.1,2.55,66.92
STU104559,26,Female,92.93,11.23,53.24,60.82,65.49,100.0,2.01,49.5
STU104560,24,Female,64.95,5.54,63.08,62.13,53.58,47.4,1.53,31.1
STU104561,23,Male,78.67,14.27,80.31,89.84,53.4,73.83,2.92,56.42
STU104562,18,Male,77.51,5.31,73.99,63.06,50.13,76.52,2.62,66.47
STU104563,20,Female,66.68,0.0,58.44,48.16,49.8,44.97,1.47,44.74
STU104564,29,Female,75.85,19.37,60.85,81.11,46.27,71.77,1.72,40.59
STU104565,22,Female,90.77,18.88,73.98,88.7,79.94,93.23,3.47,80.51
STU104566,27,Male,89.34,21.0,72.23,71.38,68.38,83.06,3.13,85.91
STU104567,27,Female,80.76,22.83,88.07,78.64,64.88,78.54,2.5,74.5
STU104568,22,Male,82.67,10.67,64.63,69.33,80.43,73.77,1.55,68.0
STU104569,20,Female,80.27,14.4,66.72,68.11,76.16,68.61,2.46,67.38
STU104570,24,Male,75.69,15.48,72.79,63.07,66.98,70.12,2.39,59.64
STU104571,19,Female,69.73,6.18,61.93,50.9,50.08,75.06,1.54,57.69
STU104572,24,Male,80.63,3.19,71.19,67.98,60.11,60.64,2.29,56.12
STU104573,29,Female,73.71,14.39,71.83,60.31,55.87,64.99,1.91,65.92
STU104574,27,Male,93.98,21.09,85.59,86.58,77.58,76.92,3.21,78.67
STU104575,27,Female,90.77,22.14,92.37,91.8,91.66,85.69,3.87,90.25
STU104576,19,Male,74.15,8.81,57.9,54.98,48.73,50.56,2.0,38.62
STU104577,20,Female,81.74,20.17,69.89,58.69,82.18,69.89,2.49,68.16
STU104578,21,Male,74.72,14.35,75.56,74.96,57.57,42.49,2.27,65.44
STU104579,24,Male,78.26,9.76,72.23,64.41,73.56,71.13,2.66,58.39
STU104580,20,Female,60.14,17.59,75.31,81.74,63.95,66.9,2.42,66.47
STU104581,30,Male,97.99,21.07,84.79,95.9,90.84,78.65,2.85,82.34
STU104582,20,Male,70.77,10.82,72.3,74.92,70.51,65.82,2.35,67.63
STU104583,27,Female,83.75,11.49,66.38,74.65,77.74,67.02,2.37,72.34
STU104584,25,Female,74.81,4.63,82.13,83.48,85.03,79.08,2.51,71.36
STU104585,25,Female,70.4,5.79,56.15,60.94,46.61,55.59,2.63,56.8
STU104586,20,Male,78.08,17.63,55.16,49.52,84.24,71.13,2.77,69.95
STU104587,21,Female,81.58,14.56,78.69,80.71,77.81,94.52,3.0,83.02
STU104588,25,Female,93.35,32.38,79.51,92.4,68.04,86.7,3.67,64.82
STU104589,21,Male,81.87,0.0,35.96,47.13,60.86,73.2,1.99,52.07
STU104590,27,Female,41.59,1.97,50.98,78.55,57.4,68.18,1.17,40.28
STU104591,18,Female,80.08,7.94,79.57,69.13,73.68,75.13,3.11,74.13
STU104592,18,Female,83.23,26.25,87.07,88.07,78.17,74.36,3.0,78.24
STU104593,27,Female,93.33,20.42,79.58,85.96,63.21,78.18,1.89,60.09
STU104594,26,Male,92.69,17.75,91.86,83.75,71.1,80.06,2.28,70.88
STU104595,18,Male,63.16,0.0,52.75,53.54,52.9,52.09,2.21,66.47
STU104596,29,Male,78.48,5.58,55.82,67.56,58.24,83.23,1.66,69.29
STU104597,18,Male,53.6,3.07,53.98,43.41,30.7,54.33,1.87,42.35
STU104598,24,Female,76.34,10.76,73.7,70.31,63.6,58.76,2.46,55.02
STU104599,27,Female,47.24,0.0,38.33,34.09,33.08,52.41,1.67,29.68
STU104600,30,Female,91.1,22.63,84.03,82.35,77.56,85.13,3.08,76.03
STU104601,30,Male,92.95,22.27,92.7,75.38,94.25,90.85,3.46,90.02
STU104602,22,Female,79.77,7.1,75.77,71.39,57.69,70.82,2.68,60.38
STU104603,27,Male,44.71,15.04,62.8,48.63,68.38,43.9,1.73,66.47
STU104604,20,Male,90.75,10.72,69.8,79.24,67.19,84.43,2.31,66.37
STU104605,24,Female,100.0,22.52,78.23,75.89,93.41,100.0,3.56,92.31
STU104606,21,Female,80.25,18.3,68.62,66.03,64.53,72.13,2.1,62.09
STU104607,24,Female,100.0,22.35,92.03,74.23,80.4,82.03,3.42,66.47
STU104608,24,Female,71.11,18.02,76.43,64.48,53.53,76.28,2.33,64.43
STU104609,23,Male,62.73,2.74,61.38,57.57,60.05,57.64,2.23,51.69
STU104610,19,Female,74.1,16.11,84.87,80.16,48.83,77.98,2.52,54.74
STU104611,22,Female,55.57,0.0,50.74,48.69,43.36,50.6,1.14,41.42
STU104612,28,Female,99.4,38.46,90.69,95.56,82.57,87.04,3.46,84.56
STU104613,24,Female,84.53,15.31,60.78,61.07,63.15,67.28,2.81,55.81
STU104614,25,Male,84.25,17.39,80.1,76.76,75.08,79.41,2.6,79.46
STU104615,23,Female,63.88,13.6,76.73,51.38,69.32,66.5,3.16,80.61
STU104616,21,Male,59.32,6.73,67.61,57.59,32.12,44.89,1.64,24.86
STU104617,25,Male,89.56,21.66,96.14,94.25,66.53,87.28,2.86,61.22
STU104618,24,Female,61.89,11.23,64.99,42.29,65.34,39.64,1.87,64.18
STU104619,29,Female,81.75,24.64,90.07,74.49,68.82,80.75,2.34,73.64
STU104620,26,Male,72.6,22.25,67.77,73.88,68.38,82.44,2.31,56.5
STU104621,30,Female,90.56,14.7,83.56,83.01,64.7,65.01,2.89,76.17
STU104622,28,Female,75.09,19.18,66.72,51.41,53.71,63.7,2.29,55.52
STU104623,19,Female,71.16,16.51,72.34,70.31,60.23,65.49,2.61,62.78
STU104624,23,Female,66.45,3.81,49.36,61.86,58.39,57.58,2.47,59.05
STU104625,23,Female,92.8,20.13,83.43,74.29,60.86,77.05,3.07,71.99
STU104626,18,Male,86.53,17.35,88.25,72.08,75.25,75.6,2.41,76.44
STU104627,20,Male,92.78,12.16,52.77,65.36,63.0,66.25,2.74,79.67
STU104628,27,Female,69.27,13.16,73.34,68.83,60.19,67.48,1.82,67.88
STU104629,22,Female,100.0,18.25,72.84,100.0,100.0,100.0,3.39,100.0
STU104630,19,Female,51.7,15.2,45.9,54.53,61.89,61.83,1.83,50.87
STU104631,21,Female,50.02,8.79,55.25,49.85,64.61,53.39,1.68,55.83
STU104632,21,Male,90.49,5.3,85.42,75.74,47.66,81.18,1.83,62.21
STU104633,20,Male,71.45,16.45,68.21,69.17,68.15,78.7,2.03,63.94
STU104634,19,Female,81.83,23.8,87.4,83.86,88.8,90.11,3.04,81.79
STU104635,27,Male,85.37,26.2,70.55,88.72,69.86,81.49,2.61,78.84
STU104636,28,Female,88.47,23.8,70.82,59.94,68.04,75.42,2.91,74.71
STU104637,24,Female,77.9,27.46,76.72,73.08,87.19,82.2,3.2,81.3
STU104638,26,Female,83.45,16.5,91.58,65.59,71.48,86.48,2.35,74.39
STU104639,24,Female,88.41,30.33,86.7,88.16,68.38,71.13,3.57,78.65
STU104640,28,Female,77.29,14.12,68.58,60.01,70.14,72.23,3.18,67.72
STU104641,18,Male,77.8,15.81,74.89,58.74,64.06,72.37,2.11,58.65
STU104642,30,Female,74.11,5.38,71.55,75.68,79.07,73.76,2.46,81.99
STU104643,18,Male,36.4,0.0,46.06,14.11,24.54,44.88,1.49,29.85
STU104644,18,Female,71.4,12.63,75.47,66.25,71.42,78.43,2.39,69.58
STU104645,23,Male,86.24,21.26,77.41,81.33,76.16,73.7,3.49,85.39
STU104646,27,Male,91.34,19.43,59.79,70.31,87.28,85.8,2.59,89.9
STU104647,19,Female,84.62,15.04,84.88,56.75,68.42,66.02,2.48,70.31
STU104648,21,Male,90.37,15.65,79.7,86.86,72.44,74.39,3.1,67.05
STU104649,21,Male,91.47,15.16,71.71,91.73,72.77,68.1,3.09,68.55
STU104650,23,Female,90.14,21.61,93.52,97.37,84.67,81.39,3.25,83.88
STU104651,30,Female,77.16,14.65,94.54,69.32,78.66,80.6,2.06,75.46
STU104652,22,Male,77.67,15.04,79.58,68.26,64.79,69.58,2.22,58.44
STU104653,20,Female,62.95,8.74,67.3,36.96,61.98,45.39,1.65,37.72
STU104654,19,Female,82.21,28.04,71.0,70.31,75.47,84.99,2.52,64.57
STU104655,20,Female,76.04,23.54,79.52,64.54,65.54,80.32,3.0,62.72
STU104656,19,Male,70.75,13.07,76.6,73.56,68.38,62.76,2.67,64.25
STU104657,25,Male,76.4,10.06,63.97,70.69,63.05,73.87,2.09,61.44
STU104658,23,Female,89.24,22.91,78.97,93.75,67.09,86.14,3.46,61.07
STU104659,24,Male,79.36,9.6,42.72,66.6,77.93,55.33,2.25,62.41
STU104660,28,Male,73.52,11.41,86.77,62.68,64.9,85.13,2.39,78.42
STU104661,25,Female,82.27,16.54,56.97,68.5,84.37,68.02,2.4,74.32
STU104662,20,Male,81.1,10.88,84.6,84.63,86.71,65.93,2.75,90.03
STU104663,22,Female,51.86,13.57,60.26,73.24,60.48,47.67,2.19,55.35
STU104664,22,Male,92.13,16.37,77.55,88.16,74.73,62.73,2.27,69.46
STU104665,28,Female,69.06,13.38,62.8,72.72,49.09,59.32,2.44,53.46
STU104666,21,Female,67.29,11.92,66.75,75.89,53.28,57.25,2.18,64.72
STU104667,19,Female,90.87,26.58,0.0,80.83,68.22,70.13,3.14,81.39
STU104668,27,Female,54.51,0.0,70.07,61.33,44.33,57.65,2.84,51.76
STU104669,23,Female,92.05,26.6,80.07,90.69,81.84,93.92,2.76,86.12
STU104670,19,Male,74.45,21.8,62.23,76.33,72.54,65.79,2.12,61.06
STU104671,26,Female,56.97,6.52,43.95,60.14,32.25,51.16,1.74,27.07
STU104672,20,Female,100.0,25.79,95.45,79.39,79.95,90.22,3.31,80.64
STU104673,29,Female,86.86,15.04,72.85,87.59,63.81,71.13,2.96,80.9
STU104674,28,Male,81.32,12.86,66.72,69.35,87.31,76.63,2.51,87.74
STU104675,22,Male,89.28,21.31,75.64,92.45,59.37,85.43,2.71,53.1
STU104676,25,Female,75.51,28.45,86.34,85.79,100.0,93.78,2.71,97.39
STU104677,25,Female,73.84,7.27,62.28,66.7,76.04,77.21,2.12,80.77
STU104678,26,Male,86.74,21.06,78.1,57.06,50.01,62.44,2.66,65.13
STU104679,18,Male,76.34,17.66,87.01,71.93,66.07,67.83,2.64,61.83
STU104680,22,Female,63.27,16.08,67.34,53.59,68.18,73.75,3.05,73.21
STU104681,20,Male,62.84,0.0,39.82,42.91,41.75,49.89,1.12,30.47
STU104682,27,Female,91.03,12.57,82.08,77.58,67.97,61.55,2.72,56.41
STU104683,18,Male,88.78,16.29,95.94,70.14,100.0,82.5,2.94,66.47
STU104684,24,Male,92.0,11.47,88.42,88.84,70.89,81.9,2.87,67.61
STU104685,27,Male,70.99,12.75,61.73,83.34,44.25,64.78,1.77,37.38
STU104686,30,Female,83.36,18.64,100.0,77.37,90.46,82.53,3.41,82.45
STU104687,21,Female,68.46,15.04,75.32,78.44,50.06,51.08,2.71,61.83
STU104688,18,Male,67.32,7.9,77.74,32.77,49.67,51.67,1.41,56.96
STU104689,27,Male,81.28,19.39,94.46,85.31,86.17,69.64,3.51,76.66
STU104690,18,Male,61.78,14.15,73.12,62.93,74.7,66.33,2.29,65.73
STU104691,18,Male,100.0,20.44,84.57,100.0,93.88,92.52,3.88,95.82
STU104692,30,Female,87.22,15.04,75.15,79.1,79.63,77.76,3.06,82.49
STU104693,29,Male,86.09,9.1,70.76,72.12,64.98,56.61,2.72,67.77
STU104694,27,Female,75.34,20.5,74.92,73.27,94.95,85.86,2.46,74.29
STU104695,28,Male,100.0,28.51,91.9,93.45,98.22,98.38,3.41,92.77
STU104696,18,Male,98.69,24.66,81.25,80.04,78.28,73.02,3.76,73.51
STU104697,19,Male,77.12,17.19,72.63,70.76,70.23,71.13,2.24,77.72
STU104698,21,Male,100.0,22.61,95.53,95.85,100.0,100.0,3.79,95.84
STU104699,18,Male,85.37,14.39,79.17,74.05,65.73,66.44,1.89,65.33
STU104700,29,Male,77.77,10.81,70.98,67.37,64.57,86.29,2.49,64.17
STU104701,18,Male,84.69,11.12,62.27,55.73,50.07,68.84,1.68,59.34
STU104702,25,Female,66.21,7.73,44.05,70.52,38.78,59.28,1.43,46.4
STU104703,29,Male,71.69,16.57,69.97,65.62,62.96,70.3,2.46,54.87
STU104704,27,Male,76.58,14.62,74.17,79.26,62.3,61.3,2.71,67.12
STU104705,21,Male,97.24,8.82,66.78,73.0,70.29,64.83,2.31,59.57
STU104706,24,Female,58.12,7.53,58.06,61.69,49.07,52.82,1.51,42.18
STU104707,25,Female,82.15,21.0,77.88,75.67,78.71,59.92,3.21,80.48
STU104708,27,Female,77.2,9.1,59.44,34.9,48.3,65.14,2.68,51.5
STU104709,23,Female,74.1,19.08,74.04,76.41,92.35,76.38,3.24,81.81
STU104710,21,Female,88.59,11.17,85.45,70.34,91.74,80.87,2.39,78.68
STU104711,28,Male,73.93,12.96,68.21,62.56,68.56,81.04,2.72,59.29
STU104712,29,Female,60.8,8.68,70.66,65.96,63.48,50.74,2.67,66.47
STU104713,24,Female,84.0,18.2,78.24,100.0,75.3,87.79,2.68,84.6
STU104714,18,Male,89.03,22.88,79.31,65.79,72.91,69.76,3.32,77.94
STU104715,24,Male,85.33,13.44,68.06,70.31,65.16,84.05,2.65,68.14
STU104716,29,Male,90.19,24.96,87.55,86.64,71.73,76.74,3.12,74.04
STU104717,30,Male,69.56,17.94,75.2,71.35,65.16,88.81,2.58,78.71
STU104718,23,Female,80.6,12.92,55.16,63.73,83.27,56.11,2.34,64.28
STU104719,19,Male,70.2,2.29,67.01,64.31,56.74,63.47,2.4,54.33
STU104720,25,Female,73.81,12.43,90.29,64.34,81.92,74.42,2.83,73.33
STU104721,28,Female,94.63,30.28,81.72,76.97,92.36,86.96,2.36,68.61
STU104722,30,Male,96.61,30.32,78.58,89.72,75.73,75.73,2.97,82.56
STU104723,18,Male,92.6,19.31,69.86,63.52,68.9,60.8,2.54,69.05
STU104724,21,Female,97.87,23.65,81.61,77.83,78.98,79.33,3.66,87.94
STU104725,24,Female,64.31,8.77,63.58,66.7,74.47,74.82,1.44,60.63
STU104726,19,Male,63.35,9.5,70.41,55.22,63.05,62.96,1.9,48.79
STU104727,29,Male,57.44,5.05,42.11,45.43,68.56,67.24,1.31,56.48
STU104728,19,Female,74.4,11.54,69.29,53.38,63.89,58.33,1.77,50.81
STU104729,26,Female,60.35,0.16,70.46,55.14,60.57,55.57,2.21,60.3
STU104730,29,Male,93.1,31.83,100.0,100.0,86.15,90.87,3.32,90.34
STU104731,26,Male,87.98,4.2,85.56,78.7,58.56,74.18,1.9,71.89
STU104732,27,Female,84.85,18.71,65.25,59.57,73.71,75.49,2.4,80.14
STU104733,21,Female,97.84,29.71,100.0,100.0,90.64,99.86,4.0,95.6
STU104734,28,Male,64.05,18.82,62.17,50.55,57.8,52.59,1.22,50.97
STU104735,23,Female,68.61,12.93,83.29,84.21,80.36,65.3,2.62,78.46
STU104736,18,Male,97.82,24.4,100.0,91.66,95.77,94.09,2.52,96.91
STU104737,22,Male,72.42,14.74,73.32,71.0,74.49,72.5,2.41,66.47
STU104738,22,Female,100.0,32.48,94.83,93.82,100.0,100.0,4.0,84.0
STU104739,24,Female,89.48,19.26,100.0,75.87,76.17,79.92,2.66,90.8
STU104740,21,Female,91.03,16.92,69.24,98.38,77.87,82.42,3.66,88.59
STU104741,24,Male,91.06,25.8,84.13,83.23,100.0,100.0,3.59,98.1
STU104742,23,Female,62.28,15.01,59.17,79.25,71.68,73.8,2.49,68.33
STU104743,22,Female,84.99,7.03,68.13,65.06,64.97,72.52,1.74,76.65
STU104744,27,Female,59.93,6.18,73.68,67.2,56.41,55.28,2.09,58.82
STU104745,21,Female,69.53,21.42,56.35,65.38,58.63,59.89,1.19,46.2
STU104746,27,Female,77.51,18.76,66.29,68.15,70.49,80.57,2.67,69.44
STU104747,21,Female,75.82,17.77,60.09,62.09,58.6,72.01,2.66,69.4
STU104748,29,Female,98.21,24.56,93.37,81.41,96.07,87.69,3.37,98.49
STU104749,22,Male,79.82,22.01,73.88,82.46,72.7,60.09,2.75,68.24
STU104750,18,Female,100.0,23.91,99.85,74.32,74.67,93.88,4.0,66.47
STU104751,19,Female,41.58,3.04,45.04,49.35,36.19,60.02,1.52,30.53
STU104752,28,Male,66.02,8.91,61.8,41.98,62.83,58.69,1.7,54.01
STU104753,29,Male,68.31,7.73,74.86,70.31,54.51,71.52,2.52,54.8
STU104754,20,Female,92.49,23.43,91.55,100.0,100.0,83.39,3.96,99.96
STU104755,25,Male,73.49,12.28,72.7,59.85,71.36,66.86,2.66,76.51
STU104756,25,Female,59.06,2.37,55.94,58.65,72.3,56.44,1.63,66.69
STU104757,19,Female,79.08,10.83,73.79,78.49,53.98,73.04,2.36,46.67
STU104758,23,Male,78.35,0.0,54.17,50.64,41.09,65.64,2.06,48.15
STU104759,27,Male,68.74,11.95,56.14,48.03,48.72,63.34,1.66,41.6
STU104760,30,Female,100.0,34.8,95.71,96.34,79.91,88.65,3.32,82.95
STU104761,29,Male,76.25,8.26,82.18,78.5,59.08,69.29,2.32,69.33
STU104762,19,Female,85.54,21.59,68.43,94.93,86.16,61.57,3.12,92.07
STU104763,21,Male,93.08,14.28,63.28,61.75,63.98,72.6,2.73,71.21
STU104764,23,Male,63.68,13.44,72.23,73.5,48.86,50.31,2.23,49.21
STU104765,19,Female,76.52,3.48,74.25,55.74,60.72,48.81,2.38,56.8
STU104766,25,Male,86.63,10.35,72.23,55.32,77.53,69.77,2.35,69.79
STU104767,18,Female,85.52,19.69,75.74,71.54,53.51,79.41,2.79,71.49
STU104768,19,Female,100.0,18.64,97.55,83.63,71.85,74.66,3.3,67.03
STU104769,18,Male,100.0,16.98,65.49,81.59,80.24,85.8,2.24,75.11
STU104770,21,Male,60.67,5.15,68.53,60.4,41.02,56.97,0.82,38.16
STU104771,27,Female,87.78,3.89,78.99,83.14,68.38,91.05,3.07,66.47
STU104772,20,Female,87.95,19.49,82.62,87.58,88.31,89.07,2.44,85.57
STU104773,30,Female,65.51,14.44,74.66,81.74,56.56,44.48,1.61,59.18
STU104774,21,Female,100.0,17.92,75.89,72.48,75.09,71.13,2.3,80.94
STU104775,18,Male,91.18,23.15,78.65,71.67,80.46,85.28,3.11,75.38
STU104776,22,Male,78.94,13.06,68.93,68.5,60.61,76.92,2.65,66.47
STU104777,27,Female,72.48,26.94,92.16,73.11,63.34,72.97,3.01,56.54
STU104778,19,Female,69.66,5.6,66.21,54.33,67.33,66.81,2.23,61.28
STU104779,18,Female,92.43,25.83,94.29,77.29,92.77,94.63,3.17,82.87
STU104780,29,Male,60.93,1.81,65.86,34.87,46.5,59.05,1.81,50.48
STU104781,25,Female,64.92,19.4,73.17,83.1,74.49,71.13,2.99,69.07
STU104782,22,Female,93.47,16.0,73.63,70.31,71.33,79.99,2.64,63.51
STU104783,27,Male,82.32,18.34,86.98,80.44,77.76,84.35,2.84,63.9
STU104784,28,Female,55.97,7.36,80.48,59.38,47.92,46.18,2.42,49.7
STU104785,22,Female,91.9,19.82,72.23,78.06,86.18,80.49,2.82,70.97
STU104786,25,Male,76.84,3.18,74.19,54.88,56.48,69.87,2.83,64.35
STU104787,18,Male,63.25,15.04,45.61,50.2,76.79,55.6,2.1,56.33
STU104788,21,Male,75.9,3.32,72.37,50.42,60.77,71.13,1.95,61.66
STU104789,25,Female,82.54,13.29,63.53,57.26,72.35,86.97,3.1,72.97
STU104790,20,Male,65.21,15.04,50.77,54.21,37.78,56.04,1.25,40.67
STU104791,30,Male,97.62,28.65,92.17,82.89,100.0,90.86,3.24,98.47
STU104792,30,Male,94.0,18.58,76.91,82.2,76.11,82.91,2.79,66.47
STU104793,21,Male,89.45,13.74,72.94,75.43,96.09,75.43,3.54,94.19
STU104794,23,Male,100.0,26.73,78.56,95.28,82.44,80.91,3.77,90.91
STU104795,20,Female,67.71,9.15,69.14,70.2,44.4,59.58,1.98,42.78
STU104796,24,Male,78.13,9.67,76.69,55.22,72.89,69.6,3.22,68.8
STU104797,19,Male,46.47,3.09,57.37,53.69,41.07,40.19,0.93,36.27
STU104798,23,Male,78.43,7.62,71.26,64.6,59.09,66.24,2.42,57.47
STU104799,25,Male,100.0,25.34,91.51,91.23,100.0,87.68,3.38,79.91
STU104800,25,Male,82.52,6.17,70.81,45.18,57.79,60.37,2.1,51.03
STU104801,25,Female,63.0,18.67,81.71,59.74,77.45,87.68,2.52,64.93
STU104802,20,Female,70.43,12.07,67.36,57.25,44.87,66.35,2.6,50.24
STU104803,28,Female,74.82,17.13,77.11,81.94,69.21,87.45,2.39,61.56
STU104804,26,Male,77.04,16.51,86.71,93.8,80.53,77.61,2.52,80.38
STU104805,27,Female,51.33,9.52,65.27,46.94,39.24,45.25,1.34,38.67
STU104806,24,Female,71.2,11.3,46.06,56.73,42.83,65.47,2.33,48.72
STU104807,29,Male,95.6,20.09,87.32,95.23,87.63,87.64,3.68,82.01
STU104808,23,Male,85.04,20.17,83.11,74.84,75.23,84.23,2.16,74.28
STU104809,28,Female,81.08,16.38,52.43,52.59,62.99,84.77,2.66,73.54
STU104810,20,Male,78.35,36.33,97.95,96.51,84.0,90.44,2.66,70.05
STU104811,21,Male,66.53,8.77,67.79,58.99,61.58,60.68,1.81,47.2
STU104812,24,Female,91.76,20.59,64.06,83.42,66.99,77.6,2.54,63.37
STU104813,25,Male,81.52,13.81,72.23,78.87,67.74,71.6,2.78,59.9
STU104814,27,Female,81.68,18.16,74.74,87.19,70.87,79.59,3.0,62.34
STU104815,21,Male,57.73,4.51,39.7,70.31,33.62,51.15,1.65,38.85
STU104816,29,Male,65.17,9.03,62.37,70.31,42.83,70.79,2.27,49.44
STU104817,22,Male,86.15,24.08,74.92,63.23,76.69,64.7,2.8,69.6
STU104818,24,Male,86.02,6.91,76.82,72.77,61.07,84.08,1.94,64.05
STU104819,30,Female,91.83,25.86,96.13,84.82,86.19,84.71,2.77,82.89
STU104820,25,Female,89.21,27.05,89.53,85.18,100.0,97.85,3.44,87.55
STU104821,26,Female,84.8,13.28,54.25,76.42,58.28,54.05,2.15,55.34
STU104822,29,Female,99.24,21.3,87.73,88.61,82.91,75.12,2.95,82.29
STU104823,30,Male,67.22,11.02,67.31,57.04,48.05,59.05,2.45,43.04
STU104824,24,Male,70.88,13.32,46.03,63.12,70.27,67.73,2.07,64.9
STU104825,23,Male,69.59,13.31,89.59,83.53,74.61,80.68,3.08,50.13
STU104826,20,Female,73.65,11.24,64.73,65.32,49.6,72.35,1.67,52.2
STU104827,24,Male,97.57,20.07,81.73,76.83,68.67,91.57,3.41,79.26
STU104828,29,Male,75.1,16.59,51.25,37.07,66.67,61.73,2.44,54.25
STU104829,24,Female,57.35,10.81,80.39,53.7,53.97,59.48,2.55,61.69
STU104830,22,Female,87.76,20.03,82.31,86.45,67.26,85.19,2.61,77.45
STU104831,19,Male,64.07,11.42,70.38,47.65,70.92,52.91,2.85,64.22
STU104832,23,Female,68.65,12.54,51.06,65.88,72.49,68.01,2.52,77.84
STU104833,21,Female,100.0,25.99,87.48,86.35,71.66,79.74,3.17,69.49
STU104834,30,Female,85.62,10.88,77.9,61.31,79.9,68.14,2.97,79.24
STU104835,24,Male,65.16,9.78,55.81,62.76,33.91,30.89,1.67,42.66
STU104836,19,Male,87.9,19.23,69.11,78.81,68.94,82.14,2.48,64.16
STU104837,18,Male,76.44,15.77,67.37,64.04,50.96,77.44,2.58,59.09
STU104838,29,Female,55.38,13.97,49.07,42.77,45.85,46.01,1.48,34.61
STU104839,30,Female,78.35,0.0,40.07,54.82,37.32,47.9,1.7,45.18
STU104840,27,Female,87.29,26.49,91.78,68.32,66.58,84.84,3.32,85.04
STU104841,19,Male,61.1,9.25,63.87,48.2,53.0,57.34,2.15,66.47
STU104842,19,Male,69.59,3.26,58.53,57.43,43.29,62.15,1.94,46.81
STU104843,20,Female,78.35,16.65,67.72,67.13,77.89,85.36,3.17,71.6
STU104844,27,Male,83.31,14.68,79.71,99.6,78.89,80.77,3.0,93.77
STU104845,27,Female,73.46,12.81,62.68,51.37,72.33,68.01,1.96,57.43
STU104846,28,Female,98.75,15.3,72.56,88.24,61.71,78.04,2.43,58.29
STU104847,19,Male,100.0,33.35,100.0,100.0,100.0,99.44,3.86,100.0
STU104848,19,Male,88.78,26.54,95.13,92.3,95.83,69.37,3.3,85.43
STU104849,29,Male,91.89,23.28,77.25,75.86,77.19,90.15,4.0,100.0
STU104850,30,Male,84.1,6.7,78.64,76.83,67.99,85.17,2.62,83.58
STU104851,27,Female,85.16,5.72,50.82,78.61,65.86,59.74,2.52,67.19
STU104852,19,Male,84.69,14.26,74.38,54.47,77.44,63.53,2.59,75.94
STU104853,18,Male,90.71,17.52,83.64,86.02,52.93,90.17,2.95,65.96
STU104854,18,Male,63.43,12.15,49.09,60.85,48.03,61.67,1.53,57.54
STU104855,26,Male,60.2,0.0,63.97,79.96,62.62,49.12,2.09,58.31
STU104856,28,Female,49.62,15.04,58.31,58.02,50.96,54.19,2.08,42.53
STU104857,26,Female,78.41,20.6,100.0,74.21,71.14,57.95,2.5,59.21
STU104858,21,Female,84.59,13.81,96.12,77.81,52.74,69.87,2.82,61.34
STU104859,27,Female,66.15,8.75,68.12,50.17,54.9,63.96,2.21,66.47
STU104860,18,Male,92.42,11.86,74.36,71.0,74.04,84.85,3.05,85.35
STU104861,28,Female,59.11,14.03,63.5,58.95,46.29,60.56,2.38,55.2
STU104862,29,Male,64.6,8.44,74.96,56.9,70.52,78.19,2.08,57.2
STU104863,27,Female,98.63,25.15,65.17,72.9,74.04,80.26,2.38,66.23
STU104864,29,Male,95.28,27.9,62.9,100.0,71.0,63.55,2.87,62.24
STU104865,25,Male,66.0,16.81,53.61,79.07,77.92,68.46,1.81,71.91
STU104866,24,Male,74.14,16.23,81.15,47.11,75.22,74.26,1.87,75.41
STU104867,22,Female,76.25,7.91,71.46,61.69,60.11,61.53,2.07,66.47
STU104868,29,Male,82.64,11.05,74.0,55.9,64.3,78.52,2.47,66.83
STU104869,27,Female,84.84,25.7,83.7,83.35,63.24,80.19,2.93,69.51
STU104870,24,Male,83.3,17.3,76.07,78.49,66.44,68.93,2.38,71.85
STU104871,30,Female,73.05,22.17,72.79,88.2,60.13,76.67,2.69,60.03
STU104872,18,Female,81.16,19.05,78.3,64.5,68.03,71.13,3.03,76.93
STU104873,25,Female,76.32,6.47,76.45,48.47,39.73,60.75,1.76,42.86
STU104874,20,Male,75.39,16.06,79.57,72.07,81.64,63.28,2.88,62.04
STU104875,24,Male,84.99,24.22,76.89,70.33,68.11,80.32,3.33,84.36
STU104876,23,Female,99.35,19.29,82.85,76.99,85.17,75.43,2.19,79.67
STU104877,23,Female,66.93,8.41,77.36,73.71,50.76,63.85,2.24,48.75
STU104878,24,Male,87.97,16.46,78.07,84.89,83.0,71.68,3.36,73.78
STU104879,27,Male,51.39,8.7,54.36,52.11,37.7,60.42,1.72,36.76
STU104880,22,Male,77.82,9.83,63.34,65.71,56.35,61.39,2.77,49.68
STU104881,30,Male,68.77,16.32,76.49,51.05,59.38,75.42,2.58,56.17
STU104882,24,Female,50.41,20.15,52.1,36.33,68.38,70.27,2.49,50.29
STU104883,20,Male,66.88,15.85,74.73,78.79,51.81,69.65,2.56,49.97
STU104884,18,Male,82.33,25.35,61.2,65.05,85.38,64.88,3.26,85.21
STU104885,20,Female,43.45,0.47,50.73,63.58,45.18,45.28,1.69,45.57
STU104886,26,Female,62.18,16.05,67.35,62.41,62.42,68.47,1.82,53.9
STU104887,25,Female,61.49,10.79,70.33,51.83,32.19,56.11,1.4,23.7
STU104888,22,Male,100.0,34.15,100.0,100.0,96.13,87.27,3.88,88.49
STU104889,24,Female,73.24,22.67,70.99,81.88,81.56,71.39,2.96,85.65
STU104890,28,Female,76.94,15.84,68.59,66.24,60.17,77.49,2.45,69.3
STU104891,25,Female,94.69,20.84,68.56,73.57,65.04,83.26,3.25,72.65
STU104892,18,Male,95.51,13.54,68.14,76.66,72.81,77.16,2.68,72.94
STU104893,18,Female,88.88,28.9,96.69,84.91,76.87,86.65,3.15,86.62
STU104894,24,Female,65.77,0.86,49.17,54.34,39.28,54.94,1.87,43.05
STU104895,23,Female,94.69,29.13,100.0,77.55,88.12,87.37,2.69,100.0
STU104896,29,Female,78.76,27.69,85.57,85.42,94.88,77.82,3.08,85.07
STU104897,24,Female,61.58,19.79,70.47,54.51,66.34,73.73,3.3,61.82
STU104898,27,Female,69.3,24.62,71.74,68.78,57.58,82.17,2.12,47.86
STU104899,25,Female,28.16,1.65,51.02,36.21,18.72,42.43,1.17,24.12
STU104900,22,Male,65.24,0.9,51.48,46.12,76.88,61.94,1.47,57.31
STU104901,26,Male,79.83,21.06,81.89,73.01,69.93,68.3,2.43,61.92
STU104902,26,Female,95.81,12.76,83.84,78.26,87.61,86.26,2.61,85.86
STU104903,27,Female,90.27,18.92,83.14,73.29,60.3,60.02,3.19,64.94
STU104904,20,Female,82.61,12.43,69.42,76.76,59.53,76.14,2.16,58.29
STU104905,26,Female,93.67,29.74,88.45,96.25,100.0,100.0,3.91,98.73
STU104906,21,Female,94.19,16.92,87.01,90.9,71.47,76.51,2.82,66.47
STU104907,28,Female,65.63,8.67,55.38,86.19,54.74,64.66,2.35,61.21
STU104908,28,Male,100.0,30.6,100.0,100.0,98.29,100.0,3.74,97.87
STU104909,24,Female,74.63,14.3,61.96,42.53,48.18,52.58,1.39,46.99
STU104910,30,Male,78.35,6.18,52.04,46.96,55.46,60.2,1.84,61.86
STU104911,24,Female,71.53,24.09,71.18,78.86,56.38,60.1,2.41,49.28
STU104912,18,Female,73.43,8.73,58.0,57.54,57.7,71.13,2.52,50.57
STU104913,25,Male,61.35,16.21,68.87,61.18,69.91,64.98,1.98,58.62
STU104914,28,Male,73.51,21.49,80.8,82.17,73.02,54.25,2.61,54.58
STU104915,19,Male,81.33,13.08,82.99,66.79,55.02,61.22,2.71,45.98
STU104916,19,Female,88.36,15.04,74.66,87.24,63.75,70.31,2.99,64.71
STU104917,21,Male,68.85,10.9,62.33,68.85,58.56,88.21,2.32,64.54
STU104918,28,Male,50.37,0.0,53.51,68.09,34.69,45.09,0.91,28.44
STU104919,24,Female,63.33,5.28,62.99,47.39,49.52,49.05,1.63,51.79
STU104920,30,Male,68.46,11.4,53.46,59.01,63.24,69.77,1.95,56.84
STU104921,29,Female,65.17,15.26,52.72,52.22,66.76,34.67,2.22,41.62
STU104922,25,Female,80.12,7.36,87.67,59.48,57.27,80.06,2.01,66.47
STU104923,26,Male,95.72,26.04,83.46,93.09,85.04,90.99,3.54,86.74
STU104924,22,Male,78.01,16.57,68.51,55.77,80.8,65.74,2.54,75.01
STU104925,19,Female,54.28,8.68,58.06,45.01,54.97,63.88,2.19,58.85
STU104926,23,Female,68.23,15.46,58.19,66.36,67.8,65.67,1.26,67.25
STU104927,25,Male,95.34,25.15,73.54,67.5,88.34,87.29,2.74,75.71
STU104928,20,Female,93.63,24.46,77.58,72.48,94.78,91.6,3.72,80.8
STU104929,20,Female,80.82,20.83,72.34,76.17,73.44,76.3,2.55,71.7
STU104930,18,Male,59.03,5.12,51.45,56.49,34.75,56.5,1.21,35.88
STU104931,27,Female,74.74,10.07,68.02,69.89,78.01,78.95,2.58,66.47
STU104932,29,Male,82.7,15.25,62.47,78.64,76.35,71.51,2.52,75.77
STU104933,28,Male,75.39,13.86,67.22,61.62,68.64,70.07,2.46,67.22
STU104934,22,Female,63.7,8.77,76.05,78.59,51.4,54.5,2.38,40.0
STU104935,25,Male,78.35,11.24,62.01,74.81,78.89,55.49,2.44,60.37
STU104936,30,Male,78.35,12.06,63.91,54.77,68.21,49.25,2.28,49.16
STU104937,25,Male,70.23,6.76,73.31,55.29,47.68,62.6,2.4,45.35
STU104938,21,Female,87.95,27.47,79.81,65.71,98.94,82.16,3.18,87.41
STU104939,22,Female,94.04,24.64,100.0,89.36,92.63,69.59,2.93,87.16
STU104940,27,Female,66.38,1.4,76.81,53.7,62.18,64.32,2.64,65.62
STU104941,23,Male,79.77,9.95,76.16,68.43,63.6,64.92,2.52,69.95
STU104942,28,Female,78.43,5.31,73.51,71.2,77.23,76.39,2.38,74.58
STU104943,29,Female,100.0,27.69,100.0,82.49,68.38,100.0,3.64,89.72
STU104944,18,Male,93.64,18.56,74.74,71.52,100.0,91.93,3.09,82.28
STU104945,27,Male,84.8,20.76,76.63,83.09,67.88,78.14,2.71,78.92
STU104946,22,Female,75.74,19.44,86.89,65.48,84.15,69.83,2.33,70.86
STU104947,24,Male,78.73,12.18,64.24,73.9,58.67,50.37,1.8,52.53
STU104948,21,Female,95.09,20.28,81.93,92.93,82.55,71.98,2.18,75.81
STU104949,22,Female,81.09,18.89,72.66,68.79,67.51,89.65,2.7,62.31
STU104950,22,Male,69.97,7.55,46.09,56.11,59.01,64.04,2.13,55.77
STU104951,18,Female,91.39,10.34,85.76,70.55,64.8,85.74,2.34,56.49
STU104952,28,Female,96.5,24.81,80.38,75.57,76.12,71.13,3.4,80.81
STU104953,19,Male,42.25,4.55,60.05,61.07,29.6,48.74,1.09,24.58
STU104954,22,Female,56.74,16.71,61.02,61.53,36.72,71.13,2.36,35.93
STU104955,20,Male,90.35,10.99,71.92,57.49,70.16,55.19,2.83,66.47
STU104956,20,Female,52.61,0.0,46.22,41.72,57.37,43.13,2.3,51.43
STU104957,22,Male,39.21,0.0,72.23,70.31,48.51,69.01,1.81,66.1
STU104958,29,Male,68.92,15.37,61.95,71.15,62.89,60.93,1.86,55.96
STU104959,30,Male,80.39,22.24,80.53,93.58,100.0,87.33,3.11,87.69
STU104960,22,Female,81.95,19.66,77.85,83.92,51.3,74.18,3.36,69.41
STU104961,24,Male,100.0,25.21,78.89,86.83,90.19,98.35,2.67,100.0
STU104962,30,Male,71.55,19.77,68.79,62.4,60.12,77.95,2.76,57.82
STU104963,21,Female,81.01,10.47,68.33,80.07,63.85,79.1,2.61,74.85
STU104964,30,Male,64.59,12.44,72.23,52.44,44.18,53.43,1.77,27.5
STU104965,19,Male,63.09,22.62,85.15,51.5,56.52,69.49,1.46,33.78
STU104966,20,Male,83.93,13.93,81.25,81.42,79.19,79.21,2.75,63.69
STU104967,22,Female,90.99,18.25,77.98,66.14,75.3,100.0,2.67,75.97
STU104968,18,Male,81.49,9.64,71.33,79.46,63.74,81.69,3.17,54.55
STU104969,28,Female,87.6,13.46,75.5,72.17,61.13,75.27,2.74,74.34
STU104970,29,Female,88.62,24.62,79.59,81.28,91.15,100.0,2.99,87.43
STU104971,22,Male,83.34,7.02,65.28,43.31,66.36,90.73,2.33,0.0
STU104972,28,Female,91.22,19.31,91.3,96.05,72.23,79.12,3.3,70.05
STU104973,28,Male,89.65,15.91,78.75,50.38,42.35,66.41,2.16,45.79
STU104974,28,Female,66.56,15.68,67.08,61.84,69.63,66.7,2.19,63.61
STU104975,28,Female,93.81,15.95,71.27,66.83,59.22,52.24,2.35,73.43
STU104976,25,Female,79.9,13.29,73.94,77.26,79.08,80.57,2.7,76.31
STU104977,19,Female,76.0,9.25,62.67,81.68,80.95,33.25,1.09,59.77
STU104978,30,Male,80.76,22.5,57.17,49.37,72.27,68.67,2.57,60.19
STU104979,25,Male,78.35,0.53,45.11,45.1,44.61,51.32,1.77,37.17
STU104980,29,Male,89.93,16.13,70.11,84.57,58.39,76.54,2.87,58.78
STU104981,30,Male,89.0,25.39,83.47,79.59,99.44,81.86,2.97,90.92
STU104982,20,Female,91.13,15.04,70.76,70.31,79.77,76.4,2.93,66.47
STU104983,23,Female,88.93,23.46,60.24,100.0,100.0,64.02,3.19,69.79
STU104984,20,Female,85.28,11.05,68.09,79.92,69.89,66.81,2.7,72.09
STU104985,18,Female,82.94,7.07,77.36,91.63,63.35,77.41,3.15,69.9
STU104986,24,Female,88.1,20.26,71.23,83.47,89.88,76.91,2.29,66.47
STU104987,30,Female,78.92,14.17,73.57,84.84,78.57,71.13,2.9,81.01
STU104988,30,Male,78.35,8.24,67.53,60.51,72.23,59.87,2.18,66.56
STU104989,29,Male,83.24,18.18,62.73,51.63,53.44,59.45,2.75,62.65
STU104990,26,Male,82.27,18.54,72.09,81.76,56.55,69.01,2.21,48.48
STU104991,24,Male,63.52,6.85,87.56,71.56,53.36,47.52,2.05,53.3
STU104992,30,Male,51.18,8.2,52.46,57.68,20.95,56.48,1.23,38.05
STU104993,25,Male,46.09,6.09,57.25,54.37,47.4,63.25,1.68,56.8
STU104994,26,Male,88.04,18.47,77.91,66.23,52.21,85.37,2.7,63.39
STU104995,20,Male,78.35,20.33,73.99,93.48,79.91,82.84,2.32,77.27
STU104996,27,Male,69.4,7.54,66.54,73.14,66.92,60.7,2.35,58.34
STU104997,28,Male,100.0,28.02,99.28,82.62,92.71,92.91,4.0,80.06
STU104998,26,Male,82.85,0.0,64.36,59.16,61.87,59.95,2.0,65.48
STU104999,24,Male,71.02,18.6,68.05,71.83,74.9,69.08,2.75,59.88
STU105000,20,Female,88.57,24.73,90.23,58.23,97.08,73.64,2.62,79.1
STU105001,30,Female,78.3,17.87,96.63,74.29,99.31,76.24,3.0,81.47
STU105002,26,Male,93.45,18.35,61.58,100.0,68.38,86.51,2.84,87.6
STU105003,26,Male,90.07,16.55,86.4,58.35,85.34,85.23,2.98,84.67
STU105004,28,Female,75.48,21.61,71.81,59.15,74.58,79.3,2.58,67.41
STU105005,30,Male,99.77,18.55,86.29,64.29,100.0,71.13,3.22,86.05
STU105006,24,Male,88.94,21.14,88.01,68.52,69.55,96.41,2.98,75.14
STU105007,28,Female,64.56,3.4,72.23,41.88,51.72,65.23,1.71,56.82
STU105008,27,Male,84.06,18.1,77.66,61.82,58.19,77.96,3.0,58.65
STU105009,21,Male,54.55,10.91,64.8,69.78,42.78,54.65,1.3,41.93
STU105010,28,Female,92.51,13.75,87.03,95.96,82.55,64.09,3.32,75.84
STU105011,18,Female,79.44,19.62,77.62,69.97,62.02,85.73,3.25,66.47
STU105012,25,Male,94.92,31.25,81.08,100.0,88.84,87.7,3.56,83.44
STU105013,30,Male,81.5,14.99,71.29,64.08,71.76,60.76,2.62,75.85
STU105014,26,Female,60.39,0.49,50.53,39.57,45.19,70.6,1.66,46.05
STU105015,30,Male,97.65,30.63,99.84,95.19,100.0,98.03,3.77,96.35
STU105016,18,Female,90.84,13.06,58.54,55.73,87.45,69.07,2.25,81.64
STU105017,24,Female,66.47,18.82,51.88,40.06,59.51,52.12,1.91,58.16
STU105018,28,Male,89.1,26.05,94.47,89.52,68.74,77.09,3.27,69.65
STU105019,26,Female,95.2,31.72,100.0,96.2,84.99,77.36,3.65,81.42
STU105020,29,Male,91.48,24.56,54.72,55.23,57.2,65.27,2.67,73.32
STU105021,24,Male,95.69,21.13,72.23,70.31,81.29,69.17,2.88,73.31
STU105022,26,Male,95.79,15.82,67.89,77.93,66.05,78.59,2.56,67.7
STU105023,23,Female,65.64,8.46,62.91,51.47,44.1,43.23,2.01,39.85
STU105024,29,Male,72.46,22.65,64.4,52.93,48.34,56.89,1.49,63.3
STU105025,19,Male,100.0,22.0,96.33,97.91,84.02,78.08,4.0,75.32
STU105026,21,Female,74.49,13.35,58.45,72.95,60.19,77.73,2.29,65.98
STU105027,19,Male,72.28,4.91,72.23,77.95,50.07,68.44,2.31,54.03
STU105028,27,Female,78.35,3.2,64.23,69.15,71.08,49.03,2.13,52.13
STU105029,21,Female,100.0,17.04,76.4,64.38,78.25,79.54,2.88,74.91
STU105030,22,Female,65.78,0.0,55.81,70.31,43.08,63.42,1.43,43.73
STU105031,28,Female,79.95,13.4,72.32,70.62,78.53,80.17,2.19,67.91
STU105032,22,Female,100.0,32.83,96.29,100.0,100.0,93.06,2.86,93.92
STU105033,19,Male,100.0,27.13,100.0,96.03,86.73,95.63,3.92,91.96
STU105034,18,Female,80.51,23.49,78.54,70.31,87.11,84.07,2.98,78.61
STU105035,20,Female,91.51,23.65,100.0,67.97,83.87,100.0,2.84,98.76
STU105036,29,Female,94.86,23.74,64.46,99.42,78.13,80.51,3.31,76.01
STU105037,25,Female,70.21,12.79,72.23,82.69,75.47,81.85,2.73,74.94
STU105038,24,Female,84.96,30.28,71.59,66.44,83.36,75.64,2.72,77.99
STU105039,20,Female,87.92,23.61,81.8,96.59,92.67,83.76,3.54,91.85
STU105040,22,Male,56.25,12.0,53.14,58.33,48.89,56.39,2.22,52.95
STU105041,20,Male,86.8,12.55,86.14,83.25,74.97,78.27,2.28,66.47
STU105042,23,Female,90.67,15.95,72.13,89.33,65.2,81.58,2.87,73.42
STU105043,25,Female,86.55,25.66,63.04,85.67,67.4,71.45,2.68,70.31
STU105044,28,Male,81.61,18.51,78.19,75.33,64.07,66.67,3.17,73.42
STU105045,22,Male,68.55,9.39,63.46,69.9,73.01,65.39,2.81,72.71
STU105046,28,Female,74.9,11.73,90.11,70.38,68.38,79.4,2.51,81.01
STU105047,26,Male,89.84,29.72,71.96,80.51,80.05,82.93,2.96,86.37
STU105048,21,Female,91.42,18.3,74.4,100.0,81.79,78.65,3.45,77.69
STU105049,29,Female,71.41,12.56,87.42,68.37,67.07,72.65,2.29,65.32
STU105050,23,Male,58.16,6.07,60.28,68.16,69.0,74.75,2.29,71.68
STU105051,19,Male,83.92,10.58,71.09,68.96,79.36,76.35,2.18,73.11
STU105052,30,Female,75.25,23.64,73.74,63.09,66.12,80.46,3.01,65.89
STU105053,29,Male,60.5,7.26,64.58,66.66,42.1,62.23,2.54,38.86
STU105054,18,Female,91.17,17.67,74.3,73.99,67.1,69.15,2.97,75.49
STU105055,29,Male,82.76,15.04,80.53,65.42,83.17,71.13,2.57,70.92
STU105056,30,Male,87.72,16.66,95.53,88.67,85.06,81.76,2.92,80.58
STU105057,28,Male,70.34,6.49,47.9,50.09,50.32,58.22,1.58,60.24
STU105058,21,Female,60.62,10.05,55.07,69.33,73.75,67.47,2.52,58.03
STU105059,26,Female,87.54,21.97,78.62,88.43,78.69,83.2,3.1,88.12
STU105060,24,Female,79.27,11.73,65.28,84.04,65.93,64.18,2.28,56.56
STU105061,26,Male,59.28,16.15,75.54,72.36,62.43,81.0,1.76,69.46
STU105062,26,Female,94.02,20.29,73.82,68.42,89.33,82.25,2.92,82.48
STU105063,26,Male,74.95,9.1,79.21,88.28,68.15,78.39,2.95,55.58
STU105064,24,Female,55.42,11.37,72.23,67.5,65.4,67.89,2.01,52.95
STU105065,26,Female,100.0,20.46,72.23,94.53,90.61,78.13,2.85,76.9
STU105066,24,Male,77.63,16.57,70.77,72.84,76.75,61.31,2.43,69.79
STU105067,18,Female,99.1,35.6,88.5,74.53,96.66,85.38,3.29,97.7
STU105068,18,Male,48.33,6.66,57.08,63.38,55.01,61.87,2.14,56.97
STU105069,30,Male,76.96,13.68,66.99,60.96,78.74,77.11,2.32,64.65
STU105070,29,Female,74.04,20.78,66.77,61.79,66.76,97.34,2.81,83.13
STU105071,25,Female,53.15,0.0,51.62,39.4,36.69,41.96,2.04,39.07
STU105072,20,Male,95.03,28.41,77.36,70.31,82.95,78.8,2.87,72.66
STU105073,28,Female,70.87,1.14,58.71,50.29,43.87,49.05,1.68,43.81
STU105074,19,Male,79.42,10.12,59.17,66.42,77.07,72.0,2.63,69.93
STU105075,22,Female,78.35,33.46,70.89,95.85,93.95,90.27,2.69,80.45
STU105076,22,Female,81.35,13.63,48.66,76.24,67.5,67.82,2.06,70.8
STU105077,18,Male,62.44,17.69,64.08,61.68,68.38,65.13,2.11,59.73
STU105078,28,Female,66.61,19.67,86.75,86.62,68.38,75.71,3.61,73.86
STU105079,24,Female,65.01,13.02,58.75,66.02,69.83,83.02,1.96,70.14
STU105080,22,Female,54.16,0.0,56.04,63.89,56.26,62.16,2.87,60.07
STU105081,24,Male,90.23,27.71,100.0,85.65,86.2,55.93,3.07,84.14
STU105082,18,Male,62.57,9.92,71.55,55.38,58.17,53.67,1.9,60.48
STU105083,23,Female,59.74,11.68,79.12,66.78,65.88,87.56,2.7,63.61
STU105084,24,Female,81.56,23.16,83.99,86.35,81.31,69.2,3.64,78.97
STU105085,22,Female,51.81,7.8,65.58,43.8,54.88,62.57,2.03,37.96
STU105086,28,Female,98.29,20.94,87.52,85.8,100.0,71.13,3.8,92.01
STU105087,21,Female,68.57,15.51,56.91,75.26,66.65,72.91,2.07,66.06
STU105088,19,Male,96.57,19.29,68.69,74.38,86.23,90.0,2.75,79.89
STU105089,24,Male,89.83,23.94,81.05,74.56,79.08,75.9,2.46,69.03
STU105090,29,Female,89.01,12.68,78.9,78.58,69.69,81.09,2.24,77.09
STU105091,22,Male,68.61,9.78,65.5,57.13,53.62,75.75,2.46,50.87
STU105092,18,Male,94.64,12.02,77.21,74.02,61.95,73.6,2.55,75.34
STU105093,30,Female,86.57,14.86,78.42,79.44,71.93,77.58,3.46,64.59
STU105094,23,Female,78.35,6.47,64.53,67.68,42.01,58.79,2.73,44.11
STU105095,20,Female,82.83,9.94,66.88,56.08,54.95,51.62,1.85,38.67
STU105096,26,Male,81.18,20.16,98.95,78.55,77.2,75.85,3.0,69.49
STU105097,22,Female,64.76,4.71,66.88,55.06,48.29,68.57,2.54,54.96
STU105098,30,Male,68.93,21.07,92.98,90.44,93.98,77.63,3.12,85.6
STU105099,21,Male,60.87,13.1,67.63,62.19,77.1,72.47,2.55,66.83
STU105100,25,Female,59.57,17.89,82.15,62.09,86.73,78.32,2.67,71.51
STU105101,25,Female,100.0,22.48,91.95,81.52,85.23,85.49,3.41,100.0
STU105102,21,Female,66.35,11.63,54.47,66.16,64.16,81.98,2.11,63.32
STU105103,24,Female,71.68,4.14,80.89,61.73,67.88,52.5,1.9,79.59
STU105104,19,Female,81.9,7.73,60.97,72.61,69.01,84.4,2.35,79.74
STU105105,26,Male,75.67,7.62,64.57,65.33,58.94,65.53,2.18,55.07
STU105106,27,Male,73.27,12.38,73.05,56.62,52.83,57.85,2.26,50.94
STU105107,30,Female,81.72,11.46,60.29,71.72,68.54,64.98,2.2,76.08
STU105108,22,Female,100.0,19.85,88.35,91.47,73.08,100.0,2.74,67.34
STU105109,21,Male,76.52,5.37,84.85,90.92,82.79,71.99,2.12,82.59
STU105110,25,Male,77.72,15.24,61.15,69.37,61.47,68.44,2.59,63.57
STU105111,27,Female,87.6,25.28,79.99,79.81,88.46,71.79,2.76,62.19
STU105112,30,Male,57.78,10.3,52.62,50.17,59.96,71.13,1.63,45.61
STU105113,18,Female,82.42,18.43,94.54,86.7,90.96,96.14,2.99,84.75
STU105114,21,Male,89.29,27.91,99.42,88.27,72.82,86.89,2.83,69.94
STU105115,24,Male,100.0,31.25,85.01,95.12,80.94,90.65,3.29,79.53
STU105116,21,Female,100.0,23.88,83.24,77.14,65.34,71.13,3.36,61.75
STU105117,24,Female,74.0,14.58,71.6,81.02,68.72,76.33,2.63,68.58
STU105118,29,Male,74.41,22.08,85.26,88.61,69.24,88.91,3.37,83.5
STU105119,18,Male,70.44,20.4,72.23,63.3,60.32,72.56,2.46,72.96
STU105120,28,Male,63.2,21.01,71.38,72.25,54.49,57.6,2.52,62.88
STU105121,26,Male,76.11,14.37,66.26,68.5,61.71,65.96,2.75,63.11
STU105122,25,Male,78.35,24.17,73.8,85.6,84.96,98.15,3.19,94.79
STU105123,26,Male,66.93,0.0,72.04,66.51,61.43,66.53,2.55,49.27
STU105124,19,Male,63.01,15.25,58.06,67.24,48.43,62.52,2.31,56.32
STU105125,27,Male,79.59,20.15,72.23,79.24,66.8,80.52,2.95,82.56
STU105126,21,Male,93.39,21.03,82.2,70.54,80.55,57.42,2.53,77.78
STU105127,24,Female,60.33,7.77,69.84,65.68,58.08,69.69,2.24,46.61
STU105128,26,Male,91.87,19.35,75.63,78.06,74.86,71.13,2.19,71.29
STU105129,25,Male,86.39,30.54,77.53,89.33,91.69,85.73,3.67,83.43
STU105130,22,Female,97.22,24.01,96.71,100.0,73.9,85.91,2.88,65.99
STU105131,23,Male,69.89,30.28,81.84,71.93,80.76,71.75,2.51,72.02
STU105132,24,Female,81.25,18.51,80.08,69.32,89.92,61.6,1.98,72.14
STU105133,18,Female,98.01,20.82,86.49,83.81,92.05,84.23,3.36,85.21
STU105134,27,Female,78.96,13.04,64.67,68.23,63.74,79.2,2.41,60.37
STU105135,19,Male,96.96,17.09,76.88,73.84,65.13,85.77,3.61,82.27
STU105136,23,Female,94.93,31.04,78.35,81.29,87.05,83.22,3.78,85.35
STU105137,26,Female,87.82,25.78,77.64,59.93,81.99,73.97,2.74,66.1
STU105138,19,Male,68.46,17.6,55.87,52.0,54.82,55.44,1.42,49.6
STU105139,30,Male,60.74,5.9,58.54,49.74,52.25,59.74,1.08,45.29
STU105140,22,Male,80.16,15.55,69.5,66.17,63.39,66.27,1.99,50.28
STU105141,18,Female,89.15,25.66,80.23,72.73,71.88,77.79,2.39,70.58
STU105142,26,Male,78.7,25.42,72.23,85.4,72.96,65.96,2.84,81.01
STU105143,25,Male,100.0,22.09,83.77,96.94,86.8,100.0,3.55,88.24
STU105144,26,Female,87.72,20.71,63.59,82.42,74.43,78.26,2.72,72.92
STU105145,27,Female,67.33,7.07,70.22,75.96,65.37,62.76,2.0,64.28
STU105146,24,Male,57.58,5.19,61.47,70.98,67.96,52.09,1.99,53.81
STU105147,28,Male,90.41,15.55,71.44,92.88,74.65,79.51,2.59,66.41
STU105148,22,Male,81.51,11.86,84.77,61.09,75.26,81.47,2.47,77.36
STU105149,25,Female,42.22,0.0,63.75,61.33,57.7,71.13,2.04,55.05
STU105150,20,Male,71.86,9.22,62.86,73.28,65.59,65.34,2.38,51.51
STU105151,26,Female,61.43,4.5,64.05,72.13,49.0,56.72,2.52,50.73
STU105152,21,Male,61.39,13.96,66.29,65.35,76.03,51.47,1.6,62.86
STU105153,27,Male,69.9,15.21,74.34,81.42,54.97,56.47,1.78,38.38
STU105154,28,Male,68.24,1.35,64.15,60.69,48.66,62.8,2.16,33.8
STU105155,29,Male,68.24,25.78,73.23,66.09,51.49,63.35,2.62,51.07
STU105156,30,Male,65.79,8.09,77.6,68.21,52.05,60.06,2.04,67.87
STU105157,19,Female,58.36,4.05,67.09,58.54,56.61,58.94,2.89,74.35
STU105158,19,Male,64.2,11.86,66.49,64.21,70.51,63.58,1.49,71.28
STU105159,30,Female,60.17,12.08,80.08,49.23,57.72,67.07,2.02,52.36
STU105160,24,Male,78.94,5.57,58.07,64.85,78.15,71.28,2.1,61.48
STU105161,18,Female,98.99,20.47,69.82,64.09,84.4,100.0,2.96,74.03
STU105162,21,Male,76.62,12.84,80.0,77.7,65.32,63.32,2.4,53.54
STU105163,28,Female,83.36,20.69,73.1,52.1,77.57,71.99,2.73,76.42
STU105164,22,Male,100.0,33.65,84.18,73.19,93.19,100.0,3.66,100.0
STU105165,18,Female,90.87,19.68,92.56,78.22,68.38,77.49,2.89,74.6
STU105166,27,Female,98.39,20.77,61.39,76.0,62.1,83.11,2.6,66.39
STU105167,20,Female,100.0,16.83,82.43,75.92,69.89,68.61,3.04,65.39
STU105168,22,Female,100.0,18.57,63.61,82.28,58.06,66.05,2.69,58.13
STU105169,18,Male,87.87,11.45,76.26,79.94,86.25,79.37,2.48,71.25
STU105170,25,Female,75.87,10.75,88.1,94.89,68.95,59.35,2.42,50.86
STU105171,23,Male,78.35,6.81,52.43,58.97,52.39,73.47,1.7,56.89
STU105172,29,Female,94.29,16.56,61.69,89.8,71.6,87.22,2.6,69.47
STU105173,22,Male,83.51,20.0,72.23,61.52,62.2,64.66,2.3,60.31
STU105174,20,Male,100.0,26.59,81.32,80.94,71.2,99.99,3.24,80.67
STU105175,20,Female,84.5,9.03,79.48,71.84,80.59,85.03,2.3,60.28
STU105176,20,Male,62.87,19.87,68.91,61.91,68.14,62.83,2.52,53.71
STU105177,23,Female,100.0,15.04,89.99,86.4,99.09,84.78,3.13,90.73
STU105178,19,Male,40.3,5.36,50.92,51.62,44.57,27.37,0.85,27.81
STU105179,23,Female,100.0,25.73,91.51,95.14,99.1,78.75,4.0,92.99
STU105180,29,Female,55.82,0.0,62.01,68.12,63.07,64.07,1.85,52.01
STU105181,27,Female,80.89,11.35,75.23,88.95,72.36,77.92,2.28,71.34
STU105182,26,Male,81.61,26.1,72.23,75.34,59.95,88.7,3.26,58.55
STU105183,29,Male,79.16,13.61,83.08,81.31,89.26,85.81,3.54,77.8
STU105184,28,Male,61.75,5.8,72.23,50.78,56.56,56.6,2.02,65.89
STU105185,26,Male,59.55,0.0,44.24,40.49,40.87,39.78,1.31,42.08
STU105186,29,Female,60.31,6.11,70.29,57.94,53.59,60.01,2.18,59.61
STU105187,19,Male,95.53,16.35,65.92,60.18,77.15,63.81,1.73,67.36
STU105188,28,Male,52.66,5.76,72.23,42.75,51.44,51.44,1.59,37.87
STU105189,21,Female,70.31,17.34,81.86,75.7,54.46,82.1,2.82,0.0
STU105190,27,Female,68.45,5.47,64.3,60.79,55.83,65.62,2.52,52.52
STU105191,29,Male,66.09,20.34,81.85,86.96,86.14,88.8,2.84,75.79
STU105192,24,Male,72.38,22.44,61.08,71.19,63.83,72.24,2.71,76.07
STU105193,19,Male,99.89,19.6,89.74,86.01,91.73,87.19,3.08,85.13
STU105194,22,Male,64.8,19.05,74.75,74.65,74.5,55.87,3.01,58.85
STU105195,23,Female,78.11,21.62,79.77,61.14,70.63,81.1,2.52,66.42
STU105196,30,Male,87.65,13.2,93.04,77.52,64.68,71.13,2.16,64.17
STU105197,30,Female,59.99,6.09,57.37,44.11,56.0,61.53,1.49,41.24
STU105198,25,Female,78.74,15.56,63.99,44.81,55.49,63.54,2.17,65.86
STU105199,30,Female,80.75,14.64,75.65,83.76,70.23,93.27,2.81,84.02
STU105200,23,Female,74.64,10.45,70.19,73.41,58.0,91.65,2.72,58.93
STU105201,23,Female,72.55,17.77,63.23,78.5,84.54,60.2,2.4,74.41
STU105202,28,Male,40.86,0.03,57.62,62.89,50.98,58.68,1.49,53.18
STU105203,26,Male,76.96,13.4,74.23,67.19,86.2,63.28,2.88,66.44
STU105204,24,Female,73.01,14.94,88.16,89.78,61.04,67.75,2.33,54.03
STU105205,23,Female,71.81,21.48,88.39,60.46,90.54,71.6,3.18,77.02
STU105206,27,Female,78.35,10.86,76.99,71.59,61.72,62.78,2.61,64.02
STU105207,27,Male,56.74,1.27,52.39,65.22,61.06,51.21,1.66,62.67
STU105208,24,Male,79.45,22.97,85.71,65.87,72.54,69.49,2.54,69.11
STU105209,18,Male,83.26,13.28,81.15,91.06,57.09,72.33,2.6,46.77
STU105210,19,Male,81.55,19.36,100.0,87.05,95.68,71.26,2.89,70.71
STU105211,19,Male,67.6,17.15,67.32,73.95,68.85,80.13,2.53,63.63
STU105212,24,Male,86.39,15.02,71.76,81.35,55.83,61.09,2.42,54.46
STU105213,25,Female,100.0,17.65,69.73,79.09,56.88,74.08,3.63,74.95
STU105214,28,Female,0.0,13.64,89.74,50.14,64.94,61.16,1.77,49.15
STU105215,21,Female,74.03,10.44,63.61,30.61,59.86,73.68,1.24,54.71
STU105216,28,Female,72.17,18.64,82.49,59.15,68.87,67.05,2.23,76.27
STU105217,26,Male,62.48,2.34,63.8,50.6,58.89,74.52,1.44,58.67
STU105218,18,Male,77.07,19.83,77.69,58.06,63.89,72.0,2.13,56.3
STU105219,22,Female,100.0,22.07,91.66,85.4,95.47,82.37,3.02,88.27
STU105220,21,Female,93.92,13.07,90.9,53.16,87.89,79.68,2.7,78.11
STU105221,29,Female,89.36,12.91,77.67,61.58,70.32,73.79,2.28,77.41
STU105222,29,Female,89.29,22.56,100.0,92.8,92.08,93.39,3.61,95.5
STU105223,28,Female,73.04,6.38,66.3,71.14,63.62,64.06,2.07,62.86
STU105224,24,Female,100.0,25.12,90.85,90.55,100.0,94.35,4.0,99.21
STU105225,24,Female,73.6,17.29,72.04,71.82,40.13,59.5,2.28,44.04
STU105226,22,Female,100.0,22.67,92.52,66.55,88.15,95.74,3.83,83.4
STU105227,28,Male,97.74,15.71,83.37,94.95,97.76,88.07,3.39,94.36
STU105228,19,Male,48.82,2.73,57.31,61.99,67.35,46.41,2.18,50.12
STU105229,21,Male,98.51,34.03,81.69,91.87,97.99,76.99,3.4,91.71
STU105230,19,Female,73.51,15.04,66.87,66.44,76.44,77.22,2.09,72.88
STU105231,24,Female,72.27,7.09,66.49,38.05,87.55,51.75,2.43,56.91
STU105232,21,Male,89.55,15.04,59.16,94.84,73.61,80.73,2.77,72.87
STU105233,20,Male,76.36,16.67,58.05,78.33,76.62,61.12,1.93,76.71
STU105234,22,Female,89.33,16.21,85.5,82.69,81.02,71.26,2.78,85.57
STU105235,29,Male,70.97,4.24,60.59,72.7,46.64,54.87,2.29,50.13
STU105236,25,Female,76.12,17.88,56.68,71.99,53.05,72.96,1.85,55.4
STU105237,28,Male,91.25,24.46,84.94,92.63,82.08,79.84,3.04,78.61
STU105238,29,Male,86.27,19.75,80.39,82.83,79.43,69.86,2.93,71.0
STU105239,29,Male,70.78,7.53,65.51,65.19,60.81,76.13,2.41,62.44
STU105240,22,Male,88.1,15.43,75.16,67.82,75.81,71.13,2.38,80.55
STU105241,29,Male,54.6,12.19,53.58,62.94,69.95,56.66,0.97,50.33
STU105242,24,Male,83.37,12.01,69.21,79.58,58.41,55.41,2.68,48.81
STU105243,30,Male,74.39,16.46,60.28,77.67,82.46,75.63,2.22,78.56
STU105244,22,Male,88.47,19.45,84.99,82.27,85.38,90.07,3.42,81.55
STU105245,20,Female,79.01,22.72,73.79,77.24,83.67,77.17,2.98,70.61
STU105246,25,Male,99.73,19.68,88.98,79.45,72.52,89.55,2.49,74.79
STU105247,30,Male,78.35,12.22,67.18,46.67,66.76,65.66,1.61,56.57
STU105248,29,Male,62.92,14.0,53.92,60.06,58.51,71.19,1.94,58.5
STU105249,25,Female,100.0,19.55,92.8,84.56,85.33,82.82,3.23,87.26
STU105250,19,Female,71.54,18.53,69.44,50.23,66.11,59.66,2.31,64.18
STU105251,23,Female,78.41,22.55,80.03,85.28,86.07,87.91,2.32,82.12
STU105252,27,Female,72.27,12.86,78.39,71.48,91.17,66.51,2.51,75.09
STU105253,25,Male,82.43,17.45,68.71,50.12,67.86,68.12,2.84,66.47
STU105254,22,Female,71.55,12.03,58.72,65.56,60.59,48.48,2.54,58.42
STU105255,22,Male,100.0,20.45,94.77,94.71,90.95,81.97,2.92,76.32
STU105256,18,Female,99.38,29.86,90.22,79.72,85.67,76.06,3.34,78.52
STU105257,21,Male,98.08,18.25,78.12,70.96,67.24,98.99,3.1,71.77
STU105258,26,Male,76.42,8.43,57.57,58.71,77.71,88.11,2.89,76.47
STU105259,21,Female,76.9,11.1,56.37,66.13,54.67,39.58,2.0,39.05
STU105260,30,Female,99.43,35.7,92.22,94.39,100.0,100.0,2.84,92.05
STU105261,19,Female,67.56,14.12,56.89,44.24,73.16,71.13,1.92,58.43
STU105262,25,Male,89.52,20.86,83.8,96.14,85.87,91.32,2.86,88.92
STU105263,24,Male,96.56,13.83,63.25,75.91,78.51,84.07,2.26,74.68
STU105264,28,Male,89.71,14.4,66.76,64.21,82.32,82.58,1.94,76.41
STU105265,29,Male,78.15,12.84,62.45,88.74,68.95,89.01,2.39,71.2
STU105266,25,Male,65.34,0.41,62.7,66.73,64.9,55.08,2.2,69.66
STU105267,26,Male,76.81,13.3,97.69,73.31,71.3,65.81,2.75,63.27
STU105268,27,Female,79.44,19.45,85.96,75.76,79.75,81.55,1.86,89.42
STU105269,24,Male,100.0,29.71,100.0,94.69,87.34,99.31,3.23,84.36
STU105270,20,Female,94.17,19.88,78.29,80.67,72.26,88.08,3.43,83.58
STU105271,23,Female,88.33,23.63,67.74,81.79,74.79,73.28,2.69,84.04
STU105272,24,Female,91.4,13.63,77.12,93.29,81.08,84.87,2.79,77.56
STU105273,24,Male,92.12,21.71,76.7,85.03,100.0,78.02,2.95,84.67
STU105274,24,Male,60.68,10.83,67.84,65.32,47.13,78.65,2.01,41.45
STU105275,24,Male,79.97,10.34,68.34,53.19,65.11,91.34,2.28,91.19
STU105276,21,Female,48.88,0.0,52.07,53.47,47.05,35.08,1.33,39.01
STU105277,28,Male,72.49,26.1,62.73,94.3,63.32,90.78,2.27,76.53
STU105278,22,Male,79.52,14.73,80.94,79.58,70.7,63.86,2.62,61.97
STU105279,20,Female,74.49,5.36,59.69,53.07,37.89,66.08,2.69,37.56
STU105280,27,Female,92.23,25.8,78.1,80.83,91.12,77.12,3.1,78.48
STU105281,27,Female,71.18,10.44,66.67,66.77,51.16,67.79,2.42,55.67
STU105282,28,Male,65.63,6.08,64.69,66.53,75.86,56.02,2.26,63.91
STU105283,27,Female,82.47,24.64,76.06,67.49,73.84,76.08,2.45,67.44
STU105284,30,Male,94.97,20.59,72.23,94.38,85.51,85.56,3.07,79.87
STU105285,25,Male,71.27,8.62,53.46,51.59,50.01,59.83,2.54,55.81
STU105286,21,Female,77.67,18.93,75.94,81.92,75.4,77.2,2.78,68.44
STU105287,29,Female,91.33,30.46,80.97,75.8,75.18,63.8,2.61,70.02
STU105288,21,Male,80.61,16.36,88.93,82.9,80.27,82.31,2.65,69.39
STU105289,21,Male,84.62,14.04,85.69,85.12,86.88,74.3,3.18,85.51
STU105290,28,Male,84.96,22.06,76.68,59.16,69.75,64.88,1.89,56.48
STU105291,29,Female,71.55,22.11,62.66,63.23,57.05,71.61,2.33,59.69
STU105292,22,Female,100.0,25.81,90.68,73.73,100.0,82.73,3.53,93.91
STU105293,27,Male,72.71,12.91,60.67,51.37,80.47,69.31,2.18,71.59
STU105294,29,Male,74.12,15.49,60.76,64.93,55.38,71.46,2.43,52.47
STU105295,28,Female,95.66,12.71,81.45,88.08,75.96,84.04,2.52,83.66
STU105296,18,Female,74.49,15.04,44.1,47.46,51.78,64.24,1.75,56.06
STU105297,26,Male,81.23,7.8,66.22,76.16,74.14,79.42,2.95,77.26
STU105298,20,Female,62.23,8.86,61.48,53.01,45.11,71.13,2.24,48.6
STU105299,29,Female,100.0,27.55,100.0,98.87,99.05,100.0,3.71,100.0
STU105300,18,Male,100.0,15.66,89.58,100.0,95.59,100.0,3.69,97.63
STU105301,30,Female,66.01,15.23,76.69,65.47,60.39,64.48,2.69,78.35
STU105302,20,Female,73.67,21.21,75.47,64.38,75.19,71.21,3.57,62.39
STU105303,23,Female,72.76,14.06,75.93,69.8,68.86,76.6,2.72,72.44
STU105304,21,Female,72.28,5.27,58.54,64.03,60.01,82.35,2.61,69.42
STU105305,28,Female,61.86,22.04,59.2,67.78,86.16,81.99,2.63,76.94
STU105306,23,Female,82.11,24.24,84.2,70.1,63.64,62.72,3.15,73.1
STU105307,27,Male,58.29,7.88,44.46,51.06,49.81,52.8,1.23,53.28
STU105308,18,Female,62.35,14.81,87.78,60.32,64.94,66.08,2.02,66.47
STU105309,23,Male,68.59,13.04,72.23,77.63,77.04,83.65,2.53,71.91
STU105310,29,Male,79.34,19.04,67.76,86.65,60.49,78.02,2.89,50.4
STU105311,30,Male,62.89,14.98,66.39,65.24,68.37,61.02,1.56,75.22
STU105312,20,Female,81.44,15.02,82.86,69.59,54.65,63.5,2.32,39.22
STU105313,23,Female,89.99,22.5,74.74,59.44,61.62,71.13,2.87,73.01
STU105314,23,Female,89.82,14.51,74.03,75.82,67.84,72.87,3.03,73.65
STU105315,25,Female,86.52,19.26,94.92,100.0,78.58,90.24,3.35,69.33
STU105316,24,Male,87.23,16.57,81.35,83.58,79.45,70.51,2.11,89.23
STU105317,19,Female,70.34,16.15,88.64,69.29,57.09,69.78,2.02,62.41
STU105318,27,Female,83.86,10.9,88.66,76.35,54.66,79.96,2.53,66.47
STU105319,20,Male,57.06,1.97,45.45,44.74,23.87,33.52,1.77,19.26
STU105320,22,Female,100.0,27.44,72.23,97.82,95.35,77.18,3.68,100.0
STU105321,28,Female,87.76,14.21,57.55,83.41,76.08,69.54,2.42,82.45
STU105322,26,Male,100.0,35.12,100.0,89.62,96.58,85.43,3.64,94.77
STU105323,23,Female,63.86,15.94,57.25,67.79,53.15,65.85,1.7,67.53
STU105324,29,Male,71.33,10.37,66.02,49.46,57.59,56.54,2.66,60.53
STU105325,23,Male,90.82,26.05,93.67,70.31,68.38,81.46,2.88,64.91
STU105326,25,Male,83.05,21.57,60.76,63.05,52.39,79.3,2.96,63.8
STU105327,21,Male,92.75,17.7,83.92,75.55,57.71,82.36,3.15,70.85
STU105328,20,Male,78.35,13.73,81.4,72.86,68.41,68.09,2.95,72.59
STU105329,24,Female,69.44,9.26,71.46,66.85,68.07,62.53,2.2,59.69
STU105330,25,Male,60.21,7.99,47.99,56.41,39.77,73.88,1.69,39.25
STU105331,28,Female,80.36,14.84,74.05,80.37,62.49,64.43,3.09,62.82
STU105332,23,Female,60.12,0.0,50.03,76.27,58.45,63.71,1.87,61.04
STU105333,29,Male,55.76,4.83,61.65,61.73,46.85,65.88,1.55,45.88
STU105334,25,Male,65.48,17.85,56.35,45.97,65.13,71.35,3.0,58.43
STU105335,18,Female,84.05,4.71,72.28,72.16,74.06,83.26,2.39,71.03
STU105336,27,Female,100.0,33.94,98.14,92.1,79.98,91.47,2.89,73.52
STU105337,25,Female,96.26,23.75,75.57,65.3,98.06,85.51,3.34,83.38
STU105338,23,Male,98.3,22.43,83.14,94.44,76.74,87.71,2.96,66.05
STU105339,24,Female,95.84,20.36,70.69,95.39,95.14,65.17,2.98,83.08
STU105340,21,Female,82.56,22.01,78.15,65.54,78.04,72.88,3.32,81.76
STU105341,25,Female,0.0,30.2,96.35,100.0,100.0,82.91,3.27,92.71
STU105342,25,Male,59.33,11.81,51.89,65.89,36.94,63.18,1.82,44.78
STU105343,23,Female,72.56,16.77,62.15,68.16,66.42,68.84,2.81,67.91
STU105344,21,Male,69.88,13.86,69.95,74.5,63.05,76.11,2.57,68.25
STU105345,23,Female,93.6,14.81,71.6,72.38,76.64,69.89,2.88,77.91
STU105346,24,Female,73.74,8.64,61.65,70.58,43.07,61.94,2.85,53.72
STU105347,24,Female,73.3,9.37,79.78,90.91,85.77,79.68,2.85,86.08
STU105348,22,Female,83.79,20.71,79.37,81.31,84.33,71.13,2.93,71.29
STU105349,25,Female,64.54,17.78,75.24,81.88,60.52,77.27,3.48,70.45
STU105350,20,Male,86.81,16.69,85.54,70.95,71.68,74.13,3.24,72.42
STU105351,24,Male,95.64,27.51,96.47,96.81,84.02,87.1,3.73,81.94
STU105352,19,Female,91.62,8.35,77.39,69.66,70.87,85.43,2.16,57.69
STU105353,24,Female,96.17,18.74,72.23,74.76,76.08,84.31,3.19,67.9
STU105354,28,Male,76.62,8.88,51.68,71.22,58.33,69.39,2.19,66.47
STU105355,28,Female,58.74,8.31,77.08,56.15,60.93,58.9,1.76,50.51
STU105356,27,Male,91.04,27.01,90.54,82.72,100.0,87.03,2.52,97.83
STU105357,27,Female,59.49,19.24,72.23,71.78,55.14,76.14,2.16,62.91
STU105358,18,Female,97.91,20.84,72.41,62.31,86.37,73.99,3.47,91.08
STU105359,22,Female,77.09,24.98,75.53,83.28,92.06,71.99,2.9,79.16
STU105360,26,Female,89.02,29.03,94.74,70.31,97.75,68.01,2.81,87.91
STU105361,28,Female,50.9,8.9,62.02,33.22,54.24,39.96,1.32,34.24
STU105362,25,Male,78.63,11.13,78.05,86.32,85.18,90.09,2.93,97.13
STU105363,29,Female,79.96,13.45,85.17,72.6,71.6,52.19,2.0,76.17
STU105364,21,Male,72.03,5.95,56.69,56.85,77.49,79.27,1.95,60.95
STU105365,19,Male,57.19,27.81,54.32,55.64,61.07,66.14,2.29,71.84
STU105366,19,Female,80.03,16.2,65.05,84.83,76.74,84.73,2.87,67.79
STU105367,25,Male,88.82,11.9,86.55,73.45,70.27,87.95,3.12,69.65
STU105368,26,Male,75.89,0.38,64.19,76.23,90.59,64.03,2.18,70.91
STU105369,21,Female,61.12,2.98,58.93,51.3,69.26,64.59,1.07,49.77
STU105370,28,Male,70.02,9.2,70.97,53.8,48.95,50.91,1.38,50.85
STU105371,27,Male,75.49,24.95,82.62,89.51,65.12,72.9,2.87,73.3
STU105372,22,Male,57.91,1.98,48.08,45.2,50.21,61.69,1.66,39.22
STU105373,21,Male,80.73,20.15,85.56,54.26,67.41,73.69,2.01,67.77
STU105374,27,Female,100.0,30.77,96.73,90.68,100.0,100.0,4.0,90.97
STU105375,26,Female,78.35,15.33,76.13,77.58,58.23,89.0,3.02,68.03
STU105376,20,Female,77.74,20.32,73.09,97.36,69.6,77.81,2.85,71.55
STU105377,21,Male,58.68,15.72,51.12,59.62,67.19,74.63,2.05,57.81
STU105378,24,Female,49.01,7.89,72.23,47.3,58.91,58.79,1.79,51.99
STU105379,24,Male,71.09,14.23,66.89,70.37,70.46,84.29,2.46,70.65
STU105380,20,Female,70.8,15.43,68.35,70.92,74.2,74.69,2.72,65.77
STU105381,30,Female,95.68,24.08,98.38,65.95,92.23,78.56,3.38,73.87
STU105382,23,Male,78.8,14.91,80.2,52.77,91.96,74.33,1.88,79.25
STU105383,22,Female,100.0,40.0,100.0,100.0,100.0,94.18,4.0,100.0
STU105384,18,Female,69.19,0.72,57.04,73.3,55.25,66.9,2.38,61.52
STU105385,29,Male,65.71,19.12,75.26,83.29,71.1,75.44,2.58,62.28
STU105386,21,Female,71.22,14.16,56.8,64.63,67.63,67.8,2.52,64.24
STU105387,30,Female,82.96,14.55,96.36,94.48,69.1,81.26,3.76,59.03
STU105388,24,Male,85.49,10.83,73.16,74.08,74.55,92.49,2.64,90.03
STU105389,29,Male,49.38,14.82,72.23,56.38,57.69,46.74,1.99,42.92
STU105390,20,Female,73.19,19.57,67.88,67.11,78.7,58.27,2.27,76.37
STU105391,20,Female,100.0,30.63,80.22,89.68,80.82,77.64,3.02,76.29
STU105392,28,Female,98.86,19.65,87.98,100.0,83.09,84.49,2.85,82.88
STU105393,28,Female,60.22,8.12,74.91,53.24,57.12,50.5,2.02,51.74
STU105394,25,Female,73.2,14.47,68.34,67.7,57.39,56.73,3.0,57.08
STU105395,18,Male,97.08,17.99,83.2,100.0,83.38,85.96,4.0,88.63
STU105396,30,Male,74.81,15.38,69.87,74.77,85.89,57.04,2.74,68.14
STU105397,23,Male,86.42,17.39,63.54,56.47,77.12,77.25,1.8,57.71
STU105398,30,Female,78.35,25.49,100.0,99.86,93.95,85.3,2.41,84.16
STU105399,29,Female,58.0,4.75,75.47,59.27,60.06,46.84,2.26,62.22
STU105400,29,Female,55.29,16.21,74.56,32.12,56.49,70.18,2.65,59.4
STU105401,26,Male,80.49,14.06,76.54,63.49,59.28,56.77,2.58,53.22
STU105402,26,Female,91.1,31.38,83.99,77.58,78.45,79.63,3.05,99.31
STU105403,24,Female,81.33,25.45,82.12,77.79,74.31,84.45,3.53,79.25
STU105404,18,Male,78.35,21.31,78.52,78.98,70.85,80.1,3.17,69.52
STU105405,23,Male,76.72,8.86,92.88,76.68,59.61,56.42,2.88,71.41
STU105406,27,Female,86.38,15.78,72.23,96.31,90.68,87.42,2.46,70.38
STU105407,28,Female,84.07,22.69,66.6,82.66,57.97,70.25,2.59,55.31
STU105408,25,Female,82.97,23.46,78.04,93.69,90.27,95.03,3.46,94.84
STU105409,27,Male,77.15,15.04,86.84,79.2,87.75,86.54,3.19,75.97
STU105410,18,Female,100.0,23.7,59.05,69.29,96.71,100.0,3.73,95.54
STU105411,24,Male,71.37,16.37,75.92,45.39,70.85,62.89,2.53,71.17
STU105412,24,Male,98.57,6.7,46.61,74.97,69.13,54.29,2.41,78.37
STU105413,29,Female,90.74,21.03,99.46,85.01,80.77,97.14,3.69,91.92
STU105414,22,Male,79.1,26.89,71.41,100.0,77.44,89.06,3.0,75.79
STU105415,20,Female,86.28,16.07,60.46,69.88,58.35,83.14,2.01,59.12
STU105416,22,Male,65.05,7.13,44.4,41.11,42.53,70.78,1.83,42.32
STU105417,20,Male,95.44,30.92,100.0,78.95,88.89,94.29,3.17,80.86
STU105418,25,Male,62.12,10.97,56.21,57.06,39.25,59.42,1.17,43.87
STU105419,26,Female,47.57,1.6,75.51,40.74,54.8,46.76,1.96,37.11
STU105420,28,Male,58.21,7.61,87.84,82.83,72.41,59.85,2.36,63.69
STU105421,30,Male,94.42,18.59,84.53,66.99,72.09,54.05,2.85,56.36
STU105422,18,Male,52.34,6.39,48.32,54.66,49.75,55.22,1.23,48.62
STU105423,21,Male,93.33,13.13,75.87,56.56,62.36,73.29,2.91,64.48
STU105424,21,Female,84.97,17.71,72.23,93.44,68.38,72.89,3.1,68.84
STU105425,21,Male,73.2,15.71,70.65,62.71,52.95,66.3,2.41,37.72
STU105426,28,Male,98.22,31.16,89.53,95.8,92.81,72.7,2.52,94.49
STU105427,19,Female,100.0,17.85,79.78,67.32,72.38,77.4,3.02,75.47
STU105428,18,Male,85.57,10.3,87.33,78.48,100.0,96.06,3.51,86.37
STU105429,29,Female,54.77,11.03,43.79,56.7,68.75,48.92,1.95,59.23
STU105430,24,Male,65.37,2.18,51.88,57.85,65.32,43.07,1.98,57.05
STU105431,20,Female,77.7,19.3,82.55,80.89,71.6,61.5,3.31,60.52
STU105432,22,Male,91.73,25.52,98.77,100.0,76.46,71.13,3.69,78.65
STU105433,24,Male,64.99,20.16,64.01,65.75,57.65,57.43,1.71,61.08
STU105434,24,Male,84.8,26.15,70.03,77.3,67.52,74.39,3.02,61.0
STU105435,30,Female,77.79,5.29,57.76,49.67,53.4,65.39,1.84,56.59
STU105436,23,Male,85.62,3.97,57.94,59.75,63.61,55.01,2.15,67.65
STU105437,18,Female,65.57,9.83,72.75,59.61,77.11,67.99,2.63,69.37
STU105438,23,Female,80.01,13.4,74.72,59.58,44.31,51.27,2.59,44.8
STU105439,25,Male,54.04,4.47,80.32,59.43,64.81,62.55,2.46,66.47
STU105440,24,Male,54.17,1.48,47.36,58.88,61.12,53.63,1.84,44.91
STU105441,24,Male,50.63,1.07,63.97,55.31,39.06,49.35,2.16,36.73
STU105442,29,Female,78.47,20.12,80.3,90.05,82.71,87.52,2.8,85.51
STU105443,28,Female,76.19,18.19,63.6,63.47,72.68,77.85,3.29,66.47
STU105444,21,Female,66.09,16.14,76.92,57.72,75.33,91.93,2.87,71.42
STU105445,22,Male,78.25,7.76,61.15,57.25,55.5,68.41,1.87,52.02
STU105446,26,Female,96.85,20.23,82.37,96.13,73.16,77.42,3.68,71.76
STU105447,23,Male,85.94,20.35,88.69,92.38,64.12,71.13,2.65,70.23
STU105448,23,Male,69.94,16.45,89.77,71.99,95.35,69.45,2.27,66.28
STU105449,20,Male,85.59,5.82,82.03,65.36,72.34,78.45,1.98,68.89
STU105450,21,Male,69.29,11.94,67.26,65.32,61.44,51.74,2.62,56.22
STU105451,27,Female,78.35,14.34,76.79,83.27,88.39,67.32,3.12,81.89
STU105452,28,Female,83.84,19.63,100.0,80.15,70.74,79.74,3.44,70.49
STU105453,28,Male,95.55,19.96,74.15,77.11,79.5,78.78,2.72,68.1
STU105454,22,Male,71.84,19.24,80.61,68.13,58.75,71.92,2.37,71.1
STU105455,19,Female,86.14,22.27,72.23,87.34,69.75,78.31,2.66,73.25
STU105456,20,Female,65.72,8.88,47.0,65.98,54.84,71.13,1.59,54.36
STU105457,23,Male,91.44,14.89,85.15,58.5,72.55,65.85,2.69,60.33
STU105458,24,Male,69.36,3.22,48.47,68.93,39.92,68.71,2.26,44.2
STU105459,29,Female,83.44,14.43,75.43,77.51,66.19,86.88,2.63,64.44
STU105460,29,Female,100.0,32.88,100.0,100.0,95.0,99.06,4.0,96.19
STU105461,18,Female,78.36,11.75,58.03,61.52,56.67,57.15,1.59,42.0
STU105462,27,Male,100.0,29.28,100.0,100.0,94.05,100.0,4.0,96.73
STU105463,21,Female,74.52,22.33,56.67,75.94,72.19,87.99,2.61,78.29
STU105464,20,Male,77.5,12.42,73.85,56.26,57.49,66.83,2.43,56.43
STU105465,25,Female,55.35,0.0,51.06,53.13,36.38,55.95,2.17,42.66
STU105466,18,Male,78.35,29.74,94.42,94.62,86.17,85.6,3.82,80.55
STU105467,22,Male,78.79,21.74,78.99,62.6,76.2,81.13,2.35,84.35
STU105468,25,Male,77.54,12.62,63.75,59.3,60.05,51.2,1.95,49.63
STU105469,21,Female,87.1,16.69,67.79,64.69,48.12,56.53,2.14,49.99
STU105470,25,Male,84.6,16.27,63.35,85.21,81.32,77.3,2.72,69.8
STU105471,23,Female,77.52,14.62,84.64,76.53,73.95,85.02,2.96,68.12
STU105472,28,Female,81.36,16.85,64.46,94.01,95.52,84.88,2.82,93.9
STU105473,20,Female,95.52,26.56,79.07,73.14,100.0,92.57,3.07,99.34
STU105474,18,Male,73.46,5.34,59.63,54.81,45.72,40.7,1.97,41.76
STU105475,24,Male,84.87,24.33,72.42,89.66,74.7,55.57,2.79,94.61
STU105476,21,Male,59.72,21.68,78.7,71.83,67.32,68.59,2.34,72.4
STU105477,27,Male,79.08,9.35,62.13,62.25,74.68,81.81,2.25,66.47
STU105478,19,Male,97.52,15.59,72.23,72.72,78.26,73.95,3.3,77.85
STU105479,25,Female,60.81,0.0,57.95,60.4,63.46,63.68,1.52,63.79
STU105480,30,Female,43.3,2.83,56.46,45.2,41.8,49.48,1.2,40.44
STU105481,19,Male,71.41,19.29,69.49,69.08,62.7,68.07,2.96,58.92
STU105482,21,Female,70.06,16.22,55.49,78.49,54.47,65.84,2.6,57.76
STU105483,28,Female,63.36,9.36,50.91,77.23,61.66,42.04,2.52,52.39
STU105484,24,Male,42.73,1.89,64.47,41.64,56.49,57.19,2.15,42.97
STU105485,20,Female,100.0,16.63,94.74,97.37,100.0,84.71,2.99,96.61
STU105486,20,Male,84.14,15.29,73.38,76.56,47.82,83.35,2.52,57.86
STU105487,27,Male,88.53,23.39,73.02,76.98,67.21,69.44,2.33,67.48
STU105488,29,Female,100.0,29.5,92.08,100.0,100.0,90.8,3.18,100.0
STU105489,22,Female,84.48,23.26,89.53,95.68,66.18,62.41,2.73,63.69
STU105490,24,Male,85.7,30.14,93.08,84.83,95.26,91.64,3.28,98.25
STU105491,28,Male,57.27,3.72,57.24,39.99,47.86,63.35,1.81,42.27
STU105492,20,Female,74.44,8.81,67.94,55.52,43.83,70.01,1.68,42.74
STU105493,20,Male,87.76,21.26,88.99,76.14,68.36,69.79,2.8,68.53
STU105494,28,Female,87.75,12.82,67.96,47.12,88.86,77.62,3.56,79.66
STU105495,20,Female,87.96,24.32,76.67,70.31,92.23,87.37,2.52,85.93
STU105496,28,Male,62.31,11.69,77.05,46.56,47.01,42.95,2.08,52.91
STU105497,24,Female,74.28,17.22,84.66,77.21,98.44,72.39,2.85,100.0
STU105498,30,Female,97.35,12.32,97.11,75.37,62.15,70.41,2.84,51.77
STU105499,18,Female,79.99,21.48,89.53,78.36,68.38,70.57,2.26,64.73
STU105500,30,Male,57.32,9.28,71.71,77.94,78.77,63.02,2.56,70.7
STU105501,20,Male,100.0,15.04,58.3,76.89,72.77,70.3,2.25,84.17
STU105502,18,Male,69.77,6.14,53.0,82.43,56.37,62.84,2.4,55.08
STU105503,27,Female,75.34,13.55,74.87,73.01,63.22,73.65,2.96,65.84
STU105504,24,Female,50.53,14.88,53.08,65.2,50.56,65.56,1.53,48.01
STU105505,28,Female,73.88,10.31,62.95,59.48,68.05,70.36,2.53,68.93
STU105506,19,Female,82.2,5.31,77.67,66.64,56.74,66.09,2.39,57.36
STU105507,19,Male,70.51,13.93,68.2,74.81,88.89,61.34,1.52,74.31
STU105508,25,Male,76.01,10.55,67.9,73.43,44.65,52.23,1.7,52.12
STU105509,29,Female,71.77,8.27,71.31,58.18,69.13,64.11,1.91,59.43
STU105510,23,Female,100.0,31.63,100.0,97.69,100.0,99.95,3.62,100.0
STU105511,28,Female,54.66,9.37,66.1,62.71,54.78,76.89,1.7,50.09
STU105512,29,Male,72.75,15.54,86.71,75.77,74.47,77.07,2.68,73.73
STU105513,29,Male,70.39,0.0,45.42,51.18,54.99,48.86,1.91,66.47
STU105514,24,Female,94.95,24.11,87.98,85.69,90.92,75.16,3.53,73.97
STU105515,27,Male,80.7,16.84,78.83,81.92,51.06,60.67,2.44,58.07
STU105516,24,Male,66.02,11.04,72.23,64.4,66.32,48.69,2.43,52.67
STU105517,26,Female,67.68,16.12,65.54,58.81,48.78,75.79,2.66,51.75
STU105518,25,Female,97.97,15.03,70.87,77.12,89.16,83.39,3.23,80.24
STU105519,24,Female,54.55,0.0,41.61,34.11,68.38,61.95,1.34,56.77
STU105520,23,Female,74.49,13.06,49.21,65.27,44.34,61.6,2.52,61.69
STU105521,26,Female,80.98,11.58,69.59,63.09,46.79,70.3,2.41,41.37
STU105522,27,Male,81.45,7.35,71.15,79.73,63.3,72.87,2.53,55.07
STU105523,29,Male,100.0,21.56,100.0,95.25,96.03,100.0,3.49,100.0
STU105524,25,Female,64.32,13.75,57.85,81.79,63.84,61.35,2.72,66.47
STU105525,19,Male,78.52,29.41,85.21,81.4,84.34,80.77,2.46,82.27
STU105526,25,Female,100.0,22.82,95.65,95.62,88.6,96.46,3.23,89.75
STU105527,22,Female,85.78,21.28,78.71,87.52,77.29,92.22,2.82,79.02
STU105528,18,Female,78.35,0.0,68.99,74.52,51.28,55.72,2.33,48.23
STU105529,18,Female,64.27,9.16,61.32,61.87,42.04,59.64,2.09,36.73
STU105530,25,Female,89.04,14.03,56.17,100.0,83.1,79.4,3.39,85.86
STU105531,30,Male,100.0,22.9,80.56,88.54,93.34,85.37,3.35,81.25
STU105532,24,Male,90.13,18.67,96.96,61.13,71.19,85.77,2.52,78.16
STU105533,23,Female,86.66,14.1,90.33,83.31,72.37,100.0,3.07,76.74
STU105534,19,Male,100.0,40.0,93.2,100.0,100.0,100.0,3.68,100.0
STU105535,26,Male,78.35,17.0,83.76,83.85,95.24,72.43,3.1,77.56
STU105536,18,Female,66.71,11.43,67.19,47.51,65.98,46.96,1.58,46.17
STU105537,28,Female,69.15,22.77,86.4,67.2,74.96,70.87,2.46,63.85
STU105538,28,Female,93.11,24.69,82.55,77.33,73.9,93.55,3.75,82.47
STU105539,30,Female,69.74,7.37,72.23,60.39,77.6,66.41,2.44,65.72
STU105540,21,Female,96.26,15.04,82.96,86.02,92.24,88.78,2.88,77.25
STU105541,24,Male,83.08,5.41,66.09,73.83,56.86,87.82,2.35,58.77
STU105542,21,Female,82.62,15.35,69.96,66.45,79.13,80.24,1.89,71.78
STU105543,28,Female,89.48,21.28,70.43,60.05,58.93,68.25,2.3,68.74
STU105544,20,Male,86.28,8.9,69.81,78.86,78.21,60.49,3.16,72.04
STU105545,29,Female,78.72,12.15,73.53,63.73,81.95,80.33,2.19,77.56
STU105546,20,Female,58.01,14.62,72.51,43.04,53.64,59.68,1.19,51.75
STU105547,18,Male,75.72,11.48,58.88,87.04,54.27,73.93,2.05,56.28
STU105548,20,Female,68.84,3.13,62.39,50.85,59.07,47.08,2.21,66.47
STU105549,27,Female,63.24,14.5,57.52,47.08,68.54,66.45,2.89,55.76
STU105550,25,Female,73.55,7.89,72.23,48.68,51.27,68.1,2.26,68.98
STU105551,22,Male,80.48,7.49,92.09,61.1,76.64,67.82,2.56,70.99
STU105552,26,Female,94.6,14.34,74.62,97.95,99.53,82.62,3.0,86.2
STU105553,26,Male,93.52,28.65,71.76,75.86,91.71,86.8,3.41,87.98
STU105554,25,Female,65.19,9.03,65.06,45.39,47.05,52.29,1.76,56.15
STU105555,24,Female,58.22,21.73,68.41,74.4,46.47,79.42,2.5,55.71
STU105556,19,Male,47.57,1.77,70.68,71.7,66.06,71.13,1.91,61.78
STU105557,21,Male,80.73,13.84,59.73,66.68,87.45,70.41,1.89,71.67
STU105558,24,Female,66.14,18.04,88.07,93.35,91.41,71.13,3.17,76.05
STU105559,19,Female,94.78,18.22,100.0,77.81,76.62,75.04,3.29,58.19
STU105560,24,Male,91.55,18.89,80.49,63.67,80.61,64.33,2.04,76.86
STU105561,19,Female,100.0,16.98,79.16,100.0,74.16,81.5,2.66,80.7
STU105562,28,Female,79.19,22.61,72.23,65.79,82.07,76.69,2.29,65.02
STU105563,19,Male,78.71,15.93,68.23,61.8,59.4,71.84,2.65,55.23
STU105564,19,Female,90.16,19.37,87.05,90.23,72.36,82.8,2.67,63.94
STU105565,26,Male,77.1,21.11,67.71,80.42,78.11,73.46,3.09,70.6
STU105566,20,Male,77.67,10.34,63.89,63.05,56.03,69.95,2.17,52.67
STU105567,22,Female,93.67,8.66,77.06,71.71,79.99,73.93,2.71,75.1
STU105568,22,Male,79.98,8.28,82.96,60.01,55.84,81.71,2.53,61.62
STU105569,24,Female,49.87,2.05,68.1,49.15,69.2,58.35,1.59,55.82
STU105570,27,Female,89.2,15.88,75.37,79.87,78.94,80.23,2.71,72.27
STU105571,26,Female,72.85,10.47,48.94,53.39,48.83,56.28,1.97,45.14
STU105572,21,Male,91.27,19.77,76.79,79.52,62.42,71.32,2.74,54.55
STU105573,26,Male,67.79,2.99,57.9,56.91,46.14,53.28,1.66,41.74
STU105574,27,Female,56.63,5.9,75.06,65.54,56.86,65.86,1.99,57.98
STU105575,25,Female,75.98,16.17,72.23,62.38,68.38,75.47,2.94,54.31
STU105576,25,Female,97.59,23.16,75.5,79.89,77.85,70.2,2.95,75.58
STU105577,30,Male,79.91,8.69,66.48,67.76,53.29,61.07,2.52,48.67
STU105578,24,Male,69.23,2.84,57.88,45.87,63.86,71.16,2.52,48.42
STU105579,23,Male,94.79,13.81,72.53,100.0,68.38,69.7,2.97,85.74
STU105580,25,Female,60.77,15.66,61.81,42.26,56.57,61.01,3.02,67.21
STU105581,28,Male,91.95,28.18,69.0,73.48,77.39,88.91,2.78,81.63
STU105582,27,Female,69.69,7.87,67.15,63.79,37.64,65.17,1.76,32.58
STU105583,18,Male,87.75,12.1,76.56,79.69,65.15,75.17,2.46,71.17
STU105584,23,Male,100.0,40.0,90.16,89.41,100.0,100.0,3.73,100.0
STU105585,27,Female,68.02,11.7,76.81,60.69,76.95,65.87,2.49,81.49
STU105586,20,Female,92.31,12.15,57.42,72.68,76.56,73.31,2.52,67.38
STU105587,30,Female,64.59,3.0,51.35,37.78,36.14,54.86,1.52,43.59
STU105588,28,Male,78.35,7.6,65.14,48.32,50.52,59.27,2.76,48.74
STU105589,29,Female,76.25,24.11,86.7,83.95,68.49,72.74,2.66,53.39
STU105590,19,Male,75.61,4.65,63.5,74.34,74.05,59.59,2.12,50.93
STU105591,25,Female,87.66,21.66,88.49,77.11,88.62,72.87,3.1,81.01
STU105592,24,Female,85.83,17.49,70.52,82.51,73.33,71.44,3.01,67.8
STU105593,26,Male,57.17,4.31,65.77,56.0,60.83,40.57,2.34,56.71
STU105594,29,Female,95.06,19.41,97.58,73.71,73.2,86.86,3.68,82.65
STU105595,22,Male,59.84,6.29,50.2,44.37,56.02,60.6,2.0,52.74
STU105596,24,Male,78.55,10.85,65.65,67.77,69.35,76.64,2.02,66.47
STU105597,26,Male,94.44,14.12,72.23,65.97,87.01,61.62,1.95,64.84
STU105598,27,Male,90.3,24.07,76.78,95.63,75.63,77.85,2.96,77.06
STU105599,28,Female,66.43,5.09,65.54,55.59,70.28,69.07,2.07,64.45
STU105600,22,Female,87.55,26.8,68.7,84.93,94.33,61.91,2.16,79.13
STU105601,30,Female,82.08,20.98,66.12,62.3,55.98,72.28,2.02,66.43
STU105602,18,Female,75.07,21.39,74.83,65.91,60.28,75.43,2.85,63.45
STU105603,24,Female,99.13,19.89,79.72,85.43,99.03,96.96,3.36,92.48
STU105604,25,Male,78.35,16.68,75.07,61.98,59.52,66.38,2.21,63.46
STU105605,18,Male,91.75,22.57,82.41,82.9,78.92,80.9,3.32,86.98
STU105606,23,Male,86.01,23.58,100.0,84.15,96.78,86.51,3.38,88.68
STU105607,25,Female,100.0,23.04,85.42,70.31,81.68,81.48,3.79,83.99
STU105608,25,Female,80.65,19.38,72.23,72.94,77.57,71.53,3.51,78.4
STU105609,19,Female,87.09,24.36,72.49,50.11,57.3,62.93,3.49,66.58
STU105610,21,Male,70.59,12.56,100.0,79.55,71.69,71.94,2.52,65.35
STU105611,21,Male,56.64,4.93,71.29,47.1,59.53,62.18,1.61,49.58
STU105612,26,Female,77.96,13.83,70.28,71.28,67.25,60.58,2.38,52.27
STU105613,22,Male,70.75,15.89,66.02,50.36,70.3,69.72,3.11,71.29
STU105614,25,Female,91.07,11.61,74.61,60.03,67.55,71.43,2.13,69.4
STU105615,27,Male,86.66,14.88,87.38,79.18,74.47,64.6,3.31,74.28
STU105616,28,Male,56.02,10.24,49.46,71.71,50.36,60.9,1.71,52.54
STU105617,20,Female,72.62,19.93,70.65,72.43,75.45,71.13,2.49,66.54
STU105618,29,Female,100.0,38.3,100.0,98.1,75.65,76.37,3.21,88.75
STU105619,20,Female,97.91,23.26,83.83,76.35,99.58,81.86,2.53,91.21
STU105620,18,Male,78.24,19.28,83.22,76.63,78.25,82.67,2.71,89.48
STU105621,18,Male,79.74,21.85,73.67,72.36,96.24,83.12,3.15,78.74
STU105622,20,Female,73.22,8.27,54.02,68.78,66.86,71.32,2.52,62.18
STU105623,29,Female,69.29,7.69,51.96,62.78,47.72,47.09,2.19,48.14
STU105624,20,Male,78.35,22.94,71.83,71.72,80.95,92.5,2.53,88.83
STU105625,27,Female,78.35,5.43,46.17,42.85,26.65,46.71,0.9,15.52
STU105626,24,Male,74.34,21.38,63.86,62.44,54.37,59.46,2.43,66.47
STU105627,18,Male,89.42,11.99,73.59,67.35,66.94,79.76,2.74,71.77
STU105628,23,Female,82.77,9.86,64.38,76.29,64.26,69.11,2.34,72.04
STU105629,18,Female,100.0,26.95,100.0,98.73,100.0,100.0,3.64,93.0
STU105630,24,Male,100.0,20.37,96.15,93.51,91.93,100.0,3.97,81.69
STU105631,25,Male,85.64,23.89,74.25,80.24,96.05,78.0,3.05,97.04
STU105632,24,Female,81.52,12.82,74.06,51.1,31.03,50.76,1.87,36.48
STU105633,21,Female,99.1,29.34,85.21,98.5,100.0,86.23,3.06,97.78
STU105634,27,Female,89.91,19.46,68.29,85.33,72.44,56.58,3.26,69.67
STU105635,25,Male,72.11,14.38,71.99,68.28,64.33,61.81,1.88,69.11
STU105636,21,Female,67.42,18.07,66.92,70.04,81.2,80.09,2.4,78.14
STU105637,23,Female,89.09,17.74,82.65,72.86,67.42,80.99,3.35,81.56
STU105638,19,Female,72.44,0.0,54.1,69.42,75.83,69.0,2.92,65.5
STU105639,30,Male,78.78,14.19,70.11,82.26,78.11,79.35,2.66,83.74
STU105640,27,Female,81.48,17.09,74.2,81.87,90.51,87.69,2.61,66.47
STU105641,21,Female,76.73,8.63,57.34,49.89,56.32,61.36,1.95,43.4
STU105642,26,Female,68.14,12.48,64.51,70.55,65.45,71.13,2.21,72.48
STU105643,26,Female,55.54,6.16,72.23,38.76,48.74,55.18,1.86,53.01
STU105644,25,Female,83.73,15.98,89.68,92.96,72.35,94.2,2.81,71.13
STU105645,18,Male,73.06,4.39,54.21,61.41,57.11,56.36,2.36,55.76
STU105646,29,Male,88.24,18.93,52.36,75.33,78.42,90.78,2.62,69.16
STU105647,30,Female,66.17,12.1,69.06,69.93,59.52,53.93,2.28,57.8
STU105648,24,Male,71.69,1.94,54.44,51.3,44.88,51.85,1.89,51.23
STU105649,30,Male,65.87,7.6,54.75,57.88,53.41,62.75,1.78,54.74
STU105650,30,Female,70.38,17.21,64.14,58.13,67.6,70.26,2.8,68.23
STU105651,27,Male,72.6,15.14,61.78,56.95,49.43,57.81,2.6,50.9
STU105652,18,Female,72.28,20.77,72.12,76.83,81.87,80.95,2.64,69.32
STU105653,24,Male,54.92,9.76,51.38,52.46,44.61,36.33,1.63,42.81
STU105654,21,Male,82.28,15.96,74.3,46.98,67.03,85.71,2.93,72.74
STU105655,20,Male,70.89,8.02,59.36,68.83,74.18,50.51,2.23,59.29
STU105656,28,Female,84.59,24.78,55.61,75.7,65.53,79.24,3.2,75.54
STU105657,24,Female,66.35,12.06,57.09,74.38,56.71,73.01,2.28,65.48
STU105658,24,Male,97.66,13.18,81.45,71.68,45.17,79.08,2.84,61.47
STU105659,24,Male,62.46,13.1,56.76,72.04,58.86,50.41,2.21,52.92
STU105660,19,Male,99.66,23.84,94.58,100.0,100.0,93.36,3.67,83.37
STU105661,20,Female,70.62,6.18,52.5,57.63,31.97,48.3,2.2,40.99
STU105662,29,Female,73.54,10.73,75.19,74.7,53.43,69.13,1.97,51.25
STU105663,23,Female,72.84,14.74,73.9,79.94,71.55,54.58,2.58,66.33
STU105664,25,Male,81.45,14.48,56.46,55.45,61.08,73.24,2.71,61.17
STU105665,24,Female,58.12,0.55,53.33,52.28,54.49,74.64,2.51,68.67
STU105666,20,Male,70.2,3.64,40.19,39.68,48.18,50.04,2.03,45.06
STU105667,28,Male,71.96,2.03,73.01,68.74,78.44,64.63,2.19,79.8
STU105668,27,Male,64.46,7.21,50.78,52.07,57.27,66.67,2.56,63.51
STU105669,26,Male,86.82,26.77,85.78,68.45,91.53,91.16,3.11,92.9
STU105670,22,Male,95.96,26.95,94.35,85.25,100.0,79.68,3.11,88.13
STU105671,26,Female,76.97,18.21,73.53,65.66,48.62,59.55,2.38,46.06
STU105672,30,Male,76.28,8.31,53.67,59.01,54.93,53.18,2.22,60.21
STU105673,26,Female,88.72,8.65,65.23,91.07,62.14,79.44,2.49,66.66
STU105674,24,Female,69.0,15.1,51.22,68.62,57.06,56.81,2.52,51.2
STU105675,21,Female,74.5,12.95,56.96,65.66,72.94,66.3,1.62,68.13
STU105676,24,Male,89.37,8.38,41.91,54.85,56.99,73.83,2.44,65.24
STU105677,22,Female,68.46,9.65,70.67,44.24,73.2,62.53,1.74,49.29
STU105678,25,Male,86.27,2.45,72.9,61.12,47.04,57.42,2.51,54.72
STU105679,18,Male,59.05,8.21,48.87,52.34,55.32,62.0,1.73,59.53
STU105680,20,Male,63.95,14.04,76.53,63.09,62.98,71.13,1.88,51.3
STU105681,28,Female,89.6,17.72,72.23,90.36,54.13,83.97,2.66,72.76
STU105682,22,Female,78.35,10.27,79.2,76.25,73.3,66.37,2.56,78.97
STU105683,23,Female,84.0,16.45,80.34,72.41,40.4,70.78,2.3,34.42
STU105684,25,Female,32.62,7.58,47.78,40.77,42.87,43.66,1.38,37.27
STU105685,23,Female,90.56,26.14,63.56,65.54,84.81,83.43,3.11,73.81
STU105686,27,Female,64.98,15.03,66.77,54.29,55.97,45.01,2.52,46.64
STU105687,21,Female,85.7,31.84,72.23,73.09,84.16,83.48,3.39,85.72
STU105688,27,Male,69.49,20.55,67.66,97.61,93.1,70.95,2.63,79.62
STU105689,20,Female,68.34,17.41,67.75,83.69,56.31,73.4,1.85,49.57
STU105690,22,Female,53.73,5.37,54.5,38.49,36.31,40.98,1.82,33.13
STU105691,25,Female,100.0,26.32,85.63,98.31,100.0,82.87,3.82,93.06
STU105692,29,Male,74.53,25.49,79.27,65.46,80.3,82.34,2.84,79.59
STU105693,21,Male,89.14,15.27,76.19,81.87,90.65,91.49,2.83,77.54
STU105694,25,Female,93.49,28.03,93.97,85.51,74.37,88.3,4.0,81.35
STU105695,18,Male,67.61,13.3,68.77,70.89,46.28,71.0,2.16,53.84
STU105696,18,Male,89.84,24.81,79.43,95.7,76.2,77.79,3.35,83.88
STU105697,27,Female,66.06,13.47,52.3,68.29,60.63,66.39,2.63,63.75
STU105698,27,Female,87.18,20.24,99.44,87.01,72.14,69.89,2.75,69.46
STU105699,22,Female,65.95,11.13,61.41,67.88,55.29,52.54,2.13,52.1
STU105700,26,Female,60.36,14.64,56.56,56.91,43.3,70.6,2.11,47.33
STU105701,22,Male,72.06,19.05,78.39,57.95,71.65,64.12,2.55,68.52
STU105702,21,Male,48.98,0.4,60.4,52.46,49.84,63.72,2.18,51.81
STU105703,23,Female,91.05,16.75,80.42,70.8,50.4,73.92,2.6,59.5
STU105704,22,Male,84.64,11.04,74.78,61.36,61.43,76.7,3.43,63.76
STU105705,28,Female,65.5,4.05,61.66,40.75,42.73,41.03,1.35,46.05
STU105706,23,Female,67.79,10.17,57.63,65.42,73.14,73.38,2.75,57.25
STU105707,22,Female,84.24,19.31,70.02,79.57,58.87,67.77,2.52,66.07
STU105708,24,Female,91.49,19.78,66.57,58.63,88.44,71.13,2.96,74.89
STU105709,27,Female,74.85,21.64,72.16,60.78,80.33,67.45,3.16,65.69
STU105710,21,Female,90.34,18.92,92.73,88.76,77.58,79.48,2.66,66.92
STU105711,30,Male,82.87,16.72,69.23,57.24,81.29,79.83,2.52,79.03
STU105712,24,Male,72.17,8.6,86.36,49.29,72.81,56.69,1.97,63.56
STU105713,26,Male,80.2,16.62,71.63,90.57,78.49,59.37,2.32,71.75
STU105714,30,Female,73.81,6.99,52.04,71.61,67.34,63.7,2.16,60.59
STU105715,23,Male,81.07,9.38,83.17,100.0,72.89,84.13,2.41,66.06
STU105716,20,Female,89.53,12.23,92.68,53.68,55.3,72.82,1.95,58.38
STU105717,27,Female,69.55,14.03,45.46,83.81,72.34,62.0,2.32,64.59
STU105718,18,Male,76.73,11.0,78.43,56.9,53.52,76.27,2.48,53.49
STU105719,23,Female,81.8,19.09,67.82,84.14,72.11,66.97,2.63,58.69
STU105720,30,Male,65.02,5.72,61.13,36.85,66.57,76.72,2.26,56.78
STU105721,23,Female,70.9,8.14,63.18,76.19,61.7,88.92,2.82,68.38
STU105722,26,Male,51.03,9.79,63.47,55.82,48.64,50.53,1.62,51.85
STU105723,24,Male,100.0,24.88,80.63,78.12,66.0,83.26,4.0,62.42
STU105724,20,Female,71.12,17.96,87.68,61.84,70.72,75.15,3.12,66.47
STU105725,22,Female,99.73,24.99,79.46,85.55,78.06,71.13,4.0,85.85
STU105726,24,Female,67.34,7.26,58.71,59.85,46.52,67.7,1.8,50.83
STU105727,19,Female,99.7,16.64,62.81,71.25,87.67,69.34,3.15,78.84
STU105728,23,Female,92.16,27.14,100.0,78.61,86.27,77.26,2.53,77.46
STU105729,23,Female,90.94,13.4,87.59,67.5,60.26,73.76,2.29,56.47
STU105730,28,Female,75.4,14.55,87.81,70.34,66.25,81.05,2.11,68.5
STU105731,19,Male,75.76,6.0,74.77,41.96,50.27,72.06,3.01,60.7
STU105732,28,Female,70.17,9.14,53.03,49.05,68.38,51.0,1.58,48.27
STU105733,23,Female,81.32,16.22,64.15,63.56,47.56,56.31,2.04,64.77
STU105734,26,Male,63.13,8.3,61.77,51.91,47.49,54.19,1.36,55.21
STU105735,25,Male,100.0,26.38,91.79,77.03,67.98,100.0,3.48,81.68
STU105736,21,Male,57.02,10.38,46.78,62.5,70.77,59.08,1.43,63.62
STU105737,30,Male,81.06,19.43,63.29,81.44,81.99,98.03,2.9,85.08
STU105738,20,Female,84.95,22.83,72.23,82.54,98.02,81.06,2.09,66.47
STU105739,18,Male,65.67,18.75,71.64,70.18,83.6,89.44,2.64,68.79
STU105740,27,Female,82.2,19.27,73.7,72.96,76.64,74.54,2.08,77.89
STU105741,26,Female,96.48,21.88,77.74,93.24,57.93,73.21,2.8,61.5
STU105742,29,Male,61.85,16.65,69.63,72.94,72.97,71.13,2.18,76.52
STU105743,23,Female,71.16,13.37,60.32,83.49,68.38,59.67,2.33,74.88
STU105744,18,Female,83.72,15.89,61.46,67.7,53.31,70.44,2.18,47.95
STU105745,18,Female,100.0,34.3,78.78,91.02,89.95,85.5,3.49,93.09
STU105746,24,Male,98.23,29.39,100.0,100.0,95.35,86.97,4.0,100.0
STU105747,21,Female,65.06,1.85,61.46,70.91,52.73,61.72,2.02,50.42
STU105748,29,Male,53.0,1.36,72.23,24.32,48.73,48.6,1.18,45.01
STU105749,19,Male,78.35,21.52,69.6,77.8,79.95,68.99,2.81,82.76
STU105750,29,Male,86.58,18.07,83.23,91.47,71.19,70.07,2.91,59.17
STU105751,20,Male,98.45,21.85,84.97,100.0,100.0,94.7,3.79,80.36
STU105752,19,Female,97.58,12.53,72.92,73.79,62.61,71.33,2.97,66.26
STU105753,21,Male,86.72,22.33,89.52,89.48,89.99,80.28,2.65,71.41
STU105754,19,Female,93.94,33.02,83.28,96.11,91.5,80.47,3.71,98.45
STU105755,23,Male,96.64,21.13,86.03,98.99,78.53,78.6,3.57,85.21
STU105756,22,Female,100.0,24.67,78.82,83.69,91.62,78.69,3.46,66.47
STU105757,24,Male,53.07,5.91,48.15,58.01,33.35,46.3,1.68,35.04
STU105758,24,Female,72.21,13.01,66.61,67.1,70.61,67.76,2.6,74.75
STU105759,18,Female,86.34,19.38,70.12,84.69,73.85,79.12,2.24,73.38
STU105760,19,Male,82.78,6.73,67.49,81.26,82.66,75.17,2.43,76.17
STU105761,20,Female,79.24,23.12,55.54,80.17,74.39,66.03,2.62,85.06
STU105762,20,Male,95.87,27.09,81.53,95.08,65.1,80.28,3.06,60.48
STU105763,19,Female,69.96,15.72,72.55,64.04,54.28,73.8,2.24,69.92
STU105764,22,Female,75.53,18.5,83.95,72.94,93.87,82.44,2.96,68.93
STU105765,25,Male,82.61,19.38,71.7,66.21,70.39,78.7,2.5,70.68
STU105766,22,Male,79.57,14.52,52.82,70.88,46.63,73.51,2.56,59.51
STU105767,22,Male,54.52,8.09,61.73,69.07,54.17,71.13,1.88,50.15
STU105768,24,Female,51.31,0.43,63.12,53.16,63.79,61.14,1.7,56.83
STU105769,25,Female,80.65,13.2,90.51,77.79,65.35,59.72,2.23,62.58
STU105770,22,Male,74.57,12.51,66.57,71.35,56.68,64.93,2.65,63.56
STU105771,20,Male,82.82,11.18,54.2,72.9,55.81,50.33,1.92,53.53
STU105772,23,Male,48.03,2.93,57.0,56.35,38.42,63.59,1.9,36.9
STU105773,18,Female,74.14,15.04,79.51,70.41,80.52,71.89,2.26,72.9
STU105774,24,Male,82.08,17.35,70.45,73.27,62.48,62.28,2.56,61.1
STU105775,30,Male,64.26,8.41,58.86,46.04,62.67,71.13,1.38,66.47
STU105776,23,Female,72.73,6.23,50.37,53.01,72.51,66.6,2.23,60.72
STU105777,19,Male,73.56,18.27,75.68,49.88,55.65,72.69,2.32,62.33
STU105778,27,Female,87.31,20.57,84.98,66.81,84.22,75.87,2.87,73.88
STU105779,19,Male,61.5,6.89,65.12,58.39,72.75,77.94,2.12,61.95
STU105780,20,Female,67.38,1.21,75.15,35.73,40.96,55.55,1.57,35.0
STU105781,19,Female,79.04,9.11,73.46,81.0,80.99,56.61,2.32,70.09
STU105782,29,Male,88.5,21.12,81.11,76.65,68.48,77.95,3.09,66.01
STU105783,30,Male,68.62,21.13,61.74,67.2,53.91,67.3,2.72,61.65
STU105784,25,Female,80.56,22.65,57.54,62.3,60.58,77.43,2.64,73.6
STU105785,26,Female,79.88,16.8,64.19,72.13,56.1,76.01,2.01,70.83
STU105786,26,Female,63.07,19.23,66.31,73.91,53.75,55.0,2.7,53.85
STU105787,25,Male,62.83,10.47,83.51,64.81,45.58,42.04,2.16,61.13
STU105788,24,Male,64.41,10.57,55.75,54.96,53.5,71.73,1.45,58.9
STU105789,30,Male,100.0,19.23,89.49,63.59,81.22,84.82,3.24,82.32
STU105790,27,Female,91.07,9.99,69.26,74.15,75.47,57.06,2.82,83.11
STU105791,19,Female,80.83,13.95,74.72,70.31,75.79,57.03,2.48,62.29
STU105792,24,Female,79.6,16.15,75.7,85.28,86.82,75.95,2.55,77.07
STU105793,30,Female,81.85,29.96,67.18,80.1,68.03,69.98,3.01,69.76
STU105794,23,Male,58.58,10.59,76.38,82.48,52.72,74.43,2.74,44.98
STU105795,20,Female,72.86,7.96,67.36,58.96,71.92,62.89,1.62,68.53
STU105796,29,Male,81.27,16.98,77.28,57.57,74.93,65.59,2.69,71.87
STU105797,26,Male,100.0,26.27,97.66,100.0,99.4,91.11,3.76,99.91
STU105798,25,Female,85.24,21.84,79.42,94.2,81.15,80.11,3.09,84.6
STU105799,23,Female,74.27,20.39,66.69,86.28,67.96,73.22,3.06,58.1
STU105800,19,Male,94.14,18.54,82.77,64.93,78.49,96.93,2.25,86.48
STU105801,22,Male,83.0,30.03,97.89,85.05,79.25,86.38,3.41,75.42
STU105802,23,Female,54.17,12.35,72.23,64.0,50.28,57.58,2.26,59.28
STU105803,30,Male,78.35,15.43,75.9,76.92,72.07,75.58,2.15,61.79
STU105804,21,Female,69.52,23.66,69.07,75.51,76.22,82.65,2.0,74.04
STU105805,19,Female,78.93,16.76,83.46,75.92,66.22,65.15,3.38,63.05
STU105806,23,Male,77.64,17.63,71.66,37.22,65.99,62.81,1.77,62.04
STU105807,30,Male,73.28,15.8,58.97,89.43,59.6,71.8,2.6,60.47
STU105808,24,Male,73.17,9.04,72.23,70.89,59.74,66.2,2.63,62.93
STU105809,22,Female,97.49,18.25,100.0,73.02,82.18,76.25,3.16,79.31
STU105810,26,Male,48.3,16.5,59.99,50.54,59.93,38.6,1.98,47.95
STU105811,26,Female,78.91,17.73,76.13,67.96,61.53,64.22,2.19,70.08
STU105812,21,Male,51.22,8.39,55.79,54.03,49.87,55.49,1.74,58.24
STU105813,24,Female,63.36,5.7,68.46,44.44,44.62,73.32,1.74,62.91
STU105814,25,Male,97.18,20.44,69.04,63.91,60.79,74.75,2.46,67.78
STU105815,18,Male,70.81,15.18,74.18,78.61,69.36,74.33,2.68,68.28
STU105816,23,Female,78.97,21.61,76.91,60.91,97.73,60.93,1.8,74.86
STU105817,24,Female,100.0,27.81,80.58,65.07,74.11,82.74,3.26,74.6
STU105818,23,Male,88.78,27.72,95.54,77.33,86.13,80.4,2.52,71.83
STU105819,25,Male,71.83,18.67,62.26,69.1,71.23,75.37,2.59,65.6
STU105820,25,Female,78.06,16.06,75.05,56.38,71.35,77.63,2.79,65.75
STU105821,27,Male,67.05,14.72,65.0,81.23,56.45,79.05,2.0,62.12
STU105822,29,Male,86.05,26.47,100.0,89.07,81.37,80.1,2.38,82.04
STU105823,19,Male,70.81,10.17,56.38,65.86,44.39,63.75,1.76,34.33
STU105824,24,Male,96.64,21.57,94.08,91.01,93.69,76.97,3.62,82.77
STU105825,24,Female,99.11,28.11,65.96,70.66,76.33,85.93,3.19,82.59
STU105826,19,Female,74.82,4.41,72.23,48.2,63.36,65.45,1.51,57.61
STU105827,26,Female,71.98,10.12,66.71,74.4,40.49,63.99,2.14,42.89
STU105828,19,Female,87.26,15.16,100.0,66.82,72.07,74.93,2.8,70.56
STU105829,23,Male,69.19,0.0,66.06,65.59,52.4,65.66,2.41,56.62
STU105830,22,Female,63.55,19.14,74.41,72.98,82.69,91.15,2.43,79.19
STU105831,20,Male,78.37,23.71,66.89,64.63,72.24,52.9,2.37,56.61
STU105832,28,Male,100.0,25.75,72.3,85.97,60.49,98.01,3.58,61.64
STU105833,21,Female,80.04,29.87,71.58,67.98,55.95,74.99,2.69,63.06
STU105834,21,Male,100.0,28.76,72.23,92.62,100.0,91.31,3.85,100.0
STU105835,29,Male,80.85,19.72,87.74,73.55,74.01,81.99,3.38,66.47
STU105836,29,Male,65.96,6.38,65.73,52.78,57.62,60.92,1.88,71.23
STU105837,18,Female,100.0,27.82,67.9,84.0,93.35,83.45,3.25,92.5
STU105838,21,Male,96.51,23.44,76.75,68.45,83.16,91.89,2.76,78.31
STU105839,27,Female,93.3,24.83,92.38,70.83,82.8,77.03,2.75,67.56
STU105840,28,Female,96.55,14.69,86.85,68.59,64.07,70.67,2.32,70.36
STU105841,30,Female,53.96,7.91,64.11,55.84,48.89,72.58,1.8,45.73
STU105842,25,Male,62.1,7.25,49.1,39.15,35.66,58.11,1.76,39.31
STU105843,18,Female,72.44,21.15,72.23,50.65,70.25,74.16,2.89,64.7
STU105844,29,Male,85.69,12.48,72.2,99.77,71.53,94.23,2.65,64.41
STU105845,20,Female,80.46,10.38,70.82,67.98,81.93,75.2,2.73,70.26
STU105846,19,Female,100.0,25.46,92.64,67.01,83.61,96.36,3.33,82.64
STU105847,26,Male,89.5,28.52,91.05,92.34,89.34,91.84,3.17,82.11
STU105848,24,Female,64.18,12.72,73.94,65.1,60.63,66.13,2.56,56.67
STU105849,18,Female,80.65,25.45,87.59,82.55,90.49,81.65,3.08,96.23
STU105850,20,Male,100.0,34.02,89.3,88.51,98.74,82.71,3.75,97.92
STU105851,25,Male,70.97,14.57,68.27,78.22,74.56,82.7,2.9,72.48
STU105852,21,Female,78.35,12.58,81.65,69.51,56.33,55.32,3.14,43.78
STU105853,26,Female,68.44,18.2,90.0,56.56,84.22,75.55,2.57,78.12
STU105854,23,Female,50.39,1.43,46.85,30.02,45.4,58.66,1.15,55.76
STU105855,25,Male,87.6,17.96,64.4,57.98,65.18,63.06,2.3,76.35
STU105856,24,Female,83.08,18.42,77.21,72.16,79.55,78.93,2.68,74.55
STU105857,22,Female,84.93,14.58,74.31,74.65,85.18,83.45,2.82,81.0
STU105858,22,Female,89.46,12.05,55.65,64.85,63.27,71.34,2.98,59.32
STU105859,27,Male,71.21,17.81,83.57,61.79,58.2,71.87,2.71,63.23
STU105860,24,Male,78.35,0.0,45.72,39.36,42.19,71.13,1.27,45.72
STU105861,25,Female,93.15,20.89,81.47,81.83,74.23,79.4,2.52,80.24
STU105862,25,Male,77.9,6.8,65.13,71.72,64.54,63.82,3.0,73.74
STU105863,20,Male,65.69,9.66,72.23,59.21,67.65,58.81,1.9,64.0
STU105864,29,Female,84.59,23.28,86.31,95.4,86.22,70.96,3.67,71.72
STU105865,25,Male,90.17,15.37,89.05,74.79,72.65,93.97,3.13,74.8
STU105866,27,Male,90.16,15.31,86.37,72.66,80.51,77.92,2.38,82.51
STU105867,29,Male,91.32,20.42,87.07,76.0,75.78,75.51,2.47,63.08
STU105868,30,Female,72.19,0.22,51.65,59.09,45.92,54.86,1.68,47.6
STU105869,26,Female,84.38,10.72,70.22,73.72,69.62,66.4,2.61,65.02
STU105870,28,Male,93.87,31.79,86.37,84.27,96.06,77.66,2.83,77.26
STU105871,24,Male,65.09,7.39,67.71,88.51,53.79,60.45,2.71,59.07
STU105872,27,Female,59.06,12.55,66.14,73.34,71.75,71.13,1.93,55.3
STU105873,22,Male,66.25,12.93,73.3,64.64,69.54,77.92,2.78,83.78
STU105874,27,Female,88.74,16.61,72.4,84.16,70.66,55.43,2.77,66.34
STU105875,19,Female,83.13,14.9,86.73,88.98,76.98,79.36,3.39,84.06
STU105876,24,Male,47.82,0.0,56.4,40.77,45.3,48.64,1.66,55.61
STU105877,21,Male,57.28,0.0,54.61,20.0,24.23,53.19,1.26,34.25
STU105878,26,Male,89.81,22.74,88.81,82.28,98.89,78.95,2.47,84.91
STU105879,18,Female,72.75,11.89,74.13,56.37,43.09,63.24,1.99,52.27
STU105880,20,Male,68.59,12.06,67.69,38.06,72.94,59.13,2.59,74.97
STU105881,30,Female,45.45,0.0,62.5,46.34,58.44,60.21,1.49,53.05
STU105882,28,Female,93.84,25.74,79.87,81.83,73.52,70.42,3.82,73.04
STU105883,20,Female,86.43,13.49,78.69,67.59,78.47,68.59,2.86,63.12
STU105884,19,Female,79.48,13.56,81.98,88.93,78.62,65.25,2.47,73.96
STU105885,28,Male,92.15,11.92,66.06,70.97,78.69,73.55,2.81,66.72
STU105886,30,Female,60.84,0.52,47.41,42.68,36.51,50.76,0.96,44.5
STU105887,20,Female,70.7,7.61,55.92,58.69,52.09,49.57,1.73,59.99
STU105888,26,Male,63.7,13.76,66.76,50.94,70.42,56.79,1.85,63.94
STU105889,21,Male,59.01,3.74,59.29,51.92,42.19,53.1,2.13,44.32
STU105890,27,Male,84.33,11.07,70.26,38.59,44.74,55.11,2.34,55.9
STU105891,23,Male,63.45,12.47,73.54,76.09,71.77,67.06,3.04,69.27
STU105892,19,Female,89.35,23.18,79.83,90.25,79.06,96.98,2.97,80.57
STU105893,22,Male,61.41,7.63,58.23,55.95,51.48,57.13,1.41,47.08
STU105894,25,Female,78.35,9.8,65.63,71.55,60.53,64.8,3.04,64.06
STU105895,28,Female,86.26,21.73,71.57,76.87,84.6,75.91,1.83,74.25
STU105896,18,Male,70.27,9.19,51.83,74.38,65.2,47.54,2.05,66.38
STU105897,30,Female,70.99,17.81,53.94,65.99,67.28,55.54,2.48,66.3
STU105898,26,Male,90.65,14.57,70.7,83.85,60.53,68.11,2.73,53.56
STU105899,29,Male,82.79,18.02,77.07,77.78,78.66,59.79,2.68,75.2
STU105900,30,Male,84.65,23.37,77.19,63.46,58.75,85.68,2.88,68.47
STU105901,19,Male,72.52,15.91,73.0,77.12,56.46,88.91,2.72,64.82
STU105902,19,Male,73.53,23.62,72.23,55.08,71.94,71.13,2.13,65.95
STU105903,28,Male,80.81,10.42,77.62,51.01,42.63,52.1,1.4,43.24
STU105904,20,Male,74.91,25.3,76.09,70.62,63.73,73.68,2.61,78.19
STU105905,19,Male,91.45,28.21,68.27,83.58,70.92,77.0,2.19,69.96
STU105906,24,Female,78.35,0.68,52.0,50.93,68.38,64.09,1.75,50.62
STU105907,29,Male,78.1,24.25,93.39,79.44,80.95,90.4,3.2,77.15
STU105908,28,Female,88.87,25.19,72.37,68.22,96.73,73.2,3.68,77.43
STU105909,24,Female,77.67,12.26,58.2,60.4,55.53,65.7,2.57,64.65
STU105910,20,Female,69.71,7.33,57.34,56.56,50.37,63.01,2.47,63.55
STU105911,22,Female,79.31,5.96,63.91,73.65,45.87,60.17,2.14,43.81
STU105912,26,Female,55.19,0.0,72.23,43.09,48.44,39.65,2.02,49.27
STU105913,20,Female,100.0,38.14,93.32,76.66,95.46,78.58,3.63,97.52
STU105914,24,Female,69.98,14.74,72.23,60.23,86.99,78.02,2.96,76.91
STU105915,18,Female,83.91,3.05,50.72,53.87,63.7,69.97,1.75,59.61
STU105916,22,Male,55.52,2.98,76.96,59.17,36.86,48.97,2.17,31.91
STU105917,21,Female,69.28,2.55,70.19,78.24,74.53,50.53,1.86,65.92
STU105918,26,Female,100.0,16.78,69.98,58.44,51.04,64.13,2.39,52.64
STU105919,29,Male,99.84,23.85,80.72,89.53,68.38,85.08,2.62,79.15
STU105920,19,Female,53.89,10.05,56.45,54.53,62.98,71.13,1.45,47.59
STU105921,28,Female,74.11,5.78,66.97,57.52,57.74,73.92,2.52,59.55
STU105922,26,Female,85.27,23.05,57.9,66.17,85.74,87.9,2.86,86.68
STU105923,30,Male,80.01,12.37,77.78,68.23,60.45,60.19,2.57,63.7
STU105924,29,Male,79.03,15.14,67.56,76.66,87.57,80.59,3.25,66.47
STU105925,19,Male,84.56,19.73,81.5,68.36,84.04,78.82,2.52,69.98
STU105926,27,Female,80.61,10.02,88.3,69.37,60.09,78.83,2.84,63.58
STU105927,25,Female,78.12,11.1,67.17,68.39,89.56,62.88,2.53,82.51
STU105928,19,Female,65.29,5.05,33.3,39.03,56.58,62.19,2.04,58.01
STU105929,21,Male,51.4,6.6,45.02,58.04,47.34,73.84,1.72,65.31
STU105930,30,Male,61.66,17.74,64.95,56.09,53.85,74.46,2.53,79.22
STU105931,24,Female,71.56,9.07,75.82,57.07,22.66,66.63,1.59,29.26
STU105932,22,Female,81.22,16.18,71.26,78.81,78.94,57.07,1.78,71.55
STU105933,22,Female,40.36,5.76,67.32,56.39,39.59,60.07,1.75,39.53
STU105934,28,Male,68.83,11.53,46.43,52.67,60.11,70.49,1.64,66.47
STU105935,21,Male,88.16,13.85,65.84,72.0,65.05,62.04,2.87,69.93
STU105936,20,Female,76.24,22.34,81.04,79.16,59.0,67.79,2.29,60.56
STU105937,25,Female,78.54,16.28,84.51,67.5,77.99,74.22,2.34,71.86
STU105938,30,Male,62.12,14.35,50.94,73.8,55.46,72.35,3.28,60.33
STU105939,20,Female,65.45,7.77,57.49,66.17,43.69,51.06,2.16,46.09
STU105940,21,Female,83.62,28.77,83.5,88.59,83.89,84.22,3.05,79.94
STU105941,24,Female,77.59,8.52,62.71,74.68,58.24,81.63,2.6,62.46
STU105942,20,Male,78.35,23.16,72.23,76.81,65.8,90.35,3.49,65.5
STU105943,26,Male,71.19,17.96,68.83,56.64,51.78,58.03,2.74,50.71
STU105944,21,Female,71.71,10.57,58.69,81.0,69.33,73.12,2.03,61.69
STU105945,19,Female,88.55,18.51,74.95,65.31,67.92,74.15,2.62,71.52
STU105946,21,Female,75.13,6.14,78.75,57.62,84.5,54.53,2.51,68.98
STU105947,30,Female,67.35,7.02,57.19,63.31,74.44,69.28,1.97,59.81
STU105948,30,Male,77.21,15.11,64.93,69.81,73.54,72.09,2.56,65.99
STU105949,24,Male,95.54,36.23,81.48,89.71,79.89,72.76,2.52,80.49
STU105950,23,Male,94.44,22.02,95.11,77.86,75.45,99.03,3.35,78.18
STU105951,28,Female,98.11,22.17,82.13,99.22,85.42,84.72,2.93,77.22
STU105952,20,Male,68.74,12.69,38.54,45.99,61.68,55.57,1.66,58.51
STU105953,26,Female,83.28,2.49,49.23,37.33,59.14,51.31,1.86,43.54
STU105954,26,Female,67.07,1.14,80.25,57.21,65.56,73.81,2.55,57.15
STU105955,27,Female,89.1,28.29,76.39,71.33,79.69,82.84,3.28,88.15
STU105956,20,Female,78.35,14.91,72.23,68.77,59.07,77.64,1.86,53.02
STU105957,27,Female,85.71,8.59,61.61,60.11,38.48,62.97,2.02,55.92
STU105958,25,Male,96.13,23.65,95.14,89.01,82.97,73.16,3.12,72.01
STU105959,29,Female,69.99,24.38,98.5,70.73,72.18,71.13,2.47,62.98
STU105960,20,Male,94.17,20.7,82.36,85.88,88.95,81.09,3.08,76.18
STU105961,25,Male,74.84,13.08,71.92,49.06,51.59,81.28,2.03,49.38
STU105962,28,Female,77.82,22.06,72.23,65.81,51.99,68.52,1.75,65.1
STU105963,21,Female,83.6,15.04,83.52,86.28,90.02,83.99,3.16,91.47
STU105964,27,Female,77.47,16.01,61.06,57.7,55.65,63.44,2.91,51.99
STU105965,19,Male,68.51,5.22,78.61,79.61,53.5,67.79,2.21,62.72
STU105966,27,Female,61.67,17.34,58.58,40.83,61.84,54.14,2.01,47.23
STU105967,25,Female,74.61,13.4,56.92,71.11,68.93,67.29,2.2,85.33
STU105968,20,Female,89.72,16.82,74.01,87.94,92.64,87.07,2.76,82.38
STU105969,18,Male,68.28,0.0,62.52,44.16,45.97,55.41,2.15,44.95
STU105970,27,Female,85.76,17.02,72.13,80.0,72.7,87.35,2.85,79.22
STU105971,21,Female,74.33,11.68,78.47,53.3,57.77,71.13,1.38,52.06
STU105972,24,Female,65.82,19.53,75.58,70.32,59.37,79.05,2.81,53.8
STU105973,18,Male,87.4,8.65,78.3,65.95,70.6,70.1,2.76,66.69
STU105974,30,Female,69.13,9.55,65.82,67.15,61.86,60.2,2.6,62.11
STU105975,25,Male,81.78,10.79,63.51,60.74,52.31,59.15,1.39,37.16
STU105976,30,Male,74.77,8.46,67.7,58.94,44.85,71.3,2.28,44.88
STU105977,20,Male,72.23,9.0,55.43,55.58,59.71,67.53,2.53,74.24
STU105978,20,Female,99.92,18.19,89.78,91.04,90.37,84.0,3.29,86.56
STU105979,25,Female,61.18,17.24,80.33,86.55,61.26,66.3,2.58,66.47
STU105980,25,Male,71.9,11.83,64.38,91.03,53.3,69.73,2.75,55.5
STU105981,28,Male,76.23,11.19,71.68,71.95,75.52,52.06,2.23,67.51
STU105982,30,Male,88.48,14.07,70.33,65.35,59.68,61.24,2.72,62.73
STU105983,28,Male,70.11,4.26,75.36,72.42,69.02,62.49,2.24,69.17
STU105984,19,Female,67.68,22.56,94.44,81.72,87.71,84.96,2.91,79.39
STU105985,22,Male,66.42,11.53,71.3,57.87,73.86,72.03,2.44,74.28
STU105986,29,Male,50.56,2.57,72.23,64.27,39.92,30.5,1.24,33.89
STU105987,24,Female,87.58,14.68,83.55,80.35,54.52,57.4,2.15,53.34
STU105988,29,Male,75.03,11.98,69.54,59.23,45.44,74.56,2.36,55.18
STU105989,25,Female,60.76,11.75,63.48,72.75,58.05,65.8,2.41,66.47
STU105990,18,Female,96.65,20.95,75.96,85.97,68.38,86.1,3.28,90.13
STU105991,24,Female,49.74,0.0,44.94,29.81,35.33,37.46,1.46,30.71
STU105992,28,Female,91.32,15.04,97.26,88.4,100.0,82.12,3.26,100.0
STU105993,26,Male,96.42,17.85,73.54,81.17,71.22,75.19,2.97,68.64
STU105994,19,Female,66.09,11.57,72.23,36.79,74.78,40.42,1.98,50.5
STU105995,20,Female,70.2,18.12,56.46,50.78,69.29,56.37,2.36,48.1
STU105996,29,Male,79.82,16.32,86.29,70.31,75.4,66.48,2.18,66.67
STU105997,30,Female,81.9,19.37,81.02,68.69,83.88,68.09,2.77,71.73
STU105998,27,Female,77.65,0.24,78.68,68.6,54.45,55.65,3.18,55.76
STU105999,19,Female,44.31,0.0,50.49,64.17,52.56,45.89,1.17,39.17
STU106000,26,Female,100.0,27.55,82.62,73.0,85.4,90.49,3.61,98.2
STU106001,28,Male,90.88,21.68,95.85,96.88,73.64,85.79,3.11,69.65
STU106002,26,Female,76.76,21.47,67.04,70.09,60.8,46.79,2.76,56.4
STU106003,25,Female,80.28,20.06,72.23,75.9,61.29,64.41,2.25,59.83
STU106004,24,Female,78.18,10.77,66.14,96.14,58.02,69.01,2.52,62.03
STU106005,21,Male,73.84,25.79,81.17,87.91,99.77,64.74,2.68,89.69
STU106006,21,Female,45.92,0.0,49.02,44.61,30.29,59.45,0.96,36.76
STU106007,27,Female,58.63,17.21,55.47,60.59,73.92,57.28,2.66,67.57
STU106008,18,Male,61.72,10.01,84.19,60.21,45.37,69.88,2.51,49.61
STU106009,19,Female,63.08,27.61,62.41,62.59,60.31,62.28,2.08,54.77
STU106010,24,Female,97.04,16.67,71.56,91.37,73.94,90.36,2.7,72.74
STU106011,28,Female,46.25,3.89,47.63,55.12,60.16,44.87,1.4,32.57
STU106012,26,Female,61.48,7.7,38.57,56.93,54.79,48.89,1.25,45.72
STU106013,25,Male,78.75,9.7,62.16,60.23,49.02,62.43,2.43,58.61
STU106014,24,Female,86.65,10.94,67.7,79.02,67.45,86.05,2.86,70.39
STU106015,24,Female,85.62,31.01,89.61,60.67,90.21,84.08,2.8,85.63
STU106016,22,Female,78.35,21.73,91.48,100.0,98.41,81.63,3.31,66.47
STU106017,19,Male,76.0,10.05,57.62,64.06,57.77,69.59,2.4,61.85
STU106018,27,Male,78.35,19.44,74.77,69.96,63.61,74.44,3.0,74.21
STU106019,27,Female,89.83,20.23,98.74,89.51,70.33,91.65,2.38,70.81
STU106020,21,Male,89.85,14.83,69.35,87.34,81.44,83.53,2.94,73.11
STU106021,21,Female,95.84,19.62,79.47,69.29,50.46,70.69,2.08,53.71
STU106022,22,Female,75.43,13.37,61.82,78.82,61.41,68.62,2.54,55.31
STU106023,29,Female,74.4,8.71,52.17,68.16,42.87,54.44,1.59,50.45
STU106024,24,Male,68.24,11.0,55.62,61.16,49.37,59.48,1.48,56.58
STU106025,27,Female,85.87,12.84,88.77,57.48,77.34,79.7,2.66,66.47
STU106026,23,Male,69.64,11.75,58.09,70.51,66.54,78.26,2.46,66.47
STU106027,27,Female,63.98,12.4,73.54,65.3,69.75,62.75,2.33,62.47
STU106028,24,Male,81.88,23.64,89.82,75.02,88.42,58.47,2.52,81.7
STU106029,21,Female,82.65,12.58,65.05,64.11,100.0,75.25,2.47,77.11
STU106030,29,Male,73.72,7.94,71.67,67.3,65.95,56.03,2.15,64.25
STU106031,27,Male,85.47,2.86,76.8,54.51,70.71,75.78,2.77,59.31
STU106032,28,Female,87.76,16.46,73.09,91.11,71.44,65.62,2.98,66.7
STU106033,30,Female,70.02,0.61,52.88,57.9,64.32,63.32,1.78,57.7
STU106034,21,Female,84.85,9.25,72.7,63.87,86.14,71.22,2.13,78.23
STU106035,19,Female,76.47,16.5,72.43,66.49,60.59,66.41,1.94,60.66
STU106036,25,Female,66.3,27.03,61.12,63.68,53.32,76.51,2.23,69.64
STU106037,22,Male,62.6,14.21,73.95,80.99,57.79,61.29,2.63,53.6
STU106038,23,Female,57.92,7.23,48.94,59.43,35.53,67.13,1.4,34.0
STU106039,21,Female,78.48,11.86,64.85,82.97,69.11,91.6,2.64,85.93
STU106040,23,Female,70.7,1.57,58.07,54.04,37.83,45.68,1.76,28.73
STU106041,23,Male,100.0,31.72,85.33,80.23,80.43,74.07,3.29,76.53
STU106042,24,Female,78.06,10.42,82.81,87.48,70.02,71.13,2.76,66.33
STU106043,27,Male,87.65,1.57,70.27,62.23,63.86,63.14,1.42,57.15
STU106044,25,Female,93.45,15.04,90.32,77.62,77.3,92.88,3.44,83.59
STU106045,24,Female,73.88,6.66,58.39,51.96,39.94,70.41,2.07,48.92
STU106046,19,Female,68.23,13.49,61.33,64.58,71.07,58.95,1.94,77.27
STU106047,25,Male,46.93,11.86,47.55,38.6,27.93,45.2,1.41,31.01
STU106048,20,Male,90.31,24.7,87.06,86.55,85.2,81.43,3.17,85.64
STU106049,22,Male,100.0,27.37,92.52,92.72,100.0,92.17,3.26,93.34
STU106050,23,Male,55.8,8.26,55.75,57.11,48.44,43.54,1.34,27.54
STU106051,19,Male,64.48,23.63,61.99,43.5,70.97,51.48,1.84,50.96
STU106052,23,Female,78.81,26.81,72.52,50.99,74.14,65.13,2.17,52.12
STU106053,21,Male,68.7,10.33,81.56,59.76,47.68,61.54,2.71,42.91
STU106054,29,Male,87.17,19.56,74.35,68.45,80.93,67.51,2.5,71.69
STU106055,29,Female,91.67,23.22,76.38,57.84,61.0,52.07,3.23,71.39
STU106056,18,Male,82.94,20.91,80.46,60.96,68.76,71.38,2.83,79.67
STU106057,25,Male,70.79,8.9,72.23,63.56,63.12,49.43,2.23,75.23
STU106058,24,Female,88.09,13.67,78.86,69.1,60.94,73.63,2.22,63.19
STU106059,22,Male,65.47,8.8,60.77,65.55,63.75,48.2,1.87,56.07
STU106060,24,Male,66.03,6.83,56.34,51.42,66.99,69.51,2.32,51.22
STU106061,28,Female,53.88,9.06,49.01,49.41,63.3,51.66,1.41,44.43
STU106062,22,Male,76.44,19.53,85.95,82.33,68.38,79.79,2.14,76.45
STU106063,18,Male,74.28,9.58,76.64,60.59,58.94,67.69,2.36,73.36
STU106064,22,Male,74.99,18.41,78.77,74.56,75.18,78.68,3.13,84.61
STU106065,21,Male,73.8,9.36,77.34,78.32,59.82,69.75,2.0,52.89
STU106066,22,Female,73.57,18.07,75.19,83.53,66.96,72.67,2.66,58.18
STU106067,20,Male,84.79,14.81,87.54,63.48,58.79,65.48,2.68,47.76
STU106068,19,Male,46.86,0.0,48.9,40.32,38.72,46.75,1.23,37.73
STU106069,30,Male,50.35,17.59,53.75,56.38,31.08,46.12,1.26,46.16
STU106070,19,Female,70.21,4.2,61.36,69.22,54.16,64.28,2.5,52.22
STU106071,27,Male,87.67,9.47,73.6,76.32,85.05,69.66,1.74,66.73
STU106072,27,Female,82.93,18.29,45.1,69.9,68.38,65.4,2.38,57.12
STU106073,26,Male,71.58,13.1,65.58,59.88,43.23,61.81,2.64,47.6
STU106074,29,Female,83.97,9.99,78.62,77.37,57.85,73.54,1.47,56.06
STU106075,18,Male,83.96,9.14,83.94,80.26,77.71,75.92,2.62,56.18
STU106076,21,Male,72.87,21.96,84.17,68.32,67.99,73.15,3.08,62.96
STU106077,20,Female,91.41,21.23,76.21,87.1,73.86,65.74,2.36,67.77
STU106078,25,Male,68.4,8.16,58.84,63.24,63.93,72.23,2.41,64.48
STU106079,26,Female,67.35,19.67,67.17,56.54,72.6,89.83,2.83,68.18
STU106080,29,Female,78.76,19.52,60.46,63.88,70.3,78.54,2.23,69.51
STU106081,22,Female,88.94,24.23,74.27,70.87,77.26,72.47,2.46,68.92
STU106082,21,Male,100.0,24.67,77.93,99.2,97.89,89.91,3.34,96.74
STU106083,30,Female,66.9,18.88,66.27,59.27,54.69,71.98,2.83,63.36
STU106084,26,Male,96.97,20.87,82.18,65.18,75.53,82.62,2.89,78.25
STU106085,27,Female,79.8,10.74,63.32,54.54,45.61,51.21,1.91,53.62
STU106086,23,Female,84.99,12.96,50.82,58.26,56.69,73.51,1.95,63.99
STU106087,23,Female,24.74,6.43,46.75,56.4,53.96,41.64,1.44,39.43
STU106088,23,Female,97.25,18.51,79.99,74.53,79.84,81.41,2.94,73.02
STU106089,27,Female,93.46,9.44,91.17,84.35,75.01,82.38,2.86,83.29
STU106090,20,Female,28.88,0.0,44.91,37.09,44.51,57.28,1.1,53.65
STU106091,30,Male,74.13,16.55,93.64,59.87,91.4,79.28,2.58,86.59
STU106092,20,Female,95.31,20.96,84.66,90.08,63.1,56.39,2.52,68.26
STU106093,23,Female,87.45,22.41,78.27,70.36,68.16,63.98,2.43,60.7
STU106094,22,Male,59.06,10.57,70.92,63.01,50.63,59.26,2.32,49.8
STU106095,26,Female,87.81,16.12,75.31,74.97,81.18,93.9,3.46,80.11
STU106096,26,Male,82.48,15.04,62.8,76.81,73.4,67.6,1.88,65.06
STU106097,29,Female,80.46,14.5,86.29,79.54,64.5,64.5,3.0,57.94
STU106098,28,Male,75.47,20.56,75.58,69.96,68.34,76.9,2.74,72.95
STU106099,21,Male,89.75,23.94,85.5,78.62,81.33,89.75,2.27,81.62
STU106100,20,Female,85.7,21.6,92.49,80.0,69.31,75.08,2.89,63.11
STU106101,29,Male,64.7,10.54,87.81,50.47,66.81,63.88,2.2,57.33
STU106102,24,Female,76.31,13.22,61.73,75.96,65.22,88.45,3.31,73.88
STU106103,19,Female,85.89,17.03,81.44,95.33,68.69,72.08,3.7,70.18
STU106104,28,Female,71.56,9.59,67.91,70.31,76.04,59.84,2.11,60.79
STU106105,26,Male,50.68,7.35,70.78,54.02,58.68,49.48,1.43,49.67
STU106106,18,Female,88.0,16.26,82.26,80.19,67.28,79.37,3.11,61.29
STU106107,28,Male,100.0,15.56,97.17,95.86,94.67,83.02,3.41,93.57
STU106108,25,Male,86.97,20.31,87.64,81.57,100.0,78.62,3.58,85.28
STU106109,24,Male,81.36,19.75,79.1,70.31,77.76,86.1,2.49,71.99
STU106110,29,Male,48.37,0.0,0.0,45.17,25.43,54.28,1.58,33.61
STU106111,24,Female,63.08,6.71,67.67,66.33,57.03,77.29,1.93,65.17
STU106112,23,Male,78.86,0.0,69.42,65.07,41.34,65.39,2.43,46.27
STU106113,26,Male,71.43,21.0,78.33,65.57,67.36,78.38,2.51,64.82
STU106114,20,Female,94.05,24.93,93.15,92.28,84.78,77.91,4.0,88.31
STU106115,19,Male,58.93,10.12,69.72,55.49,62.53,66.32,2.12,60.04
STU106116,28,Male,100.0,29.36,95.4,90.81,89.44,100.0,3.51,94.29
STU106117,20,Male,71.56,15.19,69.63,62.86,72.29,59.94,2.36,70.78
STU106118,24,Male,84.74,11.6,72.23,63.32,50.82,68.75,2.08,55.52
STU106119,21,Female,90.97,20.56,89.55,82.36,77.21,81.86,2.52,83.05
STU106120,20,Female,98.36,24.36,97.06,75.44,65.44,84.77,3.64,68.94
STU106121,24,Female,83.21,23.79,62.49,79.35,65.33,86.21,3.38,69.69
STU106122,28,Female,61.23,15.04,69.9,65.18,66.43,64.68,2.05,68.57
STU106123,23,Male,83.76,13.85,75.76,81.15,84.78,86.48,3.0,83.17
STU106124,19,Female,60.16,10.05,59.7,63.14,48.75,50.3,2.7,49.55
STU106125,21,Male,52.44,2.19,69.14,73.72,63.09,54.7,2.53,57.31
STU106126,20,Male,84.97,12.02,70.82,75.86,74.7,68.61,2.34,67.57
STU106127,29,Male,68.42,9.1,67.12,80.8,47.26,55.62,2.06,44.38
STU106128,22,Male,85.03,25.02,79.55,92.15,85.4,84.09,2.43,71.69
STU106129,22,Female,74.07,10.94,79.64,73.52,61.07,62.05,2.48,53.72
STU106130,18,Male,75.73,17.04,67.7,55.32,68.87,66.1,2.82,65.76
STU106131,23,Male,78.72,7.99,56.24,67.77,56.12,59.12,2.5,47.67
STU106132,29,Male,93.91,18.34,85.75,90.18,59.4,83.76,2.52,50.12
STU106133,23,Female,68.75,6.99,57.58,61.98,61.43,64.02,2.29,48.31
STU106134,26,Female,97.25,25.31,85.95,62.5,80.46,86.12,2.72,87.85
STU106135,20,Female,90.53,19.52,97.74,70.31,77.73,78.4,3.15,91.33
STU106136,19,Female,74.12,0.19,66.84,70.31,45.93,49.62,2.06,47.35
STU106137,27,Female,88.17,18.36,60.29,65.13,78.55,78.12,2.7,72.51
STU106138,18,Male,62.97,7.51,63.21,49.56,62.41,58.91,2.0,64.83
STU106139,23,Male,77.64,19.24,84.84,79.94,54.39,79.04,2.95,51.56
STU106140,22,Male,72.31,8.19,70.83,56.34,79.09,68.84,2.87,72.12
STU106141,18,Male,70.81,12.57,72.23,48.62,67.12,86.59,2.42,69.92
STU106142,24,Female,87.81,0.93,66.66,91.03,77.66,47.21,2.64,65.44
STU106143,30,Male,47.7,5.34,51.93,57.1,45.51,48.7,2.03,32.28
STU106144,18,Male,76.85,10.17,76.85,64.81,66.86,73.51,3.08,77.01
STU106145,28,Female,81.39,12.56,93.0,63.02,86.44,63.05,2.79,70.71
STU106146,25,Male,93.26,19.65,70.16,62.93,74.28,72.23,2.75,67.6
STU106147,27,Male,96.49,20.12,82.17,74.56,78.35,65.72,3.5,67.05
STU106148,19,Male,75.38,11.52,78.04,60.32,57.0,67.03,2.55,63.52
STU106149,29,Female,80.24,8.62,68.51,61.64,36.8,66.64,1.57,44.21
STU106150,18,Male,54.04,12.77,66.23,45.56,63.4,65.86,1.69,60.87
STU106151,29,Male,89.35,10.39,61.35,56.87,72.64,69.43,2.56,64.79
STU106152,26,Male,94.86,34.23,92.22,75.05,99.59,82.44,3.34,88.05
STU106153,22,Female,91.36,22.8,69.46,53.53,83.02,74.53,3.14,72.05
STU106154,18,Male,75.39,18.61,51.0,48.23,68.38,68.0,2.86,61.38
STU106155,25,Male,68.04,13.8,53.83,52.69,52.33,52.57,1.79,51.95
STU106156,19,Female,68.54,2.38,59.72,49.01,43.73,63.4,1.34,43.82
STU106157,25,Female,76.01,10.28,68.56,65.42,38.36,67.61,1.96,35.08
STU106158,28,Male,87.97,18.54,86.69,82.69,71.32,64.07,2.73,66.23
STU106159,21,Male,69.5,15.04,72.23,71.46,64.5,66.79,2.82,54.99
STU106160,21,Male,67.49,15.04,60.19,56.18,66.75,51.86,1.66,52.14
STU106161,20,Female,78.35,8.69,46.78,66.98,62.77,44.36,2.34,50.11
STU106162,20,Male,88.63,27.19,68.53,56.05,69.84,72.61,3.31,66.47
STU106163,19,Female,85.19,12.88,81.18,75.2,76.65,66.79,2.75,74.17
STU106164,21,Female,78.35,8.11,72.23,62.54,63.38,83.64,2.34,63.99
STU106165,26,Female,75.78,11.14,68.15,76.13,47.89,62.85,2.29,45.78
STU106166,21,Male,99.24,33.59,95.2,68.04,97.14,93.91,4.0,92.25
STU106167,28,Female,95.23,23.26,72.08,92.89,91.14,86.21,3.02,86.31
STU106168,28,Female,82.06,26.1,89.91,70.13,91.5,82.55,3.57,88.33
STU106169,27,Female,50.59,5.67,67.73,61.42,35.04,55.32,1.57,44.24
STU106170,25,Male,81.04,3.13,70.16,59.75,56.92,62.77,1.78,72.81
STU106171,22,Female,77.34,5.79,62.97,66.9,81.14,54.36,2.08,75.44
STU106172,30,Female,84.36,16.87,67.12,75.23,65.93,71.15,2.72,68.56
STU106173,20,Female,92.33,22.93,80.44,92.12,81.96,70.22,2.98,72.4
STU106174,24,Female,84.88,12.04,72.23,75.14,47.08,79.53,2.43,50.33
STU106175,23,Female,72.98,4.69,62.98,75.87,70.78,61.18,2.28,65.26
STU106176,27,Male,68.46,9.47,61.22,55.32,68.14,59.52,2.43,58.66
STU106177,25,Female,77.58,25.35,87.43,66.64,93.27,82.34,2.7,79.42
STU106178,28,Female,89.74,8.56,76.89,71.42,66.52,72.6,2.75,72.75
STU106179,29,Female,78.35,2.59,69.57,77.89,82.28,45.18,2.2,65.61
STU106180,23,Male,72.18,24.46,74.65,78.26,59.61,67.25,2.65,63.5
STU106181,29,Male,77.59,7.65,84.14,57.55,84.35,77.89,3.01,74.14
STU106182,20,Female,78.14,14.59,73.29,64.47,47.5,82.38,3.12,44.14
STU106183,29,Female,100.0,11.79,71.41,80.98,87.62,67.01,2.65,62.83
STU106184,20,Male,77.88,17.27,83.25,89.42,76.35,71.7,3.51,77.78
STU106185,29,Male,77.0,14.46,69.23,63.21,75.46,77.43,2.39,69.65
STU106186,23,Female,74.49,22.76,76.59,55.28,73.52,56.82,2.12,66.21
STU106187,30,Female,66.92,18.08,52.6,78.98,71.82,66.89,1.98,66.69
STU106188,19,Male,58.17,3.9,64.1,43.5,82.91,65.21,1.73,64.45
STU106189,24,Male,73.03,0.7,72.23,66.38,76.97,75.01,2.22,66.89
STU106190,29,Male,90.2,20.76,69.05,54.55,81.01,72.16,2.68,82.67
STU106191,18,Male,64.97,8.12,53.68,60.68,61.73,50.54,1.92,56.49
STU106192,21,Female,99.04,16.27,77.9,75.71,93.39,71.99,2.61,82.0
STU106193,19,Female,59.38,20.62,61.72,61.47,83.31,91.49,2.09,69.45
STU106194,22,Female,77.77,11.14,53.44,93.34,79.44,81.55,2.6,65.93
STU106195,23,Female,79.05,16.99,67.84,76.22,76.87,88.0,3.17,92.42
STU106196,26,Male,88.04,23.21,69.72,77.85,69.36,79.19,3.55,81.94
STU106197,24,Male,68.68,6.24,67.24,61.93,65.74,58.42,2.91,64.69
STU106198,20,Male,81.3,23.94,65.58,67.01,75.89,65.26,2.94,70.08
STU106199,20,Male,90.74,14.37,79.52,96.54,87.43,73.95,2.7,83.92
STU106200,30,Female,71.04,5.34,47.66,48.92,67.84,61.34,1.49,53.06
STU106201,30,Male,100.0,21.74,96.45,100.0,100.0,76.23,3.62,96.16
STU106202,20,Female,100.0,14.9,98.3,86.94,100.0,100.0,3.55,100.0
STU106203,20,Female,88.73,18.58,78.97,80.8,77.89,69.84,3.12,75.54
STU106204,18,Male,96.48,23.8,81.73,74.46,74.58,76.31,3.58,89.96
STU106205,30,Male,100.0,13.36,83.31,68.69,83.39,76.2,2.87,76.4
STU106206,27,Female,79.23,9.92,72.23,64.48,70.46,72.73,3.14,57.69
STU106207,27,Female,72.76,11.76,72.05,85.32,74.16,66.73,2.05,73.29
STU106208,21,Female,91.65,23.47,62.99,93.8,70.64,85.26,3.14,75.6
STU106209,26,Male,70.96,7.36,57.39,59.32,46.81,57.8,2.12,55.85
STU106210,18,Female,60.83,8.75,54.07,44.35,50.34,63.14,1.63,43.06
STU106211,26,Female,80.16,12.8,77.47,68.84,70.89,66.38,2.58,64.96
STU106212,25,Male,87.99,16.32,75.2,72.08,76.51,79.04,3.36,86.49
STU106213,22,Male,76.93,18.25,57.31,50.86,73.45,63.58,2.84,69.22
STU106214,27,Male,67.48,8.52,74.73,73.67,55.34,67.17,2.53,66.17
STU106215,26,Male,78.35,17.87,57.12,55.88,56.99,79.84,1.78,55.19
STU106216,23,Female,62.72,15.31,60.92,59.72,53.84,65.6,2.16,73.24
STU106217,20,Male,48.91,0.0,29.2,47.01,32.92,47.1,1.54,53.19
STU106218,18,Female,51.27,9.15,54.82,64.87,47.38,54.98,1.9,52.26
STU106219,30,Female,76.26,19.22,70.49,60.09,72.19,95.0,2.71,75.31
STU106220,21,Male,94.1,16.06,90.19,70.31,75.41,89.51,2.57,77.76
STU106221,21,Female,88.2,8.49,75.62,78.12,61.5,66.57,2.7,69.54
STU106222,26,Male,86.42,17.41,70.23,76.58,69.66,82.28,3.16,76.29
STU106223,21,Male,62.04,19.47,64.41,49.46,67.66,75.44,2.67,63.55
STU106224,22,Male,77.91,12.8,76.52,52.2,55.28,66.63,1.63,49.03
STU106225,27,Male,79.16,17.64,57.32,70.31,64.44,74.38,2.51,51.33
STU106226,25,Male,76.22,17.51,72.23,67.12,61.96,63.01,1.84,57.72
STU106227,24,Female,92.14,19.72,84.74,83.38,66.97,84.22,3.6,58.81
STU106228,18,Female,83.95,17.44,74.88,70.48,90.56,66.42,3.0,76.62
STU106229,23,Female,100.0,20.55,82.41,98.67,92.68,80.44,2.44,94.76
STU106230,24,Male,77.01,14.59,80.26,60.77,86.99,61.27,2.24,70.73
STU106231,26,Female,93.52,18.72,89.4,83.63,82.08,86.2,2.93,75.04
STU106232,19,Male,100.0,25.63,83.46,100.0,89.39,100.0,3.25,86.86
STU106233,20,Female,82.1,19.72,72.87,64.93,60.17,66.99,2.89,59.11
STU106234,27,Female,82.31,17.02,88.29,61.61,78.66,72.28,3.1,87.14
STU106235,26,Female,68.35,12.24,67.37,55.15,52.19,72.82,2.13,52.14
STU106236,28,Male,85.99,23.6,83.55,70.31,69.37,75.03,2.72,56.73
STU106237,21,Female,87.55,21.39,71.79,83.03,95.02,56.78,2.84,96.15
STU106238,30,Female,64.74,10.29,87.63,70.78,62.21,82.16,2.27,60.22
STU106239,21,Male,82.86,11.92,84.36,63.03,77.66,85.59,2.63,68.85
STU106240,26,Female,78.67,11.2,90.8,56.59,73.51,80.65,2.64,72.14
STU106241,20,Male,97.32,20.39,78.95,80.14,77.15,78.27,2.89,76.05
STU106242,29,Female,95.68,22.83,80.31,82.49,60.61,78.41,2.37,67.38
STU106243,22,Female,83.15,13.16,71.42,66.3,62.75,59.07,2.49,61.83
STU106244,28,Female,72.95,16.15,79.34,56.68,84.71,67.27,2.42,56.69
STU106245,22,Male,92.92,21.08,94.1,77.52,77.82,77.12,3.46,78.0
STU106246,28,Female,100.0,26.35,92.95,81.96,85.93,81.04,3.35,91.47
STU106247,23,Male,77.72,22.5,86.88,51.55,69.44,70.41,2.22,63.92
STU106248,18,Male,64.22,17.86,73.04,68.88,64.1,84.07,2.64,66.47
STU106249,20,Female,63.68,0.93,48.31,35.34,35.67,51.85,1.58,47.68
STU106250,26,Male,93.33,22.22,80.46,70.08,61.65,74.93,3.17,76.65
STU106251,20,Female,100.0,17.13,91.78,70.34,72.91,96.72,3.26,72.88
STU106252,21,Male,72.93,24.56,67.16,65.9,58.12,61.01,2.82,55.56
STU106253,25,Male,80.71,9.67,72.89,64.74,61.93,71.13,2.09,62.85
STU106254,21,Male,78.96,15.87,71.75,80.83,52.5,68.71,2.11,41.13
STU106255,19,Male,67.28,12.71,72.43,68.38,72.43,59.48,2.4,57.58
STU106256,26,Male,73.95,14.32,72.23,70.31,85.46,69.82,2.79,75.7
STU106257,26,Male,71.78,7.91,65.86,70.02,49.05,59.64,2.95,38.36
STU106258,27,Male,62.83,20.4,75.27,65.06,47.96,75.16,1.75,38.29
STU106259,30,Male,56.61,12.4,69.56,67.03,57.43,58.66,2.04,58.15
STU106260,19,Female,91.59,17.77,73.65,63.49,90.43,74.38,2.77,67.22
STU106261,23,Female,84.85,25.1,58.12,78.62,57.82,77.54,2.52,84.37
STU106262,21,Female,82.82,11.82,58.35,85.49,49.8,61.95,2.89,47.23
STU106263,29,Male,82.15,18.9,76.64,76.09,44.88,62.94,2.83,42.75
STU106264,25,Male,75.43,6.97,63.05,61.2,67.77,92.14,1.83,56.8
STU106265,19,Male,100.0,15.43,86.11,94.09,72.01,81.88,3.61,75.05
STU106266,26,Female,69.32,15.9,72.23,57.95,71.42,68.18,2.81,65.9
STU106267,18,Female,78.35,20.35,79.1,81.7,83.02,74.73,2.91,80.39
STU106268,21,Male,78.35,21.5,69.37,84.44,74.48,50.06,1.58,61.25
STU106269,27,Male,91.37,16.36,91.04,73.1,88.93,74.33,2.85,86.49
STU106270,24,Male,89.91,24.6,82.53,86.58,64.91,71.29,2.52,66.04
STU106271,27,Male,79.13,20.28,73.57,100.0,78.33,86.5,3.39,76.74
STU106272,25,Female,93.52,28.07,89.92,96.18,97.46,89.52,2.62,90.09
STU106273,28,Male,81.26,20.6,81.48,80.23,57.96,78.93,2.38,46.78
STU106274,25,Male,93.77,22.29,64.42,64.04,79.39,74.49,3.5,69.61
STU106275,18,Male,93.89,21.04,82.04,78.28,88.48,69.2,3.84,95.01
STU106276,18,Male,68.58,6.57,60.78,65.81,53.78,38.73,2.09,37.14
STU106277,28,Male,57.88,5.82,61.24,59.61,63.31,71.13,2.6,67.07
STU106278,18,Male,63.38,7.85,57.95,48.05,42.95,51.82,1.91,28.92
STU106279,22,Male,100.0,7.32,77.14,93.33,71.52,69.9,3.37,60.4
STU106280,18,Male,55.04,3.04,64.86,59.28,53.92,60.01,1.8,45.87
STU106281,21,Female,57.1,8.84,54.3,41.58,44.49,60.3,1.78,51.1
STU106282,25,Female,62.86,12.82,44.6,65.06,75.74,58.9,1.52,58.87
STU106283,20,Male,55.3,0.0,60.67,40.47,35.5,47.47,1.88,40.61
STU106284,24,Female,73.04,15.04,81.89,56.84,70.7,71.36,2.2,63.43
STU106285,30,Male,80.92,2.79,60.65,60.79,41.57,70.15,2.21,47.38
STU106286,18,Female,60.8,2.97,38.13,38.3,50.96,62.83,1.5,48.21
STU106287,18,Female,72.13,18.58,79.69,56.66,65.41,68.15,2.61,72.47
STU106288,21,Male,71.93,10.23,62.82,59.5,73.3,71.87,2.18,77.71
STU106289,28,Male,56.05,10.92,49.71,50.39,38.08,92.52,1.39,40.97
STU106290,23,Female,52.09,12.0,59.32,69.27,40.67,82.15,2.27,46.73
STU106291,26,Male,85.53,16.87,58.42,66.0,79.99,70.43,2.73,69.25
STU106292,18,Male,78.35,18.25,68.44,53.59,72.66,79.89,2.7,71.9
STU106293,27,Female,77.16,17.48,70.56,54.75,73.51,70.84,1.93,66.47
STU106294,18,Male,95.64,26.09,85.22,67.44,91.45,96.19,2.56,85.63
STU106295,27,Female,100.0,24.59,92.02,100.0,95.19,86.13,3.23,86.0
STU106296,19,Female,78.18,7.57,72.23,56.99,70.23,74.07,1.97,71.53
STU106297,29,Female,68.08,5.66,71.72,57.02,42.79,66.37,2.39,45.9
STU106298,21,Female,83.34,15.96,71.41,49.01,61.1,68.23,2.85,63.9
STU106299,20,Female,77.69,9.74,65.43,84.31,81.59,68.71,2.25,75.05
STU106300,22,Female,94.57,17.59,75.68,69.09,87.91,72.45,3.07,69.94
STU106301,18,Female,88.15,20.54,81.61,60.8,78.83,64.83,3.25,65.01
STU106302,20,Female,100.0,27.36,100.0,88.31,61.96,89.76,3.04,60.57
STU106303,25,Female,50.71,5.03,54.07,52.02,50.49,48.11,1.28,43.69
STU106304,21,Female,70.26,12.28,61.18,54.97,75.96,73.19,1.67,71.92
STU106305,22,Female,99.71,26.45,75.55,90.59,83.92,91.22,3.24,80.75
STU106306,28,Male,72.5,15.6,61.95,76.52,51.64,71.24,2.25,51.61
STU106307,19,Female,100.0,34.09,65.58,87.95,87.68,89.8,2.9,86.49
STU106308,23,Male,82.45,19.63,81.15,76.35,72.16,67.1,2.11,61.87
STU106309,20,Male,98.28,19.2,70.24,97.74,79.55,97.97,2.62,78.73
STU106310,24,Male,91.96,16.95,88.14,92.73,74.47,98.29,3.55,79.22
STU106311,22,Female,99.46,9.96,82.08,72.1,55.68,61.87,2.88,62.83
STU106312,18,Female,47.5,0.74,51.74,48.69,54.79,59.64,0.92,66.47
STU106313,18,Male,86.19,14.24,64.55,62.78,47.32,68.92,1.7,51.01
STU106314,29,Male,100.0,26.14,98.31,98.37,100.0,96.75,3.95,95.1
STU106315,18,Male,43.15,8.55,61.93,44.46,70.43,47.67,1.36,51.16
STU106316,28,Male,94.78,14.32,86.51,86.5,63.72,75.8,2.74,66.31
STU106317,29,Male,48.48,15.04,51.34,54.23,30.34,50.99,0.78,40.08
STU106318,24,Female,58.16,11.25,61.4,79.04,58.53,57.3,2.12,70.18
STU106319,22,Male,93.78,18.31,63.47,62.35,94.17,68.01,2.24,89.0
STU106320,28,Male,83.75,17.39,74.65,70.36,70.23,68.0,2.41,76.11
STU106321,30,Male,76.8,10.54,83.07,57.27,56.88,70.13,2.64,52.89
STU106322,19,Female,77.31,3.95,69.49,66.85,54.17,60.81,2.52,56.14
STU106323,30,Female,56.06,5.79,60.33,70.31,44.74,71.13,1.34,42.85
STU106324,30,Male,91.52,21.22,73.14,77.84,71.22,84.78,2.6,66.47
STU106325,19,Male,70.43,16.27,68.48,63.3,76.73,74.32,2.28,81.4
STU106326,18,Female,65.86,10.65,61.64,47.79,42.58,71.13,1.29,53.7
STU106327,24,Male,74.22,13.94,76.22,67.94,72.89,67.13,2.48,74.14
STU106328,19,Female,75.98,17.61,84.94,79.79,82.61,91.96,2.76,98.13
STU106329,25,Female,73.94,12.37,59.69,71.01,65.6,65.44,2.25,66.47
STU106330,18,Female,77.19,17.42,66.05,85.9,67.16,72.73,2.91,79.13
STU106331,26,Female,85.88,14.54,60.83,68.56,68.31,70.62,2.14,70.07
STU106332,21,Male,57.89,11.39,66.95,70.72,50.49,51.09,1.55,47.29
STU106333,19,Male,87.4,11.72,70.92,61.48,76.46,75.51,2.34,85.0
STU106334,18,Male,81.84,14.27,77.64,65.2,75.55,87.09,2.91,69.97
STU106335,20,Male,70.7,16.66,76.16,91.15,77.84,76.05,2.98,63.72
STU106336,25,Male,77.83,21.83,72.43,82.74,66.65,76.29,2.84,62.29
STU106337,18,Male,67.44,10.74,65.06,56.97,79.18,56.59,1.77,59.7
STU106338,28,Female,89.19,16.35,88.49,67.84,84.37,93.61,2.47,86.63
STU106339,25,Male,82.52,21.11,90.92,70.42,59.14,79.65,2.56,71.42
STU106340,21,Female,59.81,18.03,78.86,64.1,64.96,75.52,1.95,57.99
STU106341,30,Male,78.35,9.74,62.91,66.14,56.1,62.35,2.65,53.95
STU106342,24,Male,76.61,13.66,68.11,62.89,67.03,82.72,2.93,67.11
STU106343,26,Male,96.59,27.99,94.17,72.82,77.65,71.09,3.0,78.33
STU106344,20,Female,55.54,4.21,64.89,50.92,50.99,46.98,1.98,48.69
STU106345,27,Female,100.0,23.92,92.58,94.26,86.66,100.0,3.48,92.23
STU106346,25,Female,77.81,27.07,83.63,75.07,81.66,86.49,2.61,72.13
STU106347,30,Male,76.12,14.88,68.32,57.91,73.2,69.99,1.46,56.55
STU106348,24,Male,91.34,15.54,75.22,67.82,74.68,52.19,1.92,59.49
STU106349,26,Female,87.81,18.14,81.26,52.39,95.98,76.7,2.9,81.2
STU106350,22,Male,67.94,27.38,68.22,59.13,57.76,60.88,2.49,52.6
STU106351,18,Male,67.97,13.26,60.11,73.83,61.46,76.69,1.83,55.71
STU106352,19,Male,69.16,10.83,48.13,51.13,51.18,42.99,1.99,53.29
STU106353,29,Male,69.36,3.3,53.44,34.86,53.85,61.29,1.85,62.29
STU106354,27,Male,96.8,31.24,100.0,100.0,100.0,90.75,4.0,99.46
STU106355,22,Male,78.35,14.4,80.71,70.64,58.7,62.19,2.86,51.5
STU106356,27,Female,82.67,20.2,70.59,74.47,94.84,74.84,3.08,86.21
STU106357,18,Female,80.61,14.34,55.27,78.46,55.87,87.07,2.66,60.4
STU106358,18,Male,71.93,12.55,75.62,58.96,66.86,69.11,2.25,74.32
STU106359,24,Male,89.06,9.38,80.14,63.91,71.87,70.76,2.23,71.56
STU106360,26,Female,71.32,11.56,73.89,83.13,54.94,66.93,2.83,50.22
STU106361,30,Male,75.96,4.41,65.96,59.45,68.13,81.59,1.94,65.82
STU106362,27,Female,74.74,12.32,61.63,70.79,41.43,66.52,2.52,36.81
STU106363,21,Male,89.44,14.63,85.31,64.11,65.6,58.16,2.93,67.13
STU106364,28,Female,75.08,27.11,78.88,64.95,69.76,79.9,3.09,66.47
STU106365,24,Female,77.85,15.0,72.08,77.23,74.13,77.08,2.53,86.41
STU106366,28,Male,82.79,25.46,99.1,92.27,89.15,77.18,3.19,85.27
STU106367,20,Female,89.58,19.7,56.75,69.82,59.25,80.67,2.35,67.0
STU106368,18,Female,68.15,12.76,64.74,70.31,69.45,62.48,2.76,47.76
STU106369,18,Female,93.19,20.21,81.89,93.69,95.32,81.32,2.96,100.0
STU106370,30,Male,72.88,8.66,63.34,51.5,55.92,59.75,2.28,65.25
STU106371,19,Male,46.81,15.04,62.97,55.24,44.98,55.44,1.53,51.87
STU106372,30,Male,86.73,29.76,85.37,79.34,60.45,71.37,2.36,61.41
STU106373,27,Female,55.25,5.05,66.4,47.61,43.82,55.24,2.13,41.5
STU106374,19,Male,66.61,8.61,49.03,61.5,46.41,58.08,2.52,60.13
STU106375,29,Male,89.04,17.29,89.62,67.57,92.72,75.42,2.59,79.48
STU106376,19,Female,77.57,12.32,60.29,81.88,80.17,84.26,1.91,71.77
STU106377,19,Male,55.89,15.95,55.49,40.11,65.06,39.49,2.01,50.63
STU106378,25,Female,100.0,22.76,91.07,90.09,95.34,98.58,2.88,74.59
STU106379,21,Male,58.36,0.0,48.13,42.33,53.4,35.86,2.24,41.14
STU106380,21,Female,87.35,15.49,63.82,83.28,62.98,69.39,3.0,67.31
STU106381,24,Male,60.43,5.56,60.71,33.35,41.23,41.82,1.92,47.66
STU106382,25,Male,69.66,14.52,87.68,96.17,50.82,59.46,2.63,47.46
STU106383,18,Female,63.65,7.75,64.62,59.03,62.1,76.01,2.76,67.67
STU106384,21,Male,82.9,20.72,64.34,73.53,82.7,85.72,2.52,67.99
STU106385,25,Male,79.23,8.15,74.25,77.44,61.53,71.09,2.3,54.31
STU106386,24,Male,92.85,25.21,79.6,84.87,93.69,85.84,2.52,100.0
STU106387,27,Female,71.46,10.68,70.79,56.62,74.98,59.47,1.97,68.49
STU106388,20,Male,81.29,12.31,58.61,44.71,37.51,50.61,1.63,52.6
STU106389,26,Male,76.75,18.02,57.48,67.68,93.98,67.01,1.99,71.17
STU106390,24,Male,86.1,12.72,66.02,60.35,70.48,63.61,2.42,73.38
STU106391,23,Male,54.99,2.94,58.87,57.6,61.19,50.21,1.49,58.58
STU106392,21,Female,47.91,0.0,59.98,58.62,47.83,71.6,1.81,64.05
STU106393,25,Male,70.69,9.96,54.59,70.31,68.38,68.59,2.07,67.72
STU106394,25,Female,100.0,23.32,93.87,83.34,93.7,89.57,3.07,81.12
STU106395,19,Female,91.56,19.5,64.33,84.47,73.8,69.19,2.87,67.83
STU106396,25,Female,75.88,11.96,70.55,59.16,52.75,71.27,2.78,61.23
STU106397,20,Female,83.84,24.97,72.1,66.21,73.99,53.34,2.36,49.06
STU106398,25,Male,49.57,1.42,54.93,41.89,50.74,43.59,1.78,48.45
STU106399,30,Female,78.39,7.39,64.18,77.91,61.87,53.93,2.29,62.72
STU106400,24,Female,79.34,9.08,80.3,68.57,73.62,71.38,2.83,81.26
STU106401,27,Female,74.86,13.76,85.84,66.45,65.05,69.81,2.57,51.85
STU106402,22,Male,74.81,6.53,72.67,66.07,48.12,61.32,1.98,40.96
STU106403,29,Male,75.14,8.28,77.55,68.12,69.17,70.1,2.64,68.4
STU106404,28,Female,92.3,15.47,80.81,63.03,62.95,75.71,2.85,67.92
STU106405,29,Male,81.63,20.64,56.59,58.22,77.54,82.89,2.22,71.52
STU106406,27,Female,82.11,24.84,81.55,87.18,86.95,72.33,2.46,84.93
STU106407,26,Male,78.35,10.5,77.47,61.48,88.38,66.34,2.69,75.71
STU106408,24,Female,79.55,18.25,82.16,84.54,70.43,75.0,3.02,81.3
STU106409,30,Male,100.0,27.4,88.86,84.66,88.62,91.14,3.71,98.02
STU106410,29,Male,86.03,22.89,86.95,56.1,63.44,79.64,3.33,66.89
STU106411,23,Male,78.35,33.46,81.36,96.2,83.92,100.0,3.5,92.11
STU106412,19,Female,59.49,5.12,82.82,70.23,59.48,71.3,2.07,60.09
STU106413,18,Female,50.23,1.02,60.52,57.72,49.09,66.65,1.7,62.23
STU106414,21,Female,74.81,15.04,62.21,63.69,62.41,73.35,1.99,63.9
STU106415,18,Female,88.9,15.48,82.09,70.31,59.17,69.43,2.15,65.0
STU106416,20,Female,85.19,10.15,76.56,81.51,87.96,62.6,3.21,73.76
STU106417,19,Female,59.4,7.08,60.42,50.0,51.09,59.54,1.84,55.66
STU106418,30,Female,84.27,5.61,72.17,71.86,80.08,66.94,2.49,63.24
STU106419,24,Female,95.6,17.42,72.62,72.66,75.65,72.36,2.22,67.37
STU106420,26,Female,82.7,25.95,72.14,66.7,0.0,80.86,2.15,77.38
STU106421,22,Male,81.35,18.48,70.95,61.09,76.88,57.15,2.69,74.83
STU106422,20,Female,75.13,11.02,65.82,75.32,62.14,83.97,2.39,75.18
STU106423,27,Male,80.37,19.38,85.35,94.65,77.14,87.25,2.8,91.66
STU106424,30,Male,87.26,19.77,87.58,88.28,76.14,88.22,3.3,85.0
STU106425,28,Female,71.41,21.67,89.85,56.84,65.88,78.31,2.19,68.59
STU106426,30,Female,70.01,0.0,76.85,70.31,71.59,45.96,2.48,57.0
STU106427,25,Male,86.66,22.01,80.97,91.92,88.51,89.59,2.83,80.18
STU106428,26,Male,67.07,5.05,59.65,64.94,37.49,46.11,1.96,38.64
STU106429,19,Female,96.97,19.88,83.98,95.17,85.97,91.95,3.13,85.51
STU106430,29,Male,89.63,31.36,83.56,86.54,87.22,73.56,3.23,89.12
STU106431,27,Male,100.0,16.11,94.92,100.0,89.07,78.5,3.07,77.56
STU106432,24,Female,78.55,13.14,77.91,65.61,74.46,73.22,2.83,67.71
STU106433,22,Female,64.14,10.3,46.13,61.41,50.09,46.53,1.87,52.19
STU106434,25,Female,72.18,8.27,66.87,63.92,61.2,61.59,1.74,48.03
STU106435,18,Female,73.76,15.96,57.6,96.28,70.13,79.85,2.41,80.04
STU106436,28,Male,79.51,15.04,61.67,47.98,62.16,85.18,2.05,69.73
STU106437,21,Male,65.35,13.1,80.99,81.71,62.62,60.98,2.86,61.19
STU106438,18,Female,95.7,16.53,91.13,93.37,76.16,77.92,2.77,66.56
STU106439,22,Female,78.62,10.31,81.98,66.49,67.8,67.8,2.85,66.73
STU106440,28,Male,50.74,0.68,48.15,47.51,62.95,48.0,1.83,55.85
STU106441,21,Male,78.26,20.52,69.8,100.0,83.45,61.6,3.36,72.88
STU106442,25,Male,80.94,15.04,72.74,67.46,74.25,66.95,2.9,66.47
STU106443,28,Male,81.95,11.16,69.61,77.71,60.95,62.78,2.57,64.38
STU106444,18,Male,85.17,15.04,72.73,92.99,83.38,74.2,2.35,78.85
STU106445,27,Male,77.58,13.04,57.79,69.4,72.28,58.35,1.99,59.99
STU106446,21,Female,94.3,22.44,93.99,83.3,83.34,81.21,3.54,100.0
STU106447,27,Male,63.85,24.28,80.34,89.29,66.75,70.2,2.95,59.64
STU106448,20,Female,100.0,24.86,80.36,81.93,84.98,75.87,4.0,94.96
STU106449,19,Female,66.23,1.06,59.29,43.43,38.46,57.98,1.04,45.0
STU106450,28,Female,89.83,12.27,85.19,48.17,59.19,59.6,2.9,65.62
STU106451,28,Female,69.84,11.95,46.45,76.69,78.81,68.67,1.94,82.63
STU106452,30,Male,60.61,13.78,68.96,56.58,73.47,59.41,1.81,69.75
STU106453,26,Male,83.25,19.0,83.17,90.7,83.54,82.79,2.9,75.82
STU106454,24,Female,79.6,20.12,58.38,78.41,84.17,83.04,3.08,74.42
STU106455,20,Male,72.04,0.0,60.77,60.96,41.46,52.56,1.26,35.05
STU106456,21,Male,85.96,17.25,80.01,91.76,81.96,59.99,2.87,77.32
STU106457,26,Male,92.37,12.18,63.71,66.71,76.51,74.08,3.09,68.85
STU106458,22,Female,76.12,11.71,68.27,57.33,61.36,67.2,2.53,48.24
STU106459,24,Male,69.12,10.41,65.09,66.44,48.15,66.27,2.32,48.57
STU106460,20,Male,51.46,12.53,60.59,66.2,66.58,46.86,1.86,62.44
STU106461,23,Male,78.1,13.19,51.19,67.39,53.04,57.18,2.28,66.05
STU106462,21,Female,67.21,10.04,67.3,69.97,74.28,73.46,2.21,73.24
STU106463,19,Male,92.38,26.72,71.52,82.63,70.16,83.06,3.09,75.38
STU106464,19,Female,72.94,18.11,73.22,64.19,51.76,63.29,2.27,61.89
STU106465,24,Female,61.79,9.26,45.82,53.51,64.67,47.85,2.01,68.35
STU106466,22,Male,77.36,16.03,64.34,70.78,72.8,69.02,2.24,71.4
STU106467,19,Male,86.14,13.9,83.4,77.3,51.68,60.71,2.36,52.44
STU106468,24,Female,47.31,4.73,72.55,77.11,63.16,61.36,1.66,66.85
STU106469,20,Female,77.57,4.7,64.67,43.24,45.46,66.17,1.57,45.76
STU106470,18,Male,79.05,17.3,91.54,84.14,94.08,65.13,2.58,84.39
STU106471,19,Male,82.37,19.11,59.76,77.22,59.73,73.37,2.44,42.72
STU106472,23,Male,87.99,23.57,77.33,71.38,68.96,68.86,2.75,68.48
STU106473,30,Male,71.88,15.1,66.84,52.32,67.73,69.39,1.29,44.95
STU106474,21,Male,86.8,18.23,70.39,74.33,66.29,79.2,1.95,73.27
STU106475,21,Male,66.38,0.0,41.1,48.63,43.27,47.61,2.09,40.51
STU106476,21,Male,82.46,6.55,70.0,62.79,58.69,69.8,2.06,64.97
STU106477,22,Female,84.26,5.74,77.82,60.27,79.66,77.62,2.26,67.54
STU106478,27,Female,80.21,21.63,69.18,70.31,71.11,71.1,2.97,67.54
STU106479,22,Female,54.03,4.27,62.84,62.36,46.18,59.78,1.46,39.85
STU106480,26,Female,60.68,7.56,62.2,59.98,47.72,46.61,1.77,49.6
STU106481,29,Female,83.96,9.02,74.03,67.68,59.41,83.31,2.04,65.28
STU106482,30,Male,100.0,26.72,73.83,75.95,69.16,80.37,3.65,72.2
STU106483,25,Female,76.28,10.27,65.92,68.54,70.7,72.91,2.18,66.08
STU106484,27,Male,54.37,14.92,75.35,70.31,76.8,65.52,2.64,63.44
STU106485,29,Female,62.97,16.74,72.21,80.32,58.23,57.86,2.79,53.9
STU106486,28,Female,74.94,14.16,45.39,62.67,59.56,71.46,1.73,55.83
STU106487,21,Female,79.88,15.58,76.26,62.36,79.05,65.84,2.43,66.55
STU106488,24,Male,62.02,12.89,60.47,47.7,58.46,50.42,1.99,58.97
STU106489,19,Female,80.14,16.97,56.99,67.08,59.51,65.44,2.17,66.46
STU106490,29,Male,100.0,23.72,91.91,76.32,83.43,92.06,3.99,77.36
STU106491,25,Male,97.46,19.79,89.57,100.0,86.64,88.36,3.07,83.25
STU106492,21,Male,75.92,21.34,84.19,65.74,74.02,87.79,3.25,95.63
STU106493,22,Male,81.37,18.27,79.7,80.7,92.35,79.07,3.33,92.38
STU106494,21,Female,56.63,10.83,38.03,61.49,53.06,63.43,1.64,67.37
STU106495,28,Male,69.95,16.81,47.26,62.35,59.72,67.62,2.14,53.06
STU106496,25,Male,64.53,16.38,74.93,62.9,53.5,56.74,2.24,50.82
STU106497,29,Female,100.0,23.34,86.73,100.0,91.56,100.0,3.02,84.6
STU106498,21,Female,60.22,10.44,61.39,56.97,57.97,66.57,2.47,59.51
STU106499,24,Male,65.63,18.12,86.9,75.21,73.47,69.93,3.02,73.12
STU106500,19,Female,75.54,12.72,56.49,57.92,74.53,78.63,2.89,74.26
STU106501,30,Female,93.26,15.04,61.3,82.95,88.53,77.31,2.7,75.73
STU106502,24,Male,89.9,15.67,79.03,75.5,69.9,75.65,2.83,67.46
STU106503,25,Female,50.84,10.09,60.34,62.0,39.67,47.4,1.6,32.3
STU106504,23,Female,33.44,4.88,26.32,40.86,41.93,22.24,1.66,33.5
STU106505,21,Male,99.47,22.24,81.25,85.3,70.55,79.81,2.8,77.81
STU106506,30,Male,67.08,9.45,67.19,64.07,65.18,60.78,2.15,66.27
STU106507,24,Male,66.53,0.0,43.02,52.12,41.09,54.9,1.8,54.52
STU106508,26,Female,89.21,19.02,63.57,76.33,79.45,49.94,2.54,71.9
STU106509,18,Male,90.36,14.91,61.14,65.44,78.7,79.71,2.97,80.81
STU106510,21,Male,80.64,18.22,87.38,55.95,79.25,84.81,2.76,66.45
STU106511,28,Female,94.94,15.04,92.82,100.0,71.47,89.04,3.1,80.16
STU106512,19,Female,78.35,6.46,69.52,70.31,50.9,67.95,1.98,63.16
STU106513,19,Male,68.64,13.0,74.19,58.47,62.69,50.93,1.86,70.24
STU106514,28,Male,73.82,12.46,80.24,77.53,66.1,58.54,3.13,79.3
STU106515,22,Male,84.37,27.4,66.86,82.69,96.58,76.39,2.62,74.22
STU106516,21,Female,39.95,0.0,59.26,31.84,43.65,46.56,0.65,44.63
STU106517,25,Male,70.75,21.68,74.31,59.78,77.55,62.47,2.28,65.88
STU106518,20,Male,82.05,17.79,98.51,89.15,75.48,80.73,2.52,70.01
STU106519,18,Female,75.54,19.73,100.0,85.82,70.38,82.87,2.81,66.5
STU106520,18,Male,74.15,21.39,77.38,72.69,88.21,80.01,3.21,77.23
STU106521,19,Male,78.35,26.17,79.99,81.38,73.84,81.91,3.38,75.94
STU106522,20,Female,38.77,3.51,40.39,39.48,20.21,45.32,1.01,21.75
STU106523,27,Male,100.0,29.58,89.3,90.74,74.62,84.4,2.52,79.9
STU106524,21,Female,79.43,15.61,77.42,77.87,75.69,78.16,2.22,77.23
STU106525,18,Female,91.52,31.74,100.0,81.24,77.79,87.55,2.52,88.84
STU106526,18,Male,70.04,10.69,61.37,63.92,68.38,51.09,1.37,43.16
STU106527,24,Female,70.47,0.0,50.25,56.3,65.85,68.83,1.49,57.26
STU106528,28,Female,100.0,25.68,90.43,98.82,68.05,100.0,3.89,82.49
STU106529,22,Female,68.04,7.33,55.06,67.26,52.53,66.9,2.16,62.83
STU106530,18,Female,72.02,11.37,53.65,73.9,80.36,77.18,2.36,66.47
STU106531,20,Male,81.02,15.04,76.08,71.4,75.06,78.45,2.4,76.97
STU106532,24,Male,92.0,20.97,100.0,77.54,100.0,75.16,2.95,100.0
STU106533,20,Female,89.69,17.89,90.97,73.54,88.96,91.38,2.95,80.31
STU106534,30,Male,79.46,23.66,70.08,74.63,59.05,75.32,2.7,71.11
STU106535,27,Male,64.66,2.05,64.23,50.01,62.47,65.87,2.23,60.24
STU106536,22,Male,78.94,12.28,100.0,82.44,70.78,91.32,3.17,60.68
STU106537,30,Male,68.01,13.7,80.87,89.8,73.99,63.59,2.91,56.73
STU106538,22,Female,50.87,6.13,45.35,49.54,35.69,55.98,1.77,27.85
STU106539,19,Female,100.0,25.15,87.25,80.64,78.93,77.01,3.03,80.79
STU106540,30,Female,59.44,0.0,52.42,47.1,44.92,43.66,1.65,33.22
STU106541,30,Male,97.93,18.03,86.39,92.0,71.64,74.25,2.71,70.24
STU106542,22,Male,66.44,10.97,78.52,55.34,40.83,74.49,2.11,48.22
STU106543,25,Female,80.14,13.69,79.96,78.92,80.57,81.82,3.29,75.56
STU106544,20,Male,97.12,21.85,56.37,79.1,72.03,76.56,2.59,71.45
STU106545,26,Female,68.89,22.41,75.88,66.82,76.76,56.26,2.01,72.91
STU106546,26,Female,83.73,16.62,80.24,80.19,65.84,70.38,2.58,59.78
STU106547,27,Male,90.48,16.02,74.36,52.85,77.36,65.61,2.94,72.68
STU106548,25,Male,87.56,19.63,71.7,81.49,83.91,80.64,2.06,60.65
STU106549,27,Female,100.0,34.75,100.0,100.0,99.99,89.15,3.63,97.97
STU106550,25,Male,71.18,16.46,48.74,60.79,38.35,54.21,1.61,52.67
STU106551,28,Female,40.32,0.0,30.57,34.59,28.43,16.02,0.85,31.23
STU106552,20,Female,74.58,12.47,65.7,53.18,71.95,74.67,2.17,64.86
STU106553,24,Male,84.31,16.19,79.2,61.34,56.76,55.16,2.59,55.72
STU106554,23,Female,53.11,14.26,80.23,68.61,42.17,60.16,2.33,55.07
STU106555,24,Male,69.75,4.68,68.22,60.47,49.84,65.69,2.39,57.81
STU106556,19,Male,82.34,10.99,88.75,67.24,68.97,87.1,3.39,74.84
STU106557,22,Female,59.77,3.53,46.05,56.88,44.93,56.42,1.82,66.47
STU106558,30,Female,84.31,19.15,61.36,66.53,59.11,78.44,2.6,63.02
STU106559,19,Female,80.26,16.66,75.09,71.33,83.46,85.52,2.95,77.84
STU106560,26,Female,83.63,11.43,83.15,82.46,77.89,50.13,2.86,65.47
STU106561,26,Female,86.93,14.82,85.19,73.08,64.87,83.38,2.34,73.47
STU106562,24,Male,91.02,29.65,74.08,74.39,75.47,60.94,3.06,67.77
STU106563,18,Male,79.53,9.48,63.67,60.67,59.84,68.03,2.44,58.98
STU106564,18,Male,72.9,11.15,78.92,58.91,68.58,70.63,2.18,66.47
STU106565,21,Male,83.05,15.14,78.64,70.02,63.88,66.61,2.5,46.53
STU106566,19,Male,85.84,28.19,59.68,85.5,66.96,74.96,2.58,65.53
STU106567,19,Female,81.14,12.78,70.78,79.47,79.68,50.73,3.38,65.47
STU106568,20,Male,67.61,0.6,58.87,62.84,38.61,41.22,1.52,37.91
STU106569,20,Female,75.07,14.03,59.43,56.25,82.51,61.28,2.81,70.9
STU106570,28,Female,61.99,9.26,52.19,70.89,47.72,50.51,2.01,61.35
STU106571,26,Female,87.9,23.78,69.35,74.94,82.33,74.89,2.38,68.86
STU106572,18,Male,85.8,24.26,87.39,75.98,85.8,93.38,2.93,72.99
STU106573,26,Female,84.65,9.64,69.16,64.6,50.66,75.29,1.95,63.79
STU106574,19,Female,76.41,12.0,79.72,84.5,56.55,71.03,2.35,51.53
STU106575,23,Male,85.91,17.53,74.25,71.94,66.6,80.62,2.73,71.71
STU106576,18,Male,83.91,11.72,68.79,89.26,75.47,56.23,2.73,66.03
STU106577,19,Male,97.0,28.45,89.74,94.79,84.81,95.77,3.71,93.16
STU106578,19,Female,90.04,26.72,84.45,78.8,98.52,91.85,2.78,90.27
STU106579,23,Female,97.13,28.79,68.09,71.86,96.8,85.56,2.84,82.82
STU106580,24,Male,65.59,18.59,71.06,74.38,87.96,79.89,2.19,74.92
STU106581,22,Female,71.77,30.4,83.7,91.3,79.36,93.41,4.0,80.88
STU106582,26,Male,86.47,2.68,73.17,68.57,58.99,76.0,2.47,62.33
STU106583,27,Female,75.8,12.39,61.75,59.31,50.37,58.16,1.8,48.98
STU106584,27,Female,78.35,12.93,69.2,77.96,71.15,54.34,2.95,76.99
STU106585,25,Female,80.67,13.22,61.8,63.8,67.08,54.22,1.89,58.62
STU106586,25,Female,77.73,22.51,57.51,74.75,74.84,44.25,2.52,59.57
STU106587,24,Male,80.53,20.7,71.15,76.39,79.17,70.57,2.33,59.65
STU106588,21,Male,67.39,0.28,46.65,54.49,46.54,60.73,1.84,42.1
STU106589,24,Male,66.9,14.83,84.66,86.47,63.37,75.86,2.29,64.61
STU106590,18,Male,78.65,20.3,74.64,78.17,74.01,66.08,2.31,68.51
STU106591,30,Male,87.74,15.04,84.57,100.0,76.98,76.04,2.65,70.22
STU106592,22,Female,78.35,12.62,70.87,77.49,61.21,65.56,2.51,66.63
STU106593,27,Female,78.27,20.24,91.04,66.26,87.12,74.98,3.09,88.37
STU106594,30,Male,59.21,7.43,47.91,68.45,68.38,45.36,2.0,35.5
STU106595,24,Male,58.1,14.85,55.51,58.95,52.62,56.3,1.85,51.21
STU106596,29,Male,70.97,15.42,81.33,84.5,81.8,62.54,2.39,56.92
STU106597,24,Male,98.68,7.01,72.57,68.98,83.55,81.41,3.02,84.91
STU106598,19,Female,78.65,16.54,67.61,56.73,58.11,57.43,3.2,83.03
STU106599,18,Male,69.33,7.78,58.23,61.46,35.67,65.12,1.69,38.59
STU106600,19,Female,63.23,16.53,86.86,81.92,54.7,76.28,2.77,53.32
STU106601,30,Male,100.0,26.06,100.0,80.78,87.79,73.02,3.15,83.37
STU106602,24,Male,77.64,13.42,81.1,81.75,75.11,70.27,2.2,71.4
STU106603,22,Female,66.65,14.89,72.23,61.33,65.57,61.16,1.78,62.35
STU106604,23,Male,65.2,11.4,68.57,67.94,61.23,74.57,2.45,64.87
STU106605,21,Male,62.3,12.81,68.17,58.27,59.48,75.67,2.65,53.47
STU106606,29,Female,81.0,19.8,73.76,72.87,77.73,79.32,2.3,72.89
STU106607,30,Male,69.22,11.42,72.23,69.53,78.72,77.13,2.56,75.93
STU106608,19,Male,93.88,17.49,72.35,68.96,53.44,84.76,2.16,52.69
STU106609,27,Male,90.17,6.06,80.35,55.04,73.54,80.16,2.96,63.28
STU106610,22,Female,72.61,18.55,69.54,52.92,61.4,81.61,2.3,61.33
STU106611,18,Female,58.62,12.42,79.82,61.31,64.32,65.98,1.7,60.8
STU106612,29,Male,96.07,26.72,90.56,70.31,90.57,69.65,3.6,90.51
STU106613,18,Female,71.82,11.02,57.97,82.28,45.06,60.85,1.74,50.97
STU106614,20,Female,52.82,9.65,45.53,50.19,56.68,62.58,2.05,47.65
STU106615,18,Male,49.95,10.37,48.27,45.18,54.86,51.25,1.3,34.46
STU106616,24,Male,82.16,11.42,55.52,52.86,45.3,78.18,2.44,67.86
STU106617,25,Male,90.52,22.69,92.01,89.18,96.84,73.15,2.74,92.94
STU106618,22,Male,72.08,13.53,62.32,69.28,70.38,73.25,1.38,60.12
STU106619,18,Male,99.95,12.87,80.1,90.97,76.98,72.84,3.59,83.32
STU106620,19,Female,76.6,11.42,76.17,73.29,56.85,73.87,2.86,62.53
STU106621,30,Male,90.84,23.83,100.0,78.78,83.64,75.11,2.87,78.98
STU106622,28,Male,72.56,16.62,60.54,75.21,60.16,51.35,2.22,70.66
STU106623,30,Female,75.57,17.34,54.38,54.08,65.3,63.06,2.28,57.33
STU106624,24,Female,83.08,9.42,69.32,66.23,73.98,60.94,2.71,58.07
STU106625,25,Male,78.35,22.89,60.45,65.49,80.01,83.11,3.35,80.06
STU106626,28,Male,76.05,19.09,74.89,66.79,54.79,66.01,2.56,54.1
STU106627,26,Female,70.73,18.82,80.09,65.44,70.08,74.74,2.52,70.51
STU106628,23,Male,93.77,8.43,74.02,70.27,78.58,76.49,2.94,73.04
STU106629,21,Female,58.99,3.79,47.29,41.95,48.16,61.45,1.64,43.42
STU106630,24,Female,67.76,13.5,90.04,56.51,70.22,61.18,1.96,62.07
STU106631,18,Female,77.47,10.71,55.67,48.13,72.47,75.81,2.67,56.72
STU106632,20,Male,75.32,15.04,60.29,68.15,53.81,84.44,2.45,49.35
STU106633,27,Male,72.65,16.13,76.33,65.81,0.0,65.05,2.05,64.24
STU106634,29,Male,77.31,7.32,74.56,80.42,56.52,80.16,2.01,59.97
STU106635,19,Female,68.93,5.92,50.33,57.15,39.43,45.72,1.76,29.78
STU106636,19,Female,77.75,15.98,69.97,68.11,48.74,64.1,1.83,53.95
STU106637,19,Female,63.18,11.23,66.62,63.74,59.11,67.73,1.7,54.3
STU106638,28,Female,70.6,16.13,100.0,83.97,100.0,65.94,3.68,87.6
STU106639,22,Female,100.0,15.04,75.2,74.27,82.21,84.81,2.79,81.53
STU106640,22,Female,47.77,1.53,45.06,43.44,64.19,53.61,1.79,58.34
STU106641,18,Male,57.45,14.92,63.03,72.01,71.36,62.35,2.64,64.04
STU106642,30,Male,83.13,14.45,81.7,85.37,64.77,73.59,2.36,66.47
STU106643,23,Female,69.16,2.76,80.32,46.48,55.02,51.77,1.89,66.37
STU106644,28,Female,97.28,24.5,79.23,100.0,85.65,85.73,3.61,87.6
STU106645,27,Male,85.21,25.4,87.75,68.28,88.19,78.26,3.19,82.93
STU106646,19,Female,75.27,16.36,72.23,45.35,58.83,79.38,3.25,66.47
STU106647,28,Male,68.72,18.25,64.78,78.65,60.76,73.5,1.89,70.4
STU106648,25,Male,58.09,11.58,48.46,51.56,56.69,34.49,1.97,40.34
STU106649,25,Female,92.51,26.04,89.68,81.17,62.59,67.6,2.91,54.86
STU106650,20,Male,100.0,23.28,87.78,100.0,100.0,89.76,3.39,87.76
STU106651,29,Female,78.35,29.93,79.48,83.49,100.0,81.01,3.62,93.49
STU106652,30,Female,64.76,14.38,71.94,50.3,48.35,62.67,2.36,47.59
STU106653,23,Female,68.25,5.63,46.76,53.21,48.33,52.44,1.92,44.3
STU106654,19,Male,89.82,16.32,73.31,72.41,75.46,96.88,3.09,71.52
STU106655,29,Female,76.08,15.59,71.21,58.71,75.22,80.02,1.8,74.39
STU106656,29,Male,81.74,21.95,55.37,69.39,73.97,68.36,2.46,71.57
STU106657,24,Female,82.71,23.71,72.93,67.65,66.33,56.87,2.9,72.83
STU106658,25,Male,74.55,18.93,87.18,66.33,69.93,66.82,2.89,65.52
STU106659,20,Female,100.0,24.04,68.21,85.55,85.11,70.17,3.14,79.62
STU106660,18,Female,100.0,20.36,76.87,87.67,79.54,88.4,3.13,87.4
STU106661,30,Male,80.47,12.95,72.07,67.24,77.98,66.3,2.38,63.92
STU106662,24,Male,62.69,1.99,69.7,34.03,56.85,56.17,2.37,61.36
STU106663,21,Male,40.35,2.83,46.86,31.66,44.75,44.56,0.75,40.69
STU106664,27,Female,72.15,15.08,66.79,56.08,53.2,57.07,2.15,64.14
STU106665,18,Female,65.79,18.01,75.85,69.84,58.41,57.86,1.93,61.79
STU106666,19,Female,78.35,17.32,78.06,66.08,67.92,89.83,2.78,60.82
STU106667,21,Female,77.81,18.94,59.19,47.4,58.98,61.52,1.59,53.06
STU106668,23,Male,83.93,11.26,70.82,74.4,80.7,69.63,1.95,53.79
STU106669,22,Female,69.86,28.36,79.03,79.96,71.28,72.18,2.9,57.76
STU106670,20,Male,75.56,24.63,72.15,99.64,67.76,67.9,3.05,60.1
STU106671,22,Female,86.42,19.96,55.89,55.09,49.5,77.48,2.29,69.84
STU106672,22,Male,100.0,25.42,89.25,86.82,79.84,77.16,2.52,79.99
STU106673,24,Female,79.93,18.32,84.7,67.83,59.97,76.81,3.05,68.09
STU106674,25,Male,78.89,10.65,74.53,55.01,74.73,58.87,2.18,61.5
STU106675,29,Male,68.79,7.91,68.15,57.46,66.99,79.41,2.62,64.14
STU106676,28,Male,85.57,22.07,80.42,67.9,85.73,72.86,2.82,82.24
STU106677,21,Female,71.32,14.98,68.91,74.01,75.0,61.5,2.21,65.32
STU106678,29,Female,64.68,10.19,69.25,58.05,44.71,58.08,2.44,46.57
STU106679,24,Male,96.88,21.22,70.58,79.87,87.25,78.86,3.38,86.21
STU106680,20,Male,89.27,17.17,80.06,96.69,81.34,93.6,2.79,73.64
STU106681,22,Male,97.34,27.39,77.01,89.02,88.43,78.32,3.23,85.59
STU106682,27,Female,96.11,24.74,86.81,95.71,59.59,90.62,3.16,68.13
STU106683,28,Female,100.0,31.73,100.0,94.93,81.45,83.23,3.75,70.96
STU106684,22,Female,95.06,19.55,78.9,92.41,82.0,98.36,3.06,76.87
STU106685,20,Female,94.53,13.22,78.1,83.2,75.33,82.52,2.98,72.48
STU106686,20,Male,80.95,11.79,72.61,56.26,49.73,73.89,2.81,54.63
STU106687,19,Male,58.0,15.04,44.61,42.92,68.37,59.79,1.25,66.47
STU106688,27,Female,80.37,14.55,70.4,70.87,80.78,73.45,2.53,66.42
STU106689,24,Female,80.51,24.94,69.32,76.32,87.44,77.41,3.19,73.53
STU106690,23,Male,74.29,20.43,73.39,56.31,82.94,61.14,2.17,73.51
STU106691,26,Female,57.44,0.02,51.55,56.34,50.28,45.56,2.52,52.15
STU106692,28,Male,64.97,28.01,82.73,81.3,53.33,75.78,2.59,63.24
STU106693,28,Male,80.93,18.45,71.66,90.83,80.42,84.8,2.77,70.16
STU106694,19,Male,58.19,15.3,59.95,51.54,50.52,68.49,1.44,46.29
STU106695,25,Female,84.56,14.57,70.37,80.4,67.74,68.86,2.47,55.27
STU106696,29,Female,87.88,20.71,88.75,70.93,81.95,90.63,3.33,64.39
STU106697,28,Female,100.0,26.46,79.21,83.47,76.25,81.1,3.78,73.78
STU106698,24,Female,95.87,17.75,81.37,100.0,82.66,92.53,3.13,78.74
STU106699,23,Female,67.0,21.47,61.21,79.22,73.05,92.19,1.99,72.76
STU106700,29,Male,68.45,12.2,66.54,67.44,61.85,68.05,2.43,68.53
STU106701,18,Female,82.75,14.54,68.97,67.22,67.54,79.67,3.24,71.23
STU106702,24,Male,96.97,15.87,71.04,92.38,75.2,64.14,3.12,84.13
STU106703,19,Female,83.85,15.39,77.59,74.98,80.34,73.12,3.28,70.4
STU106704,29,Male,95.31,20.95,74.88,55.98,92.73,90.92,3.56,95.45
STU106705,18,Male,49.97,0.0,53.28,48.16,32.78,41.52,0.87,66.47
STU106706,18,Female,85.05,21.31,76.74,66.78,56.48,75.72,2.38,64.99
STU106707,22,Female,91.83,18.5,91.7,72.75,86.88,78.14,2.5,80.71
STU106708,20,Male,90.53,12.9,73.97,73.47,42.79,70.21,2.2,56.86
STU106709,24,Female,54.82,6.5,52.22,26.17,44.46,28.08,1.13,47.9
STU106710,21,Female,81.78,23.47,89.66,77.16,66.98,90.76,2.27,62.05
STU106711,22,Male,67.56,2.94,68.47,46.7,61.76,53.58,2.37,40.8
STU106712,25,Male,97.27,33.19,87.39,81.57,91.77,81.08,3.39,86.09
STU106713,25,Male,81.53,15.04,68.01,77.39,70.21,60.22,3.11,72.21
STU106714,30,Female,65.53,3.47,76.77,48.6,57.27,53.43,2.19,55.07
STU106715,24,Female,54.39,4.75,41.93,34.69,46.24,49.37,1.24,62.82
STU106716,25,Male,90.09,17.96,67.85,80.05,77.96,85.96,2.86,81.35
STU106717,26,Female,86.86,23.48,69.0,83.2,48.8,72.42,2.32,58.16
STU106718,20,Female,73.17,14.43,63.0,65.78,64.65,69.68,1.58,52.17
STU106719,26,Female,86.25,20.41,78.62,83.03,83.44,79.79,3.03,75.96
STU106720,29,Male,66.14,10.73,65.94,100.0,0.0,56.81,2.68,56.24
STU106721,22,Female,97.23,16.26,87.66,67.1,85.69,64.84,3.06,79.98
STU106722,20,Female,86.61,24.66,72.39,58.79,90.39,72.14,2.86,78.84
STU106723,22,Male,49.09,2.54,47.2,62.64,48.7,65.62,1.21,56.5
STU106724,21,Male,64.95,8.64,59.16,42.56,52.23,49.09,2.21,46.85
STU106725,25,Male,100.0,34.62,84.24,96.64,79.41,84.79,3.69,66.47
STU106726,29,Male,82.31,19.79,69.2,86.46,78.39,82.98,3.07,73.35
STU106727,25,Female,67.84,10.93,45.41,55.57,57.63,63.31,1.87,75.46
STU106728,19,Female,64.23,5.42,55.53,55.17,44.45,44.05,1.55,37.9
STU106729,22,Male,96.29,14.42,73.68,89.6,66.85,79.29,2.21,81.91
STU106730,26,Female,62.41,0.33,59.09,50.87,59.04,62.9,2.02,53.65
STU106731,22,Male,78.35,12.9,79.7,79.2,67.67,61.86,2.15,57.82
STU106732,25,Female,72.58,13.9,74.16,56.29,72.01,52.9,2.33,63.05
STU106733,27,Male,80.86,10.1,71.05,72.47,51.17,76.5,3.06,50.58
STU106734,22,Female,91.48,11.58,95.51,87.37,85.86,84.82,3.05,76.11
STU106735,26,Female,100.0,17.66,99.44,89.74,74.32,90.58,2.56,85.48
STU106736,23,Female,68.78,21.05,60.63,74.42,59.55,52.98,2.07,60.88
STU106737,19,Female,68.21,8.41,67.97,57.76,73.59,79.15,2.52,71.33
STU106738,22,Male,80.76,10.15,91.8,77.56,78.29,0.0,2.65,68.57
STU106739,23,Female,82.84,21.78,100.0,81.06,91.02,81.78,2.82,88.26
STU106740,18,Female,78.19,12.63,76.72,55.55,54.76,71.13,2.52,61.11
STU106741,29,Male,74.22,22.35,84.07,69.2,93.7,79.69,2.82,100.0
STU106742,24,Female,66.68,8.81,66.0,70.31,60.82,63.41,1.91,80.22
STU106743,18,Male,77.1,25.23,85.49,57.58,45.22,59.82,2.56,40.74
STU106744,29,Male,63.99,18.37,48.22,75.78,47.14,47.02,1.89,47.66
STU106745,29,Female,78.51,16.98,83.56,67.08,70.91,73.92,2.46,74.03
STU106746,18,Male,76.9,12.47,71.95,68.57,64.29,65.44,2.36,66.04
STU106747,20,Male,88.2,20.56,70.0,65.43,86.35,93.77,2.8,77.91
STU106748,22,Male,98.47,19.02,79.47,100.0,78.37,77.94,3.51,74.82
STU106749,24,Female,94.26,17.66,53.01,63.42,65.32,63.14,2.38,67.25
STU106750,27,Female,51.26,3.86,56.56,41.59,37.2,51.64,1.89,35.56
STU106751,23,Male,65.79,7.75,100.0,70.31,66.88,64.17,2.21,70.26
STU106752,25,Female,70.31,13.87,70.39,71.07,65.98,66.22,2.73,67.64
STU106753,18,Female,85.69,19.08,66.5,69.35,71.18,73.36,3.46,72.51
STU106754,26,Female,63.38,5.73,80.96,54.47,80.87,86.82,2.41,72.79
STU106755,29,Female,86.17,19.46,88.08,95.14,70.23,79.76,3.24,74.67
STU106756,24,Female,68.8,13.49,84.51,60.22,90.08,57.22,2.13,66.47
STU106757,23,Male,80.4,19.25,62.27,77.04,100.0,74.58,2.2,81.92
STU106758,21,Male,79.31,18.91,70.18,48.22,53.72,59.6,2.07,58.97
STU106759,30,Female,49.49,6.41,70.37,52.02,60.52,43.35,1.81,58.02
STU106760,18,Male,85.33,1.17,65.7,63.24,80.78,79.35,2.89,63.42
STU106761,21,Male,59.85,10.89,71.27,65.13,78.34,77.02,2.74,66.91
STU106762,19,Male,59.33,26.12,58.1,63.11,47.63,53.84,2.25,49.95
STU106763,29,Male,82.29,15.52,78.36,81.38,58.07,55.27,2.13,48.71
STU106764,24,Female,73.78,1.1,81.62,86.36,61.21,77.2,2.6,64.75
STU106765,29,Male,78.46,23.12,59.76,67.0,56.39,58.41,2.19,59.32
STU106766,26,Female,50.61,3.56,86.02,60.69,45.65,64.59,2.15,36.51
STU106767,25,Female,76.98,20.3,76.63,64.9,65.06,73.61,2.58,59.07
STU106768,24,Male,78.91,7.91,64.53,49.52,75.25,72.9,2.05,66.03
STU106769,20,Male,74.43,22.46,79.02,69.78,76.43,67.01,1.78,72.88
STU106770,25,Male,71.8,2.75,64.36,57.71,48.3,73.67,2.18,54.06
STU106771,26,Female,78.1,11.29,67.25,68.6,90.79,75.34,2.61,94.27
STU106772,30,Male,79.94,25.79,76.57,76.39,64.94,62.52,2.92,64.93
STU106773,25,Female,74.25,13.47,92.91,65.02,58.56,69.6,2.52,54.89
STU106774,30,Male,93.69,16.01,60.9,74.37,46.49,69.97,2.13,62.5
STU106775,30,Male,71.63,21.0,85.24,90.46,53.65,70.34,2.83,57.06
STU106776,24,Male,83.05,24.07,78.55,73.22,96.0,95.4,3.2,96.79
STU106777,23,Male,89.32,12.39,71.4,56.75,69.17,80.02,2.62,80.15
STU106778,19,Male,72.65,12.63,73.76,70.41,70.54,56.32,2.93,66.47
STU106779,21,Female,100.0,16.91,82.88,70.15,72.33,74.3,3.05,71.07
STU106780,29,Female,97.98,16.99,55.9,80.38,52.95,69.87,1.88,62.77
STU106781,19,Female,78.28,20.16,69.03,77.18,52.45,65.69,2.61,50.68
STU106782,23,Female,74.61,13.09,76.3,83.5,39.21,72.12,1.92,38.88
STU106783,27,Female,44.8,9.21,65.2,63.21,45.14,59.93,1.77,30.54
STU106784,21,Female,90.37,9.1,72.87,74.88,75.33,77.93,1.57,68.06
STU106785,30,Male,64.25,18.57,64.78,75.18,61.35,80.89,2.74,76.08
STU106786,26,Female,63.83,12.95,70.85,70.54,40.32,79.93,2.61,48.57
STU106787,18,Male,91.38,23.69,90.17,72.6,88.58,89.1,2.98,72.76
STU106788,21,Female,73.72,14.43,66.36,66.35,68.46,70.97,1.73,78.27
STU106789,27,Male,44.87,0.0,66.27,63.56,30.46,52.45,2.3,27.7
STU106790,29,Female,65.29,10.27,62.36,55.78,45.81,58.57,2.56,51.05
STU106791,30,Female,46.22,12.43,44.29,50.19,55.25,73.56,2.52,55.46
STU106792,29,Female,79.52,18.55,70.11,80.36,51.13,78.18,2.58,63.2
STU106793,18,Male,62.57,9.99,64.22,76.44,43.32,54.52,1.43,44.01
STU106794,27,Female,84.73,14.82,75.6,73.49,92.9,80.23,3.16,80.94
STU106795,19,Female,94.78,23.5,77.31,83.4,73.02,77.84,2.52,73.96
STU106796,24,Male,69.15,2.5,71.09,59.19,55.4,68.88,2.27,51.9
STU106797,26,Male,72.79,9.26,56.45,58.21,44.73,59.94,2.46,43.58
STU106798,24,Male,83.38,15.75,65.43,57.37,84.39,62.55,2.74,69.72
STU106799,26,Male,95.49,22.85,89.44,73.69,77.68,86.42,2.62,89.78
STU106800,29,Female,53.57,0.0,57.13,35.03,51.85,45.51,1.93,39.32
STU106801,18,Male,78.35,15.05,65.48,71.75,64.45,53.05,2.64,53.74
STU106802,24,Female,56.19,0.0,55.87,40.77,27.98,56.66,1.43,34.49
STU106803,28,Female,68.03,10.47,56.14,51.87,58.33,53.5,1.9,100.0
STU106804,24,Female,88.49,22.64,76.68,79.63,71.2,73.29,3.11,69.17
STU106805,24,Female,100.0,31.32,92.7,100.0,68.38,100.0,3.93,90.51
STU106806,24,Female,82.93,12.0,65.5,60.76,54.89,69.89,1.92,60.91
STU106807,29,Female,60.66,8.34,64.28,52.08,38.25,71.13,2.35,43.89
STU106808,18,Male,78.35,16.92,69.34,62.13,67.89,69.19,2.86,78.81
STU106809,29,Female,68.57,19.12,65.29,63.39,71.73,79.15,2.89,79.11
STU106810,28,Female,67.63,4.51,66.7,46.55,47.84,55.71,2.47,66.47
STU106811,28,Male,60.89,13.29,65.95,77.68,72.73,62.16,2.66,59.14
STU106812,23,Female,72.86,19.28,76.34,47.0,53.71,67.91,1.92,37.81
STU106813,24,Female,88.62,20.9,79.42,57.44,79.63,85.95,2.33,76.89
STU106814,22,Male,80.41,1.92,76.76,75.44,37.79,71.02,2.27,36.95
STU106815,21,Female,70.78,11.03,63.61,39.65,52.56,45.42,2.16,65.68
STU106816,24,Female,71.06,17.9,57.93,70.3,39.56,85.01,2.06,46.21
STU106817,24,Male,71.76,10.27,69.16,73.9,52.42,67.65,1.94,50.36
STU106818,27,Male,75.62,23.5,73.06,51.1,58.46,63.35,2.0,55.53
STU106819,19,Male,57.14,0.0,75.83,62.13,60.19,62.38,2.11,56.64
STU106820,28,Female,80.39,19.59,55.31,76.68,66.4,79.92,3.12,80.75
STU106821,26,Male,78.53,17.24,75.4,59.46,63.96,72.49,2.4,51.25
STU106822,30,Female,69.18,5.34,49.75,44.29,47.97,60.06,0.96,54.85
STU106823,19,Female,87.53,21.92,86.09,79.94,72.39,80.0,3.15,61.1
STU106824,25,Female,80.91,12.3,72.23,69.91,78.0,53.56,3.26,67.84
STU106825,24,Male,78.35,3.82,53.77,60.02,50.5,52.59,1.82,40.98
STU106826,24,Male,69.28,15.68,53.81,64.38,56.34,65.2,2.66,53.27
STU106827,18,Male,74.16,0.0,59.89,65.5,74.72,56.47,1.93,51.78
STU106828,24,Male,98.76,23.59,84.64,73.97,70.78,68.27,3.04,75.86
STU106829,21,Male,71.19,12.2,72.16,72.18,50.93,62.69,2.05,47.89
STU106830,26,Male,70.73,17.32,90.53,77.99,75.19,77.78,2.38,74.77
STU106831,21,Male,76.29,18.1,65.5,48.15,70.26,71.82,2.32,70.68
STU106832,23,Female,47.32,24.77,49.07,57.28,27.96,43.64,1.93,31.51
STU106833,26,Male,100.0,30.43,99.06,79.05,63.86,69.65,2.91,70.87
STU106834,18,Male,78.35,12.97,63.12,72.84,78.9,61.51,2.32,68.54
STU106835,28,Female,71.54,21.32,66.29,64.93,50.24,65.57,2.29,51.44
STU106836,27,Female,82.69,2.58,78.3,73.19,71.43,59.02,2.75,73.46
STU106837,18,Female,94.71,18.63,61.22,78.65,74.22,80.04,3.03,85.94
STU106838,18,Female,80.71,15.04,62.8,77.28,72.26,77.28,2.85,80.85
STU106839,29,Male,96.7,22.72,75.64,89.28,92.85,90.28,3.21,75.54
STU106840,21,Female,100.0,33.92,100.0,95.1,83.06,97.43,4.0,89.07
STU106841,29,Female,83.16,13.4,64.99,79.64,54.7,83.55,2.31,69.45
STU106842,24,Female,85.38,17.93,63.97,74.38,75.36,59.58,2.12,66.47
STU106843,22,Female,57.31,6.65,47.19,58.85,58.38,61.67,2.12,54.58
STU106844,21,Male,36.72,1.14,41.83,39.32,45.9,44.41,2.19,37.79
STU106845,26,Male,80.6,31.35,77.68,76.32,100.0,81.75,3.38,89.45
STU106846,24,Female,59.25,17.72,66.31,82.65,73.71,74.41,2.52,89.87
STU106847,23,Female,78.91,19.4,78.09,77.87,78.03,85.4,3.21,78.37
STU106848,22,Male,78.35,23.82,96.17,83.47,68.11,65.34,2.22,61.84
STU106849,20,Male,61.7,17.88,67.26,62.18,66.86,50.52,2.07,66.47
STU106850,22,Male,73.67,2.49,46.44,31.87,68.83,68.61,2.35,61.57
STU106851,24,Male,100.0,20.03,98.96,80.39,90.62,76.75,3.4,81.38
STU106852,26,Male,72.18,11.71,79.09,91.12,85.6,60.77,2.45,61.19
STU106853,19,Female,65.79,12.12,65.81,34.57,62.71,67.02,1.84,65.47
STU106854,29,Male,81.54,13.57,70.44,70.31,56.13,69.04,1.83,50.38
STU106855,29,Male,100.0,10.33,81.37,63.91,78.27,76.89,2.14,69.69
STU106856,26,Male,97.48,19.34,83.02,76.98,91.36,71.62,3.6,86.98
STU106857,30,Female,87.2,12.55,67.95,70.1,83.93,75.21,3.37,82.13
STU106858,24,Female,77.87,11.38,78.84,60.39,48.61,69.05,3.27,66.47
STU106859,28,Female,100.0,21.25,80.92,86.13,91.03,81.58,3.0,77.03
STU106860,27,Female,93.23,12.56,88.49,89.07,79.9,70.65,2.96,77.4
STU106861,25,Female,83.2,14.2,66.05,77.73,66.4,86.42,2.4,59.12
STU106862,20,Female,98.12,26.41,100.0,92.76,99.38,97.9,3.53,99.93
STU106863,25,Female,69.94,12.7,62.55,76.86,57.92,59.32,2.03,46.72
STU106864,29,Male,86.77,30.08,81.44,83.87,88.71,85.29,2.87,81.62
STU106865,30,Female,77.17,4.67,65.41,76.21,50.99,65.08,2.61,50.06
STU106866,23,Male,82.63,25.49,68.51,83.05,60.92,87.53,2.7,73.34
STU106867,21,Female,75.41,21.85,79.31,64.73,63.57,63.9,2.74,61.32
STU106868,27,Male,78.69,22.59,88.31,72.84,86.96,71.56,3.21,84.5
STU106869,18,Male,97.88,31.05,95.13,100.0,91.88,95.39,3.79,100.0
STU106870,19,Male,80.29,27.28,74.92,93.33,76.94,86.7,3.41,79.91
STU106871,25,Female,82.33,21.03,74.82,76.65,70.92,66.86,2.26,70.57
STU106872,30,Female,69.53,15.91,59.61,63.48,0.0,71.13,1.92,59.82
STU106873,22,Male,78.71,16.72,73.72,77.76,79.67,77.29,2.66,66.86
STU106874,23,Female,59.24,3.65,58.69,40.74,49.45,62.81,2.07,42.44
STU106875,22,Male,87.54,26.14,73.01,65.76,76.84,80.42,3.44,79.0
STU106876,23,Female,85.76,33.22,91.2,82.06,70.84,80.56,2.58,67.94
STU106877,18,Male,67.51,12.22,68.1,58.28,84.26,69.1,2.22,72.33
STU106878,25,Male,98.63,25.09,72.23,86.08,72.97,100.0,3.3,76.76
STU106879,25,Female,100.0,24.7,88.6,87.05,68.38,88.36,3.08,76.47
STU106880,22,Female,78.6,8.55,69.75,95.67,78.54,70.45,2.21,69.81
STU106881,21,Female,73.1,14.15,75.04,74.38,91.7,67.06,2.62,60.67
STU106882,27,Female,82.69,12.99,62.84,42.41,60.76,61.5,2.12,65.69
STU106883,20,Female,84.79,12.9,68.37,69.09,62.0,73.14,2.87,64.25
STU106884,18,Male,76.52,8.62,63.11,68.19,55.28,66.59,1.6,52.33
STU106885,18,Male,71.92,12.26,57.0,69.94,62.87,52.76,2.55,71.46
STU106886,29,Female,70.48,13.79,61.65,73.38,87.62,77.65,2.89,73.68
STU106887,22,Male,50.93,1.21,61.85,43.8,51.87,52.57,1.49,51.51
STU106888,19,Female,94.05,20.64,82.68,72.44,71.51,98.07,2.88,64.83
STU106889,29,Male,100.0,22.78,68.45,73.16,84.64,92.4,3.21,79.14
STU106890,19,Male,70.54,10.55,76.46,62.4,77.1,68.91,2.64,77.49
STU106891,22,Male,25.47,0.89,51.7,37.35,25.27,32.41,1.18,29.46
STU106892,18,Female,78.35,10.36,71.63,76.3,67.4,58.84,2.14,67.3
STU106893,26,Female,54.05,9.91,42.8,83.1,51.13,51.62,2.04,43.51
STU106894,27,Male,65.03,11.13,53.64,64.53,48.95,80.57,2.06,57.28
STU106895,27,Male,93.52,25.68,86.47,91.75,81.55,82.82,3.24,79.4
STU106896,21,Male,52.07,1.27,64.04,18.55,33.4,47.75,1.34,39.09
STU106897,22,Male,61.96,9.82,58.7,56.34,52.94,60.95,2.39,61.91
STU106898,30,Male,89.04,21.61,85.99,94.69,96.91,77.46,3.59,89.39
STU106899,28,Female,68.57,15.0,59.07,63.1,59.65,59.76,1.89,65.15
STU106900,18,Male,50.22,10.93,79.1,59.97,61.72,75.62,2.13,68.16
STU106901,26,Male,100.0,27.72,93.18,100.0,99.44,99.25,3.0,66.47
STU106902,28,Male,78.93,15.5,64.89,86.08,71.9,71.13,3.21,57.1
STU106903,25,Male,79.1,11.51,73.96,87.95,74.72,65.07,2.98,78.55
STU106904,26,Male,78.13,18.14,68.93,74.86,88.89,82.98,2.64,79.04
STU106905,18,Female,81.56,9.64,74.62,74.45,84.87,81.94,2.6,86.25
STU106906,18,Female,93.54,19.75,78.65,100.0,92.51,75.27,3.17,86.96
STU106907,18,Female,100.0,22.1,86.99,100.0,90.15,86.25,3.2,98.73
STU106908,20,Male,61.29,1.31,72.24,45.67,50.87,63.32,2.52,57.51
STU106909,24,Female,68.2,11.51,66.19,53.19,59.26,75.92,2.71,66.04
STU106910,26,Female,53.85,17.17,72.89,69.75,68.21,70.04,2.75,63.64
STU106911,28,Female,73.82,14.09,65.18,72.85,51.01,71.52,2.05,50.46
STU106912,21,Female,94.82,21.44,81.69,99.17,88.06,78.64,2.73,70.06
STU106913,30,Male,79.46,22.59,80.72,71.92,87.68,69.83,2.59,66.47
STU106914,20,Female,100.0,40.0,72.16,88.39,80.52,100.0,3.74,83.45
STU106915,29,Female,83.19,24.14,84.57,93.44,98.96,71.13,3.23,84.7
STU106916,18,Female,91.61,27.73,82.64,76.16,91.02,80.6,2.91,83.14
STU106917,18,Female,78.35,9.21,61.22,54.07,45.46,73.72,2.13,47.32
STU106918,19,Female,73.91,13.4,62.03,61.11,60.81,54.92,1.76,58.41
STU106919,28,Male,62.03,2.54,62.61,60.92,74.29,78.15,1.91,47.42
STU106920,21,Female,100.0,9.42,100.0,97.53,96.45,85.81,3.22,88.23
STU106921,23,Female,62.38,0.0,56.93,64.27,68.03,60.73,1.61,61.92
STU106922,24,Female,73.13,6.25,80.12,54.07,52.82,65.91,1.69,39.99
STU106923,28,Female,60.63,15.11,51.91,55.1,44.95,66.93,2.48,48.02
STU106924,22,Male,100.0,32.79,100.0,100.0,100.0,100.0,4.0,100.0
STU106925,18,Male,86.69,12.19,72.23,54.06,67.56,67.43,3.23,67.25
STU106926,23,Male,81.77,21.03,75.07,57.19,72.36,80.26,2.92,67.98
STU106927,21,Female,66.51,9.92,63.16,44.81,47.98,55.15,2.16,56.84
STU106928,27,Female,99.7,13.98,73.45,83.85,69.67,75.73,2.93,64.35
STU106929,27,Female,59.15,6.7,44.87,61.49,53.46,53.79,1.49,42.35
STU106930,19,Female,58.89,13.29,59.41,57.81,48.92,67.36,2.32,46.95
STU106931,28,Female,69.78,21.12,72.75,56.31,67.28,55.19,2.61,73.5
STU106932,24,Male,74.64,15.92,74.9,65.04,67.6,58.59,2.88,58.74
STU106933,30,Female,69.69,18.71,81.08,43.9,57.48,53.63,1.81,55.74
STU106934,23,Female,89.99,22.12,92.59,100.0,74.77,81.99,3.4,83.09
STU106935,21,Female,87.02,29.65,73.27,73.87,78.4,87.76,2.48,70.47
STU106936,24,Female,55.41,7.89,40.46,64.24,56.56,55.91,2.04,40.36
STU106937,24,Female,81.0,24.2,68.21,89.69,69.39,85.43,3.57,91.06
STU106938,28,Male,66.93,14.07,65.53,79.39,60.84,76.91,1.88,61.34
STU106939,30,Female,69.63,18.91,51.97,61.21,52.25,57.91,2.96,54.15
STU106940,28,Female,76.65,27.15,79.41,70.92,63.18,92.17,3.14,70.69
STU106941,23,Male,41.5,0.0,48.78,42.1,45.4,50.74,1.11,46.51
STU106942,24,Male,93.04,17.73,76.95,77.0,65.57,69.66,2.89,57.03
STU106943,23,Male,76.62,21.35,62.52,56.67,64.07,60.2,1.9,57.46
STU106944,28,Male,49.16,11.21,82.05,49.09,81.86,56.08,1.95,69.07
STU106945,25,Female,96.8,30.82,92.67,95.93,82.6,88.54,3.5,95.3
STU106946,24,Male,81.82,6.46,72.23,77.32,66.19,68.94,2.12,75.01
STU106947,23,Male,92.56,19.51,72.87,98.29,75.66,74.72,2.65,74.71
STU106948,22,Female,84.61,13.13,74.81,65.56,73.89,76.93,2.56,82.3
STU106949,24,Male,87.11,21.93,71.75,92.03,55.11,76.41,2.23,45.74
STU106950,26,Female,67.32,17.18,85.61,56.14,68.98,58.59,1.93,63.65
STU106951,23,Male,76.08,19.3,74.14,68.21,65.46,71.14,1.9,45.82
STU106952,28,Male,100.0,18.74,72.23,97.6,100.0,96.05,3.85,100.0
STU106953,28,Female,90.02,23.33,83.47,86.05,59.02,78.21,3.11,67.43
STU106954,23,Female,68.85,12.1,78.05,78.46,57.01,72.24,2.46,69.92
STU106955,29,Female,65.06,0.0,52.12,47.84,59.61,71.13,1.98,48.09
STU106956,20,Female,61.87,13.81,68.18,61.52,69.57,78.57,2.38,57.0
STU106957,30,Male,94.69,27.35,74.41,79.18,78.96,86.46,3.4,87.76
STU106958,21,Female,80.66,29.93,80.11,94.64,95.07,89.2,3.23,86.98
STU106959,25,Male,78.13,18.15,77.98,73.84,75.36,70.44,3.35,82.29
STU106960,21,Male,64.05,9.45,46.95,54.29,49.69,60.72,1.68,56.57
STU106961,23,Male,89.37,22.25,66.64,75.97,59.99,82.32,3.09,66.74
STU106962,22,Female,89.77,19.02,72.23,88.17,89.71,90.74,3.4,87.09
STU106963,27,Male,66.38,11.56,58.41,64.19,85.05,84.04,2.26,70.66
STU106964,19,Male,100.0,26.64,100.0,81.05,82.32,86.7,3.5,85.11
STU106965,28,Male,57.11,5.9,51.04,50.07,47.32,68.89,1.2,45.25
STU106966,29,Female,90.06,19.55,84.17,68.58,62.28,84.76,2.8,72.79
STU106967,25,Male,61.62,6.79,67.08,56.41,60.06,49.73,1.89,42.14
STU106968,25,Female,76.7,22.41,72.74,89.57,79.18,96.41,2.91,66.96
STU106969,27,Male,74.28,13.35,82.2,63.29,83.39,72.17,2.66,70.45
STU106970,20,Female,96.2,33.43,92.09,86.21,89.38,91.29,3.58,85.7
STU106971,27,Male,84.87,8.9,82.66,97.18,73.01,78.12,2.44,64.94
STU106972,20,Female,63.84,12.17,78.62,47.38,62.31,58.07,2.95,70.51
STU106973,26,Male,66.04,11.04,74.2,53.21,63.58,73.61,2.45,64.61
STU106974,21,Male,81.34,12.82,61.69,70.28,65.23,64.51,2.09,68.63
STU106975,27,Male,80.75,7.72,65.58,48.26,66.03,71.13,2.47,64.44
STU106976,28,Male,96.38,15.53,78.29,83.75,98.68,77.29,3.52,97.49
STU106977,20,Male,91.03,23.86,79.88,100.0,93.37,67.71,3.27,79.54
STU106978,26,Male,55.07,5.0,60.97,46.83,67.15,43.55,1.4,55.68
STU106979,24,Female,82.77,17.15,77.92,61.56,56.86,80.35,3.3,64.55
STU106980,21,Female,76.22,7.13,77.71,54.25,61.03,57.65,2.76,53.84
STU106981,25,Male,75.99,18.9,66.82,52.64,69.75,66.28,1.67,54.32
STU106982,30,Male,91.04,17.23,80.55,72.62,63.34,70.3,2.79,64.59
STU106983,18,Male,98.81,8.56,82.67,100.0,100.0,95.45,3.15,97.94
STU106984,30,Male,84.72,21.29,93.27,78.13,73.79,79.88,2.95,69.98
STU106985,29,Male,90.8,20.72,91.74,83.68,82.97,73.85,2.76,75.41
STU106986,24,Male,56.23,5.02,64.19,61.17,55.22,71.13,2.16,50.94
STU106987,25,Male,78.02,21.38,82.61,61.78,68.67,67.99,2.23,58.86
STU106988,22,Female,68.14,15.05,59.58,37.85,75.27,69.21,1.99,60.25
STU106989,19,Female,69.85,18.15,75.42,87.01,84.01,76.22,2.76,84.32
STU106990,25,Female,100.0,17.36,83.66,79.97,91.84,71.13,2.5,80.79
STU106991,28,Male,93.97,23.28,70.97,92.0,100.0,79.72,2.88,82.26
STU106992,21,Female,87.04,14.99,100.0,86.91,79.29,79.06,3.44,74.74
STU106993,27,Male,100.0,20.09,73.95,89.53,66.51,75.87,2.53,70.96
STU106994,27,Male,63.71,16.03,59.16,44.94,59.16,60.94,1.84,51.74
STU106995,27,Female,68.42,12.09,58.49,55.46,54.86,42.91,1.38,56.08
STU106996,22,Male,84.94,12.87,83.91,70.31,59.56,78.88,2.47,69.88
STU106997,24,Male,92.31,15.04,94.87,100.0,94.29,83.32,3.3,80.89
STU106998,23,Female,75.01,9.24,85.11,73.76,57.16,59.07,2.71,53.52
STU106999,29,Female,71.16,6.62,55.93,57.14,45.36,44.97,1.45,47.07
STU107000,29,Female,100.0,23.75,96.24,95.61,100.0,76.56,3.76,100.0
STU107001,23,Male,82.89,13.59,63.09,60.64,78.66,93.42,2.78,57.65
STU107002,30,Male,63.65,17.82,63.94,65.81,70.67,72.21,2.1,60.91
STU107003,25,Female,66.42,4.36,59.18,51.78,56.09,62.27,1.98,37.17
STU107004,23,Male,68.22,11.12,75.2,78.32,74.57,83.86,2.93,78.87
STU107005,18,Male,90.55,20.88,78.71,82.95,70.47,100.0,2.18,74.5
STU107006,25,Male,78.32,10.61,81.68,90.53,77.25,69.5,3.45,66.47
STU107007,26,Female,64.97,9.31,64.43,67.14,59.54,59.18,1.95,55.33
STU107008,30,Female,72.21,6.97,69.12,67.03,68.49,61.09,2.52,60.0
STU107009,27,Male,78.77,4.53,87.28,75.88,72.02,63.24,2.24,67.62
STU107010,18,Female,83.84,15.04,86.61,76.2,91.18,71.63,3.62,84.84
STU107011,25,Male,94.64,18.29,90.32,77.2,93.24,91.91,2.85,82.33
STU107012,27,Female,74.45,8.27,54.85,54.61,56.6,70.04,2.35,65.42
STU107013,24,Male,63.4,12.24,61.2,45.71,52.82,57.16,2.66,63.53
STU107014,23,Male,77.75,24.75,68.87,62.35,56.28,60.72,2.71,63.23
STU107015,28,Male,75.98,13.3,84.84,57.91,52.41,78.92,3.3,70.54
STU107016,25,Female,69.46,17.59,62.74,67.24,59.18,62.73,2.73,72.39
STU107017,26,Female,60.78,5.43,60.0,53.63,58.74,74.86,1.95,53.94
STU107018,24,Female,66.37,9.2,54.23,61.23,50.62,57.9,2.1,52.86
STU107019,21,Male,93.71,16.01,65.89,74.21,59.27,73.47,2.47,66.86
STU107020,24,Male,62.69,15.02,68.45,70.31,68.05,56.87,2.45,49.72
STU107021,30,Male,100.0,34.8,100.0,99.61,81.9,100.0,3.94,88.31
STU107022,25,Male,83.99,11.22,87.47,69.05,58.85,61.87,2.66,57.75
STU107023,27,Male,62.41,3.64,72.23,40.52,45.6,66.06,2.52,43.19
STU107024,19,Female,47.36,3.36,50.7,54.8,52.95,67.47,2.19,55.0
STU107025,30,Female,68.73,12.54,87.39,74.86,63.91,59.84,3.04,54.8
STU107026,21,Female,75.96,13.77,82.33,67.06,64.16,75.35,1.81,51.68
STU107027,30,Male,83.82,24.08,84.78,91.8,91.7,97.48,3.23,71.54
STU107028,23,Male,89.51,16.98,79.19,66.46,76.27,77.88,3.0,63.41
STU107029,29,Female,46.08,1.09,66.57,37.64,60.86,55.83,1.83,43.34
STU107030,29,Female,70.17,15.62,85.56,58.29,57.32,64.17,1.75,55.48
STU107031,27,Female,65.29,12.03,68.81,57.74,73.93,64.64,2.51,67.92
STU107032,29,Female,78.31,16.9,83.24,100.0,79.58,66.23,2.73,67.87
STU107033,25,Male,58.06,9.02,62.32,56.48,51.1,59.63,2.11,56.38
STU107034,29,Male,83.33,19.64,60.35,71.51,60.37,69.94,2.25,66.13
STU107035,20,Female,67.69,8.05,61.51,45.91,53.34,74.29,0.34,66.47
STU107036,18,Female,75.55,10.72,84.3,59.13,54.99,70.36,2.23,49.79
STU107037,25,Female,87.17,26.03,69.22,57.19,70.57,74.71,2.87,80.34
STU107038,28,Female,95.64,26.08,70.33,82.58,84.48,87.72,2.52,79.46
STU107039,27,Female,70.27,10.71,79.61,69.8,82.58,77.35,2.85,86.68
STU107040,24,Male,71.23,1.02,47.71,70.96,50.78,55.54,2.48,43.88
STU107041,24,Female,93.51,27.4,73.18,83.58,90.74,94.89,3.13,85.08
STU107042,25,Female,54.89,20.36,55.26,62.95,55.88,68.24,2.26,47.76
STU107043,29,Male,84.16,21.9,61.9,80.25,86.15,85.54,2.12,62.91
STU107044,28,Male,57.1,14.39,75.12,61.05,75.52,56.48,1.65,56.66
STU107045,19,Female,69.24,18.73,74.11,79.61,60.74,70.64,2.08,64.35
STU107046,25,Female,66.39,10.22,82.27,74.38,59.6,76.15,2.29,54.16
STU107047,22,Male,81.27,8.53,81.77,72.13,97.7,92.07,2.55,86.76
STU107048,28,Female,80.97,16.33,98.65,68.2,70.32,85.13,2.71,64.82
STU107049,24,Female,76.28,16.0,61.25,62.1,47.52,55.99,2.03,59.86
STU107050,30,Female,70.47,14.62,69.65,64.95,63.55,48.82,1.95,52.27
STU107051,23,Male,78.89,16.16,64.13,59.45,61.66,80.63,3.0,78.2
STU107052,26,Male,68.45,7.31,61.01,56.75,61.58,80.35,2.12,62.27
STU107053,19,Male,69.43,6.76,69.49,37.06,58.25,52.1,2.09,46.91
STU107054,30,Female,65.04,15.4,75.01,76.89,61.85,72.69,1.91,53.25
STU107055,19,Female,87.1,13.96,68.91,56.82,52.09,72.52,2.63,62.62
STU107056,22,Male,71.52,14.89,70.43,64.24,76.62,92.3,2.27,64.66
STU107057,28,Female,78.02,14.24,78.49,73.17,91.58,77.94,2.66,80.25
STU107058,30,Male,82.71,22.96,80.1,63.58,73.07,79.69,3.3,70.47
STU107059,24,Female,68.97,13.21,82.24,67.53,79.77,65.93,2.28,61.55
STU107060,24,Male,56.2,10.7,53.94,45.52,71.84,60.45,2.52,53.34
STU107061,18,Female,77.11,11.49,63.68,76.79,67.4,74.79,1.82,53.8
STU107062,30,Female,86.3,26.22,79.02,89.1,76.71,71.39,2.81,75.78
STU107063,18,Female,64.3,18.53,65.12,82.22,76.31,71.13,2.01,71.29
STU107064,18,Male,76.8,13.74,62.45,64.48,70.07,74.54,2.21,60.91
STU107065,24,Male,78.35,12.15,70.94,63.74,36.03,56.0,2.24,34.65
STU107066,18,Male,73.54,29.13,70.94,74.3,74.42,84.63,3.2,65.94
STU107067,20,Female,78.35,13.45,94.71,71.99,52.21,87.34,2.1,50.11
STU107068,26,Male,92.0,20.34,94.52,94.02,68.26,67.89,2.69,67.73
STU107069,27,Female,75.72,20.8,82.45,69.05,81.83,78.61,2.71,70.69
STU107070,21,Female,76.53,3.29,73.84,69.85,63.07,70.06,2.25,63.1
STU107071,28,Male,83.99,21.16,88.61,62.6,79.91,84.24,2.64,80.68
STU107072,25,Male,84.0,20.91,72.23,66.67,68.54,64.09,1.81,56.66
STU107073,20,Male,73.74,19.18,75.55,71.44,69.36,62.5,2.27,80.92
STU107074,27,Female,60.07,9.42,74.56,47.89,41.29,42.22,1.39,44.4
STU107075,25,Female,64.4,13.1,55.62,64.99,71.78,62.05,1.96,59.02
STU107076,28,Male,62.08,12.01,59.1,71.87,63.23,57.43,2.23,46.74
STU107077,20,Female,68.4,17.53,69.39,51.51,54.74,75.62,2.64,54.3
STU107078,21,Male,86.36,17.51,79.1,79.21,65.1,83.23,2.4,80.69
STU107079,21,Male,74.08,14.53,91.6,88.8,76.66,64.82,2.02,69.4
STU107080,22,Female,89.91,16.07,75.01,68.68,68.91,77.08,2.78,67.45
STU107081,29,Female,71.49,0.0,70.03,56.25,64.58,64.77,2.15,56.65
STU107082,27,Male,75.21,27.12,82.55,78.97,76.24,100.0,2.76,89.41
STU107083,25,Female,99.92,24.86,89.79,88.83,92.26,85.77,3.83,92.87
STU107084,25,Female,74.13,7.66,79.47,63.76,76.34,71.04,2.48,66.14
STU107085,29,Female,58.69,9.19,68.88,76.71,63.72,82.03,2.21,51.36
STU107086,24,Female,69.84,19.67,74.02,86.21,79.11,46.25,2.21,64.93
STU107087,20,Male,83.36,15.87,70.3,67.77,62.5,85.29,2.84,73.39
STU107088,19,Female,80.72,13.13,61.88,87.34,52.54,60.25,2.0,55.08
STU107089,22,Female,78.35,15.05,51.46,47.26,51.07,40.53,1.33,39.3
STU107090,26,Female,79.63,10.44,60.07,61.49,48.31,59.26,1.69,49.98
STU107091,24,Male,90.25,19.68,92.49,70.99,81.81,83.32,2.6,82.34
STU107092,23,Male,97.81,14.19,100.0,75.5,87.21,89.68,3.13,94.53
STU107093,24,Male,92.35,27.79,89.97,84.74,74.68,94.24,3.33,77.32
STU107094,30,Male,95.79,12.97,91.22,80.99,49.12,72.57,2.59,64.94
STU107095,30,Male,58.98,12.35,67.45,60.9,63.04,76.71,1.88,64.71
STU107096,20,Male,87.46,12.13,72.23,48.8,48.47,79.31,2.86,57.0
STU107097,19,Male,73.79,8.1,57.99,40.09,44.84,60.07,2.08,43.86
STU107098,21,Female,53.36,10.3,63.24,35.5,47.52,58.64,1.7,33.16
STU107099,29,Female,78.35,7.89,82.2,76.0,70.26,84.33,2.66,64.34
STU107100,23,Male,88.12,18.88,73.26,70.31,82.48,77.09,3.25,89.18
STU107101,29,Male,98.2,26.66,88.83,93.27,98.61,80.09,3.27,86.19
STU107102,26,Male,75.92,15.94,68.14,70.25,69.38,69.33,2.12,54.35
STU107103,25,Female,63.83,15.04,56.37,47.2,57.12,54.24,1.9,47.1
STU107104,21,Female,79.42,15.03,73.55,70.36,56.27,71.18,2.58,59.96
STU107105,22,Female,86.56,10.07,86.19,81.24,57.13,57.7,2.53,52.14
STU107106,19,Female,76.68,6.41,63.14,70.12,97.92,56.61,2.54,75.93
STU107107,24,Male,75.97,9.12,60.56,61.95,73.53,84.82,2.42,67.04
STU107108,21,Male,69.38,8.31,44.3,53.07,62.01,59.47,1.4,49.65
STU107109,21,Male,65.59,18.42,80.56,65.05,57.99,69.85,2.36,58.2
STU107110,18,Male,82.73,17.2,73.71,86.07,83.26,73.95,3.03,69.44
STU107111,28,Male,92.71,27.67,89.02,75.43,82.89,84.4,2.89,82.68
STU107112,30,Female,86.99,16.29,68.87,75.36,66.54,75.98,1.98,59.94
STU107113,24,Male,100.0,20.83,81.47,78.4,98.48,67.14,3.07,82.37
STU107114,24,Female,74.41,5.15,64.43,57.12,77.88,62.99,2.08,66.73
STU107115,30,Male,71.46,10.96,62.63,68.57,63.92,69.83,1.74,58.33
STU107116,24,Male,88.59,27.69,96.95,70.31,86.99,83.73,3.2,84.48
STU107117,26,Female,68.22,13.76,69.93,62.21,47.62,41.71,1.68,48.86
STU107118,23,Male,71.6,11.63,73.59,60.54,51.62,67.3,2.89,51.43
STU107119,24,Male,87.52,26.11,100.0,70.88,82.79,82.52,3.1,93.34
STU107120,24,Male,83.08,20.81,58.21,65.76,68.11,63.06,2.52,57.21
STU107121,27,Female,83.93,8.6,67.21,69.33,75.07,60.04,2.35,75.06
STU107122,25,Male,67.14,15.0,66.07,73.05,70.66,71.13,2.16,66.47
STU107123,24,Female,67.43,16.65,79.45,69.32,59.46,73.32,2.39,63.37
STU107124,18,Female,90.25,26.89,71.87,90.73,61.0,86.66,3.42,76.7
STU107125,29,Female,79.97,16.37,87.3,66.8,76.03,99.29,3.22,79.96
STU107126,29,Male,67.92,16.65,72.23,79.82,55.27,76.47,1.98,58.79
STU107127,20,Female,82.78,20.26,89.8,87.85,80.3,75.83,2.61,76.06
STU107128,21,Male,90.47,19.18,86.04,69.55,76.9,86.24,2.25,81.47
STU107129,30,Female,93.51,26.26,70.79,90.31,82.07,77.98,3.3,88.41
STU107130,22,Female,85.32,16.22,58.52,61.91,51.41,58.87,1.38,52.8
STU107131,28,Male,93.73,31.58,100.0,100.0,93.57,81.02,3.64,87.7
STU107132,28,Male,91.28,11.37,86.83,64.76,84.9,78.75,2.75,70.21
STU107133,29,Female,48.97,0.0,31.06,32.33,38.61,40.5,1.18,36.88
STU107134,18,Female,93.46,29.99,92.43,94.2,92.21,96.3,3.16,86.94
STU107135,24,Female,76.89,18.05,77.97,70.77,62.9,76.73,2.92,54.19
STU107136,25,Male,68.76,11.31,67.78,51.08,64.94,59.66,2.34,59.56
STU107137,28,Female,72.8,6.78,78.67,81.84,76.02,56.55,1.69,64.61
STU107138,20,Female,91.17,0.0,72.23,92.27,72.84,77.91,2.3,74.88
STU107139,21,Female,64.39,1.7,58.99,61.75,54.0,73.31,1.48,53.9
STU107140,20,Male,77.86,10.01,60.21,56.7,73.46,75.08,2.63,60.97
STU107141,27,Female,81.54,10.23,68.65,57.24,60.05,79.55,2.72,72.93
STU107142,30,Female,86.44,15.3,66.77,70.76,70.94,70.11,2.73,55.18
STU107143,19,Male,62.43,14.92,74.5,78.5,64.15,74.28,2.19,51.15
STU107144,21,Male,87.84,31.41,77.8,100.0,84.25,71.13,2.43,80.64
STU107145,21,Male,86.93,12.78,73.29,70.04,80.14,92.37,2.27,73.56
STU107146,24,Male,74.02,7.6,78.03,70.59,85.76,78.98,2.35,72.05
STU107147,23,Female,74.85,14.02,71.05,75.01,86.34,74.21,2.79,69.48
STU107148,24,Female,76.67,22.83,80.81,73.18,82.05,81.21,2.94,84.25
STU107149,22,Female,62.45,8.94,68.15,49.93,53.44,49.23,2.47,51.93
STU107150,25,Male,98.28,30.89,96.93,76.75,78.62,99.96,3.23,74.94
STU107151,23,Female,85.36,17.75,72.71,78.01,78.19,93.16,2.18,78.31
STU107152,19,Female,100.0,22.17,100.0,91.23,100.0,97.35,2.9,86.4
STU107153,28,Female,86.72,12.64,66.23,98.59,80.05,73.65,3.43,71.0
STU107154,23,Female,77.16,10.58,74.46,54.06,44.26,69.02,2.35,49.58
STU107155,21,Male,53.97,0.97,49.73,54.93,66.44,57.5,1.2,63.28
STU107156,27,Female,49.74,11.96,65.8,55.05,55.4,63.76,1.74,38.36
STU107157,27,Female,97.37,21.62,72.23,74.91,68.23,71.13,2.56,59.76
STU107158,20,Male,81.79,24.32,72.44,53.56,55.91,72.84,2.03,54.5
STU107159,18,Female,74.22,11.71,74.5,69.2,64.94,95.15,3.02,82.88
STU107160,18,Male,56.51,1.24,47.04,44.8,45.76,37.35,1.85,34.55
STU107161,27,Female,77.46,14.84,74.3,92.52,75.29,60.16,2.21,73.97
STU107162,26,Male,72.07,5.03,63.68,55.28,64.48,52.17,1.35,60.04
STU107163,28,Female,54.3,12.7,84.67,77.23,44.74,83.3,2.2,54.23
STU107164,26,Female,94.74,18.72,66.9,76.57,67.4,86.98,2.87,67.1
STU107165,23,Male,78.35,17.14,73.78,55.16,56.13,56.3,2.21,56.16
STU107166,25,Male,68.39,5.45,66.96,42.65,68.54,82.16,2.33,68.97
STU107167,27,Female,73.49,14.41,77.25,83.47,66.52,63.26,2.18,63.7
STU107168,23,Male,86.72,14.02,69.88,81.07,56.34,75.19,3.38,82.57
STU107169,29,Female,71.18,14.28,78.76,65.42,72.24,56.95,2.18,77.11
STU107170,24,Female,86.49,17.17,77.12,83.38,68.38,87.15,3.45,74.54
STU107171,28,Female,65.52,7.29,72.69,58.0,48.03,62.83,1.77,52.63
STU107172,30,Male,73.14,0.43,0.0,46.59,58.76,58.15,2.1,59.7
STU107173,23,Female,48.16,0.85,69.76,56.96,57.11,66.43,0.9,57.63
STU107174,19,Female,62.1,1.26,49.17,41.85,31.82,51.12,1.93,50.15
STU107175,24,Male,78.68,20.67,67.57,72.47,81.82,72.56,2.38,66.98
STU107176,27,Male,61.98,8.66,61.53,63.91,70.35,64.29,2.04,69.66
STU107177,28,Female,61.68,5.93,51.35,68.21,57.97,73.73,2.23,60.73
STU107178,23,Male,83.28,20.09,74.31,76.43,70.96,79.76,2.41,78.94
STU107179,21,Male,89.36,16.64,96.07,92.2,83.41,77.46,2.58,77.45
STU107180,23,Male,81.56,11.48,77.99,81.42,73.91,89.36,2.9,72.37
STU107181,28,Female,97.22,14.76,83.04,70.51,90.18,78.71,2.79,77.49
STU107182,18,Female,67.63,8.06,77.38,80.47,72.61,64.51,1.67,64.22
STU107183,22,Female,86.06,16.41,77.51,72.01,67.86,72.92,2.68,72.91
STU107184,20,Female,93.68,20.77,87.87,85.23,82.74,65.87,2.8,74.43
STU107185,28,Male,56.93,11.42,72.41,58.25,72.84,60.69,2.42,53.18
STU107186,24,Male,85.02,21.07,83.31,77.21,68.54,87.21,2.3,74.98
STU107187,19,Male,61.67,9.3,59.06,59.38,30.44,61.5,2.52,34.43
STU107188,21,Male,78.62,4.19,71.26,62.92,62.44,66.5,2.14,46.88
STU107189,18,Male,76.05,4.49,92.27,94.18,41.89,75.39,2.6,31.69
STU107190,24,Female,100.0,19.01,84.92,91.21,100.0,84.37,3.17,91.16
STU107191,24,Male,83.38,22.6,87.95,79.15,88.7,83.67,2.83,86.48
STU107192,25,Male,89.15,20.82,73.21,93.25,74.25,75.02,2.95,82.07
STU107193,29,Male,81.23,14.95,82.64,52.8,79.14,74.67,2.21,67.28
STU107194,27,Male,75.85,15.15,56.66,54.57,55.9,61.27,2.42,54.06
STU107195,29,Male,52.37,12.92,54.97,62.52,62.31,62.92,1.67,60.01
STU107196,22,Male,65.02,10.06,72.93,62.83,60.57,62.25,2.07,52.27
STU107197,30,Male,78.35,11.93,62.99,55.63,61.31,51.86,2.51,53.29
STU107198,21,Female,96.8,26.43,62.52,80.67,71.63,75.05,2.33,73.71
STU107199,23,Female,100.0,11.61,75.2,91.28,76.99,77.62,2.14,75.66
STU107200,26,Female,91.05,27.97,74.05,67.91,83.2,88.26,2.66,83.65
STU107201,21,Female,94.2,9.3,98.56,82.24,73.5,81.88,2.69,72.18
STU107202,21,Female,82.46,11.3,80.29,71.17,56.59,65.08,1.48,46.56
STU107203,19,Female,81.63,6.31,72.23,62.15,67.05,43.58,2.62,58.23
STU107204,18,Female,81.57,6.53,60.77,75.8,72.71,65.6,2.67,68.18
STU107205,24,Female,70.0,9.83,65.05,42.16,49.6,74.6,2.37,66.13
STU107206,30,Male,83.69,18.69,93.16,82.73,77.16,82.31,2.73,79.93
STU107207,20,Male,72.41,16.55,76.87,46.92,64.16,59.98,2.47,63.3
STU107208,23,Male,79.91,17.95,66.96,68.62,59.73,68.93,2.3,66.88
STU107209,30,Male,80.31,20.03,86.56,67.19,78.65,79.21,3.13,86.05
STU107210,28,Female,64.1,16.15,53.32,63.66,58.68,78.0,2.2,52.37
STU107211,18,Male,89.06,24.01,74.65,87.55,88.9,81.42,2.52,82.69
STU107212,24,Female,58.21,5.29,41.61,55.34,55.63,52.78,1.84,39.16
STU107213,19,Female,86.45,17.43,74.64,66.99,66.46,77.79,3.17,72.11
STU107214,21,Male,82.3,11.28,77.22,55.83,61.27,76.22,2.51,62.14
STU107215,21,Male,90.03,15.04,72.17,78.86,82.43,86.68,2.55,87.17
STU107216,25,Male,65.43,8.89,57.61,50.55,33.29,64.1,1.93,49.15
STU107217,20,Male,60.57,0.0,49.11,56.06,37.9,74.91,1.91,59.71
STU107218,21,Female,56.66,18.56,74.41,73.74,74.95,67.82,2.82,67.49
STU107219,20,Female,66.3,1.16,58.74,79.34,61.62,65.94,2.29,61.21
STU107220,22,Female,82.57,14.81,72.23,69.52,76.87,70.43,2.08,69.93
STU107221,26,Female,63.37,7.41,59.31,71.63,45.63,52.93,2.2,55.18
STU107222,23,Female,95.8,23.32,79.68,75.41,74.85,70.84,2.53,73.79
STU107223,22,Female,88.88,15.68,70.85,80.79,71.66,72.21,2.56,64.66
STU107224,24,Male,78.76,15.81,77.71,78.91,67.68,70.54,2.39,54.19
STU107225,25,Male,59.24,8.24,82.81,49.98,46.15,54.71,2.26,55.21
STU107226,18,Male,84.09,14.95,100.0,60.62,67.74,60.33,3.29,69.73
STU107227,29,Female,65.74,6.21,60.25,71.47,58.32,51.07,1.6,54.21
STU107228,29,Female,75.11,8.22,69.47,58.41,57.23,59.5,2.17,68.3
STU107229,25,Female,42.89,6.18,66.87,47.93,47.26,54.9,1.71,46.59
STU107230,25,Female,70.25,11.28,82.03,65.12,54.18,72.2,2.58,46.44
STU107231,27,Female,82.67,23.64,89.03,72.44,100.0,79.78,3.07,77.03
STU107232,23,Male,60.57,7.51,84.34,78.45,71.84,67.19,2.48,66.47
STU107233,22,Male,68.74,4.85,71.47,64.77,78.18,69.77,2.31,72.7
STU107234,22,Female,67.31,25.1,67.92,71.76,66.54,74.7,2.48,83.53
STU107235,20,Female,76.14,13.45,83.34,82.47,70.41,63.88,3.11,68.39
STU107236,28,Female,74.89,10.32,74.26,71.61,73.76,89.46,2.26,85.26
STU107237,22,Male,83.76,15.94,77.34,87.79,69.0,52.59,2.68,56.46
STU107238,21,Female,63.52,12.6,49.65,58.14,56.51,66.6,2.16,52.36
STU107239,30,Female,65.75,18.84,66.52,56.02,71.56,80.4,2.71,62.08
STU107240,24,Female,59.71,0.73,50.99,41.36,44.31,62.57,1.52,48.61
STU107241,26,Male,100.0,15.89,83.27,69.35,74.2,80.23,3.27,86.54
STU107242,21,Female,73.37,6.71,77.41,58.8,64.92,47.71,1.22,54.43
STU107243,21,Female,97.57,23.62,91.65,98.56,72.82,100.0,2.71,69.52
STU107244,27,Female,47.09,0.56,45.75,44.36,55.48,33.91,2.52,48.25
STU107245,23,Female,94.17,20.46,80.62,86.43,94.23,78.62,3.03,100.0
STU107246,19,Female,53.85,2.62,66.8,48.43,44.96,49.48,1.35,46.98
STU107247,28,Female,65.53,6.47,63.04,61.96,62.41,47.52,1.74,54.43
STU107248,23,Female,72.5,24.2,46.74,77.53,80.13,62.97,2.37,68.94
STU107249,26,Male,87.19,17.83,88.2,84.94,78.93,69.56,3.03,90.44
STU107250,22,Male,69.29,29.84,72.23,59.98,63.76,50.97,2.67,56.29
STU107251,25,Male,75.0,19.01,62.08,100.0,62.56,81.15,2.98,69.3
STU107252,28,Female,63.02,1.8,69.69,57.39,51.19,58.82,2.47,57.56
STU107253,29,Male,83.21,14.36,69.29,59.3,64.1,64.96,1.81,69.84
STU107254,20,Male,75.48,18.42,57.63,78.65,69.42,70.67,2.38,60.19
STU107255,26,Female,43.12,14.15,84.98,72.65,61.98,64.14,2.7,61.02
STU107256,24,Female,49.4,4.38,56.54,41.75,48.58,45.37,1.87,43.07
STU107257,26,Male,84.93,12.95,67.91,76.56,65.48,75.02,2.99,69.29
STU107258,19,Male,74.23,12.88,64.17,64.39,73.14,67.41,2.24,63.49
STU107259,20,Female,95.13,9.83,81.64,86.18,100.0,74.72,3.36,82.6
STU107260,20,Male,59.41,11.58,57.88,57.91,54.14,56.64,1.71,64.0
STU107261,19,Male,71.8,15.04,71.07,88.25,59.1,75.95,2.39,66.38
STU107262,27,Male,92.72,27.95,82.73,97.54,82.98,78.39,3.56,74.12
STU107263,30,Male,76.35,14.1,71.62,83.86,79.83,79.85,2.52,72.26
STU107264,30,Female,89.16,18.03,79.55,83.89,74.62,67.87,2.13,69.68
STU107265,25,Male,78.35,23.97,73.42,70.31,82.0,76.19,3.37,89.21
STU107266,28,Female,86.57,24.43,76.24,77.15,83.17,78.38,2.9,71.07
STU107267,23,Male,100.0,30.13,100.0,86.17,100.0,82.0,3.37,87.21
STU107268,24,Male,72.35,6.19,68.79,70.28,73.73,68.59,2.49,62.31
STU107269,25,Male,73.37,2.55,60.48,59.47,56.92,52.17,1.26,38.2
STU107270,21,Female,81.58,22.34,71.68,60.05,68.38,69.94,2.89,60.07
STU107271,18,Male,75.69,8.11,76.14,60.79,61.32,65.11,2.03,62.02
STU107272,25,Male,82.77,14.71,55.75,70.12,68.88,84.47,2.46,64.66
STU107273,28,Male,90.34,18.26,68.44,83.53,86.71,78.7,2.7,80.6
STU107274,24,Female,76.19,15.04,70.13,53.05,53.67,63.05,0.91,40.71
STU107275,20,Male,79.64,6.66,72.23,56.36,48.97,78.61,2.42,49.15
STU107276,21,Female,73.66,22.97,84.78,66.75,75.44,64.13,2.8,68.38
STU107277,28,Female,64.54,9.09,64.51,60.52,63.36,77.46,2.34,53.01
STU107278,24,Female,78.7,23.79,75.84,69.59,90.05,77.66,2.92,77.65
STU107279,24,Female,54.65,8.05,60.63,72.01,54.52,63.41,2.02,50.85
STU107280,26,Male,78.33,18.67,50.54,66.94,51.97,67.44,2.07,54.87
STU107281,21,Female,92.99,33.68,84.13,100.0,85.52,95.08,3.55,79.35
STU107282,27,Female,50.63,16.48,64.59,47.54,43.32,52.32,1.9,53.4
STU107283,18,Male,77.23,23.1,69.53,78.44,59.68,78.55,2.59,55.79
STU107284,19,Female,94.25,25.44,90.62,78.61,78.84,86.44,4.0,83.6
STU107285,28,Male,95.75,12.16,73.01,84.56,46.16,67.39,2.23,48.64
STU107286,26,Female,91.97,17.4,71.57,82.88,92.8,84.46,3.04,83.92
STU107287,20,Female,89.39,20.25,64.73,76.56,78.22,82.52,3.42,69.04
STU107288,23,Female,78.35,15.08,75.28,82.6,89.02,71.13,2.44,75.5
STU107289,18,Male,63.14,14.0,66.8,80.51,51.66,61.76,2.76,48.15
STU107290,26,Female,46.74,0.0,48.18,36.25,61.63,33.85,1.49,48.6
STU107291,27,Female,78.35,14.89,72.23,65.31,62.64,65.4,2.26,68.08
STU107292,21,Male,74.99,14.48,65.86,86.76,54.96,83.02,2.96,61.46
STU107293,22,Female,67.98,13.98,69.07,68.73,50.64,100.0,2.8,57.74
STU107294,21,Female,100.0,30.61,94.02,100.0,92.87,98.65,3.2,100.0
STU107295,23,Female,78.68,16.3,77.87,78.5,80.52,88.89,2.7,80.58
STU107296,21,Female,73.23,11.65,74.95,90.91,78.19,77.76,2.47,67.88
STU107297,21,Male,92.83,18.05,78.19,89.73,78.6,84.11,3.53,73.52
STU107298,23,Male,90.58,20.91,92.9,73.77,86.14,75.8,3.38,84.78
STU107299,29,Male,86.55,14.25,71.59,49.51,68.31,70.11,3.11,66.75
STU107300,27,Male,57.66,4.8,76.66,75.72,50.85,69.69,2.58,43.33
STU107301,21,Male,67.94,16.39,52.11,67.76,76.63,64.72,2.16,66.25
STU107302,24,Female,78.35,17.42,64.82,92.61,62.92,91.63,2.83,59.07
STU107303,20,Male,70.74,8.67,75.37,73.69,55.14,74.33,2.09,56.11
STU107304,29,Female,96.61,15.41,76.32,71.45,73.58,71.35,3.63,78.16
STU107305,22,Male,60.07,9.77,58.12,46.13,58.95,66.63,2.41,52.06
STU107306,25,Male,75.96,4.84,64.72,69.7,63.15,71.13,2.68,69.05
STU107307,20,Female,89.99,26.42,96.63,91.04,69.37,76.05,3.63,66.29
STU107308,27,Female,88.31,18.59,75.83,68.76,59.44,78.56,2.22,63.37
STU107309,22,Male,81.72,30.51,90.15,77.96,100.0,98.14,3.03,79.62
STU107310,29,Female,75.51,21.75,75.93,44.01,70.02,76.37,1.81,66.34
STU107311,19,Male,70.4,10.76,68.52,59.64,78.34,84.8,2.5,79.11
STU107312,24,Male,65.63,20.87,66.95,46.83,74.54,81.46,2.49,58.8
STU107313,20,Male,83.08,14.49,64.27,56.81,58.83,64.58,2.53,67.2
STU107314,29,Female,39.81,0.0,58.35,49.9,36.33,52.08,1.51,31.73
STU107315,23,Male,84.89,22.62,77.46,94.36,80.69,93.11,3.11,88.79
STU107316,26,Female,100.0,30.34,94.97,70.17,96.81,89.65,3.88,100.0
STU107317,29,Female,77.76,25.59,73.11,65.21,75.1,72.86,2.23,71.11
STU107318,24,Male,70.62,24.23,85.93,79.97,76.61,79.51,3.07,79.98
STU107319,18,Female,74.46,10.45,64.2,63.37,64.31,67.56,2.27,65.36
STU107320,20,Male,85.8,23.65,97.56,84.6,80.95,100.0,3.26,90.38
STU107321,20,Male,84.0,16.41,66.54,73.44,59.47,83.5,2.84,65.27
STU107322,29,Male,85.34,17.86,69.66,68.96,60.76,94.03,2.99,75.66
STU107323,29,Male,74.77,4.08,74.16,64.61,56.45,66.68,1.76,66.47
STU107324,24,Male,72.53,20.6,57.13,88.49,51.76,68.17,2.3,62.5
STU107325,29,Male,87.12,14.09,75.44,63.47,53.74,57.38,3.0,50.66
STU107326,21,Female,86.02,15.04,90.51,89.58,75.75,84.07,2.52,71.11
STU107327,26,Male,100.0,13.49,67.71,100.0,82.22,71.13,2.63,72.61
STU107328,23,Male,59.13,3.62,58.11,66.68,46.94,41.13,1.61,44.88
STU107329,21,Female,59.45,9.96,43.06,46.54,38.0,66.94,1.29,50.06
STU107330,21,Male,89.33,13.24,72.23,73.26,86.15,67.43,2.7,79.41
STU107331,23,Female,63.88,6.84,82.54,44.15,61.05,57.14,2.01,53.34
STU107332,22,Female,84.74,23.04,60.0,74.36,90.52,76.21,2.98,89.73
STU107333,20,Male,62.76,0.0,54.58,46.23,68.38,55.9,1.67,56.05
STU107334,22,Male,82.68,19.93,67.06,73.63,71.87,69.93,2.83,72.89
STU107335,19,Male,82.37,22.19,62.77,58.44,56.39,77.89,2.68,61.19
STU107336,30,Male,83.12,25.49,63.27,76.25,43.3,81.57,2.72,45.55
STU107337,22,Female,67.79,10.44,71.38,70.31,55.77,46.65,1.87,56.64
STU107338,19,Female,62.08,1.06,53.68,43.28,30.59,65.03,1.5,35.6
STU107339,25,Female,71.3,14.22,56.89,80.17,78.64,62.6,2.52,75.56
STU107340,29,Male,84.33,19.6,68.95,71.43,83.73,67.6,3.64,85.09
STU107341,22,Female,66.8,21.69,77.11,84.31,83.17,97.13,2.49,76.28
STU107342,28,Male,79.62,10.95,54.23,53.02,55.25,66.88,2.0,57.65
STU107343,25,Female,81.05,27.57,80.79,71.0,77.45,89.38,2.51,77.13
STU107344,27,Female,77.78,16.68,79.18,84.97,79.39,71.13,2.84,87.22
STU107345,21,Male,92.89,30.12,87.83,68.27,88.36,88.87,3.24,83.03
STU107346,18,Male,82.29,15.17,89.69,76.97,58.22,64.26,2.27,60.87
STU107347,22,Male,76.38,4.81,46.04,47.51,28.17,51.79,1.95,37.82
STU107348,30,Female,64.76,17.18,66.94,48.81,70.83,85.37,2.6,79.71
STU107349,28,Female,72.27,18.06,68.12,66.5,68.84,65.71,2.87,62.94
STU107350,28,Female,86.05,17.39,85.01,83.18,80.08,76.99,3.18,71.44
STU107351,29,Female,53.79,8.63,62.97,75.8,49.0,59.96,0.99,30.38
STU107352,24,Male,80.94,16.57,58.77,85.29,62.72,64.42,2.58,64.92
STU107353,22,Female,87.07,28.47,94.03,70.58,76.97,73.81,2.48,77.15
STU107354,30,Male,83.83,14.73,62.86,76.91,63.65,68.44,2.54,64.16
STU107355,25,Male,72.34,9.26,76.46,61.99,88.17,65.99,2.32,77.88
STU107356,21,Female,100.0,23.05,98.61,85.26,88.94,76.98,3.44,96.74
STU107357,21,Male,57.5,20.42,64.72,70.31,51.74,62.63,1.54,45.38
STU107358,29,Female,100.0,13.0,81.61,70.31,90.28,95.54,3.48,86.34
STU107359,18,Female,76.66,15.18,79.4,83.53,84.74,51.07,2.56,59.4
STU107360,18,Male,69.64,13.78,73.95,50.62,66.04,70.28,2.65,65.55
STU107361,27,Female,66.24,11.73,76.21,59.77,58.82,43.45,1.98,48.86
STU107362,18,Male,83.96,18.88,78.16,60.73,54.59,84.07,2.48,59.41
STU107363,20,Female,84.5,19.75,80.37,77.29,69.8,67.66,3.22,70.09
STU107364,30,Female,61.12,8.76,68.82,70.46,58.61,64.84,3.03,63.44
STU107365,23,Female,80.84,19.95,80.56,82.76,57.97,57.73,1.72,51.71
STU107366,27,Female,68.15,7.35,62.8,56.43,71.47,84.98,2.08,80.21
STU107367,24,Male,77.22,9.37,69.05,83.93,73.26,86.42,2.16,70.54
STU107368,19,Female,79.25,21.0,63.98,64.09,75.91,58.0,3.13,59.98
STU107369,20,Male,49.15,0.0,70.97,45.53,30.24,36.93,1.36,22.1
STU107370,27,Female,86.45,17.32,80.0,70.05,79.7,79.66,2.92,80.92
STU107371,19,Male,70.52,19.68,75.83,66.72,42.71,73.46,2.34,53.56
STU107372,25,Female,58.31,0.0,56.85,55.94,44.55,48.34,1.15,40.73
STU107373,22,Male,71.61,11.21,67.85,76.38,72.28,57.84,1.67,62.17
STU107374,22,Male,58.48,17.45,92.02,63.16,52.93,80.5,2.09,55.26
STU107375,30,Male,92.31,21.3,95.98,85.2,70.2,81.6,3.95,79.33
STU107376,25,Male,64.54,12.06,63.5,54.74,60.78,62.43,2.32,58.69
STU107377,25,Female,97.15,19.95,76.55,84.45,92.85,79.07,3.2,75.46
STU107378,22,Female,83.68,24.86,88.06,88.11,100.0,71.72,2.7,78.8
STU107379,22,Male,80.26,7.2,60.75,55.22,72.1,58.91,2.07,57.91
STU107380,26,Female,76.0,18.55,68.43,57.08,57.49,61.44,2.75,53.31
STU107381,18,Male,100.0,26.65,76.08,91.09,89.25,70.84,2.98,73.5
STU107382,21,Female,69.71,10.64,52.55,85.41,92.95,65.31,2.59,75.82
STU107383,25,Male,80.01,14.91,93.55,90.0,81.54,74.19,2.38,73.02
STU107384,26,Female,67.8,5.49,63.08,52.3,47.36,59.36,2.59,56.43
STU107385,19,Female,100.0,20.19,76.5,87.26,84.66,76.85,2.98,92.68
STU107386,28,Male,72.01,17.22,72.19,77.5,60.14,60.84,2.72,64.95
STU107387,25,Female,78.35,5.07,59.62,63.37,42.82,57.72,1.89,48.72
STU107388,21,Female,83.08,15.62,75.5,70.92,71.29,76.27,2.24,59.0
STU107389,27,Female,72.92,8.57,69.26,53.47,50.02,64.83,2.26,57.5
STU107390,30,Male,74.6,19.48,78.33,79.13,64.2,73.45,2.35,63.1
STU107391,23,Female,81.44,8.86,60.36,34.09,67.74,69.02,2.26,70.02
STU107392,21,Female,99.83,21.38,88.54,65.72,81.67,70.5,2.05,65.34
STU107393,21,Male,81.47,8.84,70.78,61.74,71.83,64.13,2.26,71.25
STU107394,25,Male,59.3,0.53,68.33,49.07,73.64,57.28,2.69,57.54
STU107395,18,Male,65.2,12.48,53.01,49.18,64.05,60.86,2.47,52.08
STU107396,24,Male,89.22,22.15,90.18,71.44,78.96,89.71,3.02,94.46
STU107397,18,Male,92.3,20.5,75.73,77.36,78.94,100.0,2.79,81.41
STU107398,18,Male,68.63,12.78,49.77,57.28,47.38,85.45,1.67,54.71
STU107399,23,Female,54.05,9.96,48.95,60.38,40.3,67.91,1.86,41.55
STU107400,27,Female,100.0,16.46,93.63,79.25,100.0,94.04,3.45,89.1
STU107401,29,Female,87.03,26.56,92.78,65.67,63.76,53.51,3.17,61.35
STU107402,19,Female,85.62,9.26,71.15,70.09,94.99,68.13,2.9,75.89
STU107403,21,Male,65.81,5.84,63.29,43.02,50.01,56.63,2.17,50.76
STU107404,23,Female,79.71,22.04,81.21,71.77,63.18,67.28,2.63,62.06
STU107405,25,Female,86.83,25.39,84.25,91.54,92.23,100.0,3.62,82.93
STU107406,30,Female,75.73,12.69,73.13,80.31,60.76,86.53,2.17,62.6
STU107407,26,Male,88.06,19.04,79.71,68.71,66.07,78.03,2.36,70.04
STU107408,24,Female,83.42,10.77,89.99,68.8,75.17,65.76,2.77,76.41
STU107409,18,Female,60.04,4.84,62.03,70.72,33.45,58.36,2.01,43.44
STU107410,19,Female,61.51,14.85,71.7,44.92,61.63,47.49,1.7,51.45
STU107411,19,Female,70.65,5.8,54.17,57.39,56.59,71.17,1.21,56.63
STU107412,26,Female,77.23,10.96,63.85,57.09,79.89,80.55,2.92,77.91
STU107413,22,Female,85.98,18.54,90.37,79.33,87.69,72.27,2.93,75.4
STU107414,21,Female,86.43,15.19,75.99,63.83,97.95,61.76,2.72,66.47
STU107415,26,Female,77.98,9.41,78.1,70.26,60.49,82.79,2.25,64.65
STU107416,28,Female,66.86,8.72,55.88,58.12,45.03,70.48,2.09,38.19
STU107417,23,Male,79.46,18.87,74.81,61.23,99.92,91.34,2.47,82.5
STU107418,29,Female,66.18,5.17,47.71,71.3,68.38,51.56,1.85,52.55
STU107419,27,Male,68.7,3.9,55.91,59.0,45.37,75.8,2.13,46.9
STU107420,27,Male,90.47,16.92,68.18,89.96,63.19,71.96,2.85,71.95
STU107421,29,Male,75.63,20.29,66.72,56.05,61.6,70.03,2.24,75.01
STU107422,20,Male,69.58,24.09,80.84,62.84,56.69,52.8,2.56,58.75
STU107423,27,Male,71.6,14.22,62.49,78.04,58.18,71.13,2.65,51.41
STU107424,30,Male,85.34,22.98,71.65,70.71,56.2,80.58,2.46,61.28
STU107425,30,Male,72.3,11.29,72.02,71.64,66.16,69.24,2.57,59.14
STU107426,25,Female,60.46,7.59,62.57,60.83,63.04,69.37,1.95,73.28
STU107427,27,Female,68.8,13.01,71.71,38.44,49.33,56.92,2.15,49.11
STU107428,29,Female,83.57,2.01,58.21,67.02,61.17,69.37,2.9,65.07
STU107429,29,Male,78.35,20.68,52.42,69.07,66.71,71.42,2.78,73.6
STU107430,29,Male,74.44,11.96,72.12,67.86,68.39,67.9,3.24,62.93
STU107431,28,Female,78.69,8.86,85.88,61.34,83.16,77.36,2.51,68.67
STU107432,22,Male,87.13,17.22,70.87,57.77,70.81,65.77,2.46,75.97
STU107433,27,Female,91.96,21.99,75.49,61.76,56.29,69.71,2.47,70.28
STU107434,23,Female,66.57,8.75,63.23,55.9,57.15,59.01,2.16,49.58
STU107435,28,Female,100.0,23.1,90.19,88.66,85.27,97.28,3.17,80.15
STU107436,28,Male,75.86,14.37,64.49,59.06,49.94,66.13,1.91,57.54
STU107437,30,Male,86.06,16.98,72.76,72.65,60.53,72.49,2.48,67.45
STU107438,25,Female,44.75,0.0,65.47,48.68,33.27,47.49,1.22,27.0
STU107439,24,Male,79.05,14.83,80.16,62.23,63.55,72.96,2.75,68.24
STU107440,20,Female,72.01,9.32,54.61,67.45,50.88,56.25,1.28,41.32
STU107441,26,Female,60.74,0.0,55.75,55.01,38.94,56.76,2.07,45.88
STU107442,25,Male,86.22,33.82,91.27,91.45,91.67,91.66,3.18,90.38
STU107443,24,Male,82.19,8.98,64.33,83.75,70.59,74.12,2.78,58.61
STU107444,26,Male,90.99,23.0,79.59,85.15,93.74,93.39,2.97,84.17
STU107445,29,Male,99.02,27.72,79.93,55.97,65.48,77.22,2.29,66.47
STU107446,19,Female,85.49,19.68,75.04,54.4,70.78,69.27,3.32,75.97
STU107447,23,Female,69.97,8.58,74.4,83.54,54.03,55.46,1.52,40.21
STU107448,27,Female,87.91,27.43,73.33,88.83,71.21,100.0,3.29,87.23
STU107449,28,Male,83.12,27.09,70.11,77.84,51.95,72.37,3.17,60.66
STU107450,28,Male,99.83,9.7,78.53,48.45,73.11,88.73,3.0,82.42
STU107451,28,Female,68.47,4.78,91.45,71.14,72.03,71.22,2.07,55.33
STU107452,29,Female,65.68,20.09,72.84,57.88,70.39,60.95,2.25,65.86
STU107453,30,Female,78.19,19.58,65.09,67.5,71.32,70.9,2.91,71.23
STU107454,25,Female,93.27,16.66,61.76,62.46,63.24,76.43,2.88,70.17
STU107455,21,Female,88.51,8.29,72.46,71.32,66.12,72.82,3.14,66.47
STU107456,25,Male,100.0,28.43,100.0,91.57,99.93,83.49,4.0,96.31
STU107457,27,Male,60.46,12.94,64.32,60.22,59.66,44.66,1.72,37.55
STU107458,19,Female,80.59,32.64,72.62,82.24,80.71,77.12,3.2,90.88
STU107459,27,Male,69.99,11.38,71.42,66.86,53.38,70.79,2.19,50.96
STU107460,25,Female,92.24,23.41,97.93,66.44,84.45,70.12,2.44,73.04
STU107461,30,Male,74.09,2.24,79.03,65.23,65.64,63.47,2.3,62.61
STU107462,20,Male,81.24,22.32,88.26,76.77,66.81,77.69,2.01,68.77
STU107463,29,Male,80.82,18.77,77.71,67.56,68.56,80.27,2.24,60.5
STU107464,23,Female,51.54,6.64,42.68,65.35,52.52,43.23,1.12,34.83
STU107465,25,Female,78.35,31.37,82.56,86.93,93.64,100.0,3.52,100.0
STU107466,26,Male,57.05,5.43,77.81,45.97,65.8,65.29,1.76,55.9
STU107467,25,Male,80.65,14.41,69.8,70.94,77.54,61.35,1.92,69.09
STU107468,29,Male,66.22,7.79,44.14,52.41,65.42,61.54,2.28,51.45
STU107469,20,Male,70.69,12.47,63.95,37.91,46.44,50.99,1.62,60.06
STU107470,27,Female,87.92,19.38,79.71,64.9,73.54,55.05,2.25,73.05
STU107471,30,Male,61.22,13.03,65.1,77.99,65.44,63.37,1.86,56.67
STU107472,20,Male,64.16,15.04,72.23,53.19,61.82,57.84,2.32,69.07
STU107473,21,Male,75.93,17.54,100.0,80.46,68.78,73.18,2.58,73.67
STU107474,24,Female,47.92,4.43,52.45,60.32,54.51,47.09,1.54,53.77
STU107475,27,Female,75.28,22.56,57.07,95.14,59.39,64.45,1.89,64.05
STU107476,30,Female,89.01,11.98,61.15,73.23,71.24,78.28,3.32,70.89
STU107477,28,Female,43.17,2.27,59.48,42.83,49.75,52.4,1.95,60.11
STU107478,28,Female,65.33,8.88,36.68,64.88,77.96,54.3,2.74,75.97
STU107479,23,Male,83.2,22.54,73.39,78.13,72.57,60.84,2.49,81.94
STU107480,26,Female,72.53,8.12,56.38,55.52,72.92,50.1,1.79,42.74
STU107481,20,Female,81.7,28.4,82.74,70.82,72.77,86.45,2.9,77.13
STU107482,24,Male,84.21,16.96,57.24,79.48,80.25,49.43,2.4,70.33
STU107483,24,Female,47.51,13.58,54.55,52.07,56.01,55.15,1.64,49.04
STU107484,18,Female,82.43,11.77,66.58,51.2,80.55,79.19,3.0,73.93
STU107485,29,Female,89.67,18.41,84.1,66.17,80.14,81.19,2.89,77.48
STU107486,28,Male,74.56,9.53,63.01,76.69,51.35,60.74,1.67,59.54
STU107487,24,Male,60.59,15.52,54.83,64.34,75.72,77.03,2.73,77.56
STU107488,18,Female,78.35,18.17,80.65,90.53,77.04,80.69,2.87,78.97
STU107489,24,Male,75.42,7.0,56.26,53.42,60.68,57.35,1.38,57.64
STU107490,19,Male,79.05,18.2,80.83,84.01,56.65,82.42,2.33,59.52
STU107491,27,Male,65.46,10.52,58.76,61.92,63.09,77.21,1.78,75.21
STU107492,24,Male,72.79,13.85,86.04,88.06,47.22,48.81,2.5,46.47
STU107493,21,Female,80.28,16.78,70.55,88.14,68.42,68.46,2.78,79.99
STU107494,29,Female,58.48,0.0,42.35,50.41,24.99,43.69,1.73,37.07
STU107495,29,Female,60.2,14.3,61.63,58.0,50.15,60.35,2.15,56.78
STU107496,27,Male,82.75,21.79,74.73,63.14,72.97,76.01,2.55,61.07
STU107497,22,Male,82.72,21.16,82.0,71.24,64.16,73.23,3.05,76.63
STU107498,25,Male,79.24,12.62,62.77,64.42,69.08,54.76,2.58,51.82
STU107499,20,Male,63.77,5.36,57.06,53.42,51.94,64.76,1.87,52.2
STU107500,29,Female,93.29,17.16,81.73,84.19,77.45,76.42,2.92,67.53
STU107501,19,Male,73.69,13.84,60.19,67.16,55.89,78.95,2.17,67.93
STU107502,27,Male,85.5,18.18,83.28,76.12,82.17,86.21,2.37,74.84
STU107503,24,Female,83.21,13.06,72.43,89.46,74.42,72.92,3.46,79.73
STU107504,27,Female,77.87,3.9,59.21,65.94,67.71,71.11,2.09,48.77
STU107505,23,Male,95.2,18.66,66.45,68.52,88.75,61.34,3.14,83.41
STU107506,20,Female,78.35,10.05,55.86,73.42,69.23,45.62,1.67,62.69
STU107507,27,Female,94.02,23.69,82.39,85.54,86.78,93.07,3.35,79.39
STU107508,26,Female,98.18,20.88,84.73,82.16,85.95,83.32,2.74,78.2
STU107509,24,Female,100.0,20.04,80.3,72.35,92.0,71.13,3.61,97.79
STU107510,24,Male,67.76,14.47,56.74,80.49,67.33,78.93,3.04,71.62
STU107511,22,Male,100.0,38.12,96.22,100.0,95.09,83.32,3.97,66.47
STU107512,24,Male,77.04,15.08,59.53,64.94,78.98,78.39,2.62,59.74
STU107513,21,Female,82.43,8.7,62.93,75.58,81.3,66.3,2.55,69.92
STU107514,21,Female,69.15,11.45,81.38,73.98,67.05,67.87,2.47,71.33
STU107515,21,Female,64.34,17.26,59.35,40.0,60.51,48.09,2.08,49.59
STU107516,18,Female,96.09,29.94,89.22,84.28,100.0,93.37,3.18,83.48
STU107517,30,Male,63.37,16.26,78.72,46.13,61.87,71.13,2.52,62.88
STU107518,21,Male,100.0,24.03,80.82,80.36,64.77,75.2,2.64,63.07
STU107519,20,Male,79.56,25.52,92.15,100.0,71.09,75.78,3.61,81.2
STU107520,19,Male,89.54,17.43,81.41,62.33,71.73,84.18,2.65,78.94
STU107521,30,Female,50.27,15.18,57.97,80.81,59.77,56.65,1.89,54.88
STU107522,24,Female,71.87,17.48,66.96,83.98,52.11,62.08,2.46,68.04
STU107523,22,Male,49.71,3.16,37.62,39.95,14.39,37.08,1.31,20.07
STU107524,23,Female,82.3,11.31,76.04,73.86,65.57,63.14,1.83,65.21
STU107525,19,Male,86.79,18.19,88.87,76.16,77.88,85.3,2.73,71.61
STU107526,22,Female,73.22,10.37,56.89,62.78,73.66,70.53,1.62,63.42
STU107527,21,Male,75.46,16.44,72.23,65.53,80.24,60.02,1.97,71.33
STU107528,28,Female,82.03,14.73,65.55,59.02,50.89,58.59,2.13,59.11
STU107529,18,Male,100.0,24.25,76.95,88.53,86.43,83.42,3.21,78.22
STU107530,23,Male,67.02,17.55,68.95,69.72,91.04,67.94,2.2,64.01
STU107531,28,Female,98.69,19.09,93.87,80.09,77.45,71.13,3.24,82.79
STU107532,28,Male,53.6,15.98,77.28,70.53,51.1,58.47,2.67,53.8
STU107533,24,Male,69.67,13.6,69.19,79.62,80.2,76.91,3.33,62.1
STU107534,20,Male,67.17,10.15,62.18,76.25,64.47,64.15,1.96,76.35
STU107535,22,Female,100.0,23.27,96.2,88.44,96.06,94.75,3.89,96.24
STU107536,20,Female,76.31,16.48,73.03,82.27,76.36,87.42,2.73,61.7
STU107537,26,Female,100.0,27.43,79.43,100.0,100.0,90.4,2.96,94.11
STU107538,21,Female,75.36,5.52,59.54,65.48,67.0,86.17,2.01,54.66
STU107539,24,Female,90.97,15.22,72.23,88.16,91.95,84.5,2.2,74.18
STU107540,26,Male,63.46,14.7,79.67,77.9,57.25,62.61,2.67,59.31
STU107541,30,Female,82.07,24.09,90.23,57.75,88.06,93.67,2.54,72.69
STU107542,22,Male,62.4,11.27,49.66,42.66,68.75,74.87,1.94,54.31
STU107543,30,Female,85.93,22.09,68.43,68.54,83.49,66.27,3.57,83.56
STU107544,23,Male,63.52,7.6,68.43,54.52,59.86,52.9,2.52,56.82
STU107545,26,Female,84.7,14.77,70.15,74.03,90.04,81.02,2.36,74.61
STU107546,26,Female,67.18,5.33,59.39,55.67,51.35,60.67,1.39,49.74
STU107547,28,Male,78.35,18.46,69.14,55.39,76.96,62.93,2.91,82.64
STU107548,24,Male,92.53,29.64,83.31,94.0,98.5,74.33,2.7,91.69
STU107549,28,Male,75.47,15.98,73.37,79.34,70.92,79.03,3.12,63.54
STU107550,22,Female,53.23,6.27,68.89,56.57,65.84,56.98,2.84,71.19
STU107551,24,Male,46.0,3.76,38.1,53.44,33.31,56.63,1.79,35.73
STU107552,24,Female,75.36,16.66,73.03,69.31,65.32,81.13,3.16,66.47
STU107553,27,Female,97.77,21.58,97.02,85.36,77.5,95.4,3.66,75.88
STU107554,26,Female,81.53,8.59,60.01,48.51,34.88,42.91,1.82,36.04
STU107555,19,Male,78.35,23.63,72.23,71.45,86.42,100.0,3.65,90.56
STU107556,28,Male,77.25,18.59,80.19,67.62,68.79,75.65,2.16,68.96
STU107557,27,Male,62.19,10.62,55.87,65.43,41.17,47.25,1.97,54.24
STU107558,19,Female,52.64,4.21,63.06,46.65,36.02,53.94,1.34,66.47
STU107559,30,Male,95.58,27.94,90.45,63.34,68.38,84.97,3.13,63.31
STU107560,26,Male,87.3,15.24,59.97,77.19,62.17,74.53,2.96,66.47
STU107561,19,Male,96.26,20.41,82.56,81.84,77.62,88.38,3.07,76.87
STU107562,24,Female,80.37,11.24,52.1,61.16,72.54,58.16,1.65,68.44
STU107563,28,Female,88.34,11.09,75.68,77.98,69.29,71.13,2.5,82.38
STU107564,21,Male,78.44,18.16,80.98,65.07,85.68,74.19,2.19,85.27
STU107565,30,Male,75.13,15.41,47.53,72.55,59.08,79.78,2.48,61.74
STU107566,23,Male,69.95,10.69,53.24,65.26,73.75,86.65,1.99,65.65
STU107567,20,Male,72.6,10.28,49.05,46.19,65.94,71.13,2.02,54.76
STU107568,22,Female,79.28,11.68,65.39,66.64,61.95,75.42,2.78,65.12
STU107569,24,Male,79.08,21.97,74.86,65.16,74.33,57.59,2.87,77.71
STU107570,26,Female,79.32,15.4,88.4,57.72,68.99,69.86,2.52,74.23
STU107571,30,Female,82.93,23.79,71.75,75.0,79.63,71.13,2.53,76.07
STU107572,20,Female,59.04,7.74,80.41,63.14,36.62,61.61,2.31,37.11
STU107573,30,Male,43.48,3.07,57.19,49.58,65.33,40.25,1.44,47.03
STU107574,24,Female,93.52,22.73,86.76,62.95,85.96,79.57,3.73,79.59
STU107575,19,Male,67.32,11.9,68.01,48.33,45.36,50.76,1.98,48.91
STU107576,30,Male,72.47,13.42,54.58,65.88,67.25,62.99,2.36,68.12
STU107577,24,Female,77.74,10.38,59.66,63.16,57.1,61.17,2.04,74.28
STU107578,26,Male,63.49,5.77,55.3,59.49,74.07,59.06,2.27,62.01
STU107579,27,Male,54.81,3.23,61.89,61.01,47.1,56.63,2.52,55.25
STU107580,18,Male,59.32,10.05,56.97,67.11,60.39,46.6,2.09,47.73
STU107581,20,Male,93.98,18.98,75.95,71.69,69.8,83.71,3.27,77.03
STU107582,26,Female,82.8,6.28,64.99,63.12,72.68,83.77,2.53,69.26
STU107583,22,Female,94.69,21.12,89.32,73.84,74.2,59.79,3.16,77.85
STU107584,18,Female,84.71,13.63,60.72,43.77,74.61,75.67,1.58,68.6
STU107585,18,Male,85.44,17.51,70.35,82.99,82.05,86.06,3.63,86.61
STU107586,28,Male,66.21,7.37,70.06,51.57,86.06,68.93,2.37,68.47
STU107587,19,Male,38.33,0.0,48.7,58.16,40.55,49.6,1.35,35.48
STU107588,19,Female,73.02,10.28,86.75,56.22,63.73,71.13,2.97,66.47
STU107589,25,Female,84.61,17.91,81.66,82.27,70.09,86.6,2.93,74.56
STU107590,19,Female,54.8,10.75,67.6,43.58,53.73,67.02,1.82,53.5
STU107591,24,Female,83.77,26.79,91.26,77.0,74.53,100.0,2.25,86.6
STU107592,25,Female,67.13,12.27,66.55,64.42,72.81,56.61,2.71,63.91
STU107593,26,Male,93.2,25.26,85.3,86.91,73.85,92.88,2.76,73.48
STU107594,24,Female,93.2,26.03,95.3,98.24,92.34,87.67,3.16,92.77
STU107595,28,Female,79.46,10.66,68.46,77.22,55.65,67.76,2.33,47.49
STU107596,26,Female,90.19,22.34,58.3,75.77,65.61,78.08,2.9,73.34
STU107597,23,Male,62.28,12.77,68.22,77.43,43.13,66.95,2.28,41.53
STU107598,18,Female,100.0,17.04,69.64,82.56,91.45,100.0,3.54,80.32
STU107599,21,Male,85.88,18.52,68.65,70.71,67.74,68.46,2.58,69.37
STU107600,19,Female,100.0,19.92,72.23,100.0,100.0,100.0,3.13,76.72
STU107601,18,Female,89.09,16.25,85.74,84.1,79.85,79.37,2.96,82.58
STU107602,21,Female,64.85,8.7,62.93,60.85,68.0,62.72,2.56,63.41
STU107603,20,Male,71.01,14.12,80.95,57.91,52.21,56.22,1.97,47.1
STU107604,18,Male,67.05,20.14,75.92,64.72,72.39,62.69,2.52,73.72
STU107605,22,Female,49.32,1.13,35.44,38.43,62.57,42.35,1.51,50.22
STU107606,24,Female,72.53,10.17,76.54,69.07,54.63,76.07,2.42,48.68
STU107607,20,Female,75.0,16.07,75.95,76.07,54.23,66.86,2.96,61.81
STU107608,21,Male,87.19,12.6,58.49,77.3,71.57,80.58,2.51,74.61
STU107609,18,Female,100.0,26.97,97.54,91.39,94.35,92.27,3.36,88.5
STU107610,18,Female,75.17,18.04,84.68,89.54,75.52,61.68,2.47,66.66
STU107611,20,Male,64.09,0.0,32.18,48.24,50.01,54.55,1.21,56.87
STU107612,23,Male,69.17,8.01,52.06,73.41,59.22,67.16,1.44,59.77
STU107613,26,Female,70.69,17.08,82.24,61.85,64.12,57.83,2.68,54.27
STU107614,28,Male,78.35,22.21,70.59,73.23,89.24,66.69,2.73,77.06
STU107615,26,Female,98.42,18.7,100.0,78.29,100.0,80.24,3.31,78.34
STU107616,26,Female,82.83,20.01,89.46,71.43,84.56,69.45,2.96,81.05
STU107617,30,Male,80.84,27.35,88.25,72.33,92.15,71.13,2.65,78.19
STU107618,21,Male,66.8,18.55,79.5,68.14,65.19,71.22,2.48,61.74
STU107619,28,Female,86.84,20.22,75.07,77.65,69.58,94.01,3.11,70.32
STU107620,30,Female,60.33,9.27,59.19,39.12,66.26,68.99,2.22,57.58
STU107621,25,Female,99.46,23.11,98.85,76.69,67.75,78.34,3.1,72.66
STU107622,28,Female,55.0,15.71,65.0,60.36,85.44,65.17,2.5,64.68
STU107623,19,Female,61.51,13.2,66.39,36.35,39.55,72.24,2.24,44.21
STU107624,29,Female,89.35,24.22,75.7,81.35,90.0,81.79,3.0,83.41
STU107625,24,Female,87.07,16.47,78.47,92.16,100.0,95.46,3.37,88.14
STU107626,20,Female,71.27,4.59,58.05,71.44,49.86,53.97,1.69,46.35
STU107627,18,Male,94.02,21.66,92.17,100.0,73.09,72.68,3.65,68.35
STU107628,27,Male,57.51,0.0,65.93,40.06,53.28,50.21,1.57,41.64
STU107629,23,Female,68.94,14.38,63.57,45.74,69.55,67.71,1.93,66.47
STU107630,22,Male,78.35,6.64,71.98,67.94,73.82,83.75,1.98,74.49
STU107631,23,Female,68.75,11.28,57.04,64.55,55.74,60.25,3.05,59.87
STU107632,30,Female,57.96,6.64,64.21,63.61,75.76,68.69,1.3,59.23
STU107633,23,Male,80.92,7.87,74.14,79.75,92.64,75.98,3.09,69.82
STU107634,19,Male,66.4,17.73,57.96,61.53,52.78,55.14,2.38,52.14
STU107635,21,Female,69.47,9.96,71.39,76.19,68.06,59.56,1.65,57.15
STU107636,19,Male,83.13,26.21,68.1,65.6,78.63,73.05,3.35,66.47
STU107637,26,Female,66.51,18.02,60.96,57.49,57.85,52.74,2.35,57.71
STU107638,28,Female,78.35,14.35,77.17,57.73,58.51,92.75,1.62,79.65
STU107639,28,Male,90.36,0.65,79.12,28.7,50.28,54.91,2.03,50.87
STU107640,26,Female,69.02,6.07,72.56,38.98,36.26,54.57,2.08,47.27
STU107641,27,Female,97.92,31.01,78.15,87.87,87.07,82.45,3.48,91.97
STU107642,23,Male,100.0,27.39,93.78,70.31,84.59,90.74,3.21,89.22
STU107643,26,Male,91.39,20.55,87.9,69.18,98.39,87.46,2.11,83.36
STU107644,19,Male,86.19,13.93,80.35,83.05,78.25,65.29,3.18,92.69
STU107645,24,Female,74.12,15.59,65.99,38.62,60.16,52.34,2.35,51.62
STU107646,25,Female,81.46,15.13,80.14,56.57,79.85,69.07,1.58,71.36
STU107647,18,Male,91.16,22.76,76.65,77.25,80.94,73.7,3.15,83.46
STU107648,25,Male,40.16,6.99,37.62,54.83,35.08,41.01,1.52,24.02
STU107649,27,Male,61.9,18.23,70.72,83.92,71.52,60.0,2.2,55.17
STU107650,22,Male,90.5,21.59,76.12,73.71,72.19,71.38,2.58,80.84
STU107651,25,Female,55.33,0.24,76.66,56.27,56.08,46.02,1.72,50.76
STU107652,21,Male,78.35,12.63,71.46,85.16,77.3,65.7,2.6,64.08
STU107653,21,Female,93.23,14.18,84.57,96.8,73.78,71.65,2.81,79.15
STU107654,19,Male,58.78,6.09,60.65,65.49,54.43,66.26,2.05,53.39
STU107655,22,Male,88.73,23.02,59.87,59.12,73.6,90.41,1.79,77.83
STU107656,28,Male,72.66,15.04,70.53,72.01,62.88,73.19,2.28,76.37
STU107657,30,Female,83.2,19.45,69.76,68.26,68.24,77.47,2.88,69.93
STU107658,26,Female,86.62,21.77,99.87,91.6,66.27,87.11,2.89,66.47
STU107659,26,Male,76.14,9.84,68.1,80.61,65.62,73.48,2.56,60.33
STU107660,24,Female,71.2,13.32,63.64,60.46,62.33,73.92,3.03,52.02
STU107661,24,Male,68.31,13.97,54.44,84.09,78.23,80.22,3.11,67.72
STU107662,23,Female,58.02,4.76,52.26,61.93,71.02,63.7,1.78,68.91
STU107663,26,Female,94.75,17.71,77.82,73.9,68.12,79.56,2.46,65.79
STU107664,28,Male,56.5,7.97,53.7,61.15,70.66,68.75,2.37,54.84
STU107665,23,Male,80.97,11.71,86.26,76.09,73.62,74.69,3.46,85.25
STU107666,25,Male,79.75,23.31,80.65,83.85,75.19,71.13,2.52,73.67
STU107667,24,Female,80.1,25.1,69.55,99.69,74.94,71.26,2.47,73.28
STU107668,21,Male,100.0,26.72,87.87,100.0,95.23,95.19,3.45,85.06
STU107669,21,Female,69.15,12.18,59.4,64.37,57.99,63.86,1.94,66.63
STU107670,19,Male,69.82,7.21,72.23,42.69,68.87,53.65,1.54,57.43
STU107671,23,Female,66.96,8.69,51.16,60.39,67.28,54.62,2.04,63.71
STU107672,27,Male,54.97,10.74,61.59,53.48,50.32,74.05,1.84,43.7
STU107673,26,Female,59.24,2.12,49.15,55.64,43.82,45.86,2.28,54.7
STU107674,30,Male,78.35,28.79,78.9,86.13,59.41,86.05,2.56,66.97
STU107675,18,Male,77.1,11.38,61.5,61.84,46.93,63.06,1.76,44.92
STU107676,27,Male,64.88,10.25,61.61,65.34,62.58,68.3,2.02,57.38
STU107677,28,Female,75.1,27.96,89.05,62.73,49.51,61.09,2.22,47.93
STU107678,23,Male,53.08,18.91,63.21,59.99,47.25,62.86,2.04,51.65
STU107679,21,Female,90.55,18.16,68.08,69.14,76.13,71.3,3.06,74.75
STU107680,22,Female,62.92,10.24,91.23,73.0,60.18,80.2,2.11,69.21
STU107681,26,Male,78.35,8.09,66.51,69.69,90.5,76.16,1.83,57.99
STU107682,29,Male,90.8,20.32,82.69,91.63,82.43,80.54,2.91,84.74
STU107683,26,Male,93.13,15.58,99.01,53.13,73.02,97.76,2.98,67.53
STU107684,24,Male,55.99,0.91,44.97,58.67,62.02,58.71,1.26,69.26
STU107685,26,Male,81.24,17.69,73.24,62.44,70.55,71.72,2.58,79.63
STU107686,18,Female,74.83,15.15,54.43,68.0,58.61,64.67,1.69,57.98
STU107687,25,Male,61.67,19.84,62.88,51.23,100.0,67.79,1.89,67.8
STU107688,18,Male,100.0,26.6,77.69,98.38,70.15,76.84,3.71,75.63
STU107689,30,Female,84.01,18.76,73.61,65.03,60.05,74.71,2.54,60.51
STU107690,29,Male,74.31,4.44,69.18,61.12,70.55,67.13,2.98,61.83
STU107691,24,Female,91.65,19.8,72.22,79.22,59.79,69.69,2.52,62.59
STU107692,22,Female,92.62,15.2,59.95,74.29,69.07,78.71,3.28,54.69
STU107693,27,Male,56.19,12.31,72.23,71.55,67.59,72.43,2.43,74.23
STU107694,26,Female,79.54,11.6,64.03,71.54,54.9,65.65,2.23,69.02
STU107695,27,Female,80.62,17.73,100.0,76.19,79.71,67.38,2.37,70.52
STU107696,24,Female,66.18,0.0,51.68,48.39,46.94,56.05,1.71,58.19
STU107697,21,Female,92.25,17.16,75.88,93.87,83.67,78.87,2.81,76.05
STU107698,18,Female,37.6,0.6,56.14,59.9,47.08,54.19,1.5,39.08
STU107699,21,Female,79.89,10.55,57.88,83.67,73.43,67.72,2.43,69.65
STU107700,24,Female,57.04,11.32,66.22,34.66,58.07,57.79,1.19,54.63
STU107701,23,Female,61.65,6.9,52.2,55.15,48.06,47.51,1.67,41.43
STU107702,24,Female,90.19,19.42,77.27,79.95,67.71,71.94,2.79,71.74
STU107703,21,Female,96.84,24.51,89.94,87.0,79.59,80.95,2.93,81.45
STU107704,30,Male,84.45,23.54,85.64,73.4,76.25,80.3,2.81,60.74
STU107705,22,Female,69.52,16.47,59.16,45.9,43.42,47.73,1.53,43.73
STU107706,29,Male,53.23,13.75,48.92,58.52,37.74,41.69,2.02,38.2
STU107707,23,Male,84.44,7.09,84.09,54.93,67.96,76.51,2.51,66.47
STU107708,23,Female,92.76,23.32,70.19,58.08,77.33,74.33,2.86,70.15
STU107709,25,Male,74.39,13.63,48.41,59.99,52.43,65.84,1.71,58.52
STU107710,21,Female,72.53,19.82,69.55,90.18,60.57,67.57,1.92,46.68
STU107711,20,Male,62.77,7.22,58.43,58.37,60.61,65.71,2.65,67.77
STU107712,22,Female,93.5,15.04,86.88,84.93,100.0,78.38,3.09,87.34
STU107713,28,Female,62.52,10.38,73.0,68.82,77.39,66.12,1.53,72.86
STU107714,19,Male,72.89,16.64,69.4,76.09,61.85,89.99,2.64,63.0
STU107715,23,Male,71.31,10.23,56.93,69.47,61.35,73.82,2.29,69.49
STU107716,26,Female,82.26,14.76,80.05,75.45,67.49,95.48,3.14,77.94
STU107717,27,Female,81.0,13.63,65.08,43.85,64.74,67.75,1.99,49.13
STU107718,23,Male,78.35,22.03,85.41,91.98,83.98,74.76,3.28,79.2
STU107719,19,Male,71.66,0.92,57.29,50.91,66.54,79.52,1.83,79.16
STU107720,18,Male,82.1,26.07,100.0,87.8,84.04,95.36,3.0,89.27
STU107721,24,Male,49.24,0.0,69.17,61.09,41.24,41.61,2.04,29.82
STU107722,28,Male,68.44,10.32,59.95,65.58,66.06,68.32,1.67,57.3
STU107723,18,Female,88.62,16.45,76.09,73.38,85.49,100.0,2.85,88.53
STU107724,29,Male,93.75,25.18,91.27,75.77,69.54,84.08,2.56,74.58
STU107725,24,Male,87.76,15.36,85.93,73.21,74.04,58.74,2.12,57.41
STU107726,18,Female,63.56,9.1,74.55,63.14,46.39,53.94,1.81,32.33
STU107727,22,Female,90.84,12.11,60.77,56.31,73.19,56.64,1.93,68.54
STU107728,20,Male,94.0,27.11,72.23,78.96,67.32,98.17,3.51,75.69
STU107729,30,Female,84.15,21.31,60.9,71.52,85.88,80.54,2.71,84.8
STU107730,25,Female,83.2,15.04,82.42,83.73,73.88,77.36,2.87,76.64
STU107731,24,Male,72.45,14.12,66.91,79.73,39.75,64.65,2.4,38.71
STU107732,21,Male,70.35,17.58,62.1,90.18,46.57,74.15,1.99,49.14
STU107733,25,Female,94.01,16.32,88.2,97.94,76.76,77.77,3.2,72.29
STU107734,18,Female,85.68,14.55,73.28,71.61,66.98,75.3,3.05,73.04
STU107735,24,Female,86.29,6.3,77.68,60.9,70.0,74.72,1.99,60.43
STU107736,20,Male,55.3,14.9,56.6,47.93,46.49,58.14,2.36,41.04
STU107737,26,Female,94.16,15.76,86.69,67.58,85.44,68.55,2.74,75.73
STU107738,26,Male,85.72,24.69,64.85,76.34,73.64,83.35,2.46,67.9
STU107739,24,Female,74.2,14.05,56.99,53.36,67.17,74.2,2.36,71.28
STU107740,19,Female,85.24,23.07,88.1,72.13,91.04,100.0,3.29,85.94
STU107741,22,Male,72.62,18.3,89.66,62.26,75.99,71.13,2.6,72.67
STU107742,28,Male,85.47,11.25,78.86,81.81,68.21,71.13,2.51,66.85
STU107743,20,Female,95.59,28.33,81.42,79.34,93.27,91.79,3.35,89.85
STU107744,20,Female,81.08,17.2,92.28,63.8,75.43,87.36,2.62,79.9
STU107745,19,Male,86.4,21.83,73.19,82.26,64.47,75.59,2.62,68.92
STU107746,28,Female,85.33,11.15,62.97,79.87,61.51,60.89,3.0,52.17
STU107747,19,Male,98.91,19.74,92.24,87.56,96.0,88.56,3.02,85.38
STU107748,25,Male,57.68,20.51,67.85,53.93,69.0,53.42,1.97,74.0
STU107749,30,Male,76.44,16.46,68.07,69.49,83.62,64.89,3.23,76.99
STU107750,26,Female,71.58,16.81,72.27,71.68,73.64,76.89,2.64,67.98
STU107751,23,Male,79.89,2.59,60.85,83.93,69.58,67.81,3.04,64.91
STU107752,20,Female,92.51,22.05,81.93,85.55,93.96,65.81,2.65,90.39
STU107753,18,Male,74.13,16.15,67.45,53.09,64.3,68.98,2.46,67.68
STU107754,20,Female,78.35,19.32,77.86,87.4,69.92,84.47,2.7,62.68
STU107755,30,Female,86.62,16.1,57.16,72.5,52.21,79.47,3.43,78.37
STU107756,19,Male,64.22,10.1,66.24,60.68,66.1,55.47,2.46,62.64
STU107757,18,Male,78.35,26.9,92.92,88.62,77.71,78.66,3.12,80.2
STU107758,28,Male,94.05,12.8,91.95,88.42,65.83,82.0,2.96,77.67
STU107759,23,Male,79.72,11.21,80.69,53.79,49.94,74.78,2.3,56.75
STU107760,22,Female,85.97,28.8,83.59,69.05,90.52,86.31,3.3,87.93
STU107761,27,Female,67.09,2.6,85.65,60.03,59.39,70.21,1.78,45.46
STU107762,24,Male,83.44,14.29,64.93,69.38,72.84,69.28,2.96,70.04
STU107763,29,Female,71.25,6.91,60.93,74.08,60.45,70.09,1.82,50.46
STU107764,24,Male,81.42,21.01,79.82,91.09,77.55,80.62,2.95,73.12
STU107765,27,Male,66.33,12.29,74.46,59.5,61.62,56.13,1.97,60.01
STU107766,29,Male,78.35,14.83,85.42,81.67,65.52,62.75,2.89,47.98
STU107767,24,Male,75.85,18.69,56.66,81.17,83.32,69.26,3.14,77.33
STU107768,21,Female,96.46,13.08,59.77,71.64,55.11,71.13,1.71,62.65
STU107769,30,Male,84.34,22.93,97.41,74.13,84.75,100.0,3.36,73.59
STU107770,20,Female,61.21,8.45,56.23,66.7,62.43,62.17,1.62,52.01
STU107771,18,Male,65.86,3.31,56.4,45.84,61.1,48.99,1.7,41.62
STU107772,25,Female,82.82,8.73,83.75,85.09,72.04,77.77,2.42,72.57
STU107773,30,Male,49.39,6.74,54.36,34.29,49.33,71.13,1.48,41.9
STU107774,19,Male,99.06,29.93,95.18,87.51,89.7,82.47,3.1,94.72
STU107775,29,Male,87.48,6.86,84.44,68.01,66.99,66.75,2.81,57.51
STU107776,28,Male,58.69,12.48,63.14,75.32,49.74,52.83,2.22,49.69
STU107777,30,Male,73.99,11.32,51.36,50.49,55.55,63.28,2.03,50.31
STU107778,23,Male,44.81,0.0,60.27,41.64,50.01,52.39,2.0,47.71
STU107779,21,Female,77.75,16.25,85.58,88.87,84.13,70.59,3.18,76.06
STU107780,24,Male,66.04,3.51,62.47,63.54,54.65,50.47,1.51,54.97
STU107781,19,Female,99.81,22.63,89.03,78.3,71.7,79.37,3.25,77.76
STU107782,28,Female,66.62,8.58,70.84,61.2,59.58,64.17,2.33,67.54
STU107783,26,Female,63.16,22.76,66.05,52.79,63.65,71.27,1.92,61.13
STU107784,24,Female,86.84,23.85,69.73,71.12,69.62,90.47,2.86,69.02
STU107785,24,Male,85.91,12.62,96.6,71.12,57.76,67.21,2.79,62.71
STU107786,27,Female,86.0,30.07,74.4,75.5,93.56,80.58,2.58,81.62
STU107787,24,Female,60.66,14.85,65.4,57.24,58.9,50.03,1.8,52.62
STU107788,28,Female,73.53,14.07,68.42,63.57,65.77,68.44,3.06,69.57
STU107789,30,Male,74.55,14.57,53.59,72.16,73.82,81.58,2.28,64.1
STU107790,30,Female,77.29,20.6,81.71,57.52,64.91,78.05,3.1,83.16
STU107791,26,Male,78.03,6.54,68.57,64.81,62.78,57.05,1.97,66.73
STU107792,27,Male,71.82,16.63,69.9,67.55,62.82,70.84,2.01,66.47
STU107793,22,Male,77.78,10.32,62.08,64.24,66.34,56.56,1.7,61.24
STU107794,18,Male,83.75,20.83,80.17,79.66,65.72,63.93,2.99,66.56
STU107795,23,Female,78.35,14.34,69.63,73.87,77.02,76.87,2.65,68.65
STU107796,29,Female,90.74,13.0,81.52,76.3,91.96,73.38,2.61,82.73
STU107797,19,Male,66.98,17.51,83.76,79.36,57.25,67.82,2.17,52.17
STU107798,25,Female,66.61,9.63,43.98,38.43,68.4,64.53,2.6,72.15
STU107799,20,Female,76.98,16.92,82.95,93.63,71.52,70.63,2.53,77.05
STU107800,23,Female,70.05,11.54,84.03,71.09,60.52,73.41,1.98,60.11
STU107801,19,Female,89.88,25.76,93.51,93.46,79.8,63.89,2.57,79.59
STU107802,27,Male,68.05,11.11,75.91,57.56,51.85,60.73,2.21,42.32
STU107803,28,Male,72.81,11.99,84.94,72.52,62.43,74.97,2.79,64.55
STU107804,27,Female,81.27,24.55,66.75,75.42,68.4,62.89,2.11,54.04
STU107805,27,Male,84.92,24.63,90.43,83.85,99.7,80.4,3.33,88.82
STU107806,21,Female,90.64,14.56,74.62,75.85,69.69,82.71,2.52,68.59
STU107807,24,Female,77.09,17.25,68.55,73.18,73.59,64.17,2.51,74.82
STU107808,19,Female,60.34,9.13,73.65,49.8,59.93,71.12,2.52,61.66
STU107809,24,Male,78.11,18.48,78.31,86.04,78.37,66.98,3.37,73.3
STU107810,24,Female,77.26,26.25,52.79,73.53,66.46,86.97,2.68,68.69
STU107811,26,Female,61.98,0.91,60.26,45.76,41.11,61.43,1.55,28.61
STU107812,19,Male,69.51,6.64,69.55,54.37,63.87,75.13,2.39,69.61
STU107813,28,Male,79.39,22.28,80.29,73.29,66.34,69.57,2.72,77.03
STU107814,23,Male,59.14,8.19,59.78,52.2,57.26,62.56,1.93,60.57
STU107815,29,Male,74.51,15.89,55.28,71.36,59.77,94.07,2.26,63.68
STU107816,24,Female,88.95,17.76,62.7,61.46,85.49,60.63,2.27,64.9
STU107817,25,Female,94.37,5.92,63.26,70.31,50.32,65.41,3.36,45.42
STU107818,27,Male,91.12,28.11,75.48,77.09,66.45,80.75,3.02,70.17
STU107819,28,Female,65.72,4.32,53.49,46.3,56.2,59.1,2.22,38.24
STU107820,20,Male,100.0,36.7,99.52,93.25,100.0,98.17,3.21,80.76
STU107821,24,Male,63.84,10.82,58.99,53.41,83.43,74.9,3.08,78.66
STU107822,18,Male,75.76,15.04,85.91,67.88,72.51,71.13,2.66,82.41
STU107823,24,Female,61.01,24.5,61.8,54.79,69.52,79.16,2.58,63.4
STU107824,28,Female,60.88,2.2,50.88,52.71,51.87,60.19,1.0,51.36
STU107825,29,Female,80.88,7.71,61.03,67.57,69.24,61.0,2.36,60.54
STU107826,21,Female,80.24,10.28,64.01,59.89,48.55,60.07,2.7,62.64
STU107827,23,Male,90.28,28.56,87.91,93.85,82.24,83.9,2.58,81.61
STU107828,25,Female,60.62,7.59,56.84,45.93,57.45,54.3,2.22,58.32
STU107829,23,Male,64.91,12.53,61.83,55.72,54.19,61.82,1.6,41.5
STU107830,20,Male,88.46,15.27,52.4,80.9,74.45,72.97,2.8,71.26
STU107831,21,Female,85.4,20.2,80.51,82.54,67.73,68.05,2.64,63.29
STU107832,23,Male,83.81,20.34,93.5,79.6,85.68,75.93,3.19,90.63
STU107833,24,Male,57.37,6.11,57.33,69.87,38.15,70.39,2.1,39.33
STU107834,29,Male,63.63,14.27,61.77,51.72,46.03,60.94,2.03,48.53
STU107835,25,Male,83.27,17.22,70.08,79.06,80.26,74.77,3.2,63.7
STU107836,23,Female,98.37,28.75,72.23,79.44,82.8,83.63,3.11,85.02
STU107837,26,Male,81.85,6.62,73.13,85.37,72.31,83.28,2.32,71.5
STU107838,28,Female,51.18,11.55,56.86,52.51,54.57,51.35,1.54,47.88
STU107839,23,Female,70.48,17.75,63.76,63.09,65.81,72.48,2.18,73.4
STU107840,24,Female,79.2,18.69,81.83,76.51,78.46,86.0,3.37,79.57
STU107841,20,Male,70.97,18.98,70.02,74.09,64.66,58.76,2.65,59.23
STU107842,29,Female,85.95,19.91,75.17,92.23,68.51,83.76,2.84,65.34
STU107843,29,Male,83.28,22.91,67.7,53.28,96.82,90.45,3.53,90.74
STU107844,20,Male,71.42,8.5,78.95,89.51,83.69,66.12,2.73,62.24
STU107845,22,Female,61.15,4.02,45.2,64.21,51.39,52.42,1.81,45.45
STU107846,21,Male,72.71,6.88,65.19,74.71,55.87,51.32,2.33,52.64
STU107847,29,Female,73.89,11.37,71.7,65.33,65.78,61.8,2.52,60.5
STU107848,18,Male,53.62,17.42,53.45,74.0,41.51,75.86,1.43,44.75
STU107849,20,Female,95.88,24.83,65.17,75.11,55.05,71.13,2.98,69.98
STU107850,22,Female,77.27,9.86,88.62,74.73,94.54,58.34,1.82,70.89
STU107851,25,Female,71.87,11.18,51.41,70.31,35.37,53.8,2.02,34.74
STU107852,21,Male,93.65,26.82,89.61,84.68,68.38,84.25,2.94,87.83
STU107853,24,Male,76.34,16.72,94.73,80.43,69.64,66.79,2.8,63.98
STU107854,27,Female,98.64,23.94,78.14,52.82,76.15,72.23,2.73,76.99
STU107855,28,Female,91.48,17.39,71.9,77.51,77.14,85.34,2.52,89.08
STU107856,19,Male,66.97,7.83,65.22,49.1,54.84,74.11,2.12,53.19
STU107857,19,Male,89.98,20.01,83.12,93.39,68.38,88.5,3.23,95.47
STU107858,19,Female,84.55,17.72,71.31,59.45,77.79,78.25,2.57,85.48
STU107859,29,Female,91.86,23.59,72.23,84.13,92.85,86.18,3.91,84.78
STU107860,26,Female,64.24,6.06,70.22,69.21,63.77,56.12,2.26,55.28
STU107861,24,Female,90.48,20.29,68.58,99.15,66.12,72.24,2.76,72.15
STU107862,28,Male,61.11,9.58,73.37,68.58,62.11,49.26,1.85,65.09
STU107863,25,Male,100.0,26.05,100.0,100.0,100.0,95.82,3.98,66.47
STU107864,21,Female,78.35,12.63,72.23,47.65,50.22,73.17,2.46,58.69
STU107865,24,Female,98.74,27.31,89.64,71.92,99.56,73.57,2.78,89.12
STU107866,27,Male,75.53,17.69,58.94,52.62,48.98,95.06,3.1,70.19
STU107867,18,Female,82.2,33.85,70.48,67.67,76.6,76.95,2.92,78.16
STU107868,25,Male,73.1,16.81,81.09,71.11,79.3,61.54,2.52,67.59
STU107869,24,Male,61.97,16.93,61.52,67.88,56.3,54.97,1.52,58.76
STU107870,18,Female,58.75,0.0,57.65,48.76,14.33,41.89,1.49,17.46
STU107871,21,Male,100.0,28.65,91.4,79.57,100.0,100.0,3.6,81.67
STU107872,23,Male,84.86,16.03,72.23,70.54,51.96,71.13,2.28,46.78
STU107873,22,Female,44.28,15.04,100.0,34.21,20.04,29.71,0.92,29.97
STU107874,21,Male,74.55,16.2,78.66,50.13,81.28,89.84,3.14,69.84
STU107875,26,Male,87.1,13.72,84.58,85.98,66.73,72.46,3.01,67.69
STU107876,23,Female,60.81,5.81,72.23,70.31,56.49,56.18,1.83,60.95
STU107877,24,Male,79.06,16.42,65.13,56.17,49.79,68.17,1.96,56.39
STU107878,28,Female,71.77,19.05,54.32,66.68,68.47,79.75,2.98,85.88
STU107879,19,Male,87.86,31.11,92.2,85.08,94.79,92.11,3.02,88.23
STU107880,22,Male,85.7,13.64,51.71,75.31,53.49,56.34,2.75,52.34
STU107881,18,Female,89.97,21.35,75.78,79.86,88.24,100.0,3.51,77.32
STU107882,30,Male,89.82,16.04,77.14,74.02,64.52,73.04,1.87,51.16
STU107883,20,Female,54.15,18.91,77.61,56.39,86.02,74.19,2.83,84.21
STU107884,28,Female,56.57,1.12,53.8,67.11,39.44,71.13,1.42,31.57
STU107885,20,Female,80.03,13.49,86.61,79.7,70.9,74.15,2.26,56.12
STU107886,24,Male,79.31,19.73,64.88,64.96,77.34,74.41,3.3,71.97
STU107887,25,Male,83.19,7.54,62.64,61.64,70.01,81.94,3.04,66.79
STU107888,28,Female,85.48,22.69,58.31,66.59,71.44,77.86,2.99,67.9
STU107889,20,Male,97.06,25.23,70.72,65.06,65.08,92.66,3.19,85.38
STU107890,20,Female,78.49,19.57,71.7,95.43,89.19,66.28,3.11,80.55
STU107891,29,Female,72.76,12.91,82.33,59.53,55.16,84.23,2.86,68.24
STU107892,22,Male,72.48,17.96,86.59,83.29,73.04,60.59,3.31,85.62
STU107893,20,Male,100.0,35.41,97.12,91.82,91.98,100.0,3.66,88.96
STU107894,27,Female,56.75,6.33,53.89,51.01,59.54,51.21,1.5,52.66
STU107895,19,Female,91.53,17.82,83.97,72.69,96.81,79.98,2.65,73.23
STU107896,29,Male,94.99,22.56,100.0,94.17,83.51,85.72,3.46,93.58
STU107897,29,Female,60.52,0.0,53.96,54.76,54.83,50.65,1.89,49.2
STU107898,29,Female,84.61,26.49,77.36,88.74,91.04,77.52,2.65,59.96
STU107899,21,Male,91.83,21.79,79.75,94.32,95.21,90.03,3.22,79.05
STU107900,19,Male,76.19,1.76,72.23,47.31,48.48,59.71,1.21,58.39
STU107901,23,Female,58.57,29.83,90.03,79.88,75.38,89.61,2.89,62.85
STU107902,22,Female,74.36,15.57,64.0,50.64,77.54,73.4,2.42,68.17
STU107903,30,Female,86.67,13.61,68.88,64.2,48.9,74.04,2.52,60.1
STU107904,26,Male,69.98,18.14,81.81,66.56,73.17,71.13,2.64,76.45
STU107905,30,Female,97.97,24.72,80.68,82.86,76.17,89.1,3.41,100.0
STU107906,27,Female,86.07,16.07,82.39,67.8,68.26,61.42,3.22,68.86
STU107907,27,Female,70.23,9.18,51.44,69.88,62.87,55.35,2.09,51.43
STU107908,19,Male,67.42,15.8,72.47,72.22,56.45,83.36,2.37,54.41
STU107909,18,Male,81.39,17.66,64.67,45.08,67.1,67.12,2.4,72.67
STU107910,18,Female,69.01,5.51,46.72,59.68,51.2,60.71,2.02,36.02
STU107911,25,Male,71.84,2.69,56.78,61.38,72.17,60.95,1.82,62.3
STU107912,20,Male,84.3,20.46,74.61,66.65,61.92,58.49,2.14,73.01
STU107913,30,Female,90.54,20.57,67.65,88.66,62.64,93.26,2.7,70.49
STU107914,19,Male,92.02,26.43,87.85,66.04,83.92,72.48,2.55,86.7
STU107915,30,Female,83.34,16.68,67.8,72.21,70.26,64.86,2.5,52.88
STU107916,26,Female,76.49,16.97,52.69,79.18,77.43,63.64,2.52,76.06
STU107917,24,Female,62.17,5.67,70.26,59.25,55.26,56.55,1.89,54.01
STU107918,18,Male,91.04,15.83,77.77,63.92,71.7,69.11,3.04,68.26
STU107919,23,Female,68.34,9.06,54.38,66.33,54.28,76.05,2.06,54.87
STU107920,22,Female,75.94,20.28,77.1,86.85,68.97,80.53,2.76,82.03
STU107921,22,Female,87.29,16.34,75.86,84.75,59.87,73.58,2.43,55.6
STU107922,24,Male,75.78,19.28,73.35,70.58,72.4,79.16,2.6,66.25
STU107923,19,Male,88.21,18.78,71.36,88.51,62.26,65.85,2.8,74.84
STU107924,19,Female,77.48,12.78,82.32,74.45,71.05,74.81,2.32,70.79
STU107925,27,Male,78.98,14.3,66.86,70.31,57.3,60.87,1.79,59.79
STU107926,30,Female,75.55,19.61,78.42,62.24,72.19,61.86,2.06,58.72
STU107927,21,Male,86.88,24.99,85.04,97.86,68.42,88.78,2.3,61.33
STU107928,30,Male,74.77,3.84,69.65,63.55,63.07,53.95,2.42,72.21
STU107929,22,Female,63.99,7.47,51.42,70.1,52.78,66.9,2.52,52.23
STU107930,22,Female,100.0,22.73,85.42,68.81,80.78,82.84,3.39,81.77
STU107931,19,Female,67.37,15.56,72.23,46.42,67.33,57.5,2.24,58.68
STU107932,23,Male,77.32,12.47,73.03,81.66,67.57,87.48,3.08,70.54
STU107933,24,Female,82.33,12.74,94.36,83.94,63.36,83.52,3.51,61.37
STU107934,26,Female,79.55,19.2,81.3,69.86,72.02,56.19,2.83,71.44
STU107935,20,Male,39.19,0.04,35.7,50.69,55.31,54.56,1.04,39.85
STU107936,20,Male,79.62,14.22,71.55,68.38,65.75,80.62,3.46,66.47
STU107937,23,Male,85.82,21.66,91.53,73.54,83.3,73.36,2.75,80.97
STU107938,18,Female,80.39,12.66,66.11,82.51,79.34,78.56,2.23,82.42
STU107939,19,Male,58.94,3.11,49.28,43.33,51.35,56.95,2.09,58.97
STU107940,26,Female,100.0,26.24,85.34,98.03,100.0,76.62,3.77,86.86
STU107941,30,Male,56.15,9.71,58.75,57.12,52.84,64.8,1.18,49.78
STU107942,25,Female,63.86,7.5,52.59,54.48,50.45,56.81,1.49,37.97
STU107943,19,Female,85.41,19.87,89.47,97.62,72.74,77.77,3.08,75.58
STU107944,30,Female,78.35,15.44,72.03,64.68,78.21,86.22,2.42,79.32
STU107945,24,Male,66.91,14.21,78.63,72.26,61.58,65.14,2.29,59.31
STU107946,27,Male,62.44,5.93,52.52,62.46,46.92,55.4,2.9,60.51
STU107947,20,Female,82.44,28.15,82.84,87.99,81.89,91.33,3.92,81.84
STU107948,25,Male,70.33,14.56,59.99,69.93,62.17,71.78,2.53,64.69
STU107949,18,Female,53.43,0.0,66.53,63.02,44.77,51.13,1.66,32.88
STU107950,26,Male,84.51,14.47,77.43,86.75,88.14,71.52,2.52,79.46
STU107951,20,Male,86.75,21.5,73.63,66.12,71.73,70.09,2.41,66.47
STU107952,29,Male,100.0,21.47,86.7,72.38,68.38,77.45,2.28,80.46
STU107953,18,Female,91.48,18.34,71.23,70.31,63.18,74.96,1.82,62.29
STU107954,26,Female,100.0,29.34,85.63,88.69,93.14,81.28,3.67,97.53
STU107955,19,Male,75.96,15.58,70.55,73.36,48.04,61.8,2.65,39.81
STU107956,24,Male,77.66,22.75,54.9,69.48,60.53,75.07,2.51,69.34
STU107957,24,Male,81.77,21.54,91.43,82.03,68.7,77.71,3.14,50.55
STU107958,30,Female,84.95,14.71,67.81,52.96,64.51,66.37,2.67,64.28
STU107959,26,Female,100.0,16.96,67.07,75.98,78.48,70.81,2.52,85.29
STU107960,22,Male,30.87,0.0,39.3,41.57,29.24,32.46,1.09,26.56
STU107961,19,Female,88.65,16.94,76.64,79.76,55.86,67.95,2.56,66.88
STU107962,25,Female,72.04,17.16,63.58,53.98,49.47,69.7,2.44,49.68
STU107963,23,Female,74.23,19.66,53.16,84.18,79.82,62.11,2.34,70.4
STU107964,18,Female,69.74,18.3,62.07,74.72,48.95,63.85,1.51,43.39
STU107965,25,Female,100.0,14.64,88.18,90.41,76.24,81.97,3.36,87.86
STU107966,20,Female,74.2,8.9,68.9,76.96,56.96,56.55,2.11,48.14
STU107967,21,Male,83.7,19.54,72.23,68.57,79.16,84.17,2.45,68.47
STU107968,18,Male,84.38,14.78,80.32,61.69,70.54,63.3,2.29,75.58
STU107969,22,Male,92.09,25.22,91.6,76.7,67.18,68.29,2.28,56.94
STU107970,20,Male,99.26,22.62,62.46,89.14,90.72,80.03,3.19,77.84
STU107971,18,Male,88.48,26.18,62.35,66.21,57.13,61.13,2.78,67.21
STU107972,24,Female,83.31,20.33,82.08,85.3,77.24,63.9,2.67,74.07
STU107973,20,Female,65.86,24.01,75.94,85.69,39.7,82.05,2.94,43.47
STU107974,19,Male,86.53,0.0,52.86,73.24,64.92,74.03,2.12,62.59
STU107975,24,Male,68.0,16.58,63.45,68.82,61.96,61.65,1.89,72.25
STU107976,18,Female,70.33,13.42,72.23,42.35,62.21,73.86,2.84,58.13
STU107977,30,Male,82.17,7.94,74.43,60.82,86.83,70.88,2.85,74.44
STU107978,24,Male,75.25,15.56,74.93,70.21,61.75,62.93,2.86,60.7
STU107979,30,Female,62.66,4.05,79.8,67.31,51.03,60.46,2.41,56.62
STU107980,29,Male,79.05,11.07,70.58,53.28,50.4,71.13,2.06,45.79
STU107981,30,Male,63.48,7.37,72.23,53.87,49.85,64.35,1.55,45.75
STU107982,25,Female,80.74,13.28,75.3,75.09,65.1,47.83,2.77,59.18
STU107983,23,Female,82.47,16.79,69.08,69.45,75.38,68.54,3.14,67.61
STU107984,27,Male,96.37,26.64,72.23,84.1,89.77,100.0,3.43,92.88
STU107985,24,Female,90.83,34.86,96.61,70.5,88.02,64.85,2.95,85.51
STU107986,28,Female,74.54,10.09,72.23,66.23,60.68,55.44,2.57,63.0
STU107987,22,Male,76.25,16.77,64.95,65.68,74.05,70.21,2.52,55.82
STU107988,18,Female,76.3,18.42,83.97,88.91,69.35,74.57,2.72,64.92
STU107989,21,Male,82.67,13.49,44.04,69.27,70.64,75.35,2.24,64.68
STU107990,21,Male,75.85,15.04,84.36,71.68,72.27,70.45,2.51,60.31
STU107991,18,Male,69.71,16.34,66.7,74.35,73.7,81.62,1.99,62.77
STU107992,26,Male,96.51,32.69,91.33,87.48,100.0,86.88,3.31,66.47
STU107993,19,Male,82.0,20.28,68.72,70.26,53.15,76.47,2.07,63.71
STU107994,29,Female,86.78,20.49,87.59,67.5,77.47,73.26,2.9,66.81
STU107995,23,Male,49.54,0.0,47.67,33.57,36.89,52.14,1.29,43.56
STU107996,27,Female,78.55,21.26,80.14,70.06,80.0,73.58,3.22,80.41
STU107997,22,Male,94.14,31.04,75.74,78.6,90.25,75.27,2.8,76.31
STU107998,19,Female,63.67,7.57,54.75,78.71,57.29,48.35,1.9,55.61
STU107999,24,Female,64.56,5.96,72.34,55.01,50.88,63.26,2.46,49.86
STU108000,26,Female,78.61,28.76,78.76,81.34,68.44,69.39,3.03,57.04
STU108001,27,Female,83.8,10.03,87.37,67.93,73.95,74.21,2.0,66.17
STU108002,21,Female,93.54,9.94,72.23,63.88,65.95,71.13,2.84,62.94
STU108003,22,Male,66.09,14.87,58.59,74.6,53.38,77.25,2.07,52.58
STU108004,30,Male,92.91,28.22,93.74,85.87,87.73,97.44,3.75,93.94
STU108005,29,Female,75.52,13.27,64.47,58.11,45.45,74.09,2.82,58.76
STU108006,23,Female,100.0,35.54,88.75,100.0,93.29,100.0,2.93,94.75
STU108007,21,Male,97.33,21.64,80.1,81.39,100.0,73.63,2.89,87.13
STU108008,21,Female,84.6,19.26,86.82,81.55,72.67,81.99,3.01,66.44
STU108009,24,Male,70.13,5.89,49.46,58.03,59.09,53.82,1.98,49.03
STU108010,25,Male,77.93,21.14,70.96,79.17,70.77,78.92,3.28,82.61
STU108011,20,Female,89.64,21.33,71.74,63.7,81.79,76.86,2.83,88.81
STU108012,18,Female,35.77,6.82,43.77,54.6,39.28,26.74,1.25,33.53
STU108013,24,Male,68.55,2.08,64.76,56.44,58.71,47.25,1.44,53.66
STU108014,28,Male,82.02,10.91,70.56,82.05,69.05,70.05,2.26,81.61
STU108015,19,Male,79.93,18.63,85.43,69.77,61.8,44.6,2.17,53.33
STU108016,23,Female,73.7,9.26,57.3,74.73,60.13,77.46,2.04,63.41
STU108017,20,Male,77.3,16.55,86.09,83.4,81.01,82.9,3.17,74.69
STU108018,21,Male,78.33,0.45,62.56,73.76,59.44,62.97,2.0,42.66
STU108019,25,Male,75.21,19.31,67.51,55.97,55.63,75.68,2.04,56.85
STU108020,21,Female,76.29,12.5,43.31,54.91,51.19,70.89,1.82,58.09
STU108021,21,Male,77.73,20.79,67.32,93.58,60.08,82.64,2.51,52.17
STU108022,30,Female,59.29,15.04,52.93,58.99,41.12,62.67,1.44,47.05
STU108023,20,Male,61.55,13.08,49.06,82.94,44.87,68.5,1.99,66.47
STU108024,20,Male,58.52,4.55,28.05,56.76,34.11,56.28,1.87,37.33
STU108025,30,Male,66.73,12.77,57.58,63.6,61.64,71.73,2.82,62.46
STU108026,25,Male,100.0,14.45,82.53,96.89,82.78,71.13,2.45,69.48
STU108027,18,Male,91.73,10.62,83.8,60.06,73.61,59.51,3.26,71.37
STU108028,23,Male,79.92,21.86,53.85,70.13,79.33,45.3,2.38,64.94
STU108029,25,Male,82.4,18.39,75.63,50.58,77.55,82.76,2.83,74.77
STU108030,21,Male,78.97,11.7,73.92,82.98,67.77,64.34,2.94,76.75
STU108031,25,Male,100.0,19.16,97.88,75.04,73.36,82.5,3.12,70.24
STU108032,26,Male,67.86,19.47,82.22,65.46,72.2,71.08,2.58,72.75
STU108033,21,Male,36.94,0.0,49.71,26.86,37.32,53.29,1.06,31.86
STU108034,28,Male,96.52,16.05,76.34,86.01,69.51,86.14,2.96,73.91
STU108035,23,Female,70.75,10.73,66.8,62.94,62.72,68.06,2.43,69.55
STU108036,30,Female,68.73,14.91,69.78,80.69,79.89,71.87,2.38,78.2
STU108037,19,Female,76.98,15.04,73.4,67.09,74.63,94.5,2.83,72.51
STU108038,22,Male,51.12,10.53,44.95,42.11,58.99,47.42,1.55,55.27
STU108039,27,Female,63.22,26.07,85.72,66.11,65.51,84.27,2.31,69.25
STU108040,29,Female,70.84,16.1,81.17,92.19,56.79,76.48,2.53,57.66
STU108041,24,Male,82.73,15.76,83.54,100.0,77.25,71.13,2.55,75.49
STU108042,30,Male,76.19,7.26,71.8,74.83,59.08,70.5,2.56,60.02
STU108043,20,Female,100.0,20.18,78.38,75.76,82.68,64.71,2.83,70.5
STU108044,23,Female,78.35,0.0,48.13,45.43,56.1,51.01,2.23,50.82
STU108045,22,Female,60.25,16.74,72.31,77.14,52.44,68.08,2.28,62.95
STU108046,24,Female,76.14,7.51,76.67,54.58,66.86,73.62,2.28,60.71
STU108047,29,Female,87.17,12.74,77.64,73.39,65.27,79.17,3.11,92.53
STU108048,27,Female,82.35,13.47,88.16,59.81,53.84,74.2,2.6,53.12
STU108049,28,Male,100.0,29.26,79.7,84.78,91.08,100.0,3.11,95.67
STU108050,21,Male,86.13,12.5,72.18,56.22,63.15,68.22,2.62,55.17
STU108051,30,Female,79.67,14.52,74.63,79.35,67.44,75.28,2.57,70.73
STU108052,23,Male,87.02,18.03,72.23,86.73,62.4,80.5,2.09,52.45
STU108053,26,Male,77.32,16.04,77.22,88.52,91.26,81.7,2.58,86.34
STU108054,27,Male,64.82,15.84,83.55,61.37,75.64,72.28,2.78,70.92
STU108055,26,Male,73.03,0.0,47.77,54.13,36.03,45.6,1.04,43.58
STU108056,25,Male,90.7,18.9,77.9,80.5,81.36,80.25,2.78,69.86
STU108057,24,Female,83.71,21.87,78.58,71.5,69.86,84.06,2.42,74.04
STU108058,26,Male,63.8,23.19,0.0,94.09,77.25,97.55,3.86,86.68
STU108059,29,Female,85.49,10.35,67.22,61.2,56.96,51.28,2.53,62.51
STU108060,23,Male,65.33,0.0,52.12,56.29,38.94,52.49,1.97,35.86
STU108061,24,Female,38.13,0.26,72.23,26.74,54.7,31.44,1.08,40.42
STU108062,20,Female,64.13,2.02,69.4,59.94,47.32,54.62,2.15,43.41
STU108063,22,Female,86.34,17.12,75.87,85.14,63.91,78.45,2.14,65.71
STU108064,28,Male,83.46,20.74,84.37,82.94,65.48,73.45,3.03,55.51
STU108065,26,Male,85.53,14.58,74.79,79.56,69.17,70.07,2.83,79.96
STU108066,20,Female,73.74,7.98,58.54,50.15,42.31,54.89,1.48,40.8
STU108067,25,Female,71.18,12.98,75.67,56.59,80.45,64.78,2.25,71.6
STU108068,28,Male,81.8,17.97,90.22,83.72,70.81,80.9,3.35,64.39
STU108069,19,Female,53.98,11.92,69.94,49.8,44.23,68.08,1.63,35.2
STU108070,18,Female,100.0,33.24,85.71,100.0,100.0,92.01,3.26,98.4
STU108071,23,Male,98.52,37.25,100.0,100.0,100.0,82.49,3.19,97.5
STU108072,26,Female,100.0,29.29,94.94,100.0,75.85,78.69,3.45,82.8
STU108073,22,Female,80.45,24.65,82.16,70.31,72.87,67.22,2.58,72.1
STU108074,28,Male,59.47,17.83,51.22,62.88,66.08,65.52,2.51,70.63
STU108075,29,Female,88.72,18.09,90.39,70.31,62.59,79.19,2.49,66.05
STU108076,24,Male,93.92,14.37,85.24,78.55,85.22,86.62,3.52,77.35
STU108077,22,Female,74.37,15.57,82.23,60.58,45.9,72.59,2.73,69.56
STU108078,18,Female,68.22,9.59,70.78,67.03,37.45,64.73,2.03,66.47
STU108079,28,Female,72.32,22.23,50.78,76.79,74.1,76.84,2.24,75.17
STU108080,29,Male,63.88,14.07,77.78,100.0,64.19,59.92,1.93,62.86
STU108081,24,Male,84.75,27.72,86.39,69.06,100.0,81.96,3.23,94.54
STU108082,24,Male,82.95,8.41,71.56,51.98,59.41,59.25,2.36,59.46
STU108083,27,Female,78.98,16.8,77.88,75.03,84.7,64.71,2.48,75.7
STU108084,27,Male,76.51,11.28,80.86,59.93,74.02,93.0,2.85,70.44
STU108085,19,Female,93.12,25.45,81.52,100.0,95.11,82.42,3.26,92.18
STU108086,26,Male,63.83,22.34,80.38,73.6,89.01,62.72,2.63,65.29
STU108087,30,Male,84.6,24.27,68.59,67.42,63.6,67.27,2.49,75.64
STU108088,27,Female,66.94,7.12,61.81,53.23,37.53,79.37,2.03,63.3
STU108089,24,Female,85.94,12.07,94.9,93.37,82.45,83.47,2.8,85.31
STU108090,24,Male,85.65,19.89,73.84,71.48,85.21,87.92,2.87,65.6
STU108091,21,Female,60.06,3.39,51.09,29.78,43.46,47.0,1.56,39.24
STU108092,26,Male,98.49,27.62,100.0,79.93,99.2,68.98,3.18,94.12
STU108093,21,Female,54.06,0.65,57.09,64.71,47.72,51.96,1.89,37.73
STU108094,24,Male,94.77,18.05,61.03,92.82,74.09,71.24,3.16,65.88
STU108095,21,Female,71.41,10.28,54.78,82.86,60.95,65.9,2.4,66.47
STU108096,22,Male,66.73,21.87,67.14,64.95,83.46,70.18,3.11,70.89
STU108097,22,Male,86.39,2.09,84.98,70.45,73.06,76.23,2.62,67.44
STU108098,19,Female,74.57,14.11,55.15,62.5,48.85,71.13,1.72,42.04
STU108099,27,Male,80.92,17.35,74.72,78.05,74.73,79.99,3.17,87.61
STU108100,23,Male,64.55,3.05,69.25,46.79,62.39,75.85,2.11,53.6
STU108101,30,Male,55.01,15.53,68.58,52.18,38.74,70.5,2.54,44.0
STU108102,20,Male,62.08,15.54,69.17,66.33,71.2,51.95,2.52,64.29
STU108103,26,Female,72.22,13.5,57.6,74.34,48.03,61.52,2.04,48.8
STU108104,20,Male,82.06,12.32,72.16,68.21,92.51,69.72,2.25,71.67
STU108105,25,Female,85.15,14.55,86.48,70.31,74.2,78.1,2.84,79.2
STU108106,24,Female,74.67,11.06,49.97,70.9,71.79,59.95,2.06,65.34
STU108107,23,Male,88.03,23.58,78.63,77.2,80.22,72.01,2.66,78.17
STU108108,26,Female,69.59,11.57,72.23,55.17,69.44,67.92,2.56,61.57
STU108109,28,Male,62.52,8.97,62.27,77.84,60.03,69.76,2.71,51.82
STU108110,22,Male,80.78,17.57,78.1,88.79,68.38,80.6,2.09,61.1
STU108111,29,Male,100.0,24.35,75.58,81.55,100.0,83.8,3.74,85.53
STU108112,20,Male,57.46,11.4,78.75,66.51,45.09,46.13,2.02,32.08
STU108113,21,Male,100.0,32.55,95.06,90.29,100.0,78.83,3.18,88.07
STU108114,22,Male,86.44,25.04,76.61,67.04,100.0,69.86,2.82,81.59
STU108115,30,Female,78.41,9.11,70.51,70.14,61.06,69.58,3.14,54.99
STU108116,19,Female,90.43,22.03,72.51,77.6,74.0,70.42,3.42,72.71
STU108117,23,Female,84.02,15.0,55.58,70.96,58.36,60.48,2.74,62.41
STU108118,23,Female,78.35,20.76,71.58,77.32,52.5,88.22,2.55,52.05
STU108119,28,Female,71.04,16.04,78.29,57.52,64.87,63.65,2.42,71.57
STU108120,24,Male,90.21,20.51,69.25,67.8,92.78,81.32,3.11,66.47
STU108121,30,Female,60.0,8.3,75.69,57.3,49.7,51.55,2.09,52.33
STU108122,27,Male,59.52,19.74,69.66,84.78,71.91,69.59,2.51,69.43
STU108123,27,Female,81.9,20.96,81.09,65.88,74.02,62.71,3.23,90.15
STU108124,27,Female,89.03,22.7,83.41,89.04,78.63,82.69,3.58,81.54
STU108125,20,Male,72.4,6.55,70.55,66.74,57.73,51.03,2.0,44.07
STU108126,23,Female,85.73,30.02,89.76,73.11,80.69,90.47,2.42,71.05
STU108127,25,Female,62.46,10.35,59.98,50.5,49.55,0.0,2.58,55.94
STU108128,20,Female,78.35,1.66,54.25,51.45,41.46,42.52,2.0,21.5
STU108129,19,Male,73.24,11.76,76.11,61.38,52.88,49.02,2.27,42.11
STU108130,19,Female,89.7,19.35,87.89,74.37,79.5,75.2,3.54,84.08
STU108131,28,Female,84.36,8.48,68.13,74.55,58.62,55.68,2.61,73.69
STU108132,26,Male,71.8,13.28,64.79,0.0,70.55,62.11,1.91,63.29
STU108133,21,Female,87.84,8.07,63.68,83.01,65.17,63.29,2.07,55.32
STU108134,27,Male,73.86,15.65,88.54,71.49,55.72,81.18,2.05,64.25
STU108135,27,Female,85.14,10.77,81.0,43.06,73.32,58.27,2.81,76.16
STU108136,28,Male,60.58,0.0,42.78,49.42,47.44,42.33,1.53,40.61
STU108137,29,Male,82.05,17.45,63.51,58.93,61.96,77.65,2.25,69.58
STU108138,29,Male,82.82,10.23,71.84,69.31,53.34,66.54,2.52,65.84
STU108139,20,Female,65.44,8.98,70.17,51.23,50.05,70.54,2.12,56.39
STU108140,28,Female,63.6,7.57,56.19,51.37,52.76,57.03,2.52,46.48
STU108141,23,Male,72.08,13.55,73.69,76.65,67.74,69.1,2.07,60.83
STU108142,23,Male,85.31,11.92,65.69,67.86,78.27,73.8,2.34,62.32
STU108143,26,Female,64.75,14.42,77.74,67.24,72.97,74.39,2.83,64.68
STU108144,25,Male,66.29,8.38,77.89,68.39,64.35,71.13,2.2,64.89
STU108145,23,Male,83.57,16.14,73.22,52.94,66.6,63.53,2.3,62.93
STU108146,30,Female,67.88,10.21,45.73,62.07,57.38,77.7,2.85,51.79
STU108147,20,Male,80.96,15.55,73.66,59.63,80.96,67.26,3.64,77.88
STU108148,19,Female,100.0,26.19,75.39,90.38,82.62,85.35,3.35,91.96
STU108149,18,Male,50.35,0.0,55.24,47.3,38.85,44.46,1.58,36.92
STU108150,28,Female,78.8,9.78,78.79,97.46,62.92,82.86,2.4,61.25
STU108151,23,Female,86.25,9.03,86.3,52.44,71.08,81.34,2.57,81.25
STU108152,23,Male,81.99,23.43,74.46,85.67,77.87,71.65,2.78,83.39
STU108153,26,Female,90.46,22.53,84.79,65.79,89.94,74.21,3.41,86.07
STU108154,23,Female,53.1,11.93,62.98,51.37,44.72,56.27,1.99,56.72
STU108155,25,Female,88.31,22.14,88.16,59.18,86.76,88.92,3.04,90.43
STU108156,18,Male,68.42,16.42,50.62,56.8,51.07,60.57,2.08,53.94
STU108157,20,Male,76.08,5.39,64.09,73.95,60.38,71.37,3.23,67.41
STU108158,30,Female,64.84,12.91,64.31,63.91,60.27,66.61,2.93,63.95
STU108159,23,Male,74.71,15.04,77.69,48.62,60.35,65.02,2.97,77.98
STU108160,20,Male,61.21,8.96,71.15,53.48,59.11,68.5,2.26,62.47
STU108161,22,Male,81.21,21.62,75.68,76.25,69.04,77.07,2.57,73.14
STU108162,22,Female,92.89,28.64,93.6,78.72,86.62,100.0,3.55,100.0
STU108163,21,Male,79.65,8.09,66.76,58.93,51.57,60.89,1.74,53.88
STU108164,21,Male,82.69,7.69,73.32,82.83,68.95,75.15,2.52,65.58
STU108165,27,Female,74.35,32.68,80.08,73.92,67.15,75.61,3.55,57.95
STU108166,19,Male,78.35,13.19,75.83,55.8,44.28,62.13,2.54,46.86
STU108167,22,Male,94.01,23.6,100.0,84.5,100.0,84.31,3.26,91.62
STU108168,24,Male,82.4,18.73,76.71,83.55,63.33,77.54,2.41,71.48
STU108169,25,Male,75.36,12.34,81.59,73.69,96.03,65.52,2.41,66.47
STU108170,29,Female,64.6,15.5,80.26,43.82,55.16,56.52,1.25,46.21
STU108171,30,Male,94.42,14.23,67.18,85.14,69.4,59.59,2.12,68.89
STU108172,21,Female,78.35,24.16,78.39,65.94,65.13,93.36,2.72,59.28
STU108173,25,Male,92.01,21.09,91.74,74.93,81.5,72.26,2.5,85.76
STU108174,18,Male,70.88,7.81,73.88,49.9,61.11,51.54,2.14,67.12
STU108175,26,Male,65.81,21.81,59.75,63.94,46.28,65.71,1.73,37.92
STU108176,19,Female,78.36,20.79,69.55,55.65,63.03,71.13,2.48,66.47
STU108177,24,Male,100.0,20.34,100.0,74.47,72.92,92.42,3.2,80.37
STU108178,26,Male,89.27,11.74,82.12,83.09,76.64,79.07,3.14,89.14
STU108179,20,Female,100.0,29.57,93.74,92.11,92.15,74.18,3.82,88.67
STU108180,24,Male,91.78,25.25,78.07,68.91,76.0,70.04,2.52,76.15
STU108181,19,Female,86.97,20.05,90.98,73.97,67.15,85.96,2.87,72.67
STU108182,27,Male,77.66,20.73,87.65,84.54,64.0,86.22,2.34,53.99
STU108183,27,Male,83.28,31.72,85.55,90.54,100.0,90.05,3.26,87.48
STU108184,25,Female,100.0,25.42,93.03,90.68,85.19,97.07,3.45,83.16
STU108185,28,Male,66.65,5.2,62.45,45.88,60.31,57.71,1.93,56.99
STU108186,23,Male,88.24,16.73,88.01,71.89,87.17,89.57,3.36,79.16
STU108187,20,Male,95.62,19.37,87.15,92.57,50.84,70.0,2.93,54.85
STU108188,19,Male,67.16,16.35,81.07,63.79,66.01,71.13,2.49,68.03
STU108189,20,Female,36.54,9.8,38.13,45.3,57.13,48.05,1.53,46.68
STU108190,20,Male,45.03,7.6,60.69,53.75,36.46,44.55,1.54,42.67
STU108191,22,Female,69.38,16.21,81.57,68.11,52.05,71.13,1.81,52.05
STU108192,20,Male,61.36,7.95,50.56,43.59,38.4,68.51,1.31,43.08
STU108193,25,Male,85.01,17.76,86.6,41.46,48.52,81.19,2.68,62.86
STU108194,19,Male,93.32,23.02,85.05,74.97,82.45,70.01,3.39,75.98
STU108195,26,Female,50.53,10.22,74.39,62.99,62.27,58.63,1.83,48.92
STU108196,22,Female,100.0,14.56,81.72,53.49,56.53,50.51,2.57,66.55
STU108197,26,Female,61.88,10.2,48.92,60.62,36.27,48.84,1.41,33.44
STU108198,24,Male,91.41,17.35,84.15,76.85,62.93,71.68,2.31,56.29
STU108199,29,Male,88.47,24.62,81.81,85.61,84.83,73.79,2.85,90.23
STU108200,23,Female,60.97,7.52,53.4,43.03,38.48,37.5,1.61,45.52
STU108201,21,Male,78.35,3.37,78.76,65.07,40.73,49.88,1.45,35.84
STU108202,25,Female,53.9,1.49,41.75,61.05,50.22,74.45,2.47,61.26
STU108203,26,Male,73.81,16.86,71.56,90.36,61.2,86.37,2.74,61.44
STU108204,23,Male,78.64,19.59,86.81,80.41,86.11,73.92,2.2,79.38
STU108205,25,Male,66.3,11.08,80.37,79.8,67.74,71.76,2.52,64.99
STU108206,24,Male,89.64,17.49,66.07,70.3,61.85,69.93,2.41,62.96
STU108207,21,Female,82.65,13.1,68.85,69.06,67.25,73.12,2.81,70.76
STU108208,24,Female,98.86,17.85,74.28,86.78,65.44,74.85,2.55,66.47
STU108209,24,Female,68.57,14.1,70.44,51.72,55.93,51.77,2.36,52.51
STU108210,26,Female,65.65,5.47,62.24,77.95,83.16,62.01,2.51,54.33
STU108211,19,Male,82.02,16.62,71.61,77.35,75.91,52.28,2.01,63.73
STU108212,30,Male,73.65,21.94,71.9,64.61,62.53,67.29,2.52,65.29
STU108213,27,Male,100.0,26.38,91.07,77.24,94.27,95.83,3.82,82.32
STU108214,18,Female,84.9,13.08,65.27,65.13,54.86,62.12,2.12,60.0
STU108215,27,Male,90.27,18.0,65.65,67.04,80.6,76.36,2.62,59.14
STU108216,25,Female,94.51,18.25,77.83,59.56,38.97,74.95,2.57,46.29
STU108217,29,Female,100.0,23.52,87.15,80.11,78.01,89.41,3.06,81.2
STU108218,24,Female,63.87,9.87,56.34,69.85,45.75,65.81,1.92,48.38
STU108219,24,Female,100.0,15.2,89.36,84.92,91.67,76.98,2.73,84.31
STU108220,22,Female,81.81,16.38,82.34,66.04,64.45,56.75,2.59,51.47
STU108221,22,Female,100.0,24.63,99.16,82.27,79.07,84.27,4.0,84.72
STU108222,26,Female,78.42,19.06,80.71,72.24,69.31,66.44,2.62,72.96
STU108223,28,Male,62.52,11.13,69.48,71.96,50.77,65.7,2.22,48.37
STU108224,29,Female,84.53,15.85,70.95,68.3,78.35,75.62,2.52,70.1
STU108225,28,Male,94.97,18.6,94.81,81.36,84.9,80.36,2.98,71.89
STU108226,25,Female,78.93,17.07,53.27,78.42,66.34,69.2,2.68,73.06
STU108227,24,Female,76.01,13.57,66.12,81.95,65.51,58.32,2.62,54.52
STU108228,22,Male,83.8,16.36,70.5,91.81,51.52,66.83,2.82,62.27
STU108229,24,Female,64.55,15.04,82.34,69.62,53.3,71.23,2.56,71.57
STU108230,22,Male,81.83,9.24,76.66,51.21,43.36,64.94,1.94,44.66
STU108231,21,Female,58.52,11.81,52.51,69.23,74.21,58.22,2.52,55.87
STU108232,29,Female,99.29,33.0,82.2,85.66,82.14,94.84,3.7,86.93
STU108233,25,Female,60.06,9.58,48.25,50.97,57.15,62.42,2.23,62.44
STU108234,22,Female,86.16,12.94,77.83,62.19,57.52,70.67,2.88,56.4
STU108235,29,Male,81.02,15.12,79.71,80.74,67.5,71.13,3.1,56.43
STU108236,30,Male,69.79,7.93,68.96,70.31,61.88,65.84,2.36,67.78
STU108237,22,Female,70.87,7.94,52.49,49.32,55.58,49.59,1.28,50.01
STU108238,24,Male,59.41,9.66,62.53,65.12,51.74,49.3,1.91,47.4
STU108239,24,Male,85.51,16.88,100.0,86.87,65.39,87.15,2.98,67.32
STU108240,27,Male,78.83,17.44,61.92,65.13,35.64,57.56,2.39,37.6
STU108241,30,Male,47.29,2.38,62.1,46.62,62.34,49.81,1.28,48.37
STU108242,25,Female,81.82,9.57,74.25,72.69,64.85,91.69,2.35,70.61
STU108243,28,Male,64.08,17.35,72.98,53.71,50.95,55.0,1.76,53.91
STU108244,25,Male,86.63,13.05,84.93,84.63,67.3,78.42,2.63,67.28
STU108245,24,Female,78.35,16.53,70.78,79.17,77.05,69.95,1.74,51.33
STU108246,23,Female,82.37,16.89,76.45,68.65,55.9,69.01,2.19,55.82
STU108247,23,Male,73.66,15.12,84.36,66.07,61.16,79.73,2.54,64.08
STU108248,23,Female,74.53,13.04,62.25,62.32,53.79,62.97,1.9,56.42
STU108249,30,Male,80.93,10.64,63.18,51.85,67.69,64.4,1.97,58.93
STU108250,25,Female,76.93,11.85,76.42,79.65,62.13,83.44,2.13,76.57
STU108251,19,Male,57.95,0.0,75.83,68.33,51.73,45.73,1.73,40.98
STU108252,18,Male,86.24,10.84,67.76,82.86,72.91,67.49,2.66,73.31
STU108253,24,Male,73.31,27.14,58.76,62.48,57.23,67.48,2.59,59.73
STU108254,28,Female,74.79,10.2,71.22,52.02,66.46,61.09,1.77,63.34
STU108255,24,Male,70.47,18.14,62.6,46.41,50.61,65.0,3.33,50.24
STU108256,25,Male,90.28,15.04,72.23,63.83,71.07,66.46,2.43,81.56
STU108257,28,Female,73.54,10.75,62.45,72.31,54.38,77.79,2.43,61.56
STU108258,24,Male,83.16,16.94,72.98,66.76,76.36,82.39,2.59,70.03
STU108259,29,Female,82.05,10.44,88.17,100.0,71.78,71.31,2.67,63.18
STU108260,26,Male,100.0,28.2,100.0,91.95,97.26,100.0,4.0,91.7
STU108261,24,Male,98.93,20.57,74.75,73.73,80.54,79.12,3.42,77.86
STU108262,28,Male,78.35,3.47,61.6,54.86,34.31,51.69,1.07,32.96
STU108263,26,Male,81.36,18.34,63.58,69.95,60.64,53.73,1.96,55.28
STU108264,18,Male,86.33,17.22,74.5,80.86,44.24,70.84,2.32,54.45
STU108265,23,Female,80.17,23.3,79.57,73.93,74.77,94.24,2.61,92.69
STU108266,19,Female,76.46,3.54,62.02,50.64,49.0,78.43,1.51,52.42
STU108267,24,Male,80.01,12.2,62.22,58.3,56.83,62.45,2.27,43.77
STU108268,19,Male,70.02,9.49,45.43,68.15,50.62,53.51,1.22,46.71
STU108269,24,Female,65.68,20.97,61.35,79.73,59.67,65.12,2.24,58.9
STU108270,22,Male,70.27,12.44,73.57,57.68,35.44,78.05,2.47,50.83
STU108271,18,Female,73.28,12.55,73.98,64.96,57.85,69.61,2.52,55.71
STU108272,19,Female,80.49,13.56,53.76,70.79,53.86,66.33,1.86,51.86
STU108273,24,Male,89.7,19.84,93.12,88.38,93.24,87.31,3.52,83.24
STU108274,19,Female,82.2,20.43,81.29,69.45,97.18,71.13,2.85,74.9
STU108275,29,Female,78.35,8.75,63.81,41.76,67.58,63.83,2.07,45.77
STU108276,27,Female,70.54,12.8,63.99,63.39,58.36,65.39,2.52,66.47
STU108277,27,Female,53.74,2.39,73.3,60.5,51.75,56.25,2.25,39.21
STU108278,20,Male,97.0,15.04,91.36,69.94,93.31,80.76,3.17,83.13
STU108279,28,Female,85.98,22.52,100.0,89.74,91.97,95.79,3.86,95.93
STU108280,26,Male,72.0,7.17,66.85,65.25,64.52,74.91,2.95,60.11
STU108281,24,Male,52.88,15.04,47.96,52.69,58.21,67.17,2.16,64.35
STU108282,18,Female,81.24,13.87,58.18,57.58,62.03,67.66,2.31,57.22
STU108283,24,Male,73.41,8.56,77.98,73.33,54.41,52.62,2.21,40.37
STU108284,28,Female,79.2,10.16,62.01,73.81,67.54,71.13,2.16,63.08
STU108285,18,Female,85.73,25.67,100.0,95.43,70.64,73.59,3.39,72.07
STU108286,18,Female,98.76,29.49,76.86,72.61,100.0,71.99,3.17,91.56
STU108287,22,Female,100.0,25.93,86.98,64.08,75.0,91.3,2.42,80.71
STU108288,24,Female,80.58,22.03,77.29,73.59,74.44,69.38,2.56,83.9
STU108289,24,Female,60.32,6.56,58.63,56.54,54.93,46.76,2.23,53.7
STU108290,23,Female,73.18,12.46,62.78,56.25,58.8,57.61,2.63,55.98
STU108291,21,Female,84.61,14.7,65.14,50.67,73.84,78.39,2.78,70.5
STU108292,18,Female,70.55,4.16,78.67,64.86,63.5,54.47,1.37,46.12
STU108293,18,Male,86.96,17.8,81.17,43.72,71.82,84.21,2.28,76.62
STU108294,19,Male,95.37,15.49,66.97,85.92,85.06,87.47,2.78,70.88
STU108295,24,Male,79.0,14.55,66.56,82.39,78.41,85.49,3.26,70.35
STU108296,28,Male,91.36,15.81,83.32,81.5,60.49,82.11,2.54,62.81
STU108297,23,Male,51.97,2.11,54.0,47.99,44.51,40.36,1.94,66.47
STU108298,19,Female,73.92,22.85,70.37,61.72,81.07,71.13,2.95,78.55
STU108299,23,Female,55.49,0.0,79.95,35.88,54.0,58.74,1.9,53.99
STU108300,30,Female,71.74,9.42,46.5,59.51,72.2,62.09,2.09,66.87
STU108301,21,Female,87.35,26.57,72.23,95.31,76.2,82.1,2.74,80.54
STU108302,24,Female,89.01,17.11,77.22,83.38,75.62,84.36,2.28,76.51
STU108303,24,Female,64.21,10.14,54.12,53.58,53.28,47.83,2.37,52.24
STU108304,22,Female,80.89,10.49,69.95,51.45,48.37,43.71,1.71,52.53
STU108305,23,Male,77.24,16.18,80.79,74.2,83.22,74.75,2.1,73.3
STU108306,24,Female,68.23,13.65,79.53,83.64,79.29,97.94,2.19,86.08
STU108307,24,Male,66.94,5.61,61.28,60.24,72.97,59.17,1.92,67.31
STU108308,27,Male,78.35,27.15,82.26,60.32,70.59,63.68,2.54,66.94
STU108309,25,Male,51.13,3.24,55.72,66.86,43.04,60.33,1.97,52.22
STU108310,18,Female,83.11,27.35,66.2,81.66,54.21,80.48,2.73,72.75
STU108311,18,Female,61.13,7.62,72.83,54.59,79.76,67.01,2.47,82.01
STU108312,23,Male,73.49,13.89,89.77,74.04,73.84,91.42,2.41,81.22
STU108313,29,Female,89.13,14.86,73.31,81.02,74.65,59.35,2.82,63.42
STU108314,18,Male,92.92,21.08,86.13,86.62,99.09,89.7,2.75,81.1
STU108315,18,Male,78.78,11.76,75.35,76.74,72.11,73.2,2.09,61.13
STU108316,26,Male,83.59,11.33,55.45,78.46,53.56,68.8,1.91,63.17
STU108317,23,Male,79.95,9.8,71.94,67.37,81.14,68.48,2.28,88.11
STU108318,20,Female,93.87,29.68,100.0,84.16,68.38,80.32,3.14,89.39
STU108319,20,Male,76.27,20.56,83.06,73.52,58.61,93.38,3.01,66.86
STU108320,26,Male,78.35,18.29,88.2,77.81,82.35,86.64,2.38,80.99
STU108321,24,Male,54.86,7.51,71.29,70.0,46.46,79.8,2.13,66.47
STU108322,26,Female,61.22,14.99,63.28,64.62,52.85,58.02,2.38,63.03
STU108323,21,Female,83.11,21.23,86.36,69.18,83.97,76.65,2.25,71.68
STU108324,24,Female,76.43,10.32,62.6,77.96,37.0,73.06,2.26,66.47
STU108325,29,Female,88.37,24.9,58.85,58.71,69.1,69.96,2.08,72.47
STU108326,22,Female,100.0,25.98,97.59,81.69,88.06,79.71,3.02,86.54
STU108327,23,Male,79.77,13.58,79.42,64.61,80.32,76.3,1.91,60.08
STU108328,20,Male,60.49,16.21,88.84,68.54,60.72,48.94,2.19,40.76
STU108329,26,Female,100.0,30.62,90.84,92.72,100.0,76.98,3.0,79.57
STU108330,18,Male,100.0,34.47,98.19,100.0,98.56,100.0,2.96,100.0
STU108331,24,Male,85.15,8.73,71.69,83.51,88.49,73.32,2.36,86.74
STU108332,27,Male,78.35,21.15,78.56,74.97,78.77,91.4,3.09,72.87
STU108333,18,Male,73.53,11.91,91.57,63.79,54.56,65.77,2.31,59.86
STU108334,30,Male,84.56,9.9,62.04,72.63,67.09,80.41,3.15,56.9
STU108335,23,Male,77.31,13.29,68.73,79.14,68.94,67.24,2.25,62.16
STU108336,23,Male,55.63,5.01,74.99,63.11,48.22,43.54,2.16,46.49
STU108337,24,Female,100.0,20.56,85.7,83.02,93.25,91.89,3.93,96.85
STU108338,26,Female,65.67,2.73,54.29,59.42,61.3,63.08,1.47,50.27
STU108339,23,Male,84.32,23.72,84.66,72.87,77.33,77.18,2.42,74.03
STU108340,29,Male,72.74,21.26,65.36,60.43,87.0,73.76,3.17,75.97
STU108341,30,Male,83.0,14.54,81.46,67.46,76.83,57.87,3.19,62.36
STU108342,20,Male,72.71,10.76,65.14,66.72,72.13,74.6,2.74,76.31
STU108343,27,Male,76.46,18.83,72.23,47.04,62.9,66.15,2.79,66.95
STU108344,21,Male,74.33,6.0,86.2,73.54,48.15,66.66,2.73,44.32
STU108345,30,Female,93.71,20.85,74.06,76.42,68.57,68.62,2.86,70.58
STU108346,21,Female,79.47,5.83,47.28,70.31,60.38,71.6,2.52,69.86
STU108347,21,Female,64.23,22.8,77.2,69.57,53.52,69.3,3.06,52.77
STU108348,27,Female,51.51,10.37,68.87,52.8,53.38,53.78,1.68,42.27
STU108349,28,Female,100.0,17.86,98.46,81.23,100.0,100.0,3.59,86.43
STU108350,19,Female,82.99,16.31,82.3,69.57,69.78,76.77,2.17,85.99
STU108351,25,Female,77.39,17.84,77.79,64.57,74.42,60.0,2.1,72.8
STU108352,22,Female,79.53,1.32,63.75,69.22,54.5,58.83,2.82,49.87
STU108353,25,Female,64.74,8.76,56.08,48.04,54.09,62.62,2.21,55.93
STU108354,25,Female,78.76,22.57,72.23,74.07,72.39,85.77,2.86,77.08
STU108355,30,Female,67.06,3.7,69.14,68.18,68.72,60.14,2.45,63.13
STU108356,30,Male,90.47,22.46,85.82,61.87,81.53,68.57,2.34,69.94
STU108357,26,Male,78.01,6.26,72.23,50.42,68.73,61.72,1.67,49.16
STU108358,26,Male,100.0,28.87,85.18,87.75,81.32,87.67,2.76,77.8
STU108359,29,Male,85.76,19.24,82.96,81.63,76.82,83.51,2.85,73.81
STU108360,20,Male,75.21,9.23,65.22,72.36,78.14,63.93,2.7,75.04
STU108361,27,Male,84.0,12.03,65.15,67.44,70.22,83.18,2.89,73.1
STU108362,28,Male,70.73,17.89,86.12,67.06,81.87,85.32,3.43,83.26
STU108363,19,Female,62.14,6.03,47.47,50.15,46.56,62.94,1.93,42.55
STU108364,29,Male,100.0,30.39,91.93,90.82,92.6,84.16,2.47,84.26
STU108365,27,Male,97.98,16.5,82.83,72.57,80.04,71.79,3.42,86.1
STU108366,22,Male,78.28,2.97,78.48,50.78,72.39,62.1,1.85,53.68
STU108367,24,Male,80.28,6.13,82.59,79.85,47.08,44.01,2.01,53.97
STU108368,24,Female,100.0,13.3,94.9,73.09,84.98,77.41,3.03,81.64
STU108369,29,Female,91.69,18.02,68.89,70.31,69.33,81.1,2.69,76.13
STU108370,30,Male,84.0,20.79,75.23,68.43,57.56,68.36,2.76,48.89
STU108371,28,Female,81.08,18.91,76.0,79.03,62.17,87.54,2.54,71.8
STU108372,26,Male,52.61,7.47,61.88,64.22,48.04,49.0,1.54,37.94
STU108373,19,Female,85.15,14.55,79.45,93.52,78.47,67.41,3.66,77.29
STU108374,29,Female,80.16,11.26,82.1,57.68,56.84,62.55,2.63,50.57
STU108375,19,Female,75.47,14.41,73.8,66.7,68.61,75.66,2.51,75.47
STU108376,20,Male,94.19,26.72,100.0,100.0,97.05,91.78,4.0,87.7
STU108377,18,Female,100.0,28.26,71.88,69.56,85.41,68.9,2.56,80.72
STU108378,30,Female,92.37,18.73,86.71,92.03,74.59,85.04,3.27,78.98
STU108379,24,Female,100.0,30.81,85.54,100.0,86.38,100.0,3.67,93.1
STU108380,21,Male,88.55,13.55,86.87,66.35,81.99,67.78,2.83,73.66
STU108381,19,Male,90.38,12.07,72.47,54.26,63.93,87.62,2.71,73.97
STU108382,23,Male,78.35,4.56,53.45,67.59,70.68,70.37,1.34,61.01
STU108383,27,Male,67.13,7.14,65.52,79.52,62.11,71.12,1.77,57.08
STU108384,30,Female,49.36,12.08,56.21,50.48,43.72,44.5,2.03,49.6
STU108385,25,Male,84.06,22.46,69.76,82.86,83.77,69.62,2.81,90.8
STU108386,25,Male,55.07,5.7,51.79,58.26,58.79,70.64,2.57,58.61
STU108387,28,Female,100.0,17.13,78.58,89.46,78.39,72.11,3.41,69.83
STU108388,29,Male,77.82,15.04,79.98,81.89,63.23,75.17,2.4,61.71
STU108389,21,Female,83.21,11.59,55.98,42.57,69.1,80.44,2.46,71.11
STU108390,30,Female,66.84,6.23,76.23,66.05,49.15,57.45,3.06,49.02
STU108391,24,Female,100.0,25.69,84.83,79.52,94.9,83.23,3.93,80.07
STU108392,30,Female,89.24,17.62,94.73,85.38,74.1,74.33,3.0,74.11
STU108393,24,Male,87.74,8.41,76.14,65.73,62.54,73.84,2.52,65.7
STU108394,19,Male,61.73,4.14,75.67,64.18,52.85,54.03,2.41,46.3
STU108395,29,Female,99.74,22.62,86.14,83.9,83.23,72.46,3.38,83.8
STU108396,24,Male,73.83,8.63,52.0,39.96,54.84,49.01,2.05,58.33
STU108397,20,Male,55.62,0.75,60.6,30.61,55.49,54.06,1.49,45.41
STU108398,29,Female,95.32,20.34,82.52,83.35,79.44,60.87,2.38,79.11
STU108399,19,Male,100.0,18.17,79.03,75.42,74.79,96.68,2.65,80.08
STU108400,24,Male,77.06,4.39,63.63,82.54,54.85,64.64,2.97,50.14
STU108401,20,Male,74.91,10.89,55.01,82.87,70.04,82.08,2.71,56.72
STU108402,18,Male,78.35,12.62,75.15,47.53,70.15,65.84,1.89,65.14
STU108403,28,Female,87.19,15.41,78.75,70.09,82.15,80.85,3.21,78.38
STU108404,29,Male,91.54,22.1,78.75,84.73,87.77,70.28,2.88,66.47
STU108405,24,Male,75.44,18.98,60.98,62.68,62.3,72.96,2.14,59.47
STU108406,19,Male,65.43,5.68,57.56,56.65,65.39,49.37,2.71,66.47
STU108407,25,Female,53.59,19.59,61.75,42.66,53.77,68.14,1.31,54.85
STU108408,18,Male,76.99,21.94,83.58,83.74,73.3,75.4,3.05,65.63
STU108409,27,Male,50.59,7.3,57.74,57.22,51.26,65.04,1.72,49.6
STU108410,29,Female,84.86,10.56,65.28,81.66,80.6,63.31,2.42,67.45
STU108411,27,Male,67.94,17.92,77.17,77.99,92.29,85.05,2.38,68.38
STU108412,20,Female,77.79,10.75,59.94,58.12,44.62,50.39,2.27,52.69
STU108413,20,Male,80.05,15.04,68.94,69.61,68.74,54.63,2.11,62.32
STU108414,26,Male,87.57,18.02,88.23,84.79,64.11,90.15,3.21,86.2
STU108415,18,Male,76.51,12.31,59.47,61.07,50.75,70.96,2.08,50.14
STU108416,24,Female,65.0,9.75,78.15,72.02,61.51,57.21,1.94,68.3
STU108417,23,Male,78.54,18.47,65.02,56.63,66.41,65.06,2.08,63.72
STU108418,27,Male,77.67,27.94,69.98,93.35,75.42,82.41,3.64,76.21
STU108419,20,Female,79.39,26.33,86.72,75.73,83.15,89.51,3.56,76.88
STU108420,27,Male,74.93,18.23,65.99,75.46,76.13,78.58,2.21,61.71
STU108421,24,Female,72.84,16.35,95.95,41.57,60.2,60.44,1.67,53.13
STU108422,21,Female,98.37,24.07,79.27,79.12,81.16,67.65,2.37,70.38
STU108423,22,Female,56.55,6.37,41.52,60.76,57.75,52.79,2.06,49.69
STU108424,18,Male,82.94,18.53,74.97,68.7,78.86,66.62,2.94,68.21
STU108425,23,Male,83.76,22.79,70.29,68.68,63.83,82.13,2.84,77.07
STU108426,21,Female,78.35,23.33,74.77,87.18,89.97,80.52,3.1,75.95
STU108427,19,Male,99.44,27.01,89.65,62.44,82.67,95.83,3.48,80.65
STU108428,25,Male,57.66,5.96,67.27,62.05,57.24,60.48,2.39,54.52
STU108429,25,Female,66.76,23.51,74.41,62.14,52.84,66.5,2.56,51.28
STU108430,19,Female,66.88,13.82,63.73,72.79,55.31,75.37,2.09,64.3
STU108431,20,Male,80.68,11.51,65.73,65.51,66.0,60.69,2.52,55.62
STU108432,19,Male,79.72,18.35,72.64,79.3,64.27,76.89,2.96,65.63
STU108433,26,Female,79.19,11.9,57.08,54.06,60.65,64.13,2.53,58.44
STU108434,22,Female,72.11,16.19,87.25,79.71,54.18,65.24,2.45,50.48
STU108435,18,Male,84.83,21.79,100.0,80.03,86.71,83.21,2.88,97.34
STU108436,20,Male,98.12,23.11,78.3,71.53,100.0,71.13,3.18,95.66
STU108437,30,Male,76.12,8.79,69.34,67.47,61.26,65.9,2.92,67.04
STU108438,21,Male,75.43,24.58,63.57,77.63,53.72,70.33,2.08,58.94
STU108439,26,Male,43.85,9.69,68.43,58.13,59.6,53.56,1.56,65.21
STU108440,24,Female,100.0,25.87,72.23,94.48,89.95,83.24,2.91,83.85
STU108441,20,Male,83.0,17.73,83.35,71.4,78.53,74.38,2.7,72.28
STU108442,21,Male,72.07,20.36,77.23,83.09,76.66,77.3,2.68,73.36
STU108443,18,Female,93.68,15.75,71.68,84.7,70.61,67.48,2.17,67.22
STU108444,27,Female,76.01,15.61,87.83,55.87,85.97,62.49,3.0,76.02
STU108445,22,Male,83.14,18.4,76.69,83.96,92.17,82.97,3.4,84.45
STU108446,24,Female,81.05,26.63,81.21,94.67,98.11,74.3,3.09,70.12
STU108447,19,Male,100.0,25.68,77.61,92.41,100.0,90.21,3.7,94.41
STU108448,28,Female,92.38,16.28,52.66,71.91,0.0,83.09,2.3,71.29
STU108449,20,Male,100.0,23.35,99.5,75.92,100.0,88.02,3.07,93.12
STU108450,25,Male,100.0,19.74,77.37,78.34,82.94,73.54,3.21,75.02
STU108451,29,Female,72.5,20.04,81.82,63.72,48.19,67.9,2.46,42.5
STU108452,27,Male,71.37,0.41,51.83,59.6,52.85,46.52,1.35,56.17
STU108453,25,Female,77.46,18.86,71.93,80.42,61.93,64.04,2.52,61.1
STU108454,29,Male,84.36,27.88,89.73,85.23,86.98,71.13,3.38,81.37
STU108455,20,Female,65.28,11.43,59.17,51.22,47.07,51.44,2.36,46.19
STU108456,30,Male,100.0,14.55,58.32,49.12,82.08,61.61,2.31,71.06
STU108457,25,Female,74.82,8.58,65.66,77.02,60.87,78.01,3.17,72.06
STU108458,23,Female,90.48,23.97,73.18,85.16,72.23,81.4,2.92,78.28
STU108459,21,Male,77.64,4.7,67.64,44.13,74.57,69.1,2.66,69.04
STU108460,27,Male,70.85,10.62,73.2,64.94,60.15,67.98,1.86,56.08
STU108461,30,Male,90.08,18.68,71.38,84.67,93.0,59.81,2.84,74.96
STU108462,26,Female,67.64,14.38,63.53,33.62,67.82,59.97,2.32,57.4
STU108463,18,Male,50.16,0.0,55.2,38.59,68.38,64.93,2.28,55.88
STU108464,24,Female,88.32,21.32,83.49,100.0,79.89,100.0,3.27,78.71
STU108465,27,Male,88.42,23.24,85.01,80.69,82.88,73.71,3.03,83.05
STU108466,23,Male,78.35,25.45,100.0,100.0,100.0,81.58,3.65,97.02
STU108467,28,Female,87.54,10.16,84.32,81.58,67.65,60.59,2.44,67.81
STU108468,27,Male,69.6,19.05,78.31,88.19,76.23,73.28,2.08,66.47
STU108469,18,Male,70.29,26.26,68.22,70.85,71.53,79.19,2.34,64.25
STU108470,25,Female,79.85,16.63,69.12,61.09,68.56,76.49,2.75,69.42
STU108471,20,Female,71.06,12.14,70.21,59.3,81.63,63.42,3.36,68.77
STU108472,24,Male,69.84,14.03,61.07,68.99,62.6,62.81,1.9,66.47
STU108473,22,Male,78.35,13.5,59.94,49.28,75.18,54.44,1.54,56.72
STU108474,28,Male,66.86,4.38,66.49,56.26,40.15,56.84,2.87,50.22
STU108475,29,Female,78.35,21.31,94.52,68.75,56.95,77.86,2.95,56.98
STU108476,23,Male,63.44,14.1,54.19,56.44,50.52,65.2,1.75,65.37
STU108477,24,Female,67.77,0.08,62.96,63.74,65.79,61.92,2.4,64.29
STU108478,26,Female,76.28,17.15,73.75,74.03,73.55,79.28,3.25,71.36
STU108479,26,Female,65.94,11.43,72.23,61.87,58.6,77.8,2.62,67.97
STU108480,26,Male,92.81,15.84,82.51,90.75,55.03,74.17,2.14,49.51
STU108481,28,Male,88.08,27.82,86.01,65.01,77.16,79.06,2.55,77.08
STU108482,30,Male,86.47,23.88,71.47,93.36,68.5,78.87,3.12,74.9
STU108483,28,Male,66.44,9.69,37.32,49.26,58.48,54.56,2.3,58.88
STU108484,19,Male,97.04,17.61,95.2,83.15,82.26,90.71,2.87,81.19
STU108485,24,Female,67.0,25.82,86.46,81.86,83.86,83.09,2.75,71.26
STU108486,23,Male,87.53,19.04,82.84,80.25,64.15,73.95,2.9,66.44
STU108487,24,Male,74.1,14.79,82.6,53.69,59.17,63.52,3.02,71.17
STU108488,24,Female,72.5,20.52,75.9,75.77,72.69,80.02,2.68,67.97
STU108489,27,Female,65.76,16.37,65.0,60.27,63.94,82.34,2.1,59.79
STU108490,23,Female,56.32,0.84,39.06,61.48,35.66,58.09,1.59,37.78
STU108491,21,Female,86.12,16.53,80.85,70.31,80.87,72.72,3.35,81.49
STU108492,23,Female,87.42,19.17,75.05,58.39,63.83,93.19,3.31,66.83
STU108493,29,Female,40.85,0.0,41.23,47.62,100.0,50.4,1.42,37.99
STU108494,22,Female,91.1,16.35,65.06,75.48,69.05,91.06,2.57,66.55
STU108495,18,Male,94.88,21.58,80.61,100.0,78.02,79.4,3.76,89.63
STU108496,30,Male,59.87,9.09,48.29,66.88,81.87,52.53,2.5,57.74
STU108497,20,Male,75.31,8.93,80.07,60.26,68.04,76.54,1.95,66.42
STU108498,25,Male,81.12,16.06,80.28,77.77,76.44,44.77,2.33,61.71
STU108499,28,Female,97.65,26.08,82.35,89.66,87.62,100.0,3.73,93.26
STU108500,21,Female,87.11,21.22,72.23,89.67,94.79,93.25,3.09,95.19
STU108501,22,Male,64.87,12.08,63.93,52.54,64.62,55.15,1.89,56.22
STU108502,21,Female,91.86,20.01,88.89,70.22,69.61,85.07,2.74,78.54
STU108503,19,Male,100.0,27.63,100.0,100.0,100.0,94.43,3.78,100.0
STU108504,19,Male,73.43,11.43,71.33,70.31,72.27,61.94,1.79,65.44
STU108505,20,Female,79.06,11.54,74.05,48.76,63.66,61.52,2.53,68.72
STU108506,23,Male,100.0,14.63,70.91,81.7,74.28,85.08,2.89,92.78
STU108507,24,Female,74.39,19.24,54.04,54.87,81.6,70.58,2.02,76.88
STU108508,18,Male,100.0,24.57,91.91,92.17,91.56,91.06,3.11,77.64
STU108509,29,Female,70.71,12.11,66.28,48.12,73.32,55.3,2.08,52.0
STU108510,26,Male,64.19,6.28,81.19,63.23,59.29,60.94,1.47,52.64
STU108511,18,Male,47.34,13.71,73.07,70.58,72.22,73.74,2.54,52.54
STU108512,28,Female,94.06,16.2,71.15,69.15,86.04,93.07,2.48,78.91
STU108513,18,Female,58.25,7.97,62.89,64.87,30.8,60.93,2.17,25.6
STU108514,25,Male,75.88,21.5,71.79,73.04,66.42,69.03,2.52,68.32
STU108515,24,Female,73.55,10.94,77.15,82.11,71.61,66.67,2.53,70.01
STU108516,24,Male,57.6,8.68,47.75,42.5,56.06,59.1,2.38,52.86
STU108517,30,Male,68.51,7.51,74.29,51.43,52.2,72.34,2.17,53.35
STU108518,30,Male,89.3,15.04,71.94,66.53,71.12,91.82,2.44,67.6
STU108519,21,Female,96.74,18.81,85.21,77.51,64.16,82.57,2.58,68.61
STU108520,25,Female,87.06,6.0,61.14,80.35,41.31,77.31,2.35,40.48
STU108521,30,Female,80.64,9.24,69.88,73.33,96.61,73.53,2.87,72.83
STU108522,27,Female,72.84,26.28,74.62,76.45,60.42,74.48,2.8,67.3
STU108523,29,Male,92.97,22.08,60.94,69.55,89.79,73.51,2.81,75.97
STU108524,23,Male,77.4,20.95,86.17,70.08,83.31,78.52,2.68,73.65
STU108525,21,Male,65.79,12.49,81.3,58.94,59.17,57.82,2.36,64.01
STU108526,24,Female,80.8,11.9,89.82,73.26,88.98,85.4,2.8,80.13
STU108527,28,Male,72.78,11.7,61.45,72.01,54.0,85.71,2.02,55.9
STU108528,30,Female,66.95,15.04,79.17,71.55,72.62,76.81,3.24,77.58
STU108529,26,Female,92.19,8.21,72.76,72.22,79.83,71.79,2.74,67.35
STU108530,27,Female,100.0,38.18,83.0,100.0,97.43,100.0,3.87,74.73
STU108531,24,Male,80.35,12.54,69.42,61.22,62.38,77.96,2.48,75.64
STU108532,22,Male,63.74,9.99,57.22,60.44,46.51,82.88,2.57,47.66
STU108533,23,Female,64.91,11.73,70.7,59.31,67.71,67.89,1.82,73.42
STU108534,24,Female,59.88,1.91,68.6,76.44,64.31,51.0,2.52,51.99
STU108535,28,Male,70.9,7.57,78.84,73.57,57.51,64.33,3.07,45.25
STU108536,25,Female,85.71,26.67,83.55,96.58,85.62,78.71,3.39,77.24
STU108537,28,Female,93.81,16.83,72.23,65.32,79.58,78.3,2.92,79.1
STU108538,18,Male,82.34,16.68,73.34,77.24,82.68,64.19,2.52,83.68
STU108539,27,Female,68.52,13.74,70.01,62.88,72.15,67.67,1.58,69.45
STU108540,24,Male,89.58,11.17,80.31,61.53,59.19,55.73,2.08,65.01
STU108541,30,Female,64.87,15.04,75.79,44.21,77.67,49.46,2.01,52.08
STU108542,24,Male,64.06,23.0,65.63,76.84,52.38,58.31,2.11,58.04
STU108543,24,Male,47.38,3.52,67.32,38.96,21.64,54.82,1.77,66.47
STU108544,19,Male,95.02,18.68,81.21,94.11,58.36,82.79,3.4,77.23
STU108545,28,Female,100.0,28.48,94.8,86.77,95.0,88.6,3.07,92.82
STU108546,27,Female,45.65,0.0,48.84,38.94,21.47,67.16,1.63,33.91
STU108547,29,Male,86.47,21.84,77.31,63.85,65.35,72.87,2.61,59.36
STU108548,19,Male,81.94,15.63,67.39,73.56,82.53,57.05,2.33,74.15
STU108549,20,Male,66.32,16.9,61.19,68.52,45.27,71.13,3.19,50.07
STU108550,29,Male,75.89,12.92,54.8,63.46,58.42,62.43,2.47,66.47
STU108551,18,Female,88.15,19.44,87.67,61.59,79.72,60.66,2.74,71.38
STU108552,24,Male,73.92,22.04,66.14,53.93,57.59,74.63,2.89,66.47
STU108553,24,Female,98.06,24.45,79.68,63.58,83.35,76.28,2.53,81.08
STU108554,30,Female,76.65,13.16,72.59,69.86,57.17,62.18,1.9,57.02
STU108555,29,Male,52.22,0.0,67.68,70.31,56.97,57.95,2.27,44.23
STU108556,29,Female,85.57,15.87,67.64,72.26,72.82,73.46,2.84,82.46
STU108557,21,Female,68.07,8.67,40.54,66.62,51.32,59.3,2.11,52.21
STU108558,25,Female,90.11,30.02,75.72,85.47,84.67,76.46,3.37,88.44
STU108559,27,Female,48.36,0.0,51.92,57.68,54.56,53.32,1.65,48.17
STU108560,30,Male,71.19,9.0,73.17,76.71,75.99,61.64,2.17,60.4
STU108561,18,Male,78.12,16.71,55.25,50.89,66.62,69.73,2.52,63.19
STU108562,30,Female,77.28,8.31,52.66,68.15,72.11,56.8,1.74,64.83
STU108563,22,Male,65.71,13.28,66.26,81.26,64.38,68.76,2.4,79.71
STU108564,19,Female,65.61,25.75,71.31,82.99,70.15,71.13,2.66,77.87
STU108565,26,Female,70.82,20.67,97.19,84.71,80.37,66.41,3.01,69.97
STU108566,28,Male,76.19,15.04,80.66,78.1,79.65,71.13,2.76,64.67
STU108567,19,Male,69.9,17.58,76.06,74.82,71.99,73.31,1.79,67.27
STU108568,18,Male,99.68,28.24,100.0,79.48,100.0,84.89,2.88,90.13
STU108569,29,Female,94.12,23.78,82.17,71.89,83.83,95.22,3.17,91.13
STU108570,30,Male,73.99,17.56,69.78,81.65,49.45,67.2,2.18,60.6
STU108571,20,Male,75.97,9.94,72.8,79.27,57.34,65.98,2.11,60.35
STU108572,24,Female,83.15,21.67,74.3,82.34,66.26,72.32,1.96,71.59
STU108573,24,Female,68.95,14.51,74.35,72.34,68.51,74.35,2.73,67.39
STU108574,24,Female,69.01,14.28,71.55,49.41,43.93,60.69,2.52,55.95
STU108575,20,Female,71.16,12.79,73.91,70.31,57.98,60.5,2.15,59.93
STU108576,25,Male,41.89,0.0,47.07,64.84,33.9,46.51,1.88,47.98
STU108577,30,Female,77.49,15.03,74.84,57.22,69.07,56.81,2.17,64.8
STU108578,29,Female,93.76,22.03,86.46,80.29,96.29,87.01,3.19,86.39
STU108579,25,Male,75.83,5.26,94.25,80.31,77.66,63.1,2.9,75.53
STU108580,20,Male,57.5,13.99,78.83,69.47,57.3,77.85,2.4,69.17
STU108581,19,Male,89.05,10.43,78.32,69.24,65.18,64.67,2.65,71.22
STU108582,21,Female,67.79,11.52,56.67,66.35,40.4,70.55,1.87,49.3
STU108583,18,Female,81.53,14.44,62.98,65.54,79.54,63.62,2.72,70.04
STU108584,20,Female,61.56,24.73,85.61,84.52,80.02,85.73,3.26,73.23
STU108585,18,Female,77.43,13.36,59.66,49.2,87.63,69.58,2.78,66.47
STU108586,27,Male,78.27,14.39,96.39,63.24,85.82,81.63,2.91,87.17
STU108587,25,Female,100.0,17.2,66.42,81.88,79.03,77.87,2.61,61.54
STU108588,24,Female,77.11,29.08,69.59,90.85,58.42,70.02,2.81,55.72
STU108589,28,Female,81.27,25.86,74.09,60.74,62.73,60.09,2.08,68.26
STU108590,23,Male,81.49,22.94,68.42,65.87,85.11,72.74,2.41,70.97
STU108591,23,Female,100.0,18.89,93.3,94.08,100.0,95.65,3.51,97.6
STU108592,20,Female,90.85,10.0,69.03,69.42,70.57,78.27,3.21,66.16
STU108593,23,Male,72.62,10.76,72.52,55.76,78.47,74.01,2.35,63.45
STU108594,20,Female,61.56,13.71,69.33,67.2,64.77,79.95,2.52,54.42
STU108595,25,Male,84.28,24.99,63.84,71.9,79.84,62.24,2.05,69.03
STU108596,30,Male,79.08,23.82,76.97,81.47,68.22,76.46,2.64,69.41
STU108597,24,Female,67.57,16.04,72.08,70.31,72.42,48.23,2.89,55.92
STU108598,21,Male,78.35,7.26,64.13,79.31,46.66,68.54,1.79,40.07
STU108599,26,Female,67.49,11.85,75.7,62.36,45.65,59.27,1.95,43.36
STU108600,28,Female,100.0,22.59,88.45,97.82,89.72,71.13,3.24,66.47
STU108601,24,Male,92.22,23.42,78.05,56.57,88.81,70.72,3.13,73.8
STU108602,21,Male,79.8,15.71,62.02,71.64,74.48,74.17,2.22,73.39
STU108603,27,Male,75.28,19.65,87.09,90.12,72.45,76.0,2.1,64.28
STU108604,20,Male,66.51,9.28,51.62,55.32,57.06,51.85,1.63,53.37
STU108605,30,Female,90.77,17.14,90.9,48.64,83.02,75.97,2.87,79.54
STU108606,22,Male,78.35,19.43,75.34,72.41,90.04,77.38,3.08,75.09
STU108607,22,Female,67.26,14.04,71.53,69.78,68.0,61.67,2.11,66.78
STU108608,27,Male,78.24,20.39,87.59,95.2,86.7,85.9,3.25,84.87
STU108609,18,Male,81.52,14.36,75.72,73.15,82.79,77.7,2.82,76.76
STU108610,20,Female,90.46,24.39,83.4,90.37,67.51,63.28,2.88,60.54
STU108611,19,Male,74.85,23.18,70.06,74.61,74.08,67.94,1.96,74.42
STU108612,23,Female,96.7,21.17,98.21,75.97,66.1,70.67,2.67,54.76
STU108613,25,Female,64.64,5.98,58.86,61.44,60.88,67.15,2.45,59.15
STU108614,20,Female,80.3,18.99,72.23,80.06,76.97,64.1,2.4,64.54
STU108615,22,Male,90.62,20.2,81.57,75.21,77.41,72.01,2.52,71.29
STU108616,28,Male,70.44,22.48,85.18,66.1,69.74,73.66,2.51,59.47
STU108617,30,Female,87.16,22.11,86.7,66.11,92.88,85.89,3.09,79.15
STU108618,18,Male,67.79,16.99,71.99,72.36,68.76,62.55,2.73,58.7
STU108619,26,Female,74.51,20.38,53.66,58.26,64.05,66.23,2.44,52.65
STU108620,18,Female,50.13,11.5,65.6,56.79,51.27,55.87,1.44,51.8
STU108621,24,Female,75.38,12.58,72.35,69.85,68.74,52.86,2.81,59.82
STU108622,29,Female,82.89,23.51,73.36,79.41,86.1,79.77,3.04,78.63
STU108623,28,Female,91.93,15.04,82.71,70.31,61.2,73.56,2.72,66.26
STU108624,21,Male,51.64,5.6,72.23,41.37,49.58,45.58,1.76,48.68
STU108625,21,Female,95.72,26.22,90.6,88.06,62.28,98.41,3.3,70.13
STU108626,28,Female,57.75,16.8,79.75,67.44,60.09,52.63,2.39,51.09
STU108627,28,Male,68.83,10.52,78.47,91.73,59.95,75.59,1.91,53.28
STU108628,21,Female,70.03,11.45,48.79,57.64,62.44,68.62,2.24,61.59
STU108629,18,Male,92.56,17.52,87.74,64.34,65.51,60.0,2.7,72.92
STU108630,23,Male,72.4,15.1,57.18,59.29,60.88,64.52,2.35,44.48
STU108631,26,Female,71.91,12.99,90.83,76.85,71.68,67.22,2.64,69.58
STU108632,23,Female,92.56,28.57,72.23,98.72,91.35,97.13,3.79,83.85
STU108633,30,Male,79.69,11.01,91.05,83.24,79.59,81.18,2.89,72.58
STU108634,28,Female,86.03,17.23,70.36,79.48,53.85,78.75,2.95,59.59
STU108635,28,Male,86.64,24.52,79.45,79.19,75.18,66.48,2.53,71.83
STU108636,18,Male,95.32,15.04,100.0,79.76,95.75,100.0,3.52,88.12
STU108637,29,Male,84.75,12.59,68.02,79.66,71.02,85.16,2.94,81.94
STU108638,27,Female,100.0,20.51,82.19,59.78,83.51,94.82,3.29,87.56
STU108639,23,Male,56.95,2.84,53.53,48.54,35.45,55.25,2.18,37.77
STU108640,25,Male,80.82,16.27,72.06,70.07,63.66,71.79,2.73,77.59
STU108641,28,Female,71.54,13.85,64.08,71.55,75.28,60.04,1.98,59.73
STU108642,29,Male,75.41,6.27,66.44,66.74,37.32,74.63,1.91,38.18
STU108643,25,Male,73.53,23.16,78.32,62.44,64.42,69.11,2.54,66.88
STU108644,18,Male,86.28,12.45,86.53,64.16,70.06,70.51,2.95,66.83
STU108645,26,Female,79.01,15.93,63.22,63.8,62.98,74.25,1.68,65.23
STU108646,26,Female,85.17,11.68,70.61,76.87,73.12,79.65,2.18,68.5
STU108647,18,Female,74.12,14.27,44.82,75.39,63.64,66.85,2.68,66.05
STU108648,28,Male,75.24,21.47,92.28,72.94,72.7,78.85,2.4,64.4
STU108649,20,Male,78.94,17.04,62.1,72.06,62.29,75.38,2.22,77.76
STU108650,29,Female,77.16,15.99,80.09,63.72,87.98,74.9,3.09,74.18
STU108651,25,Male,83.52,18.41,84.55,70.61,87.57,90.98,2.91,91.9
STU108652,22,Male,82.74,16.3,86.54,56.85,77.67,80.88,2.67,64.82
STU108653,18,Male,81.76,11.59,64.01,63.6,67.21,67.71,2.98,79.82
STU108654,18,Male,47.97,4.14,55.74,59.28,36.42,60.7,1.08,35.39
STU108655,27,Male,73.17,27.24,91.94,89.96,73.81,70.4,2.31,66.26
STU108656,22,Female,59.39,11.32,64.68,65.35,47.1,60.31,2.61,32.4
STU108657,28,Male,90.49,15.04,63.45,79.3,80.87,67.9,2.54,63.87
STU108658,20,Female,86.84,22.64,62.74,82.42,63.89,71.06,2.92,61.5
STU108659,29,Male,86.33,20.74,98.93,86.6,71.69,81.38,3.06,63.48
STU108660,30,Female,100.0,17.03,86.78,66.21,100.0,97.97,3.38,94.99
STU108661,19,Female,65.03,9.49,60.37,82.27,55.26,61.8,1.79,66.47
STU108662,26,Female,80.43,11.38,81.57,53.42,43.52,72.86,1.95,48.83
STU108663,30,Male,84.01,27.01,83.84,71.74,79.84,69.68,2.95,77.48
STU108664,22,Female,85.43,11.55,84.77,87.31,57.59,67.85,2.52,34.68
STU108665,18,Male,70.28,13.29,74.63,58.25,46.51,46.94,2.27,44.45
STU108666,29,Female,89.69,16.21,57.96,95.16,75.99,59.05,2.72,85.19
STU108667,24,Female,78.35,16.64,91.86,68.34,96.68,69.93,2.43,86.36
STU108668,18,Female,74.43,2.39,74.48,66.58,63.23,50.96,1.83,59.57
STU108669,28,Female,61.07,6.11,57.68,56.25,62.97,55.3,1.85,56.05
STU108670,26,Female,67.38,14.0,72.18,63.77,74.07,65.55,2.44,76.5
STU108671,18,Female,75.52,19.84,78.63,58.91,62.65,61.41,2.56,67.51
STU108672,21,Male,93.69,5.54,72.61,71.37,61.72,92.62,2.89,68.29
STU108673,18,Male,71.44,15.6,76.89,79.24,57.01,66.51,2.52,59.93
STU108674,30,Female,91.87,12.46,66.97,75.92,82.54,78.72,1.87,78.49
STU108675,18,Female,100.0,26.08,100.0,99.4,83.55,85.82,3.41,91.45
STU108676,28,Male,66.84,11.34,63.69,42.96,54.92,57.5,1.84,43.59
STU108677,24,Male,62.44,20.69,70.47,46.67,60.53,66.88,2.26,61.26
STU108678,24,Female,94.15,15.48,64.34,68.44,80.59,81.53,3.03,83.68
STU108679,24,Male,73.09,20.45,85.47,76.94,85.95,88.64,2.99,76.7
STU108680,29,Male,88.91,9.61,87.17,73.58,79.57,63.27,2.25,69.42
STU108681,19,Male,93.12,28.05,82.44,93.47,100.0,100.0,3.55,100.0
STU108682,18,Male,91.86,13.45,70.62,83.86,79.66,88.51,2.7,79.52
STU108683,19,Female,43.2,11.02,45.34,62.46,58.28,52.56,1.0,42.89
STU108684,26,Male,73.87,17.38,62.57,73.0,69.78,74.86,2.45,58.02
STU108685,25,Male,74.65,10.16,54.51,55.14,81.06,66.91,2.35,66.42
STU108686,19,Female,99.42,21.92,95.48,92.9,77.25,71.13,3.77,74.09
STU108687,21,Male,84.57,22.61,70.46,82.66,90.03,68.42,2.6,86.25
STU108688,24,Male,56.27,8.92,39.68,56.81,47.56,44.23,1.98,41.45
STU108689,27,Male,100.0,17.26,81.03,70.31,94.46,73.18,2.8,89.7
STU108690,22,Male,97.33,19.89,82.17,76.78,85.16,95.71,2.52,82.12
STU108691,30,Female,71.29,13.04,73.86,80.88,76.91,63.08,1.91,63.59
STU108692,30,Male,78.35,15.59,63.17,54.83,72.12,79.92,2.67,66.96
STU108693,27,Male,83.75,29.88,80.95,92.92,84.62,82.9,3.24,92.01
STU108694,23,Male,56.37,0.0,56.63,41.29,53.97,49.5,1.4,52.29
STU108695,29,Male,89.85,22.45,84.87,77.42,65.47,73.44,2.88,69.39
STU108696,24,Male,92.33,23.38,94.44,85.63,63.81,76.89,3.06,61.85
STU108697,24,Male,69.54,11.98,75.27,65.36,44.91,85.55,2.49,57.93
STU108698,23,Male,100.0,22.92,63.97,71.12,94.45,78.92,2.72,66.47
STU108699,28,Male,62.41,13.7,64.94,62.42,71.69,84.28,2.19,64.5
STU108700,25,Female,75.62,1.23,75.19,63.99,63.22,64.85,2.7,56.16
STU108701,20,Male,70.03,0.0,79.5,67.09,54.51,75.19,2.59,52.08
STU108702,30,Male,90.29,13.19,78.45,96.16,79.95,78.97,3.41,71.66
STU108703,18,Female,64.08,8.46,63.78,60.17,53.12,61.83,1.99,47.67
STU108704,27,Male,58.49,6.71,47.36,37.49,49.2,42.02,1.5,62.99
STU108705,26,Female,81.82,18.72,86.12,76.18,51.66,78.91,2.42,42.78
STU108706,25,Male,71.16,10.63,57.19,46.8,42.95,79.42,2.62,61.38
STU108707,18,Male,49.26,0.75,77.07,72.23,40.02,67.27,1.9,42.24
STU108708,24,Female,92.56,13.53,72.14,78.53,60.59,67.95,2.35,50.71
STU108709,29,Male,92.41,18.51,72.17,68.59,91.21,86.0,3.01,88.16
STU108710,21,Male,78.35,23.81,56.31,54.52,93.81,71.13,2.25,87.22
STU108711,26,Female,66.0,11.39,58.69,49.44,66.53,50.94,1.49,55.04
STU108712,29,Female,97.25,9.61,75.83,80.76,42.19,69.67,2.79,55.79
STU108713,30,Male,84.48,19.64,79.64,73.85,98.34,75.33,2.84,81.44
STU108714,24,Female,96.81,31.76,94.69,100.0,91.3,98.88,3.6,95.92
STU108715,22,Male,100.0,23.76,99.31,95.66,70.14,93.22,2.28,57.22
STU108716,27,Female,69.64,0.85,67.18,52.88,74.7,56.86,1.69,66.47
STU108717,24,Male,80.22,24.24,82.52,88.46,74.49,94.04,2.91,77.34
STU108718,26,Female,89.79,18.36,85.04,85.1,61.72,69.14,2.1,56.88
STU108719,27,Male,66.53,7.3,51.96,62.71,48.57,69.69,1.41,61.09
STU108720,27,Female,74.22,12.67,81.17,78.49,68.11,70.43,2.66,65.81
STU108721,21,Male,100.0,31.58,97.99,86.03,97.72,90.84,3.7,92.91
STU108722,27,Female,95.08,13.11,97.64,100.0,84.67,83.75,2.79,76.53
STU108723,25,Female,65.13,1.15,49.14,48.64,49.03,68.0,1.9,48.82
STU108724,30,Female,81.24,11.41,64.32,65.7,48.73,69.3,2.42,53.75
STU108725,26,Female,88.91,19.46,69.84,85.0,66.32,61.01,2.2,62.13
STU108726,24,Male,64.55,0.0,58.59,46.79,49.34,60.19,2.05,54.41
STU108727,30,Female,58.51,2.1,56.6,47.89,39.93,53.52,1.59,45.51
STU108728,30,Male,77.69,14.22,78.64,58.07,71.31,88.19,2.52,82.03
STU108729,27,Female,81.92,17.72,54.81,67.25,70.19,61.11,2.52,63.41
STU108730,25,Female,65.46,2.58,66.5,73.55,57.05,50.38,1.03,41.09
STU108731,19,Female,87.7,15.96,78.13,70.81,75.67,60.51,3.02,72.95
STU108732,23,Male,88.43,17.99,88.02,94.93,90.0,82.96,3.41,86.99
STU108733,24,Female,75.83,19.14,73.19,62.65,63.22,69.78,2.44,71.97
STU108734,28,Female,92.04,18.66,67.18,60.24,85.4,84.45,2.69,68.27
STU108735,25,Female,90.85,21.55,82.65,68.76,70.61,81.34,2.67,73.56
STU108736,23,Female,84.48,13.74,77.14,82.14,64.93,70.87,3.02,74.54
STU108737,19,Male,67.1,2.43,55.53,29.47,61.05,54.76,1.38,57.08
STU108738,27,Female,62.79,11.95,67.15,76.85,50.63,70.54,2.04,59.74
STU108739,23,Female,75.88,9.69,67.0,70.3,52.26,51.09,2.31,49.23
STU108740,18,Female,82.68,5.2,51.04,56.69,46.39,67.15,2.06,37.95
STU108741,21,Female,100.0,25.25,85.48,78.65,81.08,79.67,3.61,85.04
STU108742,29,Female,98.58,12.27,93.18,71.97,73.17,74.27,3.58,79.18
STU108743,19,Female,64.01,7.29,55.62,69.0,58.55,59.75,1.91,51.62
STU108744,23,Female,71.62,18.18,70.68,51.84,73.13,55.17,2.56,67.32
STU108745,24,Female,100.0,22.51,91.21,82.28,82.27,69.14,2.78,79.7
STU108746,19,Female,55.62,5.89,84.18,73.75,69.31,69.97,2.54,53.71
STU108747,20,Male,89.66,22.47,78.48,59.38,86.66,75.96,2.74,85.15
STU108748,30,Male,78.35,20.29,75.15,79.3,75.72,84.85,4.0,72.01
STU108749,25,Female,97.09,26.53,90.64,68.67,73.27,85.62,2.52,81.6
STU108750,20,Female,63.34,18.63,66.37,58.97,65.6,61.49,3.34,59.58
STU108751,20,Female,82.24,20.77,87.32,86.08,61.68,76.96,3.47,67.06
STU108752,23,Female,70.82,8.12,72.03,70.54,62.35,57.51,1.85,58.13
STU108753,27,Male,100.0,25.67,93.0,93.7,96.04,75.37,4.0,91.54
STU108754,27,Male,85.0,29.39,72.29,57.98,87.53,71.95,2.3,83.18
STU108755,20,Female,91.71,10.42,90.94,74.05,92.86,81.08,2.96,88.59
STU108756,27,Female,79.5,4.03,78.05,69.82,60.51,71.13,1.87,53.2
STU108757,29,Male,87.49,23.51,77.65,75.4,84.04,79.42,2.7,78.96
STU108758,20,Male,83.49,22.69,79.15,64.37,73.11,61.02,2.75,74.27
STU108759,18,Male,71.15,11.23,52.45,54.76,61.43,46.15,2.52,59.81
STU108760,30,Male,61.32,0.0,63.02,66.8,36.74,55.36,2.87,45.08
STU108761,24,Female,80.64,16.47,66.49,69.82,60.04,70.89,2.22,63.03
STU108762,28,Male,84.49,16.73,83.87,71.81,83.04,77.5,2.09,80.64
STU108763,22,Male,59.92,3.52,66.03,51.99,42.96,45.23,1.81,47.2
STU108764,21,Female,77.35,14.86,58.23,60.38,76.6,79.21,2.13,71.59
STU108765,20,Female,91.33,25.39,96.02,78.29,87.67,89.6,3.79,86.72
STU108766,20,Female,68.29,4.35,61.13,57.47,59.06,64.74,1.87,68.46
STU108767,24,Male,100.0,28.95,84.8,73.32,85.73,87.17,2.86,81.5
STU108768,19,Male,56.31,12.3,52.59,52.87,54.35,49.44,1.58,43.73
STU108769,28,Male,74.64,4.7,65.14,70.17,66.02,68.2,2.26,61.29
STU108770,24,Female,84.93,11.72,90.1,93.11,84.15,92.26,2.33,80.55
STU108771,29,Male,98.82,22.45,72.23,73.86,69.98,95.58,3.95,79.62
STU108772,24,Female,76.73,10.85,47.92,54.1,50.15,63.59,2.11,49.01
STU108773,21,Female,55.17,15.04,52.67,61.83,47.4,39.44,2.13,44.81
STU108774,24,Female,71.23,0.0,60.59,41.69,64.33,71.13,1.32,60.07
STU108775,20,Male,67.27,10.67,89.57,78.77,86.86,86.36,2.36,67.67
STU108776,28,Male,73.3,2.71,62.26,72.81,43.33,63.01,2.11,46.82
STU108777,27,Female,83.36,28.89,69.45,76.09,78.65,73.88,2.93,68.28
STU108778,19,Male,79.56,16.61,78.29,68.3,76.42,76.08,2.44,64.41
STU108779,25,Female,71.1,22.69,70.17,56.81,61.67,62.02,2.13,49.81
STU108780,24,Male,93.54,16.01,83.15,80.34,74.62,81.96,2.27,73.79
STU108781,20,Female,66.56,5.98,57.24,43.01,51.3,68.17,2.32,42.91
STU108782,19,Female,75.32,7.45,59.43,64.44,74.38,81.03,2.56,70.52
STU108783,27,Male,72.64,3.7,55.75,43.64,59.8,54.39,1.53,51.72
STU108784,21,Female,100.0,19.99,90.27,81.98,57.63,91.38,3.45,70.53
STU108785,24,Female,63.0,0.0,64.74,76.82,73.22,61.32,2.52,48.84
STU108786,21,Female,75.34,13.43,76.48,78.63,92.28,78.9,2.68,67.05
STU108787,26,Male,56.57,15.04,55.71,60.56,34.8,60.79,2.33,37.82
STU108788,18,Male,81.8,11.91,65.48,67.09,59.31,57.88,1.88,58.03
STU108789,22,Female,76.87,12.55,72.23,65.6,47.14,70.14,2.52,58.53
STU108790,25,Male,100.0,34.49,100.0,100.0,83.07,100.0,4.0,87.4
STU108791,23,Female,81.76,6.8,75.6,77.49,75.84,60.83,2.22,61.73
STU108792,25,Male,52.55,4.4,72.52,47.46,75.77,67.43,2.81,73.23
STU108793,20,Female,70.07,16.96,60.94,74.79,62.37,71.15,2.36,59.56
STU108794,23,Male,57.56,4.68,68.71,55.37,65.14,49.44,1.54,43.58
STU108795,27,Female,83.9,18.26,67.36,72.89,59.56,71.88,2.43,65.57
STU108796,22,Male,88.46,25.4,79.41,70.57,76.02,84.28,3.12,78.52
STU108797,24,Male,90.46,17.95,85.94,73.91,68.34,79.85,2.26,74.96
STU108798,29,Male,100.0,23.06,82.25,78.96,71.42,72.46,2.79,65.89
STU108799,28,Female,53.33,6.76,75.0,52.61,60.93,73.36,1.91,59.22
STU108800,26,Male,75.69,10.44,77.3,78.39,76.33,80.3,2.12,66.49
STU108801,28,Female,84.44,12.82,62.44,55.93,58.95,80.44,3.04,68.77
STU108802,28,Male,76.28,10.26,66.31,92.19,45.65,81.19,1.87,43.64
STU108803,27,Female,65.48,20.27,67.86,63.15,81.52,87.79,2.37,73.99
STU108804,24,Female,78.35,16.66,89.68,81.62,72.04,85.74,2.39,79.69
STU108805,18,Male,82.76,24.03,78.41,78.32,82.51,90.7,2.32,79.21
STU108806,25,Male,73.92,22.84,64.64,80.1,68.38,68.45,2.78,59.5
STU108807,21,Male,100.0,17.15,64.95,99.02,74.82,77.24,3.14,86.86
STU108808,28,Female,73.18,19.4,79.93,62.83,75.17,77.26,2.61,71.05
STU108809,24,Female,77.41,12.82,65.38,67.88,71.98,66.49,2.68,69.52
STU108810,29,Male,94.34,25.55,84.44,81.97,99.6,94.09,3.1,96.34
STU108811,25,Female,66.65,7.69,65.02,47.89,52.36,52.73,2.46,52.93
STU108812,25,Female,61.99,10.88,46.74,51.34,60.24,47.77,1.43,50.05
STU108813,29,Female,74.73,11.53,49.56,60.08,61.94,71.13,1.68,54.02
STU108814,24,Female,76.43,15.58,77.6,74.36,76.69,64.85,2.82,73.58
STU108815,22,Female,94.62,20.61,76.76,80.64,75.17,87.23,3.19,96.48
STU108816,22,Female,71.58,5.03,64.46,65.89,66.43,51.46,2.22,67.57
STU108817,29,Female,86.59,23.03,82.6,98.02,87.48,80.48,3.76,93.02
STU108818,27,Male,70.7,21.26,60.05,58.25,86.95,64.08,2.55,65.15
STU108819,20,Female,83.74,19.72,56.22,75.05,66.75,66.32,2.55,63.91
STU108820,24,Female,64.11,6.7,64.1,75.95,55.67,62.98,2.55,59.7
STU108821,22,Female,100.0,21.22,100.0,79.09,100.0,100.0,3.57,81.4
STU108822,26,Male,83.9,18.86,79.44,70.03,67.18,76.78,2.6,63.98
STU108823,18,Female,65.63,9.15,58.65,59.64,43.25,52.12,1.34,51.19
STU108824,27,Male,100.0,19.87,100.0,100.0,82.53,96.13,4.0,92.98
STU108825,27,Female,88.91,31.76,71.53,83.71,64.19,70.51,2.14,67.69
STU108826,20,Male,89.06,15.04,87.58,91.05,59.54,87.17,2.71,68.27
STU108827,19,Female,86.87,33.6,84.81,90.28,87.66,93.3,3.14,100.0
STU108828,26,Male,90.7,19.56,71.85,67.02,84.2,72.5,3.55,77.43
STU108829,21,Male,100.0,15.65,89.32,77.43,74.3,71.13,2.78,91.18
STU108830,30,Male,73.91,16.3,76.41,85.0,93.94,75.6,2.68,82.92
STU108831,28,Male,72.2,12.06,84.88,69.15,68.38,78.71,2.67,62.78
STU108832,30,Male,69.04,14.17,58.14,74.69,72.76,74.06,2.12,76.9
STU108833,24,Female,91.83,9.44,81.14,78.31,72.19,76.08,2.69,66.46
STU108834,30,Female,78.35,14.7,79.31,77.46,65.23,91.39,2.31,68.5
STU108835,18,Female,84.92,13.86,64.47,75.0,61.75,77.88,2.37,66.47
STU108836,21,Female,84.2,19.5,82.44,75.38,90.83,67.54,2.97,90.23
STU108837,18,Male,80.05,10.71,86.84,74.46,84.71,78.23,3.42,76.91
STU108838,26,Female,100.0,16.69,73.87,97.47,87.49,71.13,2.47,82.81
STU108839,24,Female,82.7,8.96,71.79,96.72,66.28,80.64,2.77,66.1
STU108840,21,Male,100.0,30.1,89.93,100.0,97.48,100.0,3.46,81.93
STU108841,21,Female,94.32,22.33,62.86,87.4,89.12,100.0,3.03,94.8
STU108842,26,Female,73.19,7.88,72.72,61.78,73.99,60.39,3.3,66.47
STU108843,20,Female,89.66,15.04,85.04,76.66,59.78,75.21,2.67,60.83
STU108844,24,Female,98.52,15.04,91.69,84.68,88.8,86.22,2.32,89.13
STU108845,25,Male,70.48,8.77,66.62,70.36,59.72,49.57,1.96,53.48
STU108846,24,Female,97.24,24.72,100.0,96.46,100.0,100.0,3.47,98.07
STU108847,20,Male,55.41,7.16,62.94,66.9,55.65,65.94,2.03,48.53
STU108848,22,Female,82.15,16.46,66.93,79.65,67.34,65.21,2.7,63.04
STU108849,25,Male,72.13,20.91,73.26,45.15,58.62,74.0,2.04,63.56
STU108850,21,Male,79.73,16.07,83.24,82.6,71.06,63.44,3.23,65.23
STU108851,24,Male,55.84,1.94,61.73,54.53,63.49,57.27,1.96,44.43
STU108852,25,Male,77.17,26.93,72.23,89.85,75.42,57.83,2.89,81.06
STU108853,20,Male,53.37,6.82,65.73,52.0,55.02,56.01,2.6,45.29
STU108854,25,Male,63.79,1.75,60.65,69.95,29.8,63.75,1.47,38.89
STU108855,19,Female,97.42,31.84,82.18,77.93,61.13,79.33,3.29,68.41
STU108856,19,Female,95.42,20.26,91.27,89.28,94.54,73.21,2.96,92.25
STU108857,21,Male,66.79,6.87,62.2,62.54,64.3,63.53,2.43,61.56
STU108858,21,Female,94.95,21.02,87.88,66.26,87.5,79.53,2.6,79.23
STU108859,18,Female,88.88,21.39,72.11,83.11,56.9,93.32,3.06,70.3
STU108860,30,Male,86.39,10.69,74.09,77.3,81.48,74.09,3.14,76.71
STU108861,22,Female,92.77,11.96,93.32,89.03,78.56,82.42,3.2,78.95
STU108862,28,Male,69.39,14.18,72.38,91.25,59.86,58.42,1.65,52.39
STU108863,29,Male,92.9,12.88,79.57,66.93,81.03,75.92,2.77,82.02
STU108864,28,Male,60.46,5.68,59.72,38.59,53.4,75.52,2.04,50.98
STU108865,28,Male,57.16,3.68,64.25,44.32,69.95,61.86,2.21,69.35
STU108866,19,Female,99.17,16.6,80.75,83.99,89.52,88.9,3.6,66.47
STU108867,22,Female,78.35,16.97,76.6,88.31,90.3,54.51,3.31,86.75
STU108868,27,Male,77.76,10.98,62.4,70.11,62.05,77.76,2.38,60.56
STU108869,25,Female,92.86,22.25,88.96,86.36,100.0,91.23,3.22,100.0
STU108870,18,Male,100.0,31.21,73.48,100.0,69.1,90.73,3.06,80.01
STU108871,25,Male,86.28,12.66,76.71,73.74,72.49,77.01,2.53,85.41
STU108872,28,Female,62.29,5.0,62.62,39.89,36.73,57.89,1.94,40.11
STU108873,28,Female,73.43,14.14,72.23,78.69,67.9,67.49,1.97,57.05
STU108874,22,Female,77.05,1.55,71.73,67.06,59.62,57.98,1.76,54.6
STU108875,21,Male,70.21,9.95,84.73,73.18,68.38,59.09,2.74,75.41
STU108876,22,Male,100.0,9.18,62.13,75.56,58.97,57.95,1.81,63.16
STU108877,21,Male,78.8,7.44,50.95,55.68,46.24,68.93,2.03,49.67
STU108878,22,Female,43.95,0.0,58.52,47.23,35.61,42.67,1.08,100.0
STU108879,21,Male,87.68,15.87,81.81,62.22,72.21,79.98,2.68,75.59
STU108880,23,Female,61.44,2.55,72.23,37.26,33.58,37.96,1.08,40.87
STU108881,18,Male,75.84,16.01,64.07,61.73,76.1,55.6,1.67,55.35
STU108882,21,Male,79.28,22.5,82.49,84.71,72.77,74.22,3.18,66.47
STU108883,22,Male,78.35,16.71,61.96,55.28,69.6,72.09,1.9,55.2
STU108884,19,Female,76.12,9.03,54.43,56.98,48.12,46.8,1.87,49.22
STU108885,29,Female,79.93,7.65,74.46,66.93,73.35,86.19,2.22,77.8
STU108886,26,Female,62.09,8.55,72.23,60.05,55.67,81.65,2.28,69.25
STU108887,29,Female,82.68,9.77,80.63,64.37,81.88,79.2,2.71,70.39
STU108888,25,Female,54.53,13.03,63.88,56.24,74.43,55.52,2.17,64.53
STU108889,19,Male,68.96,21.24,69.94,57.32,68.83,65.67,2.26,67.83
STU108890,29,Female,71.77,12.89,68.05,65.68,82.76,61.23,2.31,56.57
STU108891,23,Female,78.35,20.74,62.33,69.69,66.44,64.78,2.64,68.6
STU108892,26,Female,88.01,30.28,79.61,89.09,90.01,85.77,3.86,75.52
STU108893,22,Male,82.4,17.72,89.69,77.89,69.44,56.65,2.71,64.35
STU108894,24,Male,88.23,20.66,75.91,93.86,64.25,79.41,2.4,60.71
STU108895,24,Female,68.78,15.99,52.84,46.44,75.05,71.13,2.28,66.2
STU108896,21,Male,63.41,9.36,82.22,68.47,71.98,65.21,2.55,71.63
STU108897,25,Male,75.54,14.59,60.0,57.81,60.47,61.36,1.66,67.54
STU108898,27,Male,92.87,17.95,77.72,73.68,61.45,74.79,1.87,63.17
STU108899,18,Female,89.45,11.72,91.85,84.31,94.82,87.53,2.8,87.13
STU108900,19,Male,72.12,21.56,65.08,52.4,60.6,56.89,2.26,53.86
STU108901,28,Female,70.24,18.07,100.0,68.76,61.65,77.81,2.2,58.69
STU108902,25,Female,76.78,17.59,73.77,73.33,72.46,56.05,2.57,63.45
STU108903,30,Female,78.35,14.01,81.03,68.62,77.34,59.32,1.92,65.57
STU108904,25,Male,85.74,11.3,79.0,68.56,64.97,80.84,2.1,80.54
STU108905,26,Female,64.86,6.47,63.3,72.45,69.58,52.1,2.03,60.81
STU108906,29,Male,96.95,23.49,68.61,84.31,92.59,81.39,3.04,66.47
STU108907,26,Male,100.0,34.56,92.26,100.0,99.01,90.04,3.82,99.91
STU108908,22,Male,74.16,14.3,61.74,67.22,57.3,61.14,1.94,63.24
STU108909,24,Male,65.96,25.32,83.9,71.37,65.47,67.78,1.9,63.46
STU108910,21,Female,87.31,19.67,93.5,69.03,91.05,65.9,2.12,75.58
STU108911,22,Male,79.15,11.61,59.44,67.21,67.3,73.77,2.41,67.42
STU108912,26,Female,78.35,9.07,72.88,48.17,56.69,64.0,1.61,50.56
STU108913,19,Male,98.61,19.65,82.76,78.58,82.06,96.77,2.67,78.39
STU108914,26,Female,68.95,26.63,71.44,74.15,86.72,74.27,3.06,77.79
STU108915,25,Female,86.96,15.66,62.86,72.87,75.12,73.46,3.2,74.57
STU108916,22,Male,100.0,24.97,89.99,74.45,77.16,93.98,3.19,69.12
STU108917,18,Female,80.53,23.69,74.61,77.0,73.95,80.9,2.98,68.5
STU108918,27,Male,74.02,10.95,83.22,66.98,74.92,78.56,2.57,75.86
STU108919,28,Female,72.73,10.53,53.92,53.12,38.54,68.59,1.2,49.56
STU108920,27,Female,78.75,12.0,73.62,61.97,61.69,66.43,2.56,52.19
STU108921,23,Female,100.0,27.11,73.61,90.18,91.3,84.38,3.54,89.01
STU108922,26,Male,94.3,19.13,88.38,73.9,78.94,77.48,3.48,100.0
STU108923,23,Female,63.5,0.0,70.76,73.33,72.71,69.57,2.25,72.96
STU108924,22,Female,95.36,20.93,92.62,88.95,68.65,84.06,2.99,62.76
STU108925,22,Female,81.12,6.56,67.1,78.35,53.01,72.39,2.9,59.01
STU108926,20,Male,89.16,30.56,78.54,89.38,89.21,82.93,3.17,86.47
STU108927,30,Male,83.57,23.39,78.88,70.51,74.88,67.98,2.92,71.83
STU108928,26,Female,100.0,15.85,100.0,84.74,88.83,94.1,3.24,94.9
STU108929,20,Female,83.55,14.47,70.14,83.19,79.87,89.69,2.97,86.73
STU108930,29,Female,76.62,8.35,69.27,70.31,74.47,71.41,2.15,63.45
STU108931,19,Female,66.88,15.04,64.56,52.22,60.86,69.7,2.41,66.05
STU108932,25,Female,72.03,10.13,58.08,77.03,60.74,72.35,2.37,57.5
STU108933,20,Male,78.35,9.32,50.82,55.69,45.75,46.39,2.96,50.6
STU108934,22,Female,61.21,0.0,51.28,33.8,65.69,53.6,2.01,64.99
STU108935,26,Male,86.25,19.0,71.69,72.8,72.61,95.09,1.9,66.93
STU108936,30,Female,69.32,3.4,79.11,73.19,76.52,65.75,2.23,72.9
STU108937,30,Male,84.97,24.3,75.78,58.45,48.42,57.8,2.36,44.47
STU108938,29,Female,86.77,21.99,63.95,65.77,68.46,69.99,2.29,63.51
STU108939,21,Female,74.61,27.72,79.65,75.73,56.9,66.61,2.14,66.47
STU108940,19,Female,79.67,18.08,64.95,65.6,85.75,72.67,2.73,68.74
STU108941,29,Male,100.0,33.21,89.17,88.66,100.0,90.61,3.03,82.13
STU108942,30,Female,80.82,23.44,81.71,86.41,88.66,77.23,3.03,72.45
STU108943,21,Male,97.31,22.62,100.0,100.0,82.47,100.0,3.19,70.61
STU108944,18,Male,83.13,10.5,70.02,67.42,51.16,55.7,2.09,46.01
STU108945,26,Female,92.94,21.82,66.84,62.25,76.74,82.11,3.23,70.62
STU108946,18,Female,81.99,18.46,74.97,71.73,64.9,76.67,2.48,67.14
STU108947,18,Male,73.79,11.6,76.51,59.77,66.36,62.79,2.23,72.56
STU108948,30,Female,100.0,30.65,100.0,99.03,99.03,100.0,3.56,100.0
STU108949,24,Male,58.05,8.73,55.02,46.03,58.6,60.9,2.15,57.43
STU108950,19,Female,52.31,0.0,50.23,54.26,38.37,38.29,1.11,29.79
STU108951,26,Female,79.36,3.39,64.58,53.63,51.12,46.62,1.62,52.5
STU108952,22,Female,63.85,5.16,67.5,51.88,50.34,45.58,1.7,51.48
STU108953,24,Female,0.0,6.83,67.87,68.7,32.62,58.47,2.56,34.62
STU108954,29,Female,73.99,3.42,78.62,64.22,58.45,81.91,2.28,68.12
STU108955,21,Female,96.11,12.25,66.15,74.43,70.88,71.94,2.61,68.16
STU108956,26,Male,40.99,4.13,48.91,47.69,40.55,44.79,1.05,35.5
STU108957,28,Male,94.2,25.52,79.5,71.34,90.87,88.12,3.4,88.58
STU108958,23,Female,48.0,2.82,61.47,62.04,54.76,48.16,1.73,39.76
STU108959,30,Male,88.89,19.57,81.19,79.76,68.72,79.23,2.7,66.86
STU108960,23,Female,69.69,20.51,72.26,62.6,87.23,81.63,2.7,75.5
STU108961,23,Male,95.97,18.52,81.39,45.08,71.23,80.99,3.47,71.0
STU108962,29,Female,78.62,21.98,79.4,84.06,67.71,71.13,2.29,66.56
STU108963,26,Male,95.6,18.78,71.71,65.13,78.37,82.25,2.64,70.22
STU108964,29,Female,72.79,6.33,64.47,71.14,74.74,65.72,2.37,62.15
STU108965,28,Female,72.31,7.49,64.18,70.31,65.86,80.88,1.94,70.0
STU108966,27,Male,85.62,13.15,76.07,79.41,53.79,79.21,2.32,57.38
STU108967,24,Female,78.35,18.99,76.74,71.56,77.37,78.08,3.44,83.7
STU108968,23,Male,87.03,29.86,72.97,79.49,72.27,92.19,2.56,80.95
STU108969,29,Female,88.99,14.31,60.96,56.6,88.92,0.0,2.66,87.39
STU108970,26,Female,89.09,14.51,78.35,72.84,62.84,72.31,2.05,59.63
STU108971,21,Male,74.23,15.55,59.25,69.52,67.36,66.1,2.5,56.16
STU108972,22,Male,98.0,10.86,85.28,81.87,57.36,85.72,3.12,52.52
STU108973,28,Male,100.0,27.94,95.76,88.09,94.48,87.01,3.94,88.13
STU108974,20,Male,71.64,16.83,77.5,70.11,83.86,74.37,2.74,82.1
STU108975,19,Female,78.54,20.23,60.42,62.12,55.39,71.05,2.29,65.76
STU108976,27,Male,78.35,18.92,84.47,69.79,72.13,67.31,2.67,69.31
STU108977,21,Female,87.39,19.15,96.06,78.38,70.8,83.29,2.85,86.72
STU108978,27,Female,54.15,1.15,50.52,54.93,41.81,63.13,1.29,34.01
STU108979,24,Female,48.77,13.36,73.8,56.39,72.19,58.17,2.57,69.61
STU108980,30,Female,80.83,22.32,80.85,78.93,66.16,78.5,3.25,66.44
STU108981,24,Male,77.11,11.61,75.74,66.98,53.95,63.48,1.77,65.33
STU108982,29,Female,72.34,15.67,80.94,90.19,61.12,73.77,2.22,55.85
STU108983,29,Female,100.0,22.98,77.52,100.0,100.0,87.28,3.5,99.28
STU108984,20,Female,89.06,20.34,68.1,60.28,82.75,65.29,2.24,70.05
STU108985,30,Male,50.23,3.05,52.6,38.67,50.46,47.09,0.95,60.52
STU108986,27,Male,46.96,2.76,64.27,28.91,60.59,65.46,1.65,54.07
STU108987,19,Female,69.09,20.94,70.82,89.19,73.06,66.66,2.72,69.87
STU108988,18,Female,73.83,11.22,48.58,64.22,42.01,66.59,2.44,52.99
STU108989,21,Male,89.3,8.5,78.08,76.98,63.31,85.85,2.66,72.1
STU108990,18,Female,57.81,17.96,85.27,63.39,62.09,69.35,2.42,72.17
STU108991,22,Male,92.64,18.63,63.24,83.03,83.56,91.82,3.81,66.47
STU108992,30,Female,53.16,6.4,69.09,68.83,44.28,69.38,1.77,30.68
STU108993,24,Male,76.23,12.82,86.36,57.2,51.6,80.04,2.48,55.4
STU108994,18,Male,79.35,20.62,82.78,61.21,60.18,92.02,2.4,62.67
STU108995,24,Male,100.0,16.76,74.99,71.65,64.81,73.57,2.22,72.74
STU108996,20,Male,75.45,18.97,81.57,71.75,66.12,80.72,2.99,65.62
STU108997,29,Male,57.46,0.0,46.6,48.52,42.82,48.34,1.19,55.99
STU108998,19,Male,87.07,9.98,77.74,71.14,67.49,76.35,2.78,63.75
STU108999,28,Male,74.63,14.26,71.19,59.84,78.32,73.14,2.34,59.52
STU109000,23,Female,89.32,16.56,81.81,75.87,84.75,90.55,3.37,84.5
STU109001,18,Female,86.68,18.32,72.54,79.89,73.73,73.83,2.51,77.67
STU109002,26,Female,74.94,20.17,70.29,79.3,75.43,76.99,3.03,67.43
STU109003,23,Male,75.12,12.86,72.23,83.37,70.65,62.62,2.97,75.01
STU109004,28,Male,90.95,19.44,80.18,82.37,78.57,77.58,2.55,71.88
STU109005,26,Female,82.7,22.45,66.08,75.76,82.57,77.49,2.89,74.51
STU109006,24,Female,77.3,6.02,100.0,63.89,75.3,78.92,2.99,74.29
STU109007,23,Female,100.0,32.91,90.1,100.0,100.0,96.8,4.0,93.71
STU109008,18,Female,71.76,11.88,63.17,58.6,82.38,77.19,2.44,66.47
STU109009,19,Female,67.32,8.35,56.28,49.08,66.26,67.78,1.77,49.92
STU109010,23,Female,76.3,12.24,71.97,71.49,57.83,70.69,2.16,48.39
STU109011,23,Male,67.36,16.2,61.32,81.92,47.45,94.26,2.51,51.59
STU109012,28,Female,51.82,0.0,60.17,33.06,50.78,47.47,1.12,35.54
STU109013,23,Female,76.5,17.22,63.7,68.75,58.95,51.91,2.04,46.31
STU109014,29,Female,78.24,8.51,65.92,69.12,64.98,62.94,2.59,65.85
STU109015,20,Male,69.44,14.97,45.49,70.37,83.51,76.59,2.78,64.21
STU109016,23,Male,65.11,10.55,73.85,69.34,56.57,48.93,2.74,53.46
STU109017,27,Male,77.06,15.04,68.48,82.64,67.42,73.08,2.52,65.42
STU109018,19,Male,88.64,22.76,76.87,66.32,63.35,69.48,2.56,76.4
STU109019,22,Female,92.13,12.47,70.92,85.5,56.38,95.46,2.54,55.27
STU109020,27,Female,70.28,4.18,66.15,65.04,50.8,53.8,2.41,54.09
STU109021,25,Male,100.0,18.48,80.83,83.97,72.46,89.03,3.52,78.6
STU109022,28,Female,64.63,0.0,68.96,69.94,38.1,56.54,2.31,34.83
STU109023,24,Male,83.27,23.51,68.66,57.56,62.96,62.22,2.32,63.18
STU109024,29,Female,100.0,29.86,79.41,96.96,91.58,100.0,3.18,93.73
STU109025,29,Male,74.92,15.04,83.29,60.21,64.71,56.02,2.11,49.96
STU109026,30,Female,72.66,14.96,69.26,74.52,68.38,56.25,2.57,54.59
STU109027,19,Female,63.9,13.84,50.77,60.12,34.04,54.04,1.95,40.06
STU109028,25,Female,68.11,6.96,65.17,59.13,54.54,53.39,2.05,59.09
STU109029,19,Female,86.46,14.03,76.99,80.32,57.24,58.7,2.33,59.15
STU109030,20,Male,80.16,20.95,83.55,72.22,76.34,71.16,3.76,88.87
STU109031,21,Female,75.67,12.37,75.01,65.72,76.38,56.24,2.18,73.58
STU109032,26,Male,87.44,8.41,70.97,70.31,58.81,59.99,1.99,57.57
STU109033,23,Male,68.07,4.9,67.54,49.77,52.08,50.28,1.94,60.94
STU109034,29,Female,76.91,12.55,71.22,34.6,38.73,71.13,2.07,49.42
STU109035,21,Female,49.68,10.28,62.83,47.45,45.12,43.47,2.09,52.3
STU109036,26,Female,83.38,13.07,63.41,77.4,92.92,83.75,3.24,81.47
STU109037,27,Male,90.34,18.89,64.67,86.69,83.47,59.85,2.48,75.91
STU109038,30,Female,77.18,14.49,64.44,60.33,59.68,62.22,2.22,48.18
STU109039,21,Male,73.49,10.7,74.05,69.72,61.94,73.35,2.41,64.36
STU109040,27,Female,94.59,22.5,74.26,78.21,78.59,76.46,3.21,82.73
STU109041,19,Female,87.83,15.07,63.99,78.89,74.43,72.64,2.7,76.32
STU109042,25,Female,92.44,18.67,88.33,87.37,77.29,73.07,3.07,63.71
STU109043,23,Female,72.08,6.45,53.69,62.27,53.56,77.65,2.06,56.11
STU109044,30,Female,90.05,15.04,47.04,75.15,44.67,82.25,1.93,49.3
STU109045,28,Male,84.59,17.08,55.22,70.0,70.63,43.07,2.01,60.53
STU109046,30,Female,83.84,20.58,73.15,71.26,67.37,83.06,2.37,55.8
STU109047,29,Female,51.96,15.93,55.02,71.02,56.82,53.17,1.83,48.42
STU109048,23,Male,97.22,29.26,95.05,67.39,89.34,84.83,3.27,86.6
STU109049,27,Male,78.35,21.13,81.91,85.54,79.74,76.06,2.44,74.19
STU109050,18,Male,100.0,21.99,71.85,94.04,86.81,81.69,2.52,96.92
STU109051,25,Female,77.46,20.41,84.75,82.08,84.05,69.61,2.85,74.23
STU109052,18,Female,83.89,7.86,64.66,61.57,54.84,79.15,1.86,59.02
STU109053,27,Female,95.23,22.68,79.54,72.61,92.83,94.28,2.71,73.32
STU109054,30,Male,75.17,8.96,83.26,70.18,82.77,80.07,3.2,70.06
STU109055,26,Male,77.92,8.24,57.07,51.39,60.55,49.08,2.14,61.85
STU109056,28,Female,54.98,0.0,56.56,45.82,41.19,48.13,1.02,34.83
STU109057,21,Male,49.15,2.61,35.64,40.92,46.64,49.33,1.43,41.71
STU109058,30,Male,81.87,8.87,86.62,65.71,71.18,86.44,2.46,68.32
STU109059,25,Male,99.8,24.38,89.52,76.77,100.0,75.91,3.21,92.49
STU109060,26,Male,56.04,9.53,61.9,65.66,39.88,40.62,1.8,29.22
STU109061,28,Male,73.77,10.12,73.88,59.64,62.65,61.7,2.91,59.68
STU109062,26,Female,71.17,15.04,64.4,70.04,54.21,73.19,2.25,60.42
STU109063,22,Male,100.0,27.62,100.0,90.35,85.78,82.13,2.86,80.8
STU109064,25,Male,100.0,28.32,88.56,98.81,95.78,91.7,3.66,66.47
STU109065,26,Female,69.49,24.29,67.29,72.09,88.19,81.86,3.32,79.5
STU109066,29,Female,85.2,16.96,82.44,87.75,83.73,66.07,2.89,64.83
STU109067,24,Female,80.87,22.91,68.47,85.88,69.04,78.74,2.78,71.12
STU109068,24,Female,52.28,8.62,53.67,67.58,49.27,59.76,1.75,54.44
STU109069,24,Female,95.83,11.25,81.49,71.24,88.07,83.76,3.05,77.15
STU109070,19,Female,72.19,9.32,68.25,50.15,49.75,56.72,1.88,58.25
STU109071,19,Female,68.21,13.54,69.8,64.08,67.15,82.81,1.88,70.22
STU109072,18,Male,81.52,19.38,75.38,83.79,85.88,77.91,2.83,84.42
STU109073,26,Female,78.15,24.36,69.93,76.32,66.94,79.06,2.52,58.09
STU109074,23,Male,80.64,28.04,77.26,76.11,72.35,92.2,3.24,76.86
STU109075,29,Male,91.65,18.98,84.35,86.53,86.34,61.09,2.95,82.11
STU109076,27,Male,57.48,7.63,48.47,48.47,69.59,66.74,1.52,53.33
STU109077,19,Male,54.3,5.65,40.98,42.93,36.76,38.79,1.43,25.63
STU109078,19,Male,94.67,15.04,74.04,83.03,76.93,78.84,2.81,84.11
STU109079,22,Female,86.18,16.72,67.61,98.37,89.98,92.8,3.07,90.84
STU109080,29,Male,81.64,11.78,84.29,80.72,94.9,69.45,2.79,88.79
STU109081,18,Male,92.95,19.99,82.63,85.08,64.47,74.25,2.28,51.03
STU109082,20,Male,71.94,22.89,69.93,83.5,66.95,88.13,3.05,70.43
STU109083,18,Male,91.1,18.82,86.83,97.46,86.68,81.31,2.56,77.93
STU109084,23,Female,64.92,19.75,69.26,75.47,72.46,58.64,1.97,57.03
STU109085,30,Male,100.0,28.2,70.43,66.75,70.2,91.61,2.75,77.87
STU109086,26,Male,80.38,20.33,59.2,73.58,60.99,70.58,2.8,68.23
STU109087,24,Male,87.2,23.89,73.36,76.33,59.6,59.45,2.02,56.88
STU109088,19,Male,73.57,16.12,80.63,78.39,66.7,71.72,2.44,76.2
STU109089,22,Male,69.8,3.17,68.45,45.25,54.5,64.96,2.06,41.43
STU109090,24,Male,78.35,8.93,59.55,47.02,68.42,59.61,2.54,64.44
STU109091,21,Female,85.84,27.83,98.79,93.94,100.0,78.8,4.0,66.47
STU109092,27,Female,68.47,6.5,61.36,42.37,56.08,49.18,1.91,52.56
STU109093,30,Female,87.35,15.32,69.21,81.22,87.59,68.61,2.87,79.89
STU109094,20,Male,0.0,12.7,86.35,77.76,84.46,79.76,2.76,86.1
STU109095,21,Female,82.17,18.25,72.97,88.99,54.26,80.84,2.44,55.98
STU109096,19,Female,86.86,27.17,83.63,81.45,87.7,65.2,2.93,80.08
STU109097,24,Male,93.0,28.88,65.83,80.98,80.46,69.27,2.11,57.82
STU109098,24,Female,64.25,11.02,58.38,65.98,76.54,42.96,2.05,68.0
STU109099,21,Female,85.86,17.36,84.89,76.83,77.25,75.98,2.93,80.02
STU109100,20,Male,74.19,11.55,63.92,65.08,79.09,78.82,1.93,70.12
STU109101,18,Male,76.43,32.25,87.67,88.85,71.83,97.67,3.53,79.19
STU109102,24,Female,80.31,24.3,66.93,51.04,68.9,72.81,2.11,61.7
STU109103,26,Female,70.29,9.6,66.58,73.33,39.6,60.57,2.18,39.34
STU109104,21,Female,63.26,23.07,65.66,85.04,68.98,70.88,3.14,64.77
STU109105,24,Male,72.3,10.26,65.89,68.31,58.41,58.67,1.96,50.25
STU109106,24,Female,81.78,12.87,65.65,73.73,70.85,73.56,2.29,69.45
STU109107,26,Male,75.93,12.87,67.8,66.11,74.54,65.16,1.89,75.23
STU109108,22,Male,73.85,18.55,77.91,49.57,82.87,62.41,2.22,65.7
STU109109,21,Female,64.64,13.57,66.71,48.05,54.15,52.0,2.41,55.95
STU109110,20,Female,100.0,27.08,93.71,91.32,100.0,99.6,3.7,94.69
STU109111,27,Male,86.02,20.24,80.81,73.23,76.39,77.42,2.38,72.4
STU109112,29,Male,73.26,15.98,72.23,68.94,66.5,88.74,1.61,64.03
STU109113,28,Male,55.99,9.82,56.71,57.83,68.94,68.8,2.24,72.66
STU109114,24,Male,84.07,14.09,73.49,62.21,70.31,74.15,2.49,68.38
STU109115,27,Male,70.85,5.61,75.26,56.07,70.66,78.59,1.96,71.69
STU109116,23,Female,72.07,0.21,70.12,56.45,40.12,72.16,2.52,46.99
STU109117,24,Male,74.87,11.53,67.11,53.93,69.1,63.94,1.85,73.96
STU109118,22,Female,69.7,13.87,68.92,71.27,64.34,85.94,1.9,74.75
STU109119,27,Male,78.35,18.8,71.52,81.44,87.79,69.62,2.37,79.48
STU109120,26,Male,78.85,13.77,84.93,52.15,46.53,49.32,1.92,51.45
STU109121,30,Male,75.62,13.64,65.9,86.84,68.19,60.39,2.12,67.76
STU109122,30,Male,83.5,2.81,79.61,57.65,74.88,60.47,2.36,62.76
STU109123,21,Female,82.99,12.83,68.19,61.1,55.13,78.22,2.29,66.47
STU109124,18,Female,75.37,8.43,82.3,70.31,71.56,75.15,2.3,84.3
STU109125,21,Female,98.16,32.72,100.0,94.57,90.2,94.66,3.41,93.97
STU109126,29,Male,92.96,27.5,87.3,68.09,80.05,84.13,3.18,76.97
STU109127,28,Female,100.0,26.91,91.64,94.34,100.0,100.0,3.53,85.31
STU109128,19,Female,59.98,15.68,64.24,64.32,42.12,63.19,2.39,43.68
STU109129,20,Male,100.0,30.12,92.43,70.31,91.4,71.13,3.13,79.72
STU109130,25,Female,83.96,16.91,85.07,73.32,50.0,84.02,2.74,59.84
STU109131,26,Female,80.83,20.19,93.89,85.39,89.51,82.43,3.33,74.77
STU109132,30,Female,74.77,11.1,87.37,66.06,69.57,88.13,2.75,61.26
STU109133,27,Female,77.44,11.17,64.3,71.51,46.58,63.71,2.29,51.79
STU109134,20,Female,100.0,14.33,74.35,72.09,75.46,80.02,2.78,64.93
STU109135,18,Male,81.46,12.88,69.4,90.7,61.78,91.99,2.53,67.33
STU109136,26,Female,59.42,0.73,55.23,60.48,56.28,48.33,1.29,60.05
STU109137,25,Female,71.67,4.45,78.9,58.41,76.69,78.23,2.33,72.05
STU109138,29,Male,90.36,25.13,75.96,92.22,67.4,66.08,3.09,73.44
STU109139,25,Female,76.33,17.76,73.15,77.15,76.84,80.4,2.33,76.99
STU109140,24,Female,81.56,23.62,82.7,80.65,67.4,69.97,2.71,53.92
STU109141,21,Male,88.58,14.5,61.72,60.04,56.26,71.53,2.06,46.05
STU109142,19,Female,81.93,19.03,72.97,69.51,91.16,63.52,3.25,81.12
STU109143,29,Female,64.33,18.39,80.95,66.12,63.02,79.06,2.7,70.31
STU109144,28,Female,80.7,14.53,70.2,58.26,80.29,68.32,2.65,74.44
STU109145,20,Female,78.88,17.45,58.78,43.87,77.63,67.84,2.48,69.89
STU109146,27,Male,94.38,17.94,82.27,73.94,76.15,81.37,2.77,66.47
STU109147,22,Female,80.73,16.97,79.42,67.44,75.14,73.45,3.15,76.78
STU109148,23,Female,78.35,15.07,96.93,61.74,66.27,67.31,2.68,70.79
STU109149,29,Female,95.47,37.39,100.0,98.97,93.49,83.29,3.51,87.87
STU109150,28,Male,82.17,14.68,100.0,77.7,80.46,81.91,2.31,69.54
STU109151,20,Male,89.47,28.64,74.79,77.65,82.08,72.98,2.96,68.82
STU109152,21,Female,76.81,9.82,87.15,69.79,75.25,72.05,2.02,59.76
STU109153,28,Male,83.48,13.38,82.49,68.39,57.01,58.23,2.52,52.92
STU109154,29,Male,72.66,7.74,61.5,50.89,46.29,56.94,1.77,50.14
STU109155,30,Female,91.03,15.04,70.98,47.21,67.49,56.39,2.48,73.37
STU109156,24,Female,39.73,0.0,51.27,51.94,36.91,54.07,0.68,29.93
STU109157,24,Female,73.9,19.15,71.81,71.87,84.38,80.02,2.88,68.42
STU109158,25,Female,82.4,15.21,64.92,76.23,70.19,73.58,2.87,72.57
STU109159,18,Female,78.71,8.87,56.98,69.23,69.59,70.19,2.52,64.23
STU109160,26,Male,77.46,18.93,57.66,54.61,57.72,80.55,3.04,66.47
STU109161,26,Female,65.76,7.39,61.31,49.09,61.48,53.2,1.93,60.21
STU109162,26,Female,100.0,24.97,92.34,85.55,81.35,96.92,3.55,90.59
STU109163,28,Female,72.21,18.44,59.84,64.28,61.9,61.09,2.42,52.01
STU109164,30,Male,72.79,16.9,66.6,47.93,57.09,60.73,1.86,52.82
STU109165,29,Male,88.68,6.84,81.73,79.41,69.28,63.77,2.67,73.38
STU109166,27,Female,80.09,15.13,76.26,76.94,58.43,84.35,2.78,62.22
STU109167,30,Female,79.79,4.47,74.38,62.1,68.28,64.53,3.75,54.09
STU109168,26,Female,66.29,25.85,69.33,74.95,71.72,69.29,2.68,66.47
STU109169,26,Female,70.18,15.72,83.85,75.18,54.68,63.78,2.58,52.35
STU109170,25,Female,97.61,27.94,91.53,89.13,87.28,82.91,3.34,88.63
STU109171,27,Male,70.53,14.68,65.31,70.07,76.05,66.37,2.9,72.7
STU109172,18,Female,81.68,13.02,88.23,67.94,64.17,62.87,2.45,61.25
STU109173,24,Female,79.2,25.61,72.07,87.9,74.94,64.86,3.19,82.55
STU109174,23,Female,90.47,17.74,72.33,56.01,79.4,68.91,2.46,70.51
STU109175,29,Male,79.65,25.8,99.19,60.77,94.87,68.59,2.35,76.64
STU109176,18,Female,91.44,11.73,78.03,67.7,83.09,92.26,2.74,96.53
STU109177,26,Female,83.39,17.45,70.6,76.39,80.76,66.59,3.01,63.01
STU109178,20,Male,70.64,14.9,70.5,64.05,74.55,59.88,2.23,66.56
STU109179,29,Male,71.26,11.49,65.16,62.55,59.07,65.94,2.04,62.3
STU109180,29,Male,91.23,22.54,83.17,82.68,72.46,71.02,3.29,78.37
STU109181,21,Female,95.53,17.41,82.75,87.02,90.1,84.59,3.23,98.69
STU109182,29,Female,61.66,3.74,49.17,54.58,41.2,65.64,1.8,47.4
STU109183,24,Male,77.0,17.78,63.34,70.31,62.88,78.1,2.34,57.81
STU109184,30,Female,91.47,4.59,60.49,77.06,72.13,66.32,2.19,68.47
STU109185,27,Male,75.2,15.87,92.47,76.74,76.79,78.35,3.48,76.29
STU109186,18,Male,71.34,16.67,63.44,76.55,62.71,81.46,2.55,74.84
STU109187,20,Male,100.0,31.08,100.0,100.0,100.0,100.0,4.0,100.0
STU109188,23,Female,83.2,14.34,81.62,54.64,52.29,67.98,2.24,54.84
STU109189,20,Female,89.07,23.78,93.51,70.52,90.03,90.62,3.13,82.27
STU109190,19,Male,83.6,20.87,100.0,99.91,83.56,82.15,3.01,81.2
STU109191,30,Female,94.58,14.38,72.26,84.06,72.19,86.14,2.8,77.53
STU109192,29,Female,70.07,21.61,78.04,74.44,72.63,77.64,2.34,59.73
STU109193,23,Female,75.21,17.49,72.23,81.03,72.58,68.35,2.99,60.64
STU109194,20,Female,78.89,16.3,80.61,62.14,56.31,65.7,2.47,62.01
STU109195,20,Female,83.02,22.07,91.52,91.55,70.27,98.05,3.05,67.07
STU109196,29,Male,74.92,5.23,52.32,63.68,56.64,56.81,2.0,45.82
STU109197,22,Male,76.24,11.21,76.31,63.84,72.49,66.7,2.55,70.03
STU109198,18,Female,78.35,1.3,73.21,43.49,57.57,55.86,2.88,49.33
STU109199,23,Female,50.93,1.46,52.82,36.15,41.43,61.7,1.27,41.62
STU109200,23,Female,98.68,17.06,75.44,96.94,80.01,74.54,3.03,83.9
STU109201,26,Female,78.35,24.12,86.97,98.83,82.27,81.42,2.48,69.81
STU109202,22,Female,75.31,8.18,56.62,48.7,59.73,63.23,2.61,63.43
STU109203,29,Female,90.28,25.11,78.74,70.31,84.53,100.0,2.98,89.02
STU109204,26,Female,44.96,4.2,64.05,65.02,39.34,70.05,1.18,31.65
STU109205,30,Male,84.26,15.04,81.71,69.55,83.52,73.66,2.07,84.0
STU109206,22,Female,85.08,14.09,75.15,61.48,63.56,63.41,2.72,60.13
STU109207,26,Female,93.79,19.03,69.0,58.89,86.12,72.76,1.96,75.51
STU109208,22,Male,63.79,21.53,62.75,58.42,47.16,70.63,2.64,47.86
STU109209,27,Male,51.81,9.6,63.8,81.78,49.72,83.62,2.31,47.07
STU109210,27,Female,78.46,21.47,79.81,68.34,62.63,89.93,2.24,77.41
STU109211,22,Female,71.9,10.06,72.51,50.72,76.55,72.25,2.21,79.14
STU109212,30,Male,82.92,22.26,84.9,78.16,86.88,91.55,2.85,66.47
STU109213,29,Male,71.92,8.88,67.51,79.28,59.8,82.25,2.04,57.41
STU109214,29,Male,100.0,36.07,100.0,98.45,98.54,98.49,3.83,90.57
STU109215,20,Male,60.17,5.88,56.03,48.67,59.79,56.62,2.08,41.81
STU109216,27,Female,80.22,20.03,70.13,66.26,90.62,72.14,2.77,78.54
STU109217,19,Female,89.39,7.39,83.54,75.2,69.72,76.33,2.7,57.22
STU109218,19,Female,75.9,17.32,71.25,76.3,77.26,61.23,2.52,67.09
STU109219,30,Male,96.05,22.34,96.13,84.57,77.53,85.26,3.34,82.83
STU109220,19,Male,88.09,16.4,84.38,89.92,71.75,62.59,2.58,60.33
STU109221,29,Male,62.01,10.31,62.72,70.09,55.55,50.55,2.06,51.61
STU109222,23,Female,94.04,22.89,56.01,62.5,93.32,84.21,3.52,80.38
STU109223,21,Female,67.73,7.13,63.42,63.92,67.68,58.32,1.71,62.17
STU109224,18,Male,68.19,4.15,56.63,61.65,59.17,80.86,2.39,61.83
STU109225,26,Female,78.12,14.45,82.19,71.12,80.2,72.11,2.79,69.1
STU109226,27,Male,81.65,23.8,94.52,82.95,79.09,81.76,2.74,67.11
STU109227,24,Male,79.52,14.92,65.98,100.0,77.83,70.3,2.81,85.38
STU109228,24,Female,83.79,10.28,76.54,70.61,78.29,53.06,2.92,64.94
STU109229,22,Male,87.2,13.72,77.41,62.09,53.65,67.99,2.59,52.09
STU109230,25,Female,100.0,24.23,86.85,77.24,71.44,84.64,3.11,84.84
STU109231,21,Male,68.4,19.69,77.31,83.67,65.33,68.34,3.19,64.63
STU109232,25,Female,60.02,11.46,44.31,61.26,52.85,60.11,1.48,57.92
STU109233,19,Male,72.1,15.47,63.22,63.8,58.88,70.06,1.65,59.31
STU109234,24,Male,100.0,24.33,87.49,81.3,86.71,84.05,3.09,86.07
STU109235,25,Male,61.64,9.51,73.96,72.44,57.08,74.94,2.64,61.99
STU109236,24,Female,82.74,21.0,83.53,75.22,70.69,75.8,2.97,71.92
STU109237,23,Female,85.16,19.56,81.08,81.65,86.6,94.16,2.57,74.79
STU109238,26,Female,86.72,16.23,60.45,88.76,66.97,90.79,2.62,68.97
STU109239,24,Male,63.76,2.49,49.67,57.9,37.35,54.91,1.66,25.19
STU109240,21,Male,67.28,17.98,74.44,60.55,46.67,70.43,1.98,55.15
STU109241,20,Male,90.74,36.65,90.52,79.06,100.0,100.0,3.75,90.1
STU109242,26,Female,52.44,7.88,48.13,51.85,29.17,69.81,2.32,31.49
STU109243,30,Male,96.15,15.5,54.8,71.92,72.94,63.3,2.32,66.47
STU109244,27,Male,83.02,20.73,77.96,73.75,66.96,50.1,2.54,63.46
STU109245,26,Female,92.45,14.63,71.07,68.69,74.06,91.04,2.36,82.37
STU109246,29,Female,96.96,24.52,93.04,75.81,65.07,63.0,3.03,51.45
STU109247,29,Male,47.3,0.0,55.97,52.73,24.68,73.65,2.59,33.5
STU109248,24,Male,78.37,12.81,73.34,62.25,56.86,58.38,1.98,51.98
STU109249,19,Male,75.78,8.63,78.27,72.61,74.68,66.34,3.39,77.5
STU109250,26,Female,83.8,14.03,86.24,74.61,80.1,78.59,2.93,78.15
STU109251,26,Male,78.35,3.44,81.65,60.34,46.53,64.21,2.5,58.67
STU109252,21,Female,53.15,0.0,69.72,62.82,58.95,79.88,2.05,70.51
STU109253,29,Male,73.73,13.81,91.8,76.57,70.77,67.19,3.1,72.98
STU109254,29,Female,57.88,8.95,63.39,68.39,45.73,65.79,1.96,49.19
STU109255,22,Female,78.35,19.38,70.84,91.32,84.85,88.71,2.92,72.53
STU109256,24,Male,71.6,13.22,66.05,62.76,70.67,64.5,2.74,70.43
STU109257,20,Male,70.83,7.15,72.2,55.42,64.69,68.87,2.55,78.34
STU109258,20,Male,74.43,9.37,59.15,67.57,57.22,59.65,2.52,66.13
STU109259,21,Female,72.59,8.18,65.5,69.46,61.28,75.16,1.46,56.01
STU109260,22,Female,58.72,0.6,48.61,62.73,68.55,53.01,1.68,53.18
STU109261,21,Female,86.67,22.63,90.18,75.64,54.72,89.6,2.78,74.66
STU109262,19,Male,56.89,5.82,77.34,58.15,44.92,65.97,2.08,38.27
STU109263,23,Male,90.41,11.04,74.02,77.91,83.79,64.28,2.53,75.31
STU109264,26,Female,74.87,21.92,75.48,62.25,59.86,60.5,3.23,59.5
STU109265,22,Female,100.0,12.38,93.37,78.88,88.79,97.43,2.15,79.81
STU109266,24,Female,87.19,22.66,72.23,92.61,74.46,73.32,2.66,74.75
STU109267,21,Female,95.96,16.62,68.83,79.33,68.68,82.0,3.1,78.81
STU109268,27,Female,99.43,23.72,92.39,85.5,94.95,87.6,3.93,88.35
STU109269,26,Female,81.08,11.58,79.03,70.79,82.96,73.27,2.62,80.42
STU109270,24,Female,75.53,16.98,76.87,88.53,72.14,75.3,2.82,75.84
STU109271,18,Female,63.78,9.05,58.25,51.74,60.04,50.52,2.27,60.79
STU109272,29,Female,80.16,4.16,54.27,65.73,68.97,69.45,2.04,64.72
STU109273,22,Female,94.21,14.67,57.13,80.3,66.6,85.63,3.76,86.58
STU109274,18,Male,76.35,15.93,72.14,70.16,82.21,83.42,2.41,67.82
STU109275,26,Female,90.38,21.5,61.39,61.06,62.09,73.21,2.61,68.3
STU109276,20,Female,73.65,14.83,61.17,80.59,66.66,65.02,2.47,62.95
STU109277,20,Male,94.85,21.15,92.17,95.41,86.51,74.71,3.4,85.71
STU109278,30,Female,68.07,10.05,59.0,54.01,64.71,78.59,2.29,71.28
STU109279,20,Male,74.26,9.32,75.83,48.45,74.7,61.83,2.07,55.1
STU109280,25,Male,78.35,11.56,83.82,57.18,45.41,43.65,2.53,46.02
STU109281,20,Male,99.43,24.41,90.27,92.7,94.47,83.97,3.46,85.71
STU109282,19,Female,65.24,6.16,66.06,56.19,53.65,63.09,1.69,61.6
STU109283,18,Female,62.73,8.67,49.63,52.31,59.69,76.53,2.21,70.52
STU109284,18,Female,100.0,30.95,100.0,100.0,100.0,87.43,3.93,88.05
STU109285,24,Male,84.21,8.57,68.73,93.0,87.34,92.21,3.14,86.6
STU109286,23,Female,59.02,8.57,48.81,67.54,65.09,69.79,2.02,83.37
STU109287,18,Male,74.03,12.42,49.7,39.95,46.23,56.09,1.54,50.34
STU109288,22,Male,49.69,11.93,53.48,40.68,53.7,61.98,1.9,51.65
STU109289,21,Male,63.99,21.46,72.54,69.69,76.71,74.78,2.74,74.75
STU109290,25,Female,97.21,19.82,78.95,79.67,82.09,73.65,3.36,86.6
STU109291,30,Female,82.27,18.17,76.82,99.9,92.65,96.3,2.8,95.75
STU109292,26,Female,52.15,0.9,53.46,48.51,45.68,64.12,1.53,58.4
STU109293,29,Female,53.33,3.24,51.98,60.31,39.97,44.61,1.76,32.28
STU109294,20,Male,70.77,7.24,71.74,46.59,62.3,72.89,2.3,70.16
STU109295,20,Female,100.0,27.02,98.23,97.16,97.26,97.96,3.35,93.89
STU109296,27,Male,87.82,16.67,72.23,86.88,79.07,84.28,2.57,75.2
STU109297,22,Male,85.35,10.26,69.63,93.0,68.51,71.81,2.78,65.84
STU109298,29,Male,69.62,12.31,64.5,42.98,71.21,72.25,1.71,67.6
STU109299,24,Female,47.39,5.33,57.8,44.42,46.57,32.38,1.15,36.57
STU109300,20,Female,87.07,14.99,61.42,52.92,68.0,73.14,3.02,78.45
STU109301,28,Female,79.82,16.31,64.17,66.91,69.69,65.3,3.28,68.56
STU109302,25,Female,80.82,14.92,65.33,77.5,69.07,66.25,2.35,72.59
STU109303,28,Male,67.64,9.05,78.51,74.82,84.91,49.58,1.78,69.68
STU109304,23,Female,72.57,19.5,68.75,61.29,63.55,75.0,2.26,58.17
STU109305,19,Male,66.2,5.29,72.23,56.35,51.95,48.29,1.28,41.64
STU109306,26,Male,100.0,15.0,90.6,100.0,74.72,89.26,2.72,78.83
STU109307,19,Female,63.04,10.49,74.29,57.81,59.4,56.87,2.2,66.47
STU109308,26,Female,90.94,16.16,71.37,61.63,85.39,65.92,1.88,72.22
STU109309,23,Male,80.24,13.26,64.63,63.93,65.99,75.89,2.38,63.23
STU109310,28,Male,85.47,25.46,86.96,63.35,67.42,89.46,2.33,69.26
STU109311,29,Male,65.84,10.79,64.92,64.79,67.49,50.31,2.09,61.86
STU109312,23,Female,89.68,16.77,79.71,87.41,81.13,71.13,2.52,89.37
STU109313,29,Male,66.01,8.55,73.98,69.49,44.48,67.45,2.0,49.85
STU109314,19,Female,81.39,14.77,70.38,75.99,68.19,69.02,2.41,58.14
STU109315,19,Male,97.62,25.26,89.57,82.52,99.55,95.5,3.04,91.5
STU109316,30,Female,81.92,15.25,70.1,57.73,35.43,74.92,1.75,50.16
STU109317,25,Female,78.35,23.5,74.91,89.64,84.05,72.41,2.57,74.84
STU109318,23,Female,89.09,13.19,71.75,76.44,67.65,73.62,3.28,71.07
STU109319,20,Female,78.35,16.02,78.05,67.8,69.71,79.09,2.16,65.24
STU109320,21,Female,91.54,8.08,84.89,78.7,61.91,59.18,2.33,66.49
STU109321,26,Female,91.94,35.05,73.29,85.92,100.0,97.04,3.71,86.76
STU109322,28,Female,78.58,10.05,78.39,58.31,77.74,70.31,2.81,68.28
STU109323,29,Male,82.95,17.23,74.45,61.83,57.01,71.65,2.76,55.46
STU109324,23,Male,64.94,9.49,63.57,70.31,43.8,73.75,2.31,51.88
STU109325,23,Female,78.35,6.01,67.82,81.84,54.8,68.25,2.38,50.49
STU109326,20,Male,82.12,14.51,89.81,86.85,83.87,100.0,3.31,66.47
STU109327,19,Male,74.96,12.1,75.28,57.48,41.79,65.49,2.06,44.35
STU109328,23,Female,66.17,5.19,41.27,51.47,35.95,42.9,1.15,38.36
STU109329,25,Male,81.16,20.74,80.01,92.72,83.6,96.72,3.23,81.66
STU109330,19,Male,66.21,1.88,73.2,61.38,60.68,59.61,2.09,57.32
STU109331,23,Female,84.14,21.02,85.87,67.27,60.11,69.01,3.01,66.47
STU109332,26,Male,77.56,19.74,57.05,75.4,70.04,69.57,2.71,73.49
STU109333,28,Male,97.97,23.22,87.63,79.16,70.13,97.25,2.94,79.15
STU109334,30,Male,63.25,7.5,50.98,60.63,49.85,63.49,1.52,66.47
STU109335,22,Male,50.34,12.03,68.22,54.06,55.46,56.97,2.32,37.47
STU109336,23,Male,73.66,13.72,61.79,58.56,59.3,76.11,2.32,63.02
STU109337,29,Female,60.72,13.09,60.55,48.72,49.1,61.62,1.46,45.86
STU109338,27,Male,92.9,30.18,77.53,70.31,74.41,88.0,2.67,73.65
STU109339,21,Male,57.03,8.47,45.96,51.16,41.15,39.63,1.67,41.52
STU109340,26,Female,84.27,21.85,86.0,75.42,90.29,72.67,2.57,87.43
STU109341,20,Male,78.35,17.39,77.36,91.12,73.22,61.39,2.66,81.28
STU109342,23,Male,89.74,14.17,77.54,72.86,54.84,66.06,2.31,65.36
STU109343,21,Male,81.81,18.1,70.78,81.48,73.25,87.7,2.52,73.98
STU109344,30,Female,87.04,14.33,61.65,72.21,57.05,57.52,2.8,71.89
STU109345,18,Male,64.93,22.44,74.04,45.5,64.3,56.2,2.52,71.81
STU109346,29,Male,79.25,12.83,87.98,81.65,77.16,58.5,2.4,69.4
STU109347,21,Female,78.77,25.86,72.23,77.14,85.03,85.54,3.17,68.26
STU109348,18,Female,77.01,0.0,66.67,63.51,60.62,78.11,1.95,55.66
STU109349,26,Female,69.71,15.7,72.56,73.0,61.24,76.65,3.29,51.09
STU109350,26,Male,49.46,0.0,62.52,18.24,30.22,48.38,0.98,29.59
STU109351,19,Female,57.57,4.57,47.54,44.04,55.81,50.92,0.97,47.06
STU109352,18,Female,86.98,16.57,77.37,68.08,71.77,75.12,3.07,61.38
STU109353,19,Male,54.23,19.42,49.4,67.26,61.9,72.86,2.44,68.23
STU109354,23,Female,51.58,8.67,77.19,64.76,64.1,53.79,2.49,59.97
STU109355,19,Female,78.3,9.54,66.57,90.88,82.35,76.11,2.58,61.74
STU109356,27,Male,65.86,7.79,79.45,70.04,62.22,71.13,2.52,63.55
STU109357,19,Female,60.99,6.7,55.73,53.17,51.88,60.37,1.94,40.13
STU109358,28,Male,54.94,8.79,54.51,47.35,66.89,49.14,2.05,66.47
STU109359,29,Male,45.96,7.72,44.76,52.99,63.53,31.74,1.33,37.5
STU109360,27,Male,77.06,13.42,70.94,86.54,77.2,85.0,3.04,70.02
STU109361,30,Male,78.35,8.46,64.96,52.72,62.95,71.13,2.53,58.64
STU109362,30,Female,74.39,15.49,80.41,78.15,88.67,80.01,3.28,81.38
STU109363,18,Female,68.76,10.98,64.21,63.51,67.0,83.51,2.56,64.65
STU109364,22,Male,76.92,21.94,61.95,57.85,72.65,71.13,1.54,54.75
STU109365,27,Female,76.31,15.1,73.28,75.8,73.85,62.94,2.41,66.47
STU109366,22,Female,97.63,18.02,55.13,73.04,62.36,57.75,2.32,59.58
STU109367,24,Female,71.26,19.29,69.88,69.05,80.24,68.94,2.41,66.62
STU109368,28,Female,75.9,9.39,53.2,67.41,69.17,70.04,2.18,75.31
STU109369,30,Female,65.01,1.22,67.41,62.62,57.39,45.19,2.23,66.47
STU109370,22,Female,91.67,16.66,90.95,97.97,76.31,88.5,2.95,73.23
STU109371,22,Male,95.42,28.67,93.71,94.52,81.36,83.68,3.12,82.04
STU109372,18,Female,100.0,27.97,84.8,77.29,70.75,86.44,2.82,79.55
STU109373,21,Male,76.84,12.08,59.73,92.05,43.67,65.1,2.76,50.18
STU109374,21,Male,74.81,15.35,62.35,50.68,42.44,50.65,1.91,29.76
STU109375,23,Male,60.03,12.4,65.7,67.53,73.31,60.3,2.18,61.22
STU109376,23,Male,76.66,12.29,74.52,65.93,59.25,72.7,3.16,61.68
STU109377,29,Female,73.29,6.84,74.86,68.04,55.08,69.37,2.26,66.47
STU109378,28,Female,59.13,15.37,43.45,62.58,54.89,56.13,1.9,44.32
STU109379,27,Male,55.23,5.64,62.72,70.31,40.3,52.58,1.84,48.49
STU109380,18,Female,78.15,13.04,75.94,84.32,64.64,76.26,1.96,63.33
STU109381,24,Male,39.29,0.0,28.93,23.85,30.46,47.43,0.13,24.67
STU109382,27,Female,84.64,21.89,62.48,73.09,63.7,68.41,2.28,68.15
STU109383,21,Male,74.14,14.29,63.05,65.63,53.32,53.34,1.87,61.24
STU109384,23,Male,89.7,17.88,81.62,100.0,77.35,100.0,2.94,83.11
STU109385,27,Female,91.02,23.63,72.86,86.83,66.89,90.78,2.68,81.92
STU109386,28,Female,88.26,27.56,83.57,70.62,84.08,80.81,3.19,83.18
STU109387,29,Male,71.86,14.66,70.11,79.85,78.02,61.88,1.57,70.6
STU109388,23,Male,58.14,8.79,68.02,52.73,50.36,74.62,1.91,52.04
STU109389,23,Male,64.8,0.0,62.44,52.01,58.79,54.64,2.22,63.27
STU109390,22,Female,84.28,22.95,56.84,86.64,63.29,74.07,2.76,79.79
STU109391,26,Male,70.57,0.0,57.47,52.88,40.69,71.13,1.62,45.24
STU109392,23,Male,93.52,14.01,70.9,83.51,94.74,86.79,2.97,75.32
STU109393,23,Female,67.57,3.99,60.73,82.91,65.33,58.71,2.27,61.41
STU109394,20,Female,91.76,13.73,65.0,70.53,80.78,72.46,3.18,75.11
STU109395,24,Male,40.6,6.74,58.03,70.31,48.69,52.38,1.4,50.08
STU109396,21,Female,75.23,15.25,52.93,64.75,55.29,51.1,2.38,54.27
STU109397,24,Male,43.67,5.27,61.35,25.88,56.67,49.67,1.95,49.35
STU109398,29,Male,95.51,29.8,72.26,83.31,62.86,94.8,2.4,75.14
STU109399,28,Female,72.27,12.02,52.15,68.91,57.87,85.45,2.38,59.48
STU109400,24,Male,87.42,15.04,74.74,100.0,71.21,74.78,2.44,72.87
STU109401,30,Male,95.43,15.04,72.23,70.6,69.28,71.05,2.01,67.78
STU109402,30,Female,76.92,14.93,88.52,77.73,70.63,73.74,3.01,54.27
STU109403,23,Female,65.95,2.77,62.16,65.5,65.69,48.23,2.5,57.53
STU109404,27,Female,78.35,7.07,80.2,75.77,79.1,72.78,2.49,61.46
STU109405,22,Female,89.1,17.6,68.51,71.87,55.57,72.48,2.07,69.21
STU109406,29,Male,84.3,9.0,79.24,72.75,88.08,84.19,2.78,74.82
STU109407,22,Female,83.54,9.65,71.54,81.75,70.99,84.7,2.26,67.83
STU109408,21,Male,100.0,23.08,100.0,100.0,100.0,100.0,3.93,100.0
STU109409,19,Female,90.14,28.97,78.86,100.0,88.81,93.72,3.11,70.76
STU109410,28,Male,58.09,12.52,26.45,60.38,49.15,43.45,1.98,38.94
STU109411,21,Male,73.14,13.77,72.83,63.05,78.23,70.94,2.3,78.35
STU109412,28,Male,83.71,17.28,58.83,48.45,51.75,54.24,2.38,56.01
STU109413,19,Female,99.75,16.86,86.94,77.6,76.48,80.51,3.22,68.69
STU109414,24,Male,63.62,19.25,68.11,46.0,70.37,82.25,2.32,61.63
STU109415,23,Female,81.31,14.21,100.0,81.79,65.58,80.25,2.77,58.85
STU109416,23,Female,54.18,4.32,44.49,40.91,20.79,49.63,1.44,23.45
STU109417,20,Female,51.98,5.78,60.07,45.18,55.82,54.93,1.43,46.96
STU109418,18,Male,94.47,17.96,89.93,99.25,85.65,91.84,3.69,98.68
STU109419,22,Male,74.91,10.88,71.02,66.75,77.29,72.73,2.83,63.7
STU109420,24,Female,68.77,9.86,57.33,62.76,51.33,61.44,2.14,44.11
STU109421,28,Female,89.21,7.21,89.09,70.02,82.33,79.25,2.5,73.68
STU109422,24,Male,67.22,10.16,73.04,58.97,57.69,78.42,2.03,60.23
STU109423,21,Female,94.3,6.22,55.97,79.84,57.67,71.13,2.23,60.63
STU109424,21,Male,55.15,8.99,57.11,62.78,37.93,52.05,1.73,38.51
STU109425,25,Male,74.46,3.46,56.55,75.42,55.97,57.25,1.69,64.41
STU109426,23,Male,64.13,14.72,56.45,68.68,63.38,61.84,2.77,54.77
STU109427,29,Male,100.0,25.81,54.88,64.69,75.49,76.88,3.74,76.54
STU109428,23,Male,94.44,16.94,73.95,68.5,60.88,60.14,2.49,72.6
STU109429,25,Female,91.35,18.43,76.37,61.09,73.6,78.57,3.09,86.88
STU109430,18,Male,63.8,22.27,83.89,78.85,83.0,66.96,3.0,77.42
STU109431,20,Female,93.49,16.02,89.87,79.42,80.56,79.16,2.58,65.07
STU109432,29,Female,60.96,7.09,67.35,72.64,50.7,57.37,1.31,51.39
STU109433,22,Female,72.84,13.81,71.23,72.23,60.59,64.09,2.66,67.25
STU109434,23,Male,71.25,19.56,83.73,73.22,79.18,69.1,2.7,75.49
STU109435,25,Female,76.81,12.11,73.53,84.32,55.32,62.37,2.18,66.47
STU109436,18,Male,75.01,8.84,84.18,79.3,65.12,88.66,2.51,61.14
STU109437,24,Female,69.8,15.04,58.89,68.97,64.52,58.26,2.29,68.28
STU109438,22,Male,97.78,16.33,80.42,88.41,79.29,100.0,4.0,90.15
STU109439,19,Female,93.26,34.22,79.91,99.01,71.85,72.33,2.97,80.49
STU109440,23,Male,68.85,5.27,60.5,67.31,66.82,56.96,2.3,58.73
STU109441,23,Female,62.78,0.0,52.6,43.54,25.38,41.58,2.07,34.75
STU109442,20,Male,84.69,12.44,79.62,50.45,52.91,60.39,2.59,49.96
STU109443,25,Male,69.44,12.36,70.94,57.34,49.82,31.36,2.44,58.15
STU109444,27,Female,73.53,15.12,91.27,72.29,72.34,88.09,2.77,85.64
STU109445,21,Male,76.58,28.99,80.72,82.38,93.86,72.98,2.91,81.75
STU109446,30,Female,66.18,10.46,60.36,53.28,52.31,63.3,1.22,39.49
STU109447,25,Female,77.16,9.23,69.55,57.76,69.5,78.87,2.1,74.97
STU109448,28,Female,61.33,8.06,60.77,65.53,51.26,51.18,1.77,66.47
STU109449,18,Female,83.71,21.86,77.41,88.22,74.27,76.02,2.83,71.59
STU109450,27,Female,76.99,22.78,92.53,61.85,64.62,62.41,3.11,63.44
STU109451,22,Female,95.17,20.7,85.47,75.4,85.01,86.65,3.14,80.66
STU109452,27,Male,88.9,11.61,69.97,73.25,67.89,79.16,3.12,70.43
STU109453,28,Female,77.17,12.37,71.71,79.8,70.82,65.73,2.8,76.84
STU109454,21,Female,63.08,0.0,63.72,56.04,43.86,67.35,2.18,51.44
STU109455,21,Male,58.14,8.03,72.25,57.67,68.38,63.38,2.19,43.23
STU109456,18,Male,92.97,20.88,90.58,85.82,79.46,79.24,3.37,78.03
STU109457,25,Male,69.28,12.84,71.16,59.31,70.07,71.65,2.51,68.71
STU109458,28,Female,59.75,10.87,46.07,48.07,44.79,63.68,1.82,45.22
STU109459,23,Male,90.29,9.48,93.97,69.86,69.77,69.83,2.36,69.97
STU109460,20,Female,73.33,11.48,78.2,73.89,80.46,73.46,2.59,73.62
STU109461,22,Female,100.0,23.68,79.58,91.2,77.27,82.39,3.16,87.73
STU109462,23,Female,78.05,0.85,74.88,73.03,74.86,68.36,2.74,74.41
STU109463,29,Male,76.18,15.6,70.89,73.57,64.71,62.38,2.47,60.63
STU109464,19,Female,78.35,36.83,82.93,96.72,95.76,87.28,3.35,91.92
STU109465,22,Female,77.54,11.05,48.47,63.12,51.78,45.18,2.3,47.94
STU109466,26,Male,95.07,25.14,91.89,93.44,85.11,78.21,3.05,96.85
STU109467,21,Male,66.23,9.8,51.94,58.44,59.52,49.23,2.34,60.35
STU109468,29,Male,76.25,17.14,68.28,56.77,67.41,100.0,2.31,57.67
STU109469,29,Female,83.67,23.72,89.34,64.2,70.9,74.43,2.79,71.0
STU109470,22,Male,71.25,10.7,71.32,87.1,55.02,68.69,2.37,43.18
STU109471,27,Male,54.86,16.4,67.56,58.98,63.55,58.94,1.9,55.19
STU109472,27,Male,82.55,15.1,65.71,82.0,90.75,65.6,2.35,75.44
STU109473,26,Male,72.35,17.05,47.77,64.22,46.44,59.09,1.79,56.78
STU109474,20,Female,100.0,32.22,95.91,91.84,95.27,94.23,3.35,99.88
STU109475,18,Female,82.98,13.06,71.71,55.71,62.42,52.41,2.38,51.17
STU109476,22,Male,93.43,22.58,91.06,76.04,70.91,83.76,3.17,76.34
STU109477,19,Female,92.41,19.6,78.99,80.24,88.39,85.62,2.34,82.72
STU109478,21,Male,90.41,22.06,72.22,72.92,68.19,79.34,2.81,73.56
STU109479,26,Male,66.65,11.23,75.55,73.77,59.29,87.47,2.33,51.56
STU109480,25,Female,77.51,16.73,62.64,65.37,84.02,75.35,2.45,67.41
STU109481,20,Female,84.39,17.47,85.16,70.0,71.57,84.68,2.39,71.51
STU109482,18,Female,86.58,8.9,71.57,79.84,80.88,80.58,2.53,80.47
STU109483,20,Male,54.89,6.7,58.54,71.32,54.17,48.23,1.53,41.61
STU109484,23,Female,50.48,0.0,73.99,50.26,46.54,71.13,2.04,42.03
STU109485,28,Female,92.66,21.81,84.94,91.33,92.77,69.11,2.64,79.56
STU109486,22,Male,50.14,2.53,100.0,38.99,43.69,36.78,0.85,26.1
STU109487,21,Female,79.8,17.02,74.28,71.57,68.65,79.25,2.24,66.55
STU109488,25,Male,63.57,14.35,51.65,65.11,61.31,58.38,2.47,61.97
STU109489,18,Male,69.9,11.64,78.95,68.11,78.35,82.25,2.99,67.72
STU109490,20,Female,65.41,13.4,39.38,62.83,81.92,68.83,2.11,62.82
STU109491,18,Female,83.57,12.67,82.35,80.06,56.03,78.49,2.29,53.81
STU109492,24,Female,80.69,19.77,67.95,69.94,59.44,75.87,2.45,68.71
STU109493,23,Female,100.0,38.06,93.63,95.29,92.16,71.13,3.6,82.47
STU109494,25,Male,85.86,8.13,72.94,66.64,66.3,74.04,2.74,64.42
STU109495,26,Female,97.13,21.06,73.89,91.69,74.77,94.12,3.02,90.49
STU109496,23,Female,62.7,3.52,55.62,45.11,55.75,66.12,1.26,59.52
STU109497,29,Male,93.2,22.49,72.65,71.37,66.08,82.52,2.52,81.55
STU109498,29,Male,93.49,11.64,62.8,75.45,66.58,61.46,3.06,77.74
STU109499,19,Female,73.04,10.79,72.6,72.17,66.15,71.07,2.57,66.47
STU109500,29,Male,78.03,16.43,85.87,71.75,81.37,76.28,2.68,84.37
STU109501,20,Female,95.79,22.43,95.91,97.45,88.33,95.7,2.83,71.5
STU109502,21,Male,91.12,15.8,69.83,72.47,57.85,77.68,1.91,57.46
STU109503,24,Female,65.6,14.76,62.53,54.67,61.4,74.72,1.46,63.47
STU109504,18,Female,64.27,3.22,60.59,64.56,50.98,58.44,2.18,52.6
STU109505,22,Female,86.96,19.33,69.61,72.65,66.06,73.36,2.8,71.59
STU109506,20,Female,84.21,14.73,67.12,83.85,84.53,84.61,2.91,72.22
STU109507,24,Male,78.35,5.94,58.82,53.13,45.06,47.29,1.67,25.35
STU109508,28,Female,81.14,15.15,70.62,65.42,79.12,66.95,3.1,75.58
STU109509,30,Female,59.51,2.61,60.19,59.21,49.81,60.34,2.26,58.3
STU109510,20,Female,75.98,19.59,67.25,66.92,75.78,82.3,2.61,73.58
STU109511,25,Female,65.58,24.02,71.07,71.41,72.32,65.01,1.75,66.47
STU109512,24,Female,95.13,12.81,75.11,66.09,66.68,44.83,1.69,62.88
STU109513,23,Female,74.52,8.1,80.4,70.14,57.7,64.17,2.73,52.02
STU109514,26,Female,100.0,20.47,99.81,80.89,73.42,79.92,2.93,72.86
STU109515,30,Female,82.82,22.08,67.9,72.66,81.9,85.99,2.18,67.23
STU109516,23,Female,94.23,18.18,72.23,88.27,88.2,70.05,3.18,88.0
STU109517,18,Male,100.0,38.87,100.0,100.0,100.0,100.0,3.43,81.4
STU109518,29,Male,83.06,7.1,64.42,61.53,67.69,71.57,2.57,64.31
STU109519,30,Female,98.82,24.97,89.56,94.13,68.38,88.85,2.52,100.0
STU109520,22,Male,69.74,14.12,61.77,65.01,55.11,71.09,2.47,62.95
STU109521,24,Male,90.24,26.34,93.14,73.39,88.91,82.06,3.42,77.12
STU109522,29,Male,71.7,13.62,72.33,57.39,76.38,63.71,2.48,70.31
STU109523,24,Female,78.45,16.22,69.08,61.62,68.61,86.51,2.56,76.16
STU109524,24,Female,100.0,23.99,61.33,71.47,71.5,85.83,2.47,75.5
STU109525,29,Female,94.74,14.21,88.23,73.32,70.98,86.53,2.48,76.85
STU109526,28,Female,57.34,4.14,53.34,53.19,46.61,65.93,1.68,40.7
STU109527,24,Female,58.24,7.78,62.75,45.9,57.59,79.09,2.76,56.38
STU109528,20,Male,82.15,26.09,77.12,72.8,92.12,82.6,2.72,83.97
STU109529,23,Male,64.92,15.12,71.62,75.43,67.75,68.3,2.37,63.06
STU109530,26,Male,57.57,10.03,52.09,71.53,52.94,62.43,2.33,51.36
STU109531,24,Male,78.35,13.68,61.09,57.68,68.47,65.18,2.55,56.97
STU109532,24,Female,73.96,18.37,72.18,79.48,51.07,77.46,2.18,64.43
STU109533,26,Male,77.6,8.3,81.09,94.19,69.04,81.92,2.84,68.36
STU109534,19,Female,78.35,16.13,76.3,73.97,65.2,73.46,2.61,73.98
STU109535,25,Female,81.93,16.71,75.6,80.31,88.72,74.6,2.83,63.24
STU109536,27,Male,61.56,8.02,53.32,71.38,49.74,66.19,2.3,59.25
STU109537,20,Female,82.79,10.93,72.51,61.11,49.71,61.22,2.12,44.45
STU109538,25,Female,92.36,23.3,86.87,90.03,62.23,71.32,3.03,62.39
STU109539,27,Female,67.13,12.93,65.43,61.94,53.57,63.27,2.79,59.0
STU109540,18,Female,66.17,18.6,59.19,75.14,34.13,71.13,2.08,54.91
STU109541,26,Female,48.21,0.0,57.07,68.0,51.19,61.36,2.21,62.82
STU109542,21,Female,65.33,22.27,73.17,82.23,69.97,75.71,2.28,67.55
STU109543,23,Female,90.52,13.82,75.22,70.8,61.39,74.22,3.3,66.47
STU109544,26,Male,61.82,9.73,42.21,53.97,52.63,56.16,1.21,44.6
STU109545,18,Female,60.48,6.49,63.22,53.18,53.12,55.25,1.83,52.33
STU109546,18,Female,71.87,8.32,59.06,42.78,49.22,43.06,2.32,50.24
STU109547,23,Male,92.39,14.35,83.82,76.63,86.3,77.26,3.44,83.87
STU109548,30,Male,56.68,0.0,51.13,56.63,55.85,53.62,1.83,46.96
STU109549,18,Male,83.95,17.43,82.88,70.31,56.99,65.14,2.08,60.92
STU109550,28,Male,91.56,5.99,79.18,92.47,62.25,65.05,2.89,63.54
STU109551,18,Male,81.48,10.05,72.23,72.8,66.42,65.07,2.59,56.55
STU109552,24,Male,70.8,16.19,69.54,54.39,78.15,55.71,1.98,63.56
STU109553,23,Female,81.3,15.01,65.08,71.11,64.46,62.24,2.92,62.45
STU109554,24,Female,77.58,16.81,89.92,75.03,90.15,81.93,2.75,94.73
STU109555,19,Female,70.3,21.97,67.67,82.01,56.99,80.67,1.99,68.38
STU109556,27,Male,65.53,10.94,45.39,50.2,39.37,48.78,0.81,47.19
STU109557,21,Female,85.15,21.89,93.02,82.21,76.23,93.3,3.67,77.47
STU109558,28,Male,68.0,23.77,64.78,81.87,76.94,51.59,2.52,80.38
STU109559,26,Male,84.83,22.39,56.11,62.12,69.29,72.68,2.31,65.2
STU109560,25,Female,56.22,3.04,49.75,36.39,34.82,55.82,1.15,33.85
STU109561,22,Female,76.86,10.65,71.64,54.07,68.38,61.09,2.83,77.97
STU109562,26,Female,66.23,10.19,70.83,41.86,46.6,54.07,1.58,52.17
STU109563,30,Female,70.69,0.43,60.81,45.68,55.37,55.34,1.47,66.47
STU109564,30,Female,88.6,17.02,50.55,74.31,56.36,77.86,2.32,61.21
STU109565,29,Female,78.35,10.14,57.69,71.19,62.31,54.86,2.22,64.26
STU109566,20,Female,77.42,12.46,55.91,56.1,66.28,58.88,2.5,59.93
STU109567,25,Male,95.82,19.65,62.73,58.35,83.77,66.93,2.63,73.08
STU109568,23,Male,76.44,12.3,72.96,68.7,77.73,78.94,3.17,86.46
STU109569,30,Female,84.13,11.85,71.67,69.57,65.44,59.77,2.02,58.22
STU109570,30,Female,79.45,4.47,74.36,71.33,49.56,63.75,1.84,45.84
STU109571,29,Male,62.61,9.86,71.64,67.15,53.59,70.48,1.89,73.09
STU109572,20,Male,87.79,7.95,64.51,57.22,56.32,64.07,2.11,62.67
STU109573,22,Male,75.49,14.12,87.54,83.66,74.31,63.61,2.38,70.85
STU109574,27,Male,59.99,0.0,59.21,62.0,65.92,64.66,2.24,70.31
STU109575,27,Male,100.0,21.6,87.51,93.82,78.91,91.19,2.88,84.31
STU109576,22,Female,93.35,20.94,72.18,67.82,72.22,91.58,2.75,85.64
STU109577,19,Male,45.93,0.0,41.76,44.37,46.5,45.77,0.77,29.56
STU109578,19,Male,73.99,20.93,69.11,79.67,55.37,72.57,2.13,60.93
STU109579,26,Male,88.41,16.48,70.13,68.09,68.38,84.07,3.41,83.3
STU109580,23,Female,79.64,14.94,81.64,68.14,78.9,73.28,3.26,79.18
STU109581,24,Male,79.78,17.11,69.44,50.31,56.11,66.65,2.74,46.97
STU109582,28,Male,74.02,14.2,78.48,61.14,63.79,64.94,1.95,51.9
STU109583,18,Female,74.93,16.99,67.44,70.92,87.11,71.13,2.12,73.19
STU109584,27,Female,78.35,30.19,86.27,64.21,72.45,81.48,3.58,82.95
STU109585,21,Male,56.27,5.24,43.3,65.12,57.75,54.94,1.7,42.9
STU109586,30,Female,69.79,8.95,70.62,74.41,80.93,71.13,1.72,61.18
STU109587,30,Male,88.62,19.87,94.68,86.93,87.46,74.25,3.7,86.84
STU109588,24,Female,64.44,13.75,62.79,63.6,68.11,66.34,2.54,63.64
STU109589,22,Male,100.0,29.28,97.84,86.88,100.0,81.05,3.46,98.99
STU109590,21,Female,100.0,35.78,100.0,100.0,93.56,71.13,3.21,100.0
STU109591,20,Female,61.62,19.21,61.77,70.7,61.77,61.8,2.14,53.16
STU109592,30,Female,76.19,9.62,72.96,38.72,57.78,74.36,2.23,60.11
STU109593,20,Female,81.6,2.2,53.86,44.37,49.22,64.67,2.14,50.37
STU109594,23,Male,99.39,24.74,82.19,73.46,70.0,70.42,2.52,84.12
STU109595,24,Female,96.91,22.95,61.23,83.57,77.53,83.92,2.66,83.65
STU109596,26,Male,100.0,28.64,100.0,78.47,99.85,90.79,3.6,87.05
STU109597,28,Male,84.63,20.87,58.04,67.72,62.89,87.54,3.06,81.17
STU109598,25,Female,81.1,16.56,59.38,58.67,73.05,78.62,2.34,59.88
STU109599,27,Female,60.94,13.63,67.01,62.01,67.04,71.72,2.24,60.49
STU109600,25,Female,37.65,0.0,55.5,43.84,43.18,45.45,1.45,32.7
STU109601,23,Female,76.41,7.17,67.81,86.46,46.88,72.18,2.51,47.14
STU109602,20,Female,55.36,5.08,61.24,55.54,55.53,54.21,1.84,36.47
STU109603,20,Female,79.34,17.29,94.35,73.58,81.26,77.04,2.51,75.96
STU109604,23,Female,54.2,6.45,44.19,62.2,44.17,43.62,1.63,30.88
STU109605,18,Female,80.31,5.08,55.64,68.26,64.25,59.52,2.09,56.84
STU109606,22,Male,69.13,24.14,84.49,73.41,78.95,76.56,2.13,80.8
STU109607,24,Female,82.71,12.41,77.76,71.07,75.73,78.21,3.07,75.78
STU109608,24,Female,67.42,14.27,84.2,86.34,66.32,72.35,2.16,77.15
STU109609,28,Female,95.96,26.26,79.42,83.63,93.34,84.59,2.94,93.28
STU109610,30,Male,100.0,25.91,72.05,72.95,64.02,100.0,3.08,84.05
STU109611,27,Male,63.0,15.04,52.03,60.34,73.68,63.1,1.85,57.86
STU109612,19,Female,95.21,35.97,95.02,85.1,100.0,89.84,3.21,90.62
STU109613,23,Male,100.0,22.56,100.0,100.0,100.0,100.0,2.95,97.58
STU109614,27,Female,82.12,15.82,80.46,70.26,67.86,61.44,2.59,62.76
STU109615,25,Male,74.16,14.85,77.4,79.6,74.21,69.79,3.01,72.36
STU109616,23,Male,87.48,19.61,82.96,44.03,68.99,87.21,2.51,79.65
STU109617,23,Female,66.7,13.37,59.92,59.39,63.32,68.5,1.67,60.42
STU109618,23,Male,75.33,12.82,48.6,78.69,75.06,72.63,1.91,56.5
STU109619,25,Male,92.31,15.45,70.83,73.91,66.32,81.02,3.24,78.0
STU109620,20,Female,89.18,15.36,63.44,72.16,77.79,71.83,2.03,67.26
STU109621,24,Female,87.57,6.79,49.02,72.28,53.0,55.75,1.79,50.38
STU109622,20,Female,64.67,7.21,50.2,54.47,45.07,79.45,1.46,68.45
STU109623,26,Female,68.77,6.32,55.83,69.23,57.37,59.12,2.16,58.05
STU109624,29,Female,72.58,11.43,75.7,62.03,53.38,57.09,3.17,71.53
STU109625,24,Male,84.27,18.42,83.92,79.81,66.55,90.86,2.52,64.55
STU109626,23,Female,62.08,7.87,76.66,66.93,40.75,56.09,2.36,37.19
STU109627,30,Female,88.67,18.94,70.06,69.2,74.2,86.56,2.75,71.98
STU109628,26,Female,74.15,11.54,77.22,63.92,75.58,78.93,2.14,69.01
STU109629,23,Male,73.74,16.04,85.24,80.68,77.93,81.73,3.12,75.04
STU109630,18,Male,64.99,16.65,77.52,73.27,99.95,68.57,3.77,75.79
STU109631,18,Male,78.35,17.07,76.73,80.84,74.37,83.12,3.07,84.63
STU109632,20,Female,74.3,6.32,70.2,64.1,58.93,46.99,1.92,54.96
STU109633,21,Female,70.18,0.0,57.61,58.65,56.45,60.34,1.98,60.91
STU109634,27,Male,68.25,26.08,82.67,70.27,66.82,76.49,2.33,69.41
STU109635,24,Female,72.16,19.76,72.23,89.42,76.02,59.15,2.8,87.91
STU109636,30,Female,81.86,24.79,100.0,100.0,92.6,80.9,3.42,87.8
STU109637,25,Female,83.89,12.78,84.0,72.11,73.6,63.17,3.11,78.67
STU109638,29,Male,100.0,25.69,80.88,84.95,84.94,89.94,3.17,94.36
STU109639,25,Female,70.85,4.71,61.9,70.3,65.1,53.62,2.19,51.2
STU109640,22,Female,78.41,14.23,55.45,56.31,55.25,71.76,2.2,52.63
STU109641,27,Female,78.35,4.75,64.33,79.6,70.03,65.54,2.71,60.02
STU109642,23,Female,62.03,3.75,49.37,55.15,58.97,61.96,2.93,56.01
STU109643,21,Female,99.99,18.41,67.9,78.85,63.56,84.99,3.45,71.49
STU109644,24,Male,52.33,15.04,32.54,28.8,32.91,17.69,1.39,32.58
STU109645,26,Female,64.03,6.47,75.98,55.65,70.96,56.03,2.57,73.98
STU109646,22,Male,98.24,23.56,67.14,94.83,80.91,96.01,3.52,74.5
STU109647,27,Female,73.07,2.81,80.97,69.72,66.28,56.53,3.19,53.05
STU109648,24,Female,88.79,21.56,91.2,81.52,76.33,72.48,2.45,68.91
STU109649,23,Female,100.0,36.86,100.0,100.0,92.27,90.37,3.81,86.4
STU109650,21,Female,81.84,17.98,76.0,72.17,78.55,78.93,1.64,60.46
STU109651,23,Male,99.14,11.65,98.74,82.89,77.93,70.42,3.42,73.69
STU109652,28,Female,100.0,29.73,83.8,86.0,86.04,93.33,3.9,91.54
STU109653,20,Female,87.35,15.09,88.45,66.45,51.14,86.13,2.51,57.77
STU109654,30,Male,68.14,20.84,98.87,60.09,59.78,71.13,1.54,66.47
STU109655,23,Male,87.4,19.91,78.85,73.27,68.04,71.31,2.95,70.67
STU109656,28,Female,91.31,14.9,83.51,78.51,67.51,92.32,3.17,61.68
STU109657,24,Male,85.29,14.09,63.4,66.8,56.88,67.69,2.46,66.39
STU109658,28,Male,72.27,8.62,67.58,100.0,52.11,70.11,2.04,53.72
STU109659,29,Male,96.51,14.5,91.07,88.86,78.25,81.36,3.04,79.92
STU109660,20,Female,86.16,12.51,48.09,84.97,78.64,77.25,2.35,72.48
STU109661,25,Male,88.89,22.18,89.7,89.69,66.08,80.23,2.82,56.21
STU109662,19,Female,77.39,18.48,84.67,65.88,76.98,75.69,2.91,71.32
STU109663,21,Female,84.91,31.05,82.69,94.97,95.63,73.18,3.39,96.18
STU109664,18,Male,66.08,8.5,59.43,61.92,63.7,75.73,1.47,63.99
STU109665,26,Male,60.27,2.39,70.69,74.17,56.88,73.82,2.14,54.28
STU109666,25,Male,86.25,15.94,72.3,87.73,91.03,69.03,3.07,85.61
STU109667,27,Female,66.36,8.12,67.13,57.98,54.18,73.24,2.5,65.89
STU109668,20,Male,70.72,21.78,75.76,88.79,67.31,60.13,2.88,74.36
STU109669,22,Male,90.0,24.31,100.0,92.91,98.55,75.41,2.96,92.84
STU109670,26,Male,43.79,3.63,52.38,55.76,44.23,50.66,2.11,54.96
STU109671,28,Male,78.75,16.23,71.25,89.48,56.95,76.72,2.22,58.69
STU109672,29,Female,84.99,22.23,86.55,92.1,87.76,91.33,3.12,91.97
STU109673,18,Male,94.84,24.4,73.15,72.24,78.9,70.31,2.75,68.47
STU109674,23,Female,78.91,9.02,77.33,58.93,59.72,52.09,2.55,64.37
STU109675,18,Male,85.58,12.11,83.64,46.97,61.27,78.07,3.03,69.79
STU109676,28,Female,57.58,10.16,56.71,41.98,60.22,60.72,2.53,61.48
STU109677,19,Female,78.35,12.03,70.9,69.53,75.6,77.41,2.49,79.91
STU109678,28,Male,65.05,5.53,62.66,61.08,54.04,76.51,2.56,52.92
STU109679,20,Female,86.58,3.22,58.93,64.45,41.34,60.77,2.32,57.75
STU109680,18,Female,90.24,14.16,47.45,85.44,72.36,73.57,2.48,74.95
STU109681,29,Female,88.53,30.38,100.0,80.03,97.71,93.06,3.25,93.29
STU109682,23,Female,84.89,22.8,69.46,58.06,60.79,83.19,3.29,62.85
STU109683,23,Female,78.35,17.48,81.52,71.88,71.41,79.07,3.4,71.21
STU109684,26,Male,78.35,23.68,100.0,77.89,89.34,86.89,4.0,96.2
STU109685,24,Female,69.56,12.14,60.22,51.99,58.48,52.53,1.83,54.82
STU109686,26,Female,87.22,13.02,73.18,73.54,64.45,70.21,2.5,74.1
STU109687,23,Female,80.8,18.99,70.26,80.82,74.63,80.23,2.43,78.95
STU109688,21,Female,60.38,9.92,59.92,59.54,43.2,39.43,2.02,37.07
STU109689,23,Female,80.48,18.94,70.09,80.9,75.95,91.03,2.64,76.29
STU109690,18,Female,39.49,9.03,71.01,60.04,63.19,76.5,2.25,66.47
STU109691,21,Male,96.31,10.09,78.44,63.09,71.88,65.26,3.02,77.42
STU109692,25,Female,54.07,12.45,57.11,74.95,57.41,71.13,1.24,49.95
STU109693,19,Male,80.87,18.93,67.75,68.8,76.83,72.99,2.85,72.61
STU109694,19,Female,77.22,7.62,54.98,60.35,50.85,51.53,2.09,55.82
STU109695,26,Female,76.53,15.35,87.5,55.02,72.33,87.29,2.94,72.36
STU109696,23,Male,73.45,9.38,76.72,64.63,77.44,73.94,1.66,73.08
STU109697,19,Female,76.1,14.53,63.21,62.86,71.16,65.41,2.16,66.33
STU109698,27,Male,100.0,27.27,76.78,80.2,89.38,70.93,3.22,91.59
STU109699,28,Female,74.15,21.69,76.75,52.51,64.78,65.48,2.04,68.91
STU109700,18,Female,88.73,11.99,75.9,73.29,64.02,95.16,2.88,73.15
STU109701,20,Female,72.29,13.01,77.8,79.91,46.16,71.07,2.66,60.38
STU109702,22,Female,88.44,7.57,68.36,96.59,79.33,89.15,2.8,74.43
STU109703,27,Male,93.83,8.95,82.33,98.06,77.28,85.04,3.03,77.66
STU109704,18,Male,87.3,22.64,88.51,92.08,80.48,95.39,2.99,82.76
STU109705,28,Male,74.99,7.93,60.77,81.8,86.92,65.75,2.27,74.32
STU109706,22,Male,85.51,12.39,100.0,70.31,95.07,94.23,2.65,83.55
STU109707,19,Male,64.61,3.69,77.15,50.33,61.12,70.41,1.89,60.2
STU109708,29,Female,58.8,12.26,62.45,64.06,57.8,64.25,2.15,54.03
STU109709,19,Female,72.93,16.15,68.91,55.79,74.23,70.67,2.93,60.06
STU109710,19,Male,99.67,13.09,85.6,87.14,89.85,68.67,3.27,81.15
STU109711,30,Female,67.32,14.16,61.68,54.52,49.94,55.92,2.43,55.81
STU109712,24,Female,91.16,16.87,92.04,78.46,76.28,100.0,2.45,71.32
STU109713,24,Male,64.55,16.05,63.37,66.51,69.54,86.67,2.35,66.4
STU109714,26,Female,75.36,12.59,59.76,40.2,55.16,66.03,3.01,64.35
STU109715,26,Male,0.0,21.53,85.68,63.25,74.58,74.8,2.79,79.31
STU109716,25,Female,72.67,5.5,68.2,69.5,46.87,74.11,1.83,55.07
STU109717,18,Female,100.0,28.59,95.04,88.91,100.0,97.21,3.55,88.2
STU109718,25,Male,72.61,15.29,78.23,78.22,52.33,73.71,3.12,73.21
STU109719,21,Male,78.35,14.9,85.79,70.03,56.67,70.02,2.34,46.83
STU109720,28,Female,100.0,24.76,94.59,71.55,64.13,100.0,3.47,74.22
STU109721,24,Male,75.28,21.56,77.18,58.0,76.37,75.42,2.73,56.34
STU109722,19,Female,92.97,19.78,82.21,76.63,73.06,89.05,2.42,68.73
STU109723,29,Female,38.59,6.55,52.51,38.61,51.5,41.6,1.52,37.45
STU109724,21,Male,70.22,11.29,55.12,64.09,62.04,59.63,2.09,67.74
STU109725,21,Female,93.2,24.5,65.61,77.23,85.84,65.22,2.94,89.05
STU109726,30,Female,93.66,14.46,94.33,85.48,72.66,86.24,3.65,77.8
STU109727,28,Male,94.43,26.14,95.87,81.14,78.22,80.02,2.76,74.33
STU109728,29,Female,93.76,16.4,66.68,86.5,87.45,66.15,2.72,58.95
STU109729,26,Male,100.0,31.93,88.09,92.26,93.44,71.13,3.91,86.31
STU109730,29,Female,80.92,20.03,63.15,66.05,84.68,77.16,2.49,61.92
STU109731,19,Male,59.82,6.39,65.03,27.41,47.45,32.49,0.96,35.75
STU109732,25,Male,100.0,22.85,86.68,70.31,85.46,79.4,3.7,82.76
STU109733,21,Female,67.74,13.38,86.14,61.46,63.63,64.75,2.06,61.9
STU109734,23,Female,71.21,20.28,69.41,68.2,58.67,64.89,2.76,60.44
STU109735,21,Male,75.41,15.37,69.2,78.3,66.37,70.47,3.37,66.34
STU109736,20,Female,82.31,19.11,76.19,57.32,82.79,64.89,2.03,66.7
STU109737,23,Female,51.43,0.0,68.49,73.06,63.37,45.14,1.88,52.07
STU109738,29,Male,48.64,0.15,59.3,55.9,31.92,31.94,1.1,34.56
STU109739,26,Female,63.33,9.09,70.46,54.84,59.21,50.07,2.12,60.31
STU109740,22,Female,88.79,22.47,78.49,71.71,69.16,97.4,2.72,71.81
STU109741,23,Female,75.01,11.18,66.3,52.47,47.69,45.27,2.52,43.68
STU109742,24,Female,72.94,8.45,83.04,71.62,72.08,60.45,2.32,79.58
STU109743,21,Female,74.11,15.56,83.35,70.57,54.78,74.52,2.71,54.08
STU109744,24,Female,96.61,13.19,54.57,53.09,43.1,78.37,1.55,58.22
STU109745,27,Female,78.35,17.5,70.37,63.94,62.95,46.86,1.81,64.5
STU109746,21,Male,65.54,19.19,55.11,58.26,73.59,65.22,2.52,66.23
STU109747,25,Male,73.08,15.93,81.1,83.82,68.33,76.34,2.06,60.38
STU109748,27,Female,57.17,21.46,46.37,64.54,66.87,59.18,2.06,66.47
STU109749,24,Female,68.91,16.24,79.78,80.51,67.31,68.38,3.04,70.68
STU109750,21,Male,86.89,18.48,75.79,88.41,75.67,80.01,2.93,77.83
STU109751,25,Male,41.39,15.53,67.86,47.64,52.85,38.63,1.65,42.07
STU109752,28,Male,88.44,23.93,74.86,72.8,68.31,70.59,2.7,74.67
STU109753,20,Female,75.92,14.24,77.52,61.13,66.83,58.44,1.7,62.22
STU109754,25,Female,75.84,11.24,78.3,87.12,61.32,79.88,2.61,56.66
STU109755,26,Female,94.0,19.9,89.43,74.09,89.89,59.17,2.75,67.77
STU109756,22,Male,67.14,15.04,66.67,50.05,75.43,66.87,2.05,61.98
STU109757,23,Female,82.22,30.24,77.51,75.75,89.07,78.57,3.18,92.31
STU109758,29,Male,91.89,34.49,67.86,88.06,100.0,75.17,2.2,88.23
STU109759,22,Male,87.22,17.45,71.0,85.47,83.26,74.52,2.54,78.9
STU109760,25,Male,77.84,21.68,77.01,73.61,74.19,73.48,2.33,74.19
STU109761,19,Female,90.3,17.53,83.79,78.5,86.09,91.62,2.87,76.69
STU109762,30,Female,93.17,15.04,79.69,77.86,68.73,80.44,3.15,69.79
STU109763,25,Male,68.23,0.66,48.76,56.96,46.78,47.01,1.93,47.87
STU109764,27,Male,71.9,18.59,65.59,63.44,50.16,56.04,2.14,51.82
STU109765,25,Female,78.35,14.92,81.94,64.12,78.99,58.47,2.41,66.47
STU109766,22,Male,81.12,15.04,75.09,68.79,56.95,78.71,2.45,53.98
STU109767,22,Male,75.39,17.39,75.95,68.47,64.12,68.63,3.16,66.76
STU109768,27,Male,77.67,12.04,66.45,71.41,56.14,51.22,1.46,48.42
STU109769,29,Male,100.0,29.1,100.0,91.29,81.59,71.13,3.77,83.48
STU109770,19,Male,92.22,10.96,72.65,59.63,60.37,71.9,2.27,62.86
STU109771,28,Female,71.49,6.51,67.03,92.29,68.38,67.44,2.67,71.46
STU109772,28,Male,62.54,4.34,60.34,54.97,67.54,64.19,2.34,57.53
STU109773,19,Male,70.37,0.93,56.74,49.7,41.16,58.34,2.25,50.25
STU109774,19,Female,74.29,15.22,65.57,56.53,61.23,73.48,2.99,58.43
STU109775,27,Male,86.33,11.08,72.23,63.47,71.37,72.97,2.03,77.63
STU109776,28,Female,87.5,19.38,86.63,76.7,72.15,63.77,2.81,82.46
STU109777,23,Male,100.0,26.13,85.33,72.86,100.0,93.05,3.31,66.47
STU109778,26,Female,76.95,5.07,62.44,70.04,80.94,61.08,2.52,58.57
STU109779,30,Male,84.01,12.43,59.74,63.26,83.52,59.72,3.17,60.14
STU109780,22,Female,83.65,9.28,95.67,70.83,62.41,79.85,3.15,66.6
STU109781,20,Female,77.68,8.25,78.87,50.61,69.18,71.78,2.27,63.49
STU109782,30,Female,84.04,15.78,71.35,75.58,80.85,83.42,3.1,87.84
STU109783,21,Female,61.8,2.6,60.06,38.38,40.02,73.68,1.84,49.93
STU109784,24,Male,77.34,16.8,71.94,53.23,50.41,41.03,1.71,43.86
STU109785,24,Male,68.73,19.48,72.61,74.72,77.54,66.13,2.35,75.91
STU109786,24,Female,75.18,11.97,77.36,44.78,73.83,68.95,2.49,52.51
STU109787,21,Female,68.72,17.28,62.43,67.96,70.97,77.28,1.88,65.97
STU109788,26,Male,84.61,10.86,70.57,51.58,70.8,67.9,2.62,67.72
STU109789,26,Female,71.73,14.59,50.17,90.37,65.02,57.47,2.92,68.09
STU109790,20,Female,67.09,15.01,61.12,60.11,65.42,53.15,2.18,55.62
STU109791,24,Female,67.01,6.31,61.7,55.38,63.53,62.94,2.93,61.04
STU109792,18,Female,62.58,19.72,78.74,74.32,75.18,75.79,2.61,67.84
STU109793,20,Female,75.05,10.34,63.92,49.64,37.03,79.72,2.46,53.1
STU109794,30,Male,58.99,14.32,67.49,38.81,60.57,58.04,2.54,63.21
STU109795,24,Female,71.58,27.19,86.03,87.38,78.81,80.48,3.3,72.55
STU109796,26,Male,85.29,15.04,50.85,66.39,67.9,79.45,3.18,76.11
STU109797,29,Male,69.59,12.77,66.64,65.37,60.83,60.12,1.64,49.47
STU109798,27,Female,64.76,2.09,52.06,58.03,55.47,75.79,2.14,55.84
STU109799,28,Female,63.59,9.97,50.34,50.29,46.83,54.53,1.95,56.02
STU109800,27,Male,85.01,11.81,68.1,57.42,75.08,59.54,2.47,63.58
STU109801,24,Female,97.9,26.54,92.89,100.0,89.82,100.0,3.37,87.62
STU109802,26,Male,89.55,15.04,82.34,81.51,49.84,75.54,2.59,56.04
STU109803,21,Male,52.88,9.46,62.19,54.5,45.49,46.3,1.45,21.37
STU109804,29,Female,89.13,14.29,71.76,88.12,68.97,73.37,2.52,65.01
STU109805,20,Female,76.11,15.04,62.56,60.83,55.56,55.99,2.45,54.94
STU109806,29,Female,89.18,9.76,84.94,81.18,61.52,65.11,2.32,57.69
STU109807,29,Male,58.54,2.47,80.18,77.83,59.39,65.36,2.09,55.33
STU109808,19,Female,99.9,25.43,89.91,100.0,94.7,87.65,3.27,90.04
STU109809,27,Male,77.18,10.51,61.41,61.54,46.39,77.21,1.58,60.39
STU109810,30,Female,89.14,13.0,67.18,63.46,72.39,70.1,2.57,81.58
STU109811,30,Male,68.18,11.57,74.21,66.72,66.24,61.68,2.28,66.47
STU109812,22,Female,86.9,17.62,100.0,73.54,73.46,90.95,3.31,72.28
STU109813,29,Male,83.9,11.58,70.13,80.45,78.13,84.24,2.23,82.42
STU109814,24,Male,78.35,25.31,95.45,100.0,96.61,89.72,3.12,88.46
STU109815,19,Male,90.99,16.05,85.99,77.18,67.37,73.84,3.27,65.81
STU109816,21,Female,73.6,12.71,63.46,51.08,62.54,76.03,1.74,66.82
STU109817,26,Female,100.0,25.2,95.34,100.0,100.0,96.2,4.0,97.16
STU109818,23,Female,80.75,19.02,99.96,76.13,77.17,66.16,2.62,77.34
STU109819,20,Male,67.76,14.82,73.26,79.18,53.0,59.07,2.47,47.45
STU109820,28,Male,78.42,17.99,82.74,72.86,75.41,79.38,2.53,71.53
STU109821,19,Female,87.73,23.25,76.66,76.5,74.15,74.28,2.98,81.04
STU109822,20,Male,86.56,21.78,78.7,77.7,62.67,78.04,3.36,53.57
STU109823,24,Female,78.19,19.47,66.09,78.61,72.33,66.29,2.71,66.55
STU109824,18,Male,100.0,25.03,88.95,61.26,68.58,87.6,3.33,84.88
STU109825,23,Female,88.46,18.34,77.5,71.62,62.18,72.3,3.03,65.2
STU109826,29,Female,79.54,12.52,54.26,71.72,66.48,53.63,1.8,67.22
STU109827,30,Male,100.0,27.76,85.87,87.16,70.38,89.74,3.5,72.54
STU109828,29,Male,93.15,36.07,100.0,91.91,100.0,78.58,3.41,93.44
STU109829,22,Female,83.69,21.17,77.51,76.69,83.47,69.96,2.41,72.75
STU109830,18,Male,75.13,8.8,75.56,63.42,83.27,62.5,2.68,59.28
STU109831,28,Female,81.18,16.6,61.87,69.07,85.39,72.79,2.76,72.47
STU109832,22,Female,79.93,8.3,66.97,56.13,75.27,60.35,2.62,63.27
STU109833,27,Male,76.84,17.48,57.75,53.08,61.41,70.87,2.9,60.23
STU109834,19,Female,47.35,5.61,52.94,47.47,35.02,71.13,1.74,30.77
STU109835,26,Male,100.0,21.14,79.49,100.0,87.88,81.52,3.05,94.43
STU109836,25,Female,88.62,16.88,91.12,90.59,92.23,93.14,2.95,66.47
STU109837,29,Male,63.81,5.6,38.79,58.9,68.38,38.17,1.96,54.93
STU109838,19,Female,78.35,15.82,75.35,90.48,68.78,84.67,3.08,71.28
STU109839,23,Male,77.39,10.76,82.44,71.89,75.94,59.72,2.49,74.34
STU109840,30,Male,81.0,11.28,83.78,68.02,65.99,60.73,2.09,74.16
STU109841,23,Male,96.26,21.08,77.31,67.16,74.67,71.45,2.56,83.95
STU109842,26,Male,59.53,0.0,50.6,58.23,53.11,50.11,1.83,45.89
STU109843,20,Female,73.95,11.16,72.82,72.53,42.01,69.37,1.81,48.72
STU109844,27,Male,90.79,27.47,91.63,64.36,69.61,71.13,1.72,76.38
STU109845,21,Male,82.92,25.25,70.62,67.97,56.83,66.5,2.78,60.46
STU109846,25,Male,62.95,12.84,58.13,43.47,58.71,34.72,1.63,56.21
STU109847,29,Male,91.58,17.9,72.23,80.39,76.71,68.14,2.89,73.99
STU109848,26,Male,93.3,25.12,72.23,97.47,98.02,88.46,3.58,82.0
STU109849,24,Male,100.0,15.52,80.32,63.47,88.12,79.39,2.35,92.16
STU109850,20,Female,75.26,0.1,77.46,77.65,58.94,72.74,1.8,43.56
STU109851,22,Female,100.0,28.28,100.0,100.0,100.0,95.12,3.75,86.99
STU109852,29,Female,70.44,7.08,70.0,47.97,72.81,64.82,1.8,58.67
STU109853,20,Male,90.79,19.78,70.97,58.07,82.32,73.7,2.88,66.47
STU109854,26,Female,78.02,18.87,64.6,73.37,78.23,69.1,2.81,66.47
STU109855,24,Female,99.29,35.33,99.88,91.0,100.0,85.39,3.62,66.47
STU109856,22,Female,86.61,17.48,72.23,72.2,87.75,82.59,2.71,86.09
STU109857,27,Male,78.27,13.59,67.42,87.86,77.42,52.65,3.17,71.89
STU109858,22,Male,79.46,17.05,78.94,72.1,85.17,76.07,2.99,86.13
STU109859,21,Male,65.42,11.87,61.98,82.34,64.48,60.16,1.91,57.56
STU109860,24,Male,77.5,9.23,61.5,44.98,74.79,62.9,2.29,65.07
STU109861,27,Female,75.34,9.33,83.4,58.17,66.04,66.22,1.82,59.08
STU109862,29,Male,90.01,23.37,72.23,72.1,92.91,90.83,3.35,95.5
STU109863,26,Male,72.33,10.68,82.83,70.55,67.15,72.4,2.62,63.57
STU109864,26,Male,89.08,9.37,73.84,81.97,70.83,65.91,1.98,57.04
STU109865,28,Male,100.0,25.31,98.59,74.37,94.51,89.88,3.04,79.25
STU109866,21,Male,63.97,0.0,53.17,38.73,51.37,35.29,1.87,37.52
STU109867,21,Male,50.83,5.46,56.8,48.9,55.78,49.84,1.58,52.46
STU109868,24,Female,50.85,0.1,41.19,41.05,37.9,53.79,1.4,39.35
STU109869,26,Male,84.99,15.04,77.25,85.11,90.58,84.64,3.41,84.99
STU109870,26,Female,83.01,9.58,79.36,65.01,72.71,56.27,2.46,68.96
STU109871,19,Female,92.17,22.44,68.45,68.04,81.72,100.0,2.68,84.44
STU109872,28,Female,80.84,9.76,65.51,67.77,74.12,67.24,2.42,65.46
STU109873,22,Female,84.55,29.39,79.37,95.91,66.33,73.53,2.52,65.37
STU109874,29,Male,68.16,12.23,57.9,77.59,71.24,55.55,2.27,59.79
STU109875,27,Female,77.79,20.5,72.67,70.03,56.62,86.25,2.32,65.4
STU109876,30,Female,83.62,20.25,75.64,73.77,63.14,64.24,2.62,63.44
STU109877,26,Male,80.11,15.25,84.65,78.74,76.02,69.79,2.22,64.58
STU109878,24,Male,100.0,20.27,84.66,97.74,88.68,0.0,3.37,88.49
STU109879,20,Female,50.32,8.9,56.21,67.03,31.74,35.12,2.08,36.04
STU109880,23,Male,77.13,7.48,57.73,71.8,48.73,76.44,2.88,69.4
STU109881,29,Female,91.54,9.84,63.11,60.54,67.55,63.87,2.16,55.9
STU109882,22,Male,81.24,18.32,55.45,55.32,68.38,80.17,2.29,52.12
STU109883,18,Male,76.38,11.61,76.75,71.58,49.82,68.39,2.6,66.47
STU109884,21,Female,74.81,8.26,63.55,49.49,55.84,74.69,2.48,56.28
STU109885,25,Female,92.26,21.69,89.58,95.28,95.64,87.34,3.05,86.8
STU109886,26,Female,90.21,10.6,76.08,63.34,55.73,78.52,2.29,57.81
STU109887,30,Female,100.0,40.0,100.0,85.36,76.51,99.09,3.75,74.96
STU109888,30,Female,85.76,23.26,95.57,81.18,88.09,74.91,2.12,88.51
STU109889,24,Male,80.02,9.14,68.66,56.51,73.04,70.03,2.54,66.47
STU109890,24,Female,92.16,16.75,71.33,81.01,78.48,48.93,3.16,84.2
STU109891,28,Male,69.34,18.64,100.0,72.98,68.93,66.08,2.42,70.14
STU109892,18,Male,94.55,18.17,100.0,66.01,100.0,0.0,2.67,98.04
STU109893,25,Female,81.87,5.2,55.36,71.2,57.1,46.64,2.41,49.25
STU109894,24,Male,69.63,2.7,46.52,62.81,46.94,46.37,1.68,43.88
STU109895,28,Female,81.48,12.76,52.62,83.49,70.57,59.89,2.93,66.14
STU109896,28,Male,93.85,25.5,62.13,89.29,82.76,71.13,2.46,71.48
STU109897,26,Male,78.82,13.14,87.61,65.84,64.11,69.26,2.18,64.14
STU109898,26,Male,88.9,18.45,77.36,89.18,87.41,80.51,2.52,83.33
STU109899,26,Female,80.64,18.74,67.11,83.45,87.44,72.68,3.12,72.31
STU109900,25,Female,56.43,14.05,56.94,32.51,62.69,43.39,1.36,63.1
STU109901,20,Male,76.64,16.26,98.23,63.44,70.92,61.96,2.6,59.04
STU109902,21,Male,100.0,33.59,85.79,77.49,88.16,74.81,2.6,85.46
STU109903,27,Male,76.22,15.04,90.91,86.63,56.78,68.73,2.34,66.47
STU109904,26,Male,71.41,6.04,50.24,45.7,39.52,47.81,2.52,45.63
STU109905,21,Female,70.54,17.68,81.76,60.41,71.65,76.21,2.5,52.24
STU109906,29,Female,80.31,27.94,72.76,63.53,84.08,69.08,2.04,71.34
STU109907,30,Male,100.0,24.45,83.46,85.41,72.55,83.7,2.52,78.32
STU109908,26,Male,44.13,9.44,43.46,58.31,31.17,54.39,1.46,37.25
STU109909,24,Female,87.65,21.4,72.92,59.97,63.25,55.23,3.13,57.03
STU109910,30,Male,65.72,5.6,71.15,64.15,59.97,73.71,2.28,62.88
STU109911,21,Male,79.69,17.96,72.81,66.89,69.86,82.31,3.05,78.79
STU109912,23,Female,78.93,18.32,87.57,95.37,63.48,82.86,3.5,71.3
STU109913,24,Male,90.97,8.44,63.27,68.64,62.12,60.77,2.11,62.14
STU109914,24,Male,85.3,19.61,77.75,76.28,72.45,68.42,2.86,80.66
STU109915,21,Male,91.07,22.24,78.91,77.01,91.05,75.9,2.72,87.12
STU109916,19,Female,83.01,15.89,86.74,70.42,63.44,64.64,2.38,57.22
STU109917,22,Male,55.22,7.33,62.87,40.17,66.16,67.33,2.08,60.01
STU109918,26,Female,100.0,20.22,89.18,87.02,65.02,66.79,3.61,75.13
STU109919,27,Male,87.66,32.2,78.18,73.66,82.92,90.16,2.78,93.15
STU109920,20,Male,73.69,19.47,72.41,69.92,95.78,73.47,2.36,73.26
STU109921,20,Female,65.46,17.35,55.91,82.88,58.24,72.4,2.18,53.69
STU109922,27,Male,81.06,23.1,93.93,95.05,77.21,83.24,2.52,66.86
STU109923,20,Male,100.0,15.04,78.5,100.0,86.49,96.53,3.32,80.8
STU109924,18,Male,70.2,10.39,67.35,76.99,51.81,76.95,2.67,56.74
STU109925,24,Female,71.9,15.12,80.81,75.05,79.64,71.13,2.52,68.25
STU109926,25,Male,67.56,6.37,46.0,72.69,47.05,50.28,2.26,52.68
STU109927,21,Female,69.72,7.82,66.19,65.14,68.2,54.19,2.02,55.98
STU109928,20,Male,74.78,9.89,53.29,64.24,58.9,67.55,2.32,52.54
STU109929,21,Male,88.89,14.55,73.68,85.44,76.28,85.08,2.57,82.79
STU109930,22,Male,74.4,5.82,66.88,74.21,54.27,59.61,2.23,53.27
STU109931,18,Male,86.47,15.72,55.55,78.65,76.02,83.65,2.3,78.64
STU109932,18,Female,56.04,7.72,68.43,67.75,56.95,69.17,1.32,49.6
STU109933,22,Male,81.56,18.4,61.54,69.37,68.0,54.63,1.87,74.23
STU109934,18,Female,69.84,2.04,57.21,64.27,31.1,68.31,2.1,41.51
STU109935,22,Male,87.88,13.56,74.43,78.2,75.61,66.41,2.28,62.52
STU109936,25,Female,55.96,1.45,58.56,39.2,70.24,66.63,1.11,43.77
STU109937,18,Male,77.44,19.63,77.61,64.37,57.13,73.67,2.43,63.32
STU109938,26,Female,72.33,10.6,76.19,74.07,73.97,89.51,2.46,75.92
STU109939,26,Male,91.65,21.32,51.88,73.58,68.09,71.83,2.74,74.74
STU109940,25,Female,60.44,15.04,59.43,51.26,37.42,47.58,1.66,26.17
STU109941,26,Female,73.89,21.38,78.7,70.31,68.88,71.13,2.81,58.43
STU109942,28,Female,79.57,18.74,64.11,46.97,79.08,74.2,2.16,56.66
STU109943,18,Male,76.9,10.29,76.44,70.6,73.41,77.41,2.83,66.47
STU109944,20,Female,64.24,2.54,61.2,47.44,43.92,47.73,1.5,47.58
STU109945,22,Male,67.4,9.65,51.46,57.91,37.13,64.58,1.85,44.14
STU109946,26,Male,83.24,13.65,80.76,74.3,68.86,55.8,2.67,53.59
STU109947,29,Male,100.0,16.77,96.38,81.78,95.61,63.87,3.46,74.09
STU109948,24,Female,91.83,21.65,80.89,89.53,77.63,79.07,2.7,79.14
STU109949,25,Male,88.63,16.02,62.44,61.84,58.29,91.8,2.45,76.19
STU109950,23,Female,73.43,10.1,82.01,66.63,62.04,66.43,1.92,62.66
STU109951,23,Female,59.17,7.26,63.13,52.28,72.96,51.89,1.24,66.97
STU109952,18,Male,72.17,0.75,75.79,84.41,69.41,69.83,3.02,69.49
STU109953,24,Male,79.77,21.93,80.17,80.05,86.9,77.45,2.61,89.22
STU109954,24,Female,86.35,19.19,79.24,60.41,68.46,64.4,2.9,86.24
STU109955,20,Male,80.73,23.15,97.61,90.01,86.89,78.65,3.37,81.67
STU109956,27,Male,69.69,3.48,64.65,66.2,68.38,66.56,2.65,67.04
STU109957,28,Male,78.03,13.4,62.58,74.2,66.52,75.94,2.78,53.55
STU109958,21,Female,67.47,9.82,64.16,54.45,42.89,44.75,1.97,48.81
STU109959,29,Male,79.59,14.23,66.78,70.08,100.0,60.02,2.4,58.33
STU109960,19,Male,92.68,23.93,77.98,80.9,95.62,83.3,2.78,89.09
STU109961,29,Male,76.03,7.08,60.86,41.95,56.18,55.74,2.52,51.53
STU109962,27,Male,87.37,21.63,76.55,85.32,77.98,84.52,2.25,79.41
STU109963,20,Female,78.35,17.06,90.06,91.15,87.49,77.98,3.06,74.48
STU109964,26,Female,65.81,9.85,70.0,81.28,75.35,65.85,1.74,62.77
STU109965,22,Female,85.89,23.28,72.68,74.96,64.0,78.65,2.44,73.25
STU109966,28,Female,94.3,19.89,89.17,90.44,93.96,93.24,3.5,92.58
STU109967,20,Male,78.14,15.01,69.94,74.05,79.19,71.6,2.8,59.5
STU109968,21,Female,99.04,24.98,87.2,70.31,76.23,72.15,2.84,74.42
STU109969,21,Female,57.1,8.09,58.3,44.97,58.63,49.21,1.73,46.91
STU109970,20,Female,81.58,20.84,84.57,78.22,84.7,74.42,2.61,70.34
STU109971,22,Female,78.35,20.05,74.68,76.02,82.64,93.13,3.61,77.54
STU109972,25,Male,63.67,8.91,60.78,62.57,39.09,51.69,1.94,46.42
STU109973,26,Female,61.95,8.06,66.63,81.29,50.76,77.06,1.81,61.95
STU109974,25,Male,82.3,24.13,84.99,80.16,68.78,76.68,3.11,75.51
STU109975,20,Female,67.56,10.84,74.74,52.02,71.41,63.18,2.52,61.26
STU109976,20,Male,92.92,16.7,82.23,70.72,90.58,75.3,2.78,80.4
STU109977,29,Female,71.3,9.94,64.59,83.8,69.04,63.21,2.16,64.66
STU109978,21,Female,81.97,12.26,77.08,53.99,66.19,68.88,2.1,70.8
STU109979,19,Female,71.58,10.83,74.21,71.14,88.02,67.49,2.18,72.08
STU109980,23,Male,87.25,13.2,65.11,66.0,73.61,73.07,2.63,74.75
STU109981,18,Female,91.52,13.94,87.8,100.0,82.38,98.01,2.33,80.01
STU109982,22,Female,85.24,20.07,78.92,63.92,72.25,87.89,2.62,78.19
STU109983,29,Female,79.69,7.73,66.51,58.63,76.16,66.41,2.22,72.87
STU109984,21,Female,100.0,25.18,86.76,91.89,87.46,79.1,3.23,77.52
STU109985,27,Female,96.04,22.55,87.31,75.27,78.07,64.14,3.04,75.08
STU109986,24,Female,72.14,30.18,90.06,67.23,75.05,76.31,2.83,73.2
STU109987,22,Male,74.26,13.28,72.36,61.28,64.91,79.67,3.17,75.06
STU109988,26,Male,80.14,17.2,74.99,68.99,64.64,86.75,3.13,71.62
STU109989,25,Female,61.13,0.28,58.7,40.33,45.65,46.11,1.66,39.83
STU109990,22,Female,76.72,10.59,62.26,72.44,86.36,60.03,2.28,66.89
STU109991,20,Male,93.19,22.74,96.48,100.0,85.13,86.71,3.08,83.36
STU109992,29,Male,74.77,12.44,61.92,92.96,81.12,76.36,2.11,76.44
STU109993,20,Male,81.39,9.58,60.42,91.32,65.05,67.72,2.6,59.55
STU109994,30,Female,75.93,12.61,79.96,70.31,42.04,68.13,2.32,43.34
STU109995,24,Female,74.22,12.6,58.1,82.49,68.61,73.72,3.06,66.47
STU109996,30,Female,71.55,16.66,81.76,69.07,49.38,69.31,2.5,48.74
STU109997,22,Male,78.55,27.13,99.34,76.41,91.42,85.34,3.52,83.76
STU109998,25,Male,48.5,5.49,65.89,41.93,38.78,60.09,2.44,47.02
STU109999,25,Female,76.45,19.28,72.98,47.46,63.46,53.9,2.52,65.78
