student_id,attendance_risk_component,assessment_performance_risk,trend_risk,gpa_risk,study_behavior_risk,recent_performance_risk,risk_score,risk_level
STU100000,9.0,22.9,35.4,25.0,37.12,21.13,24.18,LOW
STU100001,0.92,16.53,59.3,0.0,33.88,16.5,21.21,LOW
STU100002,23.68,29.19,43.99,35.0,37.7,17.74,31.63,MODERATE
STU100003,38.68,45.78,43.42,57.75,100.0,42.79,50.81,MODERATE
STU100004,0.0,12.7,74.53,33.75,61.92,11.26,30.46,MODERATE
STU100005,35.2,33.8,53.34,58.25,91.82,40.37,48.11,MODERATE
STU100006,17.94,24.19,60.48,28.75,83.93,29.26,37.36,MODERATE
STU100007,32.62,34.32,61.68,36.25,74.02,38.94,44.17,MODERATE
STU100008,23.12,35.76,75.44,48.5,61.68,48.31,46.93,MODERATE
STU100009,9.36,21.53,40.52,33.25,47.32,17.64,26.84,LOW
STU100010,25.17,28.44,56.91,18.25,46.0,23.77,33.24,MODERATE
STU100011,26.19,16.38,41.7,7.5,50.18,13.53,25.17,LOW
STU100012,21.95,38.93,36.26,37.75,79.77,33.64,38.38,MODERATE
STU100013,10.1,32.99,62.46,26.0,71.68,34.69,37.3,MODERATE
STU100014,29.36,32.18,56.89,31.5,68.58,38.26,40.7,MODERATE
STU100015,27.28,26.46,44.47,20.5,84.62,26.04,35.11,MODERATE
STU100016,15.05,31.5,33.71,41.75,100.0,20.43,35.93,MODERATE
STU100017,0.0,15.99,41.64,22.25,29.95,13.66,20.02,LOW
STU100018,26.8,27.62,61.33,24.75,63.45,21.68,36.76,MODERATE
STU100019,39.76,57.55,43.82,72.5,74.78,51.22,54.58,MODERATE
STU100020,11.74,13.72,65.38,29.0,32.88,20.67,28.56,LOW
STU100021,22.14,27.87,47.36,40.75,51.9,30.17,35.19,MODERATE
STU100022,20.66,31.5,58.25,40.25,68.38,32.88,39.82,MODERATE
STU100023,26.33,40.14,50.55,60.25,79.2,33.63,45.73,MODERATE
STU100024,28.26,26.94,58.75,62.0,80.2,28.3,44.29,MODERATE
STU100025,0.0,11.14,25.61,18.75,21.5,0.0,12.87,LOW
STU100026,33.8,32.85,45.51,47.25,55.92,30.49,39.8,MODERATE
STU100027,42.54,57.05,55.18,50.0,76.9,59.15,54.91,MODERATE
STU100028,2.86,24.48,53.09,33.25,56.25,30.75,31.0,MODERATE
STU100029,12.3,13.4,73.0,17.25,55.65,19.46,30.51,MODERATE
STU100030,25.84,25.71,56.49,31.5,45.65,24.84,34.67,MODERATE
STU100031,50.75,50.49,49.55,50.5,62.65,54.52,51.97,MODERATE
STU100032,33.08,41.19,48.21,41.25,75.05,29.61,43.21,MODERATE
STU100033,28.36,45.81,60.64,45.0,69.3,46.37,47.57,MODERATE
STU100034,0.0,15.6,41.46,21.25,33.43,10.54,19.78,LOW
STU100035,31.16,33.92,56.8,53.25,69.42,30.96,44.1,MODERATE
STU100036,42.21,57.83,43.89,54.0,90.92,52.22,54.09,MODERATE
STU100037,15.62,27.18,21.91,43.75,68.1,13.03,28.98,LOW
STU100038,19.89,31.81,56.8,32.5,63.67,31.6,37.69,MODERATE
STU100039,36.15,32.95,61.56,42.5,56.35,42.2,44.01,MODERATE
STU100040,33.63,39.3,38.51,62.25,67.3,34.57,43.78,MODERATE
STU100041,41.28,41.06,45.03,48.5,71.47,32.0,45.15,MODERATE
STU100042,23.94,17.96,46.9,22.25,34.2,19.73,27.39,LOW
STU100043,13.58,32.04,47.74,32.75,63.35,24.76,34.0,MODERATE
STU100044,15.14,20.55,41.52,30.25,69.98,15.5,29.56,LOW
STU100045,21.65,27.45,44.89,40.25,60.8,28.32,35.12,MODERATE
STU100046,22.34,27.81,32.22,28.25,58.55,27.9,30.75,MODERATE
STU100047,22.61,28.75,43.74,49.25,61.08,26.58,36.61,MODERATE
STU100048,21.65,33.57,46.09,49.5,59.2,32.28,38.51,MODERATE
STU100049,0.0,15.52,40.98,17.0,32.4,23.81,20.25,LOW
STU100050,0.0,13.89,40.98,11.5,66.47,14.62,21.5,LOW
STU100051,33.59,44.13,45.25,47.5,90.8,50.2,48.03,MODERATE
STU100052,35.54,31.66,59.82,42.0,66.78,31.87,43.15,MODERATE
STU100053,12.78,18.55,49.89,44.0,43.92,11.64,29.33,LOW
STU100054,10.8,13.85,51.4,1.0,8.1,20.63,18.93,LOW
STU100055,7.17,11.94,59.7,32.25,47.98,11.28,27.12,LOW
STU100056,15.91,35.38,52.64,42.25,83.3,31.64,40.39,MODERATE
STU100057,14.88,15.86,52.22,3.0,48.68,16.59,24.36,LOW
STU100058,40.04,32.77,29.96,35.5,70.95,28.87,37.5,MODERATE
STU100059,2.96,19.63,32.54,22.0,57.92,17.76,22.88,LOW
STU100060,17.93,24.84,36.22,24.25,50.1,17.45,27.43,LOW
STU100061,31.02,43.96,40.55,51.5,69.18,29.31,42.88,MODERATE
STU100062,24.76,20.44,31.72,10.0,52.75,18.8,25.06,LOW
STU100063,13.34,21.46,63.77,32.25,58.15,18.93,33.33,MODERATE
STU100064,12.67,34.34,64.91,46.25,65.25,32.96,40.86,MODERATE
STU100065,35.53,27.83,59.82,43.5,79.18,33.09,43.78,MODERATE
STU100066,42.21,40.13,66.94,42.0,73.77,41.93,49.73,MODERATE
STU100067,11.47,31.99,39.16,34.0,33.85,28.76,29.48,LOW
STU100068,25.25,30.0,53.92,31.25,79.3,15.19,37.47,MODERATE
STU100069,31.13,31.68,57.95,39.75,73.47,17.67,40.81,MODERATE
STU100070,25.78,34.83,29.87,37.0,77.12,32.29,36.33,MODERATE
STU100071,15.87,26.55,58.25,26.75,59.4,42.73,35.69,MODERATE
STU100072,13.97,27.82,53.32,32.0,71.95,27.53,35.16,MODERATE
STU100073,0.57,31.83,55.15,34.75,79.22,27.82,35.02,MODERATE
STU100074,39.29,49.17,48.79,63.25,73.65,40.75,50.84,MODERATE
STU100075,6.69,18.76,46.82,19.25,44.15,15.46,24.24,LOW
STU100076,18.28,29.83,48.95,40.25,68.12,20.25,35.78,MODERATE
STU100077,37.05,49.01,49.5,29.25,77.53,46.71,46.37,MODERATE
STU100078,64.22,53.58,58.4,73.0,62.4,50.58,60.17,HIGH
STU100079,10.02,23.16,70.9,20.5,49.35,28.87,32.87,MODERATE
STU100080,6.65,21.49,37.59,43.75,77.1,19.66,30.46,MODERATE
STU100081,31.19,30.76,37.09,33.75,62.4,20.08,34.66,MODERATE
STU100082,19.51,25.72,33.98,29.25,61.68,12.0,28.88,LOW
STU100083,16.32,19.63,85.62,20.75,56.25,30.44,37.08,MODERATE
STU100084,16.69,21.02,49.69,29.0,81.55,19.9,33.03,MODERATE
STU100085,6.03,31.38,65.36,28.25,72.52,29.71,36.58,MODERATE
STU100086,33.48,34.07,49.25,31.0,75.43,35.11,40.77,MODERATE
STU100087,16.22,30.58,45.74,32.75,56.95,22.1,32.85,MODERATE
STU100088,5.19,14.98,45.2,28.25,33.88,12.44,22.69,LOW
STU100089,25.64,40.69,42.05,46.0,42.65,29.04,37.78,MODERATE
STU100090,4.66,22.35,50.69,16.5,35.0,29.66,25.6,LOW
STU100091,21.24,23.5,56.69,31.5,69.2,24.03,35.51,MODERATE
STU100092,0.0,24.18,54.62,30.5,48.45,26.6,29.05,LOW
STU100093,0.0,2.8,44.47,12.0,8.93,1.19,12.41,LOW
STU100094,5.82,12.27,43.58,4.25,51.72,12.67,20.02,LOW
STU100095,0.0,29.48,0.0,29.5,50.62,0.0,16.86,LOW
STU100096,29.52,42.79,62.02,52.75,92.22,39.04,50.04,MODERATE
STU100097,0.0,6.2,59.94,19.5,36.68,20.35,22.17,LOW
STU100098,24.44,26.43,51.79,40.25,59.08,30.7,36.87,MODERATE
STU100099,26.73,36.57,51.5,29.5,47.38,35.23,37.47,MODERATE
STU100100,57.67,49.0,49.89,67.0,83.75,49.31,57.12,MODERATE
STU100101,31.47,26.02,35.34,32.5,52.77,29.83,33.0,MODERATE
STU100102,32.03,40.72,33.78,45.25,78.18,34.35,41.38,MODERATE
STU100103,18.64,23.71,67.95,35.25,51.48,24.92,36.17,MODERATE
STU100104,28.92,45.08,41.4,48.75,74.3,37.59,43.84,MODERATE
STU100105,7.55,3.38,44.56,12.75,19.25,0.0,15.1,LOW
STU100106,24.16,22.78,53.69,40.5,54.47,22.85,35.07,MODERATE
STU100107,21.65,9.8,47.59,13.0,25.02,17.68,22.52,LOW
STU100108,36.64,40.72,52.41,47.25,82.95,43.87,47.76,MODERATE
STU100109,0.0,19.08,62.7,37.0,37.85,25.47,29.19,LOW
STU100110,43.36,51.31,39.61,48.75,92.75,52.8,51.29,MODERATE
STU100111,4.48,36.1,68.31,16.5,74.25,58.41,39.32,MODERATE
STU100112,23.53,36.96,42.36,41.25,61.05,27.78,37.49,MODERATE
STU100113,24.1,38.85,69.27,46.75,50.62,46.79,45.14,MODERATE
STU100114,21.8,39.82,35.96,44.5,70.72,27.73,38.03,MODERATE
STU100115,35.16,41.44,43.88,50.0,72.08,44.15,45.29,MODERATE
STU100116,50.26,41.88,57.25,56.75,70.62,44.44,51.99,MODERATE
STU100117,24.42,32.28,30.8,39.75,70.92,18.87,34.06,MODERATE
STU100118,5.07,28.43,55.34,32.25,58.4,30.42,32.91,MODERATE
STU100119,26.36,26.87,40.3,33.25,47.75,28.87,32.7,MODERATE
STU100120,14.7,24.68,82.4,24.25,64.95,30.48,38.77,MODERATE
STU100121,20.28,21.13,50.0,39.0,38.48,28.35,31.87,MODERATE
STU100122,39.92,38.11,65.34,58.0,78.28,36.46,50.75,MODERATE
STU100123,26.56,30.4,52.05,32.75,57.48,28.4,36.82,MODERATE
STU100124,7.49,24.45,75.2,23.25,51.88,24.34,33.76,MODERATE
STU100125,16.2,16.65,34.86,36.25,72.35,18.65,28.91,LOW
STU100126,21.65,38.81,45.21,31.0,61.58,32.22,37.1,MODERATE
STU100127,1.46,17.77,52.75,29.75,57.68,21.86,27.7,LOW
STU100128,29.95,33.03,51.25,61.75,79.88,32.34,44.98,MODERATE
STU100129,22.57,35.43,66.01,43.25,80.8,39.05,45.05,MODERATE
STU100130,18.66,21.94,72.32,47.0,77.0,30.13,41.44,MODERATE
STU100131,25.8,32.66,58.49,44.75,65.12,51.99,43.45,MODERATE
STU100132,37.91,33.53,58.34,38.5,62.6,37.03,43.37,MODERATE
STU100133,18.19,31.56,52.21,48.5,76.27,34.76,40.35,MODERATE
STU100134,37.24,45.76,47.91,45.75,61.82,52.52,46.77,MODERATE
STU100135,46.12,25.56,55.66,52.5,52.47,25.72,42.44,MODERATE
STU100136,4.46,10.14,49.34,16.25,34.88,19.74,21.19,LOW
STU100137,22.54,27.86,41.27,49.25,83.02,23.05,37.72,MODERATE
STU100138,12.89,17.04,54.54,14.0,30.2,16.76,24.54,LOW
STU100139,17.68,26.39,47.84,35.25,57.72,24.9,33.25,MODERATE
STU100140,32.04,35.62,55.71,31.75,50.7,40.51,40.34,MODERATE
STU100141,19.97,54.84,60.11,65.5,94.8,52.28,54.26,MODERATE
STU100142,19.82,38.59,57.28,32.25,78.15,53.81,43.1,MODERATE
STU100143,24.46,33.7,47.51,54.25,71.45,22.83,40.38,MODERATE
STU100144,29.05,32.13,64.85,62.5,85.38,34.0,48.13,MODERATE
STU100145,1.2,24.06,66.06,24.75,68.05,27.92,32.78,MODERATE
STU100146,8.4,19.13,44.11,14.5,77.9,14.36,26.69,LOW
STU100147,0.0,14.86,56.8,3.0,0.0,16.85,17.21,LOW
STU100148,26.7,42.97,55.04,36.75,94.82,31.72,45.26,MODERATE
STU100149,1.8,15.98,70.97,10.5,59.23,28.87,28.93,LOW
STU100150,0.0,26.54,46.54,24.75,31.48,18.68,24.67,LOW
STU100151,28.15,35.66,72.86,33.75,83.78,46.03,47.16,MODERATE
STU100152,15.85,15.48,76.9,30.75,75.52,29.01,37.49,MODERATE
STU100153,14.95,20.74,40.35,28.25,79.82,28.87,31.35,MODERATE
STU100154,29.62,29.83,68.69,36.75,59.73,44.01,43.01,MODERATE
STU100155,43.87,37.96,71.86,39.75,77.92,37.24,50.11,MODERATE
STU100156,25.88,35.87,39.85,33.0,63.88,23.84,35.84,MODERATE
STU100157,44.47,53.61,52.3,71.5,98.85,54.03,58.77,MODERATE
STU100158,12.47,27.69,29.92,41.5,60.38,4.61,28.12,LOW
STU100159,39.34,39.08,40.34,52.5,78.82,32.74,44.74,MODERATE
STU100160,31.38,44.2,45.1,34.25,82.08,41.98,43.89,MODERATE
STU100161,16.94,25.24,75.65,37.75,67.35,33.09,40.53,MODERATE
STU100162,33.52,46.31,49.4,44.25,94.28,54.41,49.67,MODERATE
STU100163,17.54,22.06,51.05,36.5,64.1,19.78,33.1,MODERATE
STU100164,18.89,25.89,57.54,27.0,36.33,28.53,32.29,MODERATE
STU100165,39.23,31.51,57.46,40.25,73.45,36.43,44.24,MODERATE
STU100166,28.5,33.22,63.9,27.5,91.75,28.47,42.93,MODERATE
STU100167,36.26,40.32,51.02,42.75,77.12,47.55,46.42,MODERATE
STU100168,11.6,22.26,52.49,27.5,61.3,13.83,30.02,MODERATE
STU100169,33.24,20.1,45.69,39.75,60.25,24.97,35.3,MODERATE
STU100170,22.95,28.96,39.48,20.0,61.95,31.91,32.11,MODERATE
STU100171,14.69,32.04,50.75,36.75,36.35,28.87,33.13,MODERATE
STU100172,18.44,39.79,66.39,65.25,76.92,56.26,50.02,MODERATE
STU100173,46.99,36.3,50.35,72.75,75.08,41.26,51.09,MODERATE
STU100174,6.59,21.05,56.12,39.75,39.25,15.9,29.28,LOW
STU100175,18.23,32.09,81.62,23.75,69.25,40.76,42.56,MODERATE
STU100176,31.99,35.63,65.41,24.75,68.18,51.36,44.05,MODERATE
STU100177,24.11,19.33,76.18,50.25,65.85,27.89,41.8,MODERATE
STU100178,15.26,13.13,56.03,28.5,58.75,22.14,29.9,LOW
STU100179,12.13,17.29,49.3,22.5,60.47,18.08,27.84,LOW
STU100180,20.39,38.86,59.29,31.0,60.7,34.22,39.79,MODERATE
STU100181,45.9,40.89,37.91,63.0,51.8,30.42,44.66,MODERATE
STU100182,45.09,47.44,42.74,48.75,92.32,45.97,50.57,MODERATE
STU100183,24.07,33.65,52.7,43.5,64.47,28.87,39.63,MODERATE
STU100184,4.41,19.44,29.66,0.0,36.68,18.31,17.17,LOW
STU100185,31.29,35.84,56.36,45.25,80.05,33.1,44.59,MODERATE
STU100186,27.12,36.94,52.52,41.75,53.85,28.87,39.7,MODERATE
STU100187,37.48,44.38,49.76,44.5,44.3,47.18,44.37,MODERATE
STU100188,35.57,35.41,64.69,37.0,77.95,40.21,46.27,MODERATE
STU100189,14.24,31.76,60.94,29.25,41.0,25.54,34.02,MODERATE
STU100190,38.53,53.58,74.57,63.75,88.52,52.71,59.7,LOW
STU100191,4.22,18.5,28.2,41.5,58.38,17.29,24.9,LOW
STU100192,13.95,26.24,46.8,40.5,66.42,27.58,34.18,MODERATE
STU100193,0.0,0.17,50.43,0.0,14.45,0.68,11.64,LOW
STU100194,47.04,47.24,14.86,57.25,81.4,28.87,43.8,MODERATE
STU100195,3.85,4.19,60.3,16.0,29.42,0.0,19.22,LOW
STU100196,0.0,20.09,53.34,30.75,38.8,26.22,26.8,LOW
STU100197,22.76,37.63,55.44,33.25,51.78,36.58,38.87,MODERATE
STU100198,25.27,37.8,36.72,36.75,61.8,33.6,36.9,MODERATE
STU100199,46.17,46.13,36.81,48.75,57.2,43.12,45.47,MODERATE
STU100200,37.85,37.23,50.37,47.5,86.88,28.04,45.57,MODERATE
STU100201,21.45,23.72,47.65,49.75,65.05,17.91,35.51,MODERATE
STU100202,33.16,16.44,45.35,49.0,62.2,8.88,34.27,MODERATE
STU100203,34.88,47.95,53.18,58.5,97.2,46.78,52.77,MODERATE
STU100204,0.0,11.41,61.18,4.25,40.67,16.08,21.4,LOW
STU100205,40.95,28.65,59.31,35.75,61.62,33.98,42.14,MODERATE
STU100206,21.65,35.56,61.79,39.75,53.2,37.12,40.57,MODERATE
STU100207,31.81,31.76,65.38,38.75,70.47,28.05,43.04,MODERATE
STU100208,26.24,20.18,30.74,28.5,62.4,24.95,29.45,LOW
STU100209,14.94,36.32,29.09,42.75,81.65,25.75,35.04,MODERATE
STU100210,17.41,27.73,32.34,34.75,67.42,10.27,29.86,LOW
STU100211,33.1,34.06,54.68,39.5,77.48,29.31,42.68,MODERATE
STU100212,24.26,20.18,32.96,28.5,48.68,26.73,28.3,LOW
STU100213,21.41,29.48,53.22,33.25,53.0,27.11,35.29,MODERATE
STU100214,12.54,22.71,54.66,13.75,35.17,30.45,27.74,LOW
STU100215,14.18,36.83,49.56,29.5,77.38,35.36,37.65,MODERATE
STU100216,5.39,33.94,46.05,27.5,54.37,26.36,30.97,MODERATE
STU100217,10.62,38.99,28.68,44.5,48.18,26.78,31.78,MODERATE
STU100218,13.5,18.99,65.86,32.75,59.98,26.4,34.17,MODERATE
STU100219,21.65,26.54,64.5,30.0,73.12,37.57,39.43,MODERATE
STU100220,20.49,35.04,43.54,28.5,83.3,24.33,36.6,MODERATE
STU100221,32.98,31.94,60.08,24.75,57.53,38.92,39.95,MODERATE
STU100222,38.41,30.76,60.81,60.25,73.2,29.07,46.8,MODERATE
STU100223,20.48,26.5,32.74,15.75,56.08,18.39,27.08,LOW
STU100224,34.64,28.83,43.39,34.5,66.05,22.5,36.84,MODERATE
STU100225,35.52,33.2,53.76,36.5,48.38,29.38,39.41,MODERATE
STU100226,18.3,18.23,47.18,43.25,41.18,11.41,29.4,LOW
STU100227,10.31,15.28,66.96,29.25,60.13,18.46,31.52,MODERATE
STU100228,0.0,7.97,67.21,8.0,39.52,20.74,22.66,LOW
STU100229,29.14,25.67,32.54,55.25,61.7,13.02,34.51,MODERATE
STU100230,18.31,22.6,53.56,54.5,65.85,18.36,36.62,MODERATE
STU100231,61.46,52.48,41.71,58.5,76.35,44.44,54.61,MODERATE
STU100232,8.38,19.7,61.29,27.5,53.2,18.94,30.2,MODERATE
STU100233,39.25,54.98,41.88,43.0,74.22,28.87,46.73,MODERATE
STU100234,38.21,40.49,55.09,51.25,79.72,47.05,49.15,MODERATE
STU100235,8.68,17.8,40.35,34.0,64.08,10.8,26.84,LOW
STU100236,38.98,39.38,61.98,39.25,80.42,52.91,49.26,MODERATE
STU100237,36.58,31.41,41.05,38.0,52.22,37.79,38.08,MODERATE
STU100238,29.78,36.34,50.66,49.75,73.45,31.62,43.14,MODERATE
STU100239,17.74,25.67,56.24,20.0,13.05,24.51,27.97,LOW
STU100240,28.79,33.54,30.96,53.75,74.6,20.32,37.89,MODERATE
STU100241,18.94,32.54,48.26,38.0,73.95,43.45,39.02,MODERATE
STU100242,18.14,29.42,57.89,36.25,88.0,39.48,40.75,MODERATE
STU100243,8.14,29.88,52.15,19.75,34.8,28.87,28.86,LOW
STU100244,12.75,21.73,52.46,24.0,52.2,16.79,28.97,LOW
STU100245,46.74,56.08,57.01,70.0,79.75,46.9,57.94,MODERATE
STU100246,5.82,14.67,32.88,40.75,17.8,15.64,20.86,LOW
STU100247,30.85,37.66,67.91,46.75,63.3,40.99,46.61,MODERATE
STU100248,18.79,37.48,44.76,26.0,54.75,29.63,34.42,MODERATE
STU100249,29.19,44.15,55.05,45.25,61.25,47.94,45.59,MODERATE
STU100250,16.44,25.18,46.74,30.75,46.88,21.55,30.39,MODERATE
STU100251,0.0,6.1,57.76,5.75,40.03,18.41,19.78,LOW
STU100252,26.8,35.21,37.7,33.25,43.92,28.87,33.97,MODERATE
STU100253,16.72,35.34,49.16,52.0,69.98,25.71,39.38,MODERATE
STU100254,33.64,35.85,54.71,37.0,46.73,36.7,40.53,MODERATE
STU100255,36.11,39.54,48.95,48.5,78.2,22.29,44.22,MODERATE
STU100256,8.5,7.74,53.82,22.5,25.88,18.29,22.19,LOW
STU100257,21.65,28.87,50.31,29.75,60.62,29.85,35.12,MODERATE
STU100258,27.52,32.22,52.56,65.75,97.2,27.95,46.45,MODERATE
STU100259,34.21,30.58,69.9,48.75,70.7,30.57,45.91,MODERATE
STU100260,9.38,34.75,63.4,38.5,50.05,30.38,37.06,MODERATE
STU100261,12.32,19.31,32.42,14.75,55.48,20.35,23.57,LOW
STU100262,28.76,38.78,42.95,53.75,82.3,31.69,43.5,MODERATE
STU100263,14.45,13.74,54.11,16.0,73.47,16.03,28.5,LOW
STU100264,19.86,36.77,67.11,42.0,65.82,32.93,42.76,MODERATE
STU100265,40.62,44.49,45.5,69.25,92.07,40.4,51.98,MODERATE
STU100266,27.46,32.05,17.7,45.25,63.05,16.0,31.74,MODERATE
STU100267,1.43,7.8,47.85,14.0,32.07,13.87,18.5,LOW
STU100268,31.63,45.04,58.74,53.5,83.12,45.98,50.27,MODERATE
STU100269,36.15,34.82,44.9,45.25,56.95,36.83,41.08,MODERATE
STU100270,21.65,17.22,35.74,30.0,45.2,18.54,26.66,LOW
STU100271,30.46,29.7,56.49,37.75,56.82,33.57,39.52,MODERATE
STU100272,29.63,28.18,43.48,57.25,70.35,22.69,39.56,MODERATE
STU100273,8.12,20.11,37.09,43.0,55.32,22.42,28.29,LOW
STU100274,5.55,20.31,30.51,25.75,34.92,13.96,21.04,LOW
STU100275,22.15,19.37,38.61,40.0,68.97,10.92,30.98,MODERATE
STU100276,27.41,36.42,46.21,35.75,66.4,38.18,39.65,MODERATE
STU100277,32.02,30.05,49.51,62.25,54.15,29.99,41.57,MODERATE
STU100278,21.65,27.86,53.52,31.5,71.05,28.87,36.72,MODERATE
STU100279,42.82,64.7,84.85,35.25,98.95,100.0,66.89,HIGH
STU100280,7.25,11.64,39.32,22.5,55.62,14.12,22.57,LOW
STU100281,6.9,12.97,51.6,16.25,14.28,14.95,20.3,LOW
STU100282,31.23,29.1,48.89,36.75,73.65,24.62,38.64,MODERATE
STU100283,28.94,25.62,56.6,28.75,72.17,30.06,38.05,MODERATE
STU100284,21.65,24.2,54.34,26.25,40.12,18.93,31.09,MODERATE
STU100285,3.92,8.71,60.72,22.0,67.22,14.7,26.6,LOW
STU100286,9.69,3.71,51.21,12.25,51.08,3.03,20.36,LOW
STU100287,50.53,46.97,59.41,76.0,70.85,48.37,57.05,MODERATE
STU100288,23.35,38.37,50.8,34.25,79.18,37.93,41.27,MODERATE
STU100289,15.82,28.63,46.05,34.75,58.25,31.55,33.72,MODERATE
STU100290,27.72,40.61,37.19,43.75,66.22,43.67,40.69,MODERATE
STU100291,6.7,16.46,47.56,19.75,32.07,4.42,21.58,LOW
STU100292,0.0,8.61,60.96,4.5,44.72,12.89,20.78,LOW
STU100293,37.09,32.54,34.38,45.5,67.9,10.76,37.12,MODERATE
STU100294,23.39,31.84,34.76,42.25,46.85,35.31,34.14,MODERATE
STU100295,32.11,35.67,60.62,50.0,87.02,50.62,48.73,MODERATE
STU100296,37.85,34.31,65.98,41.25,71.47,33.0,45.98,MODERATE
STU100297,8.47,29.86,37.9,19.25,67.2,28.87,29.23,LOW
STU100298,5.95,23.75,37.54,37.0,39.45,15.83,25.71,LOW
STU100299,31.22,42.13,66.78,39.25,75.43,38.71,47.43,MODERATE
STU100300,50.7,59.06,74.72,65.25,100.0,60.46,65.68,HIGH
STU100301,24.84,45.9,42.84,44.0,100.0,48.17,46.43,MODERATE
STU100302,25.24,36.62,44.31,44.75,92.1,28.67,41.85,MODERATE
STU100303,27.08,46.86,49.02,45.75,69.92,43.14,45.1,MODERATE
STU100304,25.42,22.24,45.49,26.25,66.12,26.88,32.98,MODERATE
STU100305,39.36,40.3,45.51,49.0,82.98,38.79,46.58,MODERATE
STU100306,21.65,45.36,50.4,46.0,81.45,41.47,44.94,MODERATE
STU100307,36.1,38.14,56.36,37.0,47.18,41.12,42.41,MODERATE
STU100308,30.09,45.24,71.72,50.75,85.45,53.44,53.17,MODERATE
STU100309,23.58,48.08,78.06,48.25,53.48,100.0,54.93,MODERATE
STU100310,24.24,39.28,62.3,50.5,55.02,37.39,43.94,MODERATE
STU100311,17.85,24.68,47.35,25.0,42.12,10.81,28.25,LOW
STU100312,29.47,34.14,68.21,57.5,87.93,40.67,49.56,MODERATE
STU100313,19.7,32.18,20.18,45.0,66.15,33.03,32.69,MODERATE
STU100314,46.36,37.0,65.5,52.75,75.55,33.41,50.43,MODERATE
STU100315,9.86,17.89,42.74,23.0,25.18,16.23,22.58,LOW
STU100316,7.2,34.69,62.6,46.0,59.68,46.52,40.15,MODERATE
STU100317,11.72,11.21,60.28,35.75,49.4,15.46,29.05,LOW
STU100318,56.0,47.66,44.56,61.5,57.48,56.17,52.62,MODERATE
STU100319,29.09,37.38,47.18,43.0,67.65,32.93,41.11,MODERATE
STU100320,43.43,35.74,49.42,49.0,64.25,29.26,44.21,MODERATE
STU100321,41.79,42.24,40.48,50.75,72.1,22.95,44.13,MODERATE
STU100322,32.6,36.25,31.4,39.75,59.18,38.72,37.62,MODERATE
STU100323,0.0,10.09,48.16,12.5,37.82,18.71,19.68,LOW
STU100324,26.01,49.24,59.76,44.25,64.82,52.75,47.86,MODERATE
STU100325,20.79,30.69,56.55,32.5,72.28,36.84,38.93,MODERATE
STU100326,27.94,30.17,48.3,70.5,68.25,21.61,42.35,MODERATE
STU100327,44.03,52.48,74.06,65.5,87.9,58.34,61.19,HIGH
STU100328,30.86,41.3,62.48,42.5,57.58,64.94,47.62,MODERATE
STU100329,9.84,29.79,54.56,41.25,56.18,25.37,34.67,MODERATE
STU100330,22.18,28.28,62.7,34.0,61.72,25.32,37.85,MODERATE
STU100331,20.05,35.23,26.38,53.75,67.03,30.82,35.94,MODERATE
STU100332,47.92,43.8,47.47,62.25,73.45,44.72,51.18,MODERATE
STU100333,32.84,38.4,56.11,48.0,64.75,28.33,43.9,MODERATE
STU100334,24.0,22.77,38.03,29.75,95.18,16.96,33.78,MODERATE
STU100335,24.85,44.32,56.38,54.25,62.4,52.02,46.91,MODERATE
STU100336,38.73,45.98,62.96,37.75,65.72,44.03,48.47,MODERATE
STU100337,11.17,30.88,44.84,34.75,54.6,34.93,33.09,MODERATE
STU100338,26.74,36.85,69.68,35.25,65.4,43.84,44.71,MODERATE
STU100339,30.73,21.81,39.94,18.5,38.03,19.01,28.07,LOW
STU100340,31.11,48.12,47.14,66.25,77.97,34.93,48.91,MODERATE
STU100341,13.41,17.57,60.16,26.0,75.22,23.18,32.85,MODERATE
STU100342,28.18,25.18,64.38,26.0,54.55,28.87,37.05,MODERATE
STU100343,18.42,35.69,44.11,31.75,46.48,29.13,33.75,MODERATE
STU100344,15.08,23.14,73.7,27.0,44.22,25.06,34.52,MODERATE
STU100345,27.59,31.02,54.55,39.5,64.9,40.3,40.63,MODERATE
STU100346,21.65,32.6,47.11,59.0,77.95,34.83,42.03,MODERATE
STU100347,12.56,15.77,38.83,20.5,30.05,8.13,21.11,LOW
STU100348,9.42,12.6,34.1,27.25,39.3,6.6,20.53,LOW
STU100349,23.95,45.3,43.61,41.75,65.5,37.79,41.43,MODERATE
STU100350,20.77,21.5,46.4,48.75,58.85,17.55,33.76,MODERATE
STU100351,7.37,15.4,37.62,23.0,46.15,4.19,21.33,LOW
STU100352,25.85,36.02,54.6,35.75,57.63,43.39,40.56,MODERATE
STU100353,14.45,27.49,35.71,29.5,51.05,33.56,29.79,LOW
STU100354,18.52,28.64,65.2,33.25,34.83,34.02,35.78,MODERATE
STU100355,34.77,37.18,63.3,46.25,62.48,26.67,44.76,MODERATE
STU100356,3.29,26.57,45.0,22.0,43.22,26.97,26.62,LOW
STU100357,21.65,33.84,43.71,41.25,72.15,28.51,37.79,MODERATE
STU100358,41.09,48.63,46.61,52.5,91.07,36.17,50.3,MODERATE
STU100359,45.85,37.5,58.68,54.75,76.55,39.39,50.09,MODERATE
STU100360,43.44,40.28,46.86,36.75,62.93,41.58,44.09,MODERATE
STU100361,15.93,17.22,58.48,25.25,41.92,29.38,30.1,MODERATE
STU100362,9.6,16.67,74.1,32.25,57.48,21.32,33.62,MODERATE
STU100363,12.05,12.66,69.42,28.0,41.5,14.03,29.21,LOW
STU100364,15.53,30.36,53.35,34.0,63.75,39.74,36.82,MODERATE
STU100365,14.37,23.77,46.61,37.0,47.87,29.07,31.38,MODERATE
STU100366,26.98,30.43,52.95,34.5,54.75,43.64,38.61,MODERATE
STU100367,5.05,22.25,54.61,44.5,59.2,16.4,31.73,MODERATE
STU100368,17.87,25.17,62.38,27.25,62.07,39.18,36.56,MODERATE
STU100369,36.49,51.91,60.45,39.5,81.9,57.82,52.26,MODERATE
STU100370,36.73,39.68,45.2,37.0,73.32,29.65,42.15,MODERATE
STU100371,31.86,44.47,55.31,60.0,91.02,45.41,51.19,MODERATE
STU100372,0.0,25.66,59.05,26.0,38.38,33.85,29.35,LOW
STU100373,10.07,8.08,44.39,17.0,23.22,7.29,18.51,LOW
STU100374,56.95,51.28,46.25,64.75,84.28,50.26,56.63,MODERATE
STU100375,10.14,13.15,38.24,14.5,35.1,0.0,18.65,LOW
STU100376,23.62,35.27,47.42,39.5,66.82,39.21,39.55,MODERATE
STU100377,14.02,19.47,65.15,32.75,45.7,27.59,32.94,MODERATE
STU100378,24.25,29.28,59.2,22.75,56.55,30.63,36.14,MODERATE
STU100379,5.11,13.15,55.48,29.25,39.35,5.42,24.27,LOW
STU100380,6.99,24.54,58.86,42.0,47.65,44.45,34.82,MODERATE
STU100381,39.56,53.2,45.11,64.5,84.3,46.33,52.97,MODERATE
STU100382,24.04,21.02,66.46,33.5,87.05,28.11,39.9,MODERATE
STU100383,13.07,20.18,43.1,30.0,44.78,13.15,26.57,LOW
STU100384,19.41,37.7,62.75,32.5,60.78,39.14,40.72,MODERATE
STU100385,3.12,18.82,52.12,36.25,50.75,19.8,28.25,LOW
STU100386,20.87,33.25,48.95,49.25,78.18,35.72,41.05,MODERATE
STU100387,29.17,39.9,57.99,48.75,81.83,46.58,47.56,MODERATE
STU100388,42.96,44.98,51.85,52.75,87.72,41.63,51.05,MODERATE
STU100389,20.78,34.64,54.21,40.5,75.68,35.85,40.89,MODERATE
STU100390,26.3,25.24,46.52,49.75,65.55,22.82,37.17,MODERATE
STU100391,52.52,46.26,55.08,57.75,62.4,31.81,51.17,MODERATE
STU100392,29.82,31.81,45.7,55.0,47.3,33.19,39.36,MODERATE
STU100393,33.63,52.94,41.23,68.0,73.68,49.56,50.73,MODERATE
STU100394,23.59,48.59,46.24,35.0,68.3,30.64,41.26,MODERATE
STU100395,7.93,26.49,37.96,41.75,44.95,23.76,28.93,LOW
STU100396,44.09,32.47,43.28,49.5,57.45,34.38,42.2,MODERATE
STU100397,1.39,28.52,37.88,26.0,31.65,27.83,24.83,LOW
STU100398,0.0,3.86,46.04,9.0,29.02,0.0,14.42,LOW
STU100399,6.88,11.97,50.5,23.25,37.6,16.53,23.37,LOW
STU100400,15.96,32.16,72.03,25.25,62.78,30.43,38.75,MODERATE
STU100401,15.28,17.88,36.85,9.5,53.0,6.37,22.26,LOW
STU100402,44.46,48.62,60.34,45.25,85.12,51.62,53.58,MODERATE
STU100403,46.14,46.33,49.44,40.75,87.18,41.3,49.66,MODERATE
STU100404,26.93,35.58,58.64,43.25,59.42,33.07,41.75,MODERATE
STU100405,26.24,24.02,51.05,46.25,53.82,17.36,35.52,MODERATE
STU100406,18.78,31.95,63.64,24.25,28.1,30.1,33.93,MODERATE
STU100407,21.05,40.21,53.71,37.5,81.12,38.26,42.57,MODERATE
STU100408,14.33,27.14,62.0,51.25,47.53,35.61,38.05,MODERATE
STU100409,26.67,25.14,28.29,43.5,73.55,13.82,32.54,MODERATE
STU100410,16.47,22.87,27.74,46.25,61.5,19.07,29.55,LOW
STU100411,20.4,32.03,66.69,35.25,50.55,36.44,39.41,MODERATE
STU100412,34.85,49.46,33.76,46.25,68.2,48.54,44.7,MODERATE
STU100413,28.45,29.81,53.99,40.75,62.25,30.73,39.35,MODERATE
STU100414,16.93,25.56,51.9,33.5,56.03,20.1,32.79,MODERATE
STU100415,12.36,33.45,50.31,53.0,48.45,30.97,36.79,MODERATE
STU100416,13.89,29.25,41.3,33.0,59.9,26.05,31.9,MODERATE
STU100417,1.68,13.32,27.94,35.75,40.0,8.4,19.46,LOW
STU100418,15.57,17.14,64.36,30.25,40.28,19.13,30.75,MODERATE
STU100419,27.13,45.54,65.77,57.5,82.98,47.54,51.64,MODERATE
STU100420,22.01,37.54,50.59,30.25,39.32,46.74,37.05,MODERATE
STU100421,52.18,37.29,49.31,49.0,50.25,20.05,44.0,MODERATE
STU100422,26.62,28.34,60.69,38.25,47.38,30.74,38.1,MODERATE
STU100423,31.83,43.41,56.68,33.25,62.4,59.75,45.76,MODERATE
STU100424,0.0,24.89,44.02,18.25,64.95,13.37,25.6,LOW
STU100425,13.83,26.54,50.62,31.0,67.25,36.26,34.53,MODERATE
STU100426,7.93,8.17,61.73,28.25,46.25,5.75,25.41,LOW
STU100427,14.08,12.86,47.92,34.75,54.95,7.44,27.07,LOW
STU100428,12.76,33.72,60.45,41.5,58.72,33.73,38.54,MODERATE
STU100429,15.1,36.99,48.3,40.25,100.0,43.46,42.31,MODERATE
STU100430,6.51,17.16,45.48,32.5,28.62,6.84,23.11,LOW
STU100431,36.11,30.71,50.96,51.5,67.18,20.0,41.53,MODERATE
STU100432,52.71,45.46,51.46,59.0,62.4,44.07,51.7,MODERATE
STU100433,5.08,16.52,50.05,34.5,23.55,21.89,24.88,LOW
STU100434,19.19,30.6,51.56,35.25,64.2,34.31,36.94,MODERATE
STU100435,10.18,12.17,51.55,17.0,60.13,16.94,25.65,LOW
STU100436,16.91,30.73,59.48,35.5,53.15,27.89,36.39,MODERATE
STU100437,32.08,32.93,54.28,33.0,58.03,33.78,39.64,MODERATE
STU100438,0.0,14.53,54.9,23.5,41.78,22.08,24.52,LOW
STU100439,43.52,39.86,50.21,57.25,56.18,29.76,45.89,MODERATE
STU100440,37.68,34.01,74.2,53.5,68.65,37.29,49.5,MODERATE
STU100441,35.58,40.02,67.55,46.0,63.12,42.84,48.13,MODERATE
STU100442,51.55,58.92,40.19,64.25,91.4,49.77,56.83,MODERATE
STU100443,8.6,14.0,54.31,37.0,33.52,17.76,26.76,LOW
STU100444,19.36,30.41,40.14,45.75,75.0,35.2,37.38,MODERATE
STU100445,2.22,25.67,63.0,26.5,62.2,29.96,32.65,MODERATE
STU100446,16.05,34.66,27.94,30.25,47.1,25.02,29.21,LOW
STU100447,16.21,22.19,64.8,27.25,49.65,21.47,32.95,MODERATE
STU100448,32.01,35.88,46.02,49.5,59.4,30.77,41.02,MODERATE
STU100449,45.32,39.39,51.68,40.25,81.68,34.68,46.92,MODERATE
STU100450,21.08,26.34,50.58,31.75,55.15,26.37,33.83,MODERATE
STU100451,17.78,24.1,77.6,32.25,68.65,29.45,39.75,MODERATE
STU100452,12.86,28.86,30.9,48.25,62.4,6.57,30.1,MODERATE
STU100453,32.03,34.38,53.78,52.0,81.83,32.19,44.96,MODERATE
STU100454,30.41,42.57,42.15,65.25,74.28,34.34,45.8,MODERATE
STU100455,23.41,22.52,53.46,33.25,65.5,21.5,34.69,MODERATE
STU100456,34.05,36.74,49.82,34.0,87.98,35.94,43.45,MODERATE
STU100457,18.02,28.04,53.68,26.0,70.68,38.73,36.19,MODERATE
STU100458,22.64,31.87,38.95,50.0,58.6,33.35,36.98,MODERATE
STU100459,24.76,36.12,61.73,36.25,67.52,42.14,42.73,MODERATE
STU100460,19.22,27.61,72.78,33.0,67.4,39.76,40.97,MODERATE
STU100461,9.03,17.52,40.49,51.5,43.7,4.39,26.82,LOW
STU100462,0.0,0.96,49.41,15.75,13.45,1.44,13.97,LOW
STU100463,30.32,17.36,60.24,32.0,39.78,20.48,33.28,MODERATE
STU100464,4.94,12.37,63.92,7.0,67.45,12.3,25.89,LOW
STU100465,23.71,38.6,33.65,55.25,71.82,31.8,39.77,MODERATE
STU100466,49.37,44.59,56.61,52.5,88.28,46.69,53.72,MODERATE
STU100467,35.71,28.56,41.14,38.5,88.18,35.1,40.61,MODERATE
STU100468,12.81,16.16,56.16,39.5,65.75,8.15,31.15,MODERATE
STU100469,9.42,27.91,43.92,33.5,42.0,30.04,29.87,LOW
STU100470,11.15,10.26,47.98,9.0,42.0,6.05,20.55,LOW
STU100471,42.09,60.9,47.65,70.75,99.55,54.75,59.22,LOW
STU100472,0.0,18.56,53.65,14.0,51.82,13.96,24.05,LOW
STU100473,33.38,22.19,62.19,25.75,43.95,28.96,35.82,MODERATE
STU100474,43.6,46.61,71.96,60.75,100.0,55.45,59.42,LOW
STU100475,31.57,22.48,58.58,39.75,62.75,28.67,38.75,MODERATE
STU100476,14.68,31.72,38.36,45.5,63.92,24.66,34.22,MODERATE
STU100477,22.86,24.43,78.14,20.0,75.85,33.28,40.22,MODERATE
STU100478,13.82,23.24,55.64,23.75,58.53,26.76,31.79,MODERATE
STU100479,7.65,20.24,60.28,47.25,42.78,18.07,31.82,MODERATE
STU100480,50.3,46.33,47.15,48.5,95.15,40.82,51.94,MODERATE
STU100481,36.35,38.78,42.48,55.0,54.87,42.44,43.44,MODERATE
STU100482,59.63,44.77,43.19,65.0,78.82,35.31,52.92,MODERATE
STU100483,4.05,21.92,27.95,28.75,54.87,10.99,22.78,LOW
STU100484,0.0,10.97,60.8,0.0,59.28,17.22,22.55,LOW
STU100485,39.25,45.89,41.0,46.0,80.32,57.32,48.19,MODERATE
STU100486,40.26,40.47,55.85,50.0,98.95,48.99,51.63,MODERATE
STU100487,25.92,40.97,71.76,48.25,82.35,43.25,49.58,MODERATE
STU100488,5.41,31.07,52.24,35.25,66.27,22.79,33.49,MODERATE
STU100489,18.94,20.66,27.75,20.0,45.45,23.51,24.4,LOW
STU100490,36.94,47.93,49.86,45.25,71.05,44.8,47.72,MODERATE
STU100491,4.24,18.46,39.3,31.25,60.3,9.21,24.96,LOW
STU100492,18.28,13.86,38.84,31.5,55.12,18.8,27.01,LOW
STU100493,11.71,21.15,48.98,18.0,51.82,10.64,26.37,LOW
STU100494,56.53,42.75,35.21,42.5,71.47,43.63,46.92,MODERATE
STU100495,7.8,16.24,49.65,37.25,37.32,32.19,28.09,LOW
STU100496,14.63,22.43,52.5,22.75,40.77,30.05,29.53,LOW
STU100497,0.0,17.51,71.45,28.75,31.33,20.63,28.18,LOW
STU100498,31.7,30.37,43.81,38.25,64.85,28.05,37.72,MODERATE
STU100499,24.78,34.28,57.88,57.75,90.48,32.95,46.11,MODERATE
STU100500,34.65,47.07,17.74,61.25,91.15,22.51,42.8,MODERATE
STU100501,34.22,41.43,45.16,41.5,71.5,40.49,43.66,MODERATE
STU100502,17.68,32.54,45.48,38.75,79.5,29.88,37.52,MODERATE
STU100503,12.25,26.09,67.82,27.5,62.4,29.16,35.82,MODERATE
STU100504,11.5,12.02,50.59,17.5,44.32,7.5,23.23,LOW
STU100505,34.32,37.97,24.33,35.0,82.7,21.14,36.86,MODERATE
STU100506,18.39,36.36,37.34,41.75,83.93,35.18,38.41,MODERATE
STU100507,38.46,34.15,29.69,42.25,78.75,31.48,39.53,MODERATE
STU100508,16.2,39.91,64.42,48.75,94.65,32.4,46.12,MODERATE
STU100509,12.12,24.26,41.0,18.75,43.82,28.71,26.75,LOW
STU100510,20.34,34.38,54.66,33.5,52.1,41.32,37.96,MODERATE
STU100511,18.17,25.64,54.12,38.25,69.88,26.35,36.23,MODERATE
STU100512,22.45,16.32,58.28,29.5,74.22,20.38,34.11,MODERATE
STU100513,16.04,31.4,50.03,13.75,38.7,31.05,30.1,MODERATE
STU100514,23.79,29.88,39.51,29.25,47.92,23.06,31.62,MODERATE
STU100515,29.06,30.94,42.08,50.25,82.85,19.08,39.69,MODERATE
STU100516,11.87,17.98,50.66,9.25,34.23,9.83,22.79,LOW
STU100517,17.44,30.73,32.18,22.75,56.95,21.85,28.9,LOW
STU100518,15.35,39.58,58.39,32.5,65.05,38.15,39.84,MODERATE
STU100519,25.62,21.16,44.78,39.0,72.0,21.13,34.53,MODERATE
STU100520,18.9,26.17,60.32,38.5,76.27,40.39,39.83,MODERATE
STU100521,22.23,19.24,58.96,40.0,65.9,19.15,35.55,MODERATE
STU100522,30.15,38.07,52.01,42.25,52.15,44.25,41.93,MODERATE
STU100523,6.24,14.51,39.01,20.25,52.98,8.78,21.89,LOW
STU100524,21.58,35.96,71.96,53.0,61.35,48.41,46.62,MODERATE
STU100525,29.33,27.02,35.9,33.25,64.35,11.61,32.38,MODERATE
STU100526,33.07,33.04,54.8,47.25,70.8,38.58,43.86,MODERATE
STU100527,14.05,40.94,52.98,52.0,79.45,24.54,41.84,MODERATE
STU100528,42.59,55.76,57.91,72.5,90.82,40.35,58.03,MODERATE
STU100529,11.5,20.02,58.24,24.75,46.35,19.1,29.21,LOW
STU100530,7.34,6.81,60.41,8.25,45.78,6.78,21.75,LOW
STU100531,34.33,45.35,49.3,58.25,92.28,44.87,50.52,MODERATE
STU100532,34.39,43.38,58.58,53.0,100.0,43.29,51.72,MODERATE
STU100533,9.41,23.42,49.47,5.0,74.53,17.63,27.6,LOW
STU100534,15.33,27.24,38.94,48.5,79.4,31.32,36.01,MODERATE
STU100535,12.82,10.51,54.28,33.5,39.3,15.48,26.55,LOW
STU100536,28.64,41.09,40.86,32.5,67.42,26.44,38.43,MODERATE
STU100537,47.59,35.49,41.72,53.75,62.5,38.74,44.92,MODERATE
STU100538,27.81,28.83,46.41,49.75,61.08,35.87,39.21,MODERATE
STU100539,56.04,51.24,63.77,57.5,94.98,51.07,60.0,HIGH
STU100540,44.87,39.83,59.24,46.5,91.45,37.13,50.61,MODERATE
STU100541,0.0,24.65,66.56,21.5,47.35,23.59,29.79,LOW
STU100542,0.0,22.74,63.46,21.0,41.45,25.74,28.25,LOW
STU100543,19.76,16.86,42.84,26.0,13.9,12.3,23.26,LOW
STU100544,15.48,27.44,46.94,34.25,60.2,21.31,32.63,MODERATE
STU100545,55.61,58.38,46.52,66.5,87.2,51.1,58.83,MODERATE
STU100546,26.69,39.84,40.76,38.0,73.58,36.33,40.14,MODERATE
STU100547,12.5,10.32,34.71,17.25,51.4,8.42,20.59,LOW
STU100548,6.84,13.12,65.79,25.25,27.28,21.1,26.43,LOW
STU100549,0.0,14.28,68.16,13.5,18.42,22.35,23.3,LOW
STU100550,18.28,33.96,55.59,55.25,62.78,36.48,41.48,MODERATE
STU100551,25.6,45.98,52.14,56.75,90.62,43.35,48.95,MODERATE
STU100552,24.22,26.55,46.68,48.0,57.28,35.12,37.26,MODERATE
STU100553,33.47,35.46,46.58,44.75,58.78,34.5,40.92,MODERATE
STU100554,0.0,14.26,24.14,1.0,11.3,4.57,10.13,LOW
STU100555,11.85,20.5,36.5,47.5,49.8,27.25,29.63,LOW
STU100556,16.77,29.19,21.82,44.5,73.92,21.63,31.25,MODERATE
STU100557,27.07,34.87,38.86,32.0,45.48,28.17,34.07,MODERATE
STU100558,25.77,21.54,74.82,36.5,46.8,31.35,38.79,MODERATE
STU100559,10.2,21.66,53.38,28.25,41.4,12.48,27.76,LOW
STU100560,37.78,34.71,62.94,34.0,67.8,40.11,44.71,MODERATE
STU100561,21.65,40.74,59.81,45.0,65.75,28.87,42.69,MODERATE
STU100562,0.0,10.18,34.84,24.5,36.43,8.23,17.65,LOW
STU100563,24.66,50.76,53.69,59.25,90.3,47.33,51.01,MODERATE
STU100564,0.0,8.86,60.02,12.5,36.25,14.45,21.16,LOW
STU100565,50.23,48.32,64.5,55.75,62.4,55.71,55.2,MODERATE
STU100566,34.79,31.97,76.4,44.75,67.0,34.1,47.05,MODERATE
STU100567,4.61,23.74,35.2,22.25,46.92,25.86,24.51,LOW
STU100568,10.02,35.27,34.67,34.25,66.42,31.38,32.67,MODERATE
STU100569,41.89,48.48,49.44,54.75,62.4,45.81,49.42,MODERATE
STU100570,20.54,25.26,52.58,37.5,56.15,29.81,35.16,MODERATE
STU100571,20.49,32.56,41.11,30.25,83.75,26.1,35.98,MODERATE
STU100572,35.7,32.26,38.89,37.75,52.92,21.03,36.04,MODERATE
STU100573,40.35,37.66,49.25,63.5,67.5,28.53,46.46,MODERATE
STU100574,31.82,38.84,50.62,45.25,70.68,47.05,44.76,MODERATE
STU100575,24.61,35.44,47.75,49.0,63.85,34.53,40.52,MODERATE
STU100576,0.0,9.65,38.75,8.75,32.32,0.0,14.71,LOW
STU100577,15.78,35.62,38.88,30.0,72.45,30.6,34.64,MODERATE
STU100578,40.38,37.18,71.72,14.25,63.42,35.99,43.79,MODERATE
STU100579,21.65,29.55,37.5,65.75,52.75,23.11,36.67,MODERATE
STU100580,21.65,10.53,65.18,12.5,32.35,11.02,26.21,LOW
STU100581,48.65,47.72,61.52,57.5,96.78,35.45,55.81,MODERATE
STU100582,24.08,27.12,56.49,34.5,61.5,26.97,36.92,MODERATE
STU100583,16.77,29.7,50.46,35.75,55.48,27.57,34.54,MODERATE
STU100584,43.5,41.23,73.79,54.0,78.8,49.36,54.68,MODERATE
STU100585,35.32,35.05,39.84,51.0,62.8,28.41,40.57,MODERATE
STU100586,20.2,25.96,55.6,33.25,52.82,26.22,34.54,MODERATE
STU100587,33.89,37.04,58.5,43.5,65.82,36.67,44.51,MODERATE
STU100588,13.41,22.94,51.72,30.25,33.45,17.72,28.42,LOW
STU100589,10.93,3.17,51.31,14.25,53.48,7.39,21.46,LOW
STU100590,21.65,32.4,46.54,40.5,29.85,28.63,33.66,MODERATE
STU100591,30.14,40.44,49.11,31.0,72.6,56.22,43.49,MODERATE
STU100592,15.1,36.69,33.03,45.0,42.4,38.26,33.61,MODERATE
STU100593,36.28,36.52,61.66,34.5,79.08,35.38,45.34,MODERATE
STU100594,23.58,30.4,47.5,46.25,63.0,32.41,38.29,MODERATE
STU100595,21.7,31.2,53.34,34.0,58.22,29.36,36.67,MODERATE
STU100596,19.04,20.92,48.31,32.0,46.78,14.47,29.63,LOW
STU100597,7.55,12.86,58.75,32.5,30.67,6.5,25.07,LOW
STU100598,16.0,30.1,55.04,43.75,58.08,32.08,37.31,MODERATE
STU100599,30.19,34.52,28.54,58.25,70.05,34.44,39.56,MODERATE
STU100600,0.0,15.96,46.38,28.25,46.52,4.14,22.57,LOW
STU100601,17.41,18.61,41.39,31.0,50.0,21.97,28.26,LOW
STU100602,33.19,32.3,39.16,34.25,53.35,28.82,35.9,MODERATE
STU100603,8.52,34.39,49.11,28.25,72.68,28.87,34.52,MODERATE
STU100604,14.94,17.08,45.55,28.5,54.72,19.34,28.05,LOW
STU100605,28.19,24.46,52.52,50.5,83.68,12.57,39.46,MODERATE
STU100606,45.16,49.56,46.06,72.25,92.62,39.41,54.67,MODERATE
STU100607,26.4,23.35,51.94,33.75,65.65,26.31,35.76,MODERATE
STU100608,8.29,14.54,41.04,38.75,49.52,14.06,25.67,LOW
STU100609,5.35,12.73,43.89,16.75,54.45,3.23,21.31,LOW
STU100610,22.18,35.88,45.61,34.75,73.7,51.03,40.21,MODERATE
STU100611,12.43,30.17,76.45,39.75,47.85,35.5,39.62,MODERATE
STU100612,11.5,26.16,49.54,33.75,66.22,18.03,32.24,MODERATE
STU100613,19.45,23.56,64.98,40.25,72.88,41.44,40.25,MODERATE
STU100614,7.79,31.32,49.22,41.5,51.0,26.95,33.25,MODERATE
STU100615,16.94,23.74,53.96,35.5,50.52,21.95,32.69,MODERATE
STU100616,23.72,27.3,59.28,40.75,54.02,23.95,37.33,MODERATE
STU100617,19.59,25.2,60.31,35.25,57.2,22.38,35.53,MODERATE
STU100618,12.93,10.31,56.21,36.5,52.08,4.23,27.51,LOW
STU100619,26.37,31.92,47.59,46.5,78.0,29.21,40.47,MODERATE
STU100620,34.72,23.28,54.76,30.25,65.82,11.05,35.94,MODERATE
STU100621,25.83,39.22,52.9,36.5,90.4,43.54,44.42,MODERATE
STU100622,35.45,40.8,51.56,31.5,83.28,39.7,44.62,MODERATE
STU100623,51.42,50.24,37.18,63.5,71.1,46.18,51.53,MODERATE
STU100624,30.44,32.06,49.81,29.75,59.55,17.13,36.2,MODERATE
STU100625,16.44,27.18,36.4,41.25,39.97,17.3,29.28,LOW
STU100626,17.75,36.08,47.74,33.25,52.12,34.08,35.73,MODERATE
STU100627,27.51,36.34,57.05,23.25,66.55,37.99,39.94,MODERATE
STU100628,33.59,25.89,46.16,28.0,59.95,34.74,36.09,MODERATE
STU100629,21.65,13.34,55.32,5.25,62.4,0.0,25.76,LOW
STU100630,18.09,38.39,36.17,48.0,59.32,33.34,36.92,MODERATE
STU100631,28.6,37.77,55.21,53.25,67.73,39.04,44.87,MODERATE
STU100632,10.06,30.39,67.31,46.75,64.03,38.71,40.36,MODERATE
STU100633,0.0,3.96,51.88,13.75,32.48,9.41,17.62,LOW
STU100634,37.01,40.9,59.78,49.75,83.1,48.64,50.22,MODERATE
STU100635,21.65,15.73,74.61,29.25,53.42,21.02,35.02,MODERATE
STU100636,0.0,18.26,42.76,37.0,53.7,20.08,26.04,LOW
STU100637,45.46,55.45,66.75,71.25,98.92,59.62,62.85,HIGH
STU100638,10.02,21.24,51.8,29.25,58.35,13.94,29.29,LOW
STU100639,24.67,18.49,33.79,31.25,59.18,11.46,28.07,LOW
STU100640,27.27,30.88,42.9,51.0,56.62,27.24,37.79,MODERATE
STU100641,16.13,37.71,55.59,62.25,89.82,51.73,47.26,MODERATE
STU100642,22.65,41.18,81.35,50.0,67.15,44.45,49.76,MODERATE
STU100643,37.64,33.74,57.41,53.75,78.95,41.72,47.57,MODERATE
STU100644,29.87,27.2,25.66,48.5,77.62,15.3,34.47,MODERATE
STU100645,15.56,28.85,68.51,47.25,79.4,24.4,41.49,MODERATE
STU100646,22.49,31.12,39.2,43.0,61.78,20.22,34.77,MODERATE
STU100647,6.26,18.81,56.08,37.0,72.85,23.7,32.38,MODERATE
STU100648,34.88,41.25,64.11,33.5,78.6,55.22,48.52,MODERATE
STU100649,43.66,53.66,24.19,70.5,88.18,28.87,49.26,MODERATE
STU100650,11.71,18.32,61.05,11.75,56.53,37.17,30.26,MODERATE
STU100651,30.97,32.67,51.48,41.25,63.1,30.31,40.19,MODERATE
STU100652,18.58,31.2,17.0,48.0,83.5,27.54,33.22,MODERATE
STU100653,21.43,30.17,60.58,33.75,64.72,40.2,39.5,MODERATE
STU100654,13.83,20.05,23.31,38.75,75.0,13.3,27.08,LOW
STU100655,23.92,29.14,61.27,51.0,44.72,36.71,40.12,MODERATE
STU100656,4.66,23.41,52.61,15.5,44.15,20.66,26.11,LOW
STU100657,29.91,31.18,67.25,68.75,73.85,34.0,48.32,MODERATE
STU100658,19.03,27.97,56.4,43.5,78.97,30.38,39.54,MODERATE
STU100659,47.24,61.92,67.36,63.5,99.18,56.77,63.52,HIGH
STU100660,15.51,13.18,56.3,10.5,47.85,24.4,26.46,LOW
STU100661,25.92,27.13,55.55,43.25,62.4,27.38,38.54,MODERATE
STU100662,9.24,14.81,54.84,5.75,47.47,16.39,23.77,LOW
STU100663,10.86,20.42,41.44,25.0,52.55,15.23,26.09,LOW
STU100664,3.79,19.19,78.79,51.25,49.97,24.52,36.45,MODERATE
STU100665,25.77,29.02,50.66,50.25,64.75,28.42,39.4,MODERATE
STU100666,15.53,30.49,47.4,30.5,52.4,32.91,33.31,MODERATE
STU100667,34.57,43.1,48.35,59.5,84.9,29.72,47.75,MODERATE
STU100668,23.06,40.76,47.1,47.25,93.35,48.55,45.5,MODERATE
STU100669,20.2,28.85,25.05,42.75,40.92,24.54,29.22,LOW
STU100670,26.99,40.49,36.0,56.5,67.5,26.77,40.62,MODERATE
STU100671,5.18,3.36,58.41,28.0,18.55,5.27,20.14,LOW
STU100672,19.3,30.54,54.16,25.25,60.3,37.46,35.89,MODERATE
STU100673,42.19,42.65,60.2,64.25,43.12,50.19,50.11,MODERATE
STU100674,35.35,35.53,59.98,31.75,65.58,40.17,43.29,MODERATE
STU100675,18.97,35.44,60.01,26.5,46.18,37.05,36.95,MODERATE
STU100676,22.38,26.21,33.06,41.25,63.1,10.68,31.21,MODERATE
STU100677,17.26,28.09,50.88,46.5,56.35,22.85,35.55,MODERATE
STU100678,13.65,31.2,51.61,31.75,62.9,39.6,35.86,MODERATE
STU100679,37.94,53.05,48.41,59.25,89.52,52.24,53.6,MODERATE
STU100680,50.6,55.05,44.96,77.75,82.5,36.91,56.48,MODERATE
STU100681,28.16,32.51,48.48,25.5,68.23,21.2,36.22,MODERATE
STU100682,13.32,20.11,69.38,38.25,43.7,35.08,35.18,MODERATE
STU100683,29.39,33.18,48.02,55.0,56.65,25.7,40.26,MODERATE
STU100684,0.0,17.27,61.91,19.5,26.28,18.95,24.15,LOW
STU100685,22.65,28.13,38.41,38.75,57.95,31.28,33.98,MODERATE
STU100686,3.7,20.14,69.3,7.5,61.02,27.38,29.6,LOW
STU100687,14.71,16.98,38.91,26.5,49.22,20.85,25.95,LOW
STU100688,21.65,18.64,48.28,27.5,62.4,28.87,31.9,MODERATE
STU100689,24.93,37.04,40.95,49.5,62.4,29.8,39.08,MODERATE
STU100690,32.7,31.86,46.62,35.5,45.78,37.57,37.49,MODERATE
STU100691,4.12,18.0,42.22,20.25,29.95,5.9,20.39,LOW
STU100692,19.6,31.12,51.21,31.75,60.22,29.72,35.7,MODERATE
STU100693,13.08,25.13,43.91,29.25,23.8,40.38,28.49,LOW
STU100694,35.04,39.38,60.1,58.5,87.68,49.16,51.33,MODERATE
STU100695,16.85,6.0,65.0,6.25,37.07,21.03,24.62,LOW
STU100696,25.42,37.53,56.0,50.5,88.02,33.23,45.37,MODERATE
STU100697,37.03,58.12,60.8,55.5,100.0,60.42,58.46,MODERATE
STU100698,16.42,36.12,65.03,29.75,82.52,37.17,41.75,MODERATE
STU100699,58.93,51.82,70.32,74.0,62.4,51.77,61.32,HIGH
STU100700,35.27,52.18,42.76,30.0,69.5,51.48,45.25,MODERATE
STU100701,0.0,0.0,50.0,11.75,35.17,0.0,15.28,LOW
STU100702,41.88,27.66,50.69,48.5,66.95,31.89,42.59,MODERATE
STU100703,44.1,44.68,32.2,50.5,73.82,43.49,45.74,MODERATE
STU100704,30.37,29.4,50.62,33.25,87.55,43.23,41.61,MODERATE
STU100705,30.1,45.05,59.8,48.0,53.82,43.36,46.16,MODERATE
STU100706,24.68,26.02,49.4,19.5,36.38,23.37,30.22,MODERATE
STU100707,40.51,42.64,70.28,46.5,65.7,49.9,51.35,MODERATE
STU100708,22.91,29.15,21.98,16.0,43.42,19.12,24.92,LOW
STU100709,29.6,36.74,56.31,52.25,100.0,41.27,48.33,MODERATE
STU100710,0.0,3.8,59.5,12.5,26.25,11.05,18.46,LOW
STU100711,13.53,27.57,49.28,36.0,39.22,28.87,31.66,MODERATE
STU100712,32.0,30.03,51.91,35.25,64.78,31.08,39.16,MODERATE
STU100713,30.95,31.78,42.75,37.0,57.6,28.87,36.88,MODERATE
STU100714,23.38,30.34,45.01,42.5,52.7,31.74,36.08,MODERATE
STU100715,41.9,41.7,49.64,54.5,65.12,45.02,47.92,MODERATE
STU100716,22.69,40.81,55.79,37.75,77.55,43.85,43.7,MODERATE
STU100717,0.0,8.87,55.65,0.0,30.12,16.26,17.99,LOW
STU100718,29.63,36.74,46.01,44.25,91.68,30.52,43.17,MODERATE
STU100719,61.03,50.86,49.42,48.25,88.3,48.3,55.7,MODERATE
STU100720,28.63,38.44,59.1,44.5,70.62,37.44,44.64,MODERATE
STU100721,16.96,21.0,33.59,6.5,46.7,21.35,23.14,LOW
STU100722,23.8,31.9,54.44,36.5,51.78,46.41,38.92,MODERATE
STU100723,24.87,30.75,49.08,38.0,61.02,26.42,36.92,MODERATE
STU100724,20.63,14.87,44.16,15.5,43.12,25.06,25.82,LOW
STU100725,33.17,34.58,52.32,51.0,51.25,32.92,41.81,MODERATE
STU100726,24.09,22.18,61.74,26.0,64.98,34.76,36.58,MODERATE
STU100727,35.23,37.57,32.79,34.25,55.12,36.86,37.33,MODERATE
STU100728,11.63,19.67,41.08,23.25,37.45,28.87,25.58,LOW
STU100729,21.07,29.62,25.38,42.75,57.8,15.91,30.48,MODERATE
STU100730,25.04,34.22,49.08,38.75,71.18,37.24,40.03,MODERATE
STU100731,19.23,15.45,52.64,20.5,45.92,8.46,26.75,LOW
STU100732,18.2,19.24,41.39,21.75,61.33,13.03,27.43,LOW
STU100733,29.3,29.02,54.69,33.0,72.0,34.88,39.69,MODERATE
STU100734,44.76,37.9,39.4,40.5,67.92,34.75,42.65,MODERATE
STU100735,2.22,19.4,41.4,24.75,49.55,18.39,24.08,LOW
STU100736,28.26,29.26,54.11,36.0,56.58,30.48,37.9,MODERATE
STU100737,26.08,35.34,62.42,38.25,82.15,46.95,45.18,MODERATE
STU100738,41.51,41.48,60.09,38.5,64.12,45.46,47.42,MODERATE
STU100739,19.35,28.63,75.0,18.5,26.7,42.06,35.68,MODERATE
STU100740,15.27,36.46,40.46,42.0,33.3,27.05,32.6,MODERATE
STU100741,23.77,37.44,25.74,40.75,77.88,17.81,34.94,MODERATE
STU100742,35.7,25.29,67.22,46.25,71.5,26.48,43.64,MODERATE
STU100743,22.42,21.26,60.18,45.5,58.05,25.72,37.04,MODERATE
STU100744,20.58,35.15,62.11,37.5,53.08,35.52,39.81,MODERATE
STU100745,12.51,19.31,37.06,10.5,45.6,0.13,20.89,LOW
STU100746,9.63,7.24,44.98,21.0,30.15,7.16,19.61,LOW
STU100747,13.66,28.14,43.19,14.25,46.45,35.37,28.72,LOW
STU100748,5.15,8.73,42.74,21.75,62.55,0.0,21.28,LOW
STU100749,29.84,23.21,33.29,37.0,60.25,15.64,31.57,MODERATE
STU100750,13.54,26.18,62.15,37.5,66.2,31.86,37.11,MODERATE
STU100751,12.25,13.81,45.42,28.0,53.08,12.08,25.7,LOW
STU100752,0.0,19.87,62.5,35.25,50.95,28.87,30.74,MODERATE
STU100753,11.83,22.34,47.9,39.5,38.08,37.61,31.02,MODERATE
STU100754,13.35,25.54,51.88,39.75,51.97,31.07,33.7,MODERATE
STU100755,0.0,9.78,49.21,12.25,37.55,2.46,18.13,LOW
STU100756,31.05,21.13,63.96,50.75,42.98,28.99,39.09,MODERATE
STU100757,29.62,28.34,33.95,43.75,74.6,6.21,34.44,MODERATE
STU100758,20.9,33.15,61.85,36.5,60.72,29.81,39.37,MODERATE
STU100759,22.67,30.16,62.18,55.75,58.28,49.27,43.63,MODERATE
STU100760,29.2,50.01,59.63,61.75,88.82,58.33,54.25,MODERATE
STU100761,0.0,20.04,53.32,13.0,51.7,19.29,24.72,LOW
STU100762,28.24,40.31,59.01,42.25,88.35,42.57,46.96,MODERATE
STU100763,14.22,32.37,45.69,30.75,50.8,30.52,32.82,MODERATE
STU100764,44.58,45.99,58.9,55.75,69.38,41.1,51.6,MODERATE
STU100765,24.62,21.0,50.64,35.25,52.45,9.76,31.81,MODERATE
STU100766,39.45,40.7,44.09,48.0,89.35,34.18,46.44,MODERATE
STU100767,30.13,48.3,46.84,37.25,78.03,58.41,46.7,MODERATE
STU100768,8.29,26.12,40.46,32.75,39.28,23.95,27.52,LOW
STU100769,24.54,43.47,64.7,47.25,84.2,52.95,49.52,MODERATE
STU100770,30.23,37.46,46.11,39.75,73.7,41.39,42.1,MODERATE
STU100771,6.53,17.91,38.25,35.0,57.82,11.93,25.66,LOW
STU100772,15.95,29.34,64.28,25.5,35.5,39.69,34.72,MODERATE
STU100773,41.01,35.04,27.61,50.0,80.0,20.55,40.04,MODERATE
STU100774,31.87,34.54,61.94,53.5,69.92,35.03,45.92,MODERATE
STU100775,11.38,28.72,53.31,28.5,43.38,26.23,31.35,MODERATE
STU100776,22.28,27.05,59.48,47.75,71.55,36.56,41.09,MODERATE
STU100777,18.09,8.56,53.85,15.0,55.58,14.29,25.76,LOW
STU100778,34.55,46.49,62.09,55.0,78.35,45.23,51.56,MODERATE
STU100779,19.64,31.53,66.26,58.25,53.62,40.69,43.23,MODERATE
STU100780,31.61,18.21,54.9,31.25,39.32,19.15,32.39,MODERATE
STU100781,0.0,3.44,50.41,13.25,18.15,0.0,14.74,LOW
STU100782,44.85,37.14,56.04,49.0,97.3,33.16,49.86,MODERATE
STU100783,25.07,38.41,63.19,40.25,67.88,39.24,44.0,MODERATE
STU100784,33.4,18.96,42.01,25.75,90.98,22.96,35.08,MODERATE
STU100785,40.73,41.92,75.91,58.25,53.2,39.61,51.83,MODERATE
STU100786,26.16,33.74,48.32,43.75,57.65,31.05,38.76,MODERATE
STU100787,9.34,25.87,61.64,28.0,61.55,38.25,34.84,MODERATE
STU100788,3.48,13.87,38.44,16.25,66.75,6.39,21.6,LOW
STU100789,18.55,42.23,71.24,49.5,83.38,56.74,49.95,MODERATE
STU100790,12.2,14.52,43.65,35.75,24.7,17.01,24.33,LOW
STU100791,37.18,36.49,46.01,53.25,64.57,25.75,42.78,MODERATE
STU100792,20.27,22.08,45.68,21.25,32.82,9.75,26.15,LOW
STU100793,5.71,17.17,88.81,20.0,40.98,33.77,33.67,MODERATE
STU100794,15.83,28.55,53.12,14.0,30.88,36.91,29.81,LOW
STU100795,31.51,25.37,65.7,52.5,90.88,32.89,46.04,MODERATE
STU100796,8.84,22.12,56.19,14.75,59.85,15.85,28.32,LOW
STU100797,19.73,35.17,51.32,45.0,79.92,37.0,41.44,MODERATE
STU100798,2.84,26.03,54.28,23.5,44.1,24.34,28.3,LOW
STU100799,28.38,34.18,58.54,42.75,79.35,31.58,43.43,MODERATE
STU100800,8.97,26.03,43.61,25.75,35.62,21.31,26.58,LOW
STU100801,33.88,51.22,51.52,49.75,73.47,43.94,49.09,MODERATE
STU100802,34.22,45.47,63.22,55.5,74.08,39.52,50.54,MODERATE
STU100803,40.6,35.75,56.91,48.0,83.7,29.03,46.91,MODERATE
STU100804,39.19,25.7,54.59,37.0,75.15,31.94,41.44,MODERATE
STU100805,39.69,44.1,48.12,55.0,76.58,33.39,47.83,MODERATE
STU100806,25.54,37.28,41.09,69.25,77.9,36.64,44.49,MODERATE
STU100807,35.75,43.74,45.82,54.25,68.23,46.77,46.89,MODERATE
STU100808,10.5,17.14,55.15,8.0,20.3,16.31,22.28,LOW
STU100809,47.32,44.11,73.62,43.75,79.95,54.96,55.27,MODERATE
STU100810,33.81,52.89,59.63,45.75,64.03,51.95,50.37,MODERATE
STU100811,18.75,21.59,70.14,34.0,55.12,33.13,37.1,MODERATE
STU100812,0.0,8.4,49.38,1.75,28.48,10.53,16.14,LOW
STU100813,34.99,23.15,53.44,36.5,79.5,15.72,38.47,MODERATE
STU100814,26.23,35.9,51.14,43.75,70.4,32.77,41.33,MODERATE
STU100815,17.08,17.06,60.08,14.0,50.58,25.38,29.39,LOW
STU100816,3.26,17.33,59.94,18.5,31.22,28.87,25.76,LOW
STU100817,6.98,23.28,45.95,26.75,59.23,22.89,28.63,LOW
STU100818,13.61,32.75,40.24,48.25,62.1,24.28,34.83,MODERATE
STU100819,12.36,25.83,33.48,29.25,55.35,15.53,27.1,LOW
STU100820,32.02,43.18,35.4,42.25,86.1,37.82,43.01,MODERATE
STU100821,26.0,28.04,81.74,41.0,88.98,32.27,46.83,MODERATE
STU100822,0.24,18.95,35.1,32.5,63.62,5.65,23.61,LOW
STU100823,5.98,20.59,39.38,26.75,45.92,7.55,23.58,LOW
STU100824,11.8,29.84,33.34,38.0,58.18,15.95,29.6,LOW
STU100825,28.03,46.44,34.98,68.25,100.0,40.29,48.48,MODERATE
STU100826,34.75,48.56,48.68,71.0,77.55,41.97,51.43,MODERATE
STU100827,29.96,42.8,56.0,29.5,46.88,43.08,41.31,MODERATE
STU100828,22.48,36.41,60.38,47.25,45.15,30.36,40.31,MODERATE
STU100829,38.2,40.75,55.88,60.25,80.2,45.46,50.61,MODERATE
STU100830,22.98,32.6,57.81,57.5,64.7,39.83,43.39,MODERATE
STU100831,2.26,5.07,37.31,7.75,27.22,0.0,13.07,LOW
STU100832,8.04,21.9,42.35,33.25,52.65,24.85,28.29,LOW
STU100833,11.02,37.75,50.91,37.75,50.43,36.05,36.13,MODERATE
STU100834,16.88,38.96,42.55,52.75,73.58,27.14,39.61,MODERATE
STU100835,21.65,46.52,38.76,52.75,85.15,44.76,44.62,MODERATE
STU100836,34.43,42.27,53.06,57.0,88.32,32.66,48.71,MODERATE
STU100837,40.18,44.99,52.6,76.0,82.58,49.47,54.41,MODERATE
STU100838,19.5,33.26,65.7,47.75,89.05,23.04,43.73,MODERATE
STU100839,8.35,18.2,63.06,44.5,52.85,19.17,32.71,MODERATE
STU100840,46.58,35.27,72.56,47.25,100.0,38.27,53.56,MODERATE
STU100841,16.54,26.74,48.72,27.5,56.38,33.06,32.81,MODERATE
STU100842,0.0,16.08,44.92,6.25,52.1,10.36,20.19,LOW
STU100843,0.0,6.44,38.21,27.25,16.58,3.44,15.34,LOW
STU100844,2.77,24.48,49.94,22.5,49.25,31.78,28.14,LOW
STU100845,17.36,29.79,38.59,45.0,64.5,8.91,32.73,MODERATE
STU100846,17.91,18.13,30.69,2.75,45.78,6.79,19.92,LOW
STU100847,11.78,15.82,40.5,8.5,52.42,13.97,22.33,LOW
STU100848,52.02,56.86,49.65,47.75,78.0,41.87,53.7,MODERATE
STU100849,13.32,14.96,40.86,12.0,31.0,14.02,20.88,LOW
STU100850,20.96,37.99,59.38,41.0,76.95,40.22,43.43,MODERATE
STU100851,16.67,34.77,37.6,47.75,83.17,25.87,37.61,MODERATE
STU100852,22.78,35.71,52.84,47.25,72.5,39.97,42.39,MODERATE
STU100853,11.72,20.22,49.59,40.5,59.05,22.31,31.53,MODERATE
STU100854,32.99,47.37,34.67,46.0,92.72,46.38,46.18,MODERATE
STU100855,20.87,35.78,63.88,27.5,72.47,39.44,41.21,MODERATE
STU100856,32.63,25.89,52.11,34.0,62.4,22.56,37.02,MODERATE
STU100857,16.86,23.68,52.16,41.0,61.75,17.36,33.78,MODERATE
STU100858,20.83,20.09,49.09,45.75,59.23,22.8,34.07,MODERATE
STU100859,26.21,38.13,44.16,39.5,61.25,31.71,38.83,MODERATE
STU100860,11.87,26.68,56.06,18.0,51.7,38.02,31.93,MODERATE
STU100861,15.05,11.92,57.69,13.0,41.62,20.01,25.64,LOW
STU100862,18.65,21.66,59.48,13.0,44.45,31.57,30.59,MODERATE
STU100863,22.84,18.68,45.39,37.0,58.53,24.19,32.14,MODERATE
STU100864,22.32,16.85,64.7,25.0,39.88,19.51,31.31,MODERATE
STU100865,20.79,18.21,50.95,15.5,83.72,20.94,31.69,MODERATE
STU100866,0.0,0.54,51.15,13.75,26.82,2.0,15.31,LOW
STU100867,18.86,17.67,40.99,26.25,51.35,12.18,26.68,LOW
STU100868,18.83,31.57,69.9,23.75,62.35,24.75,37.91,MODERATE
STU100869,40.14,38.4,55.86,58.25,84.1,35.45,49.49,MODERATE
STU100870,40.04,31.18,66.81,41.0,59.55,23.09,43.58,MODERATE
STU100871,29.19,34.16,83.46,36.0,58.4,54.12,47.72,MODERATE
STU100872,24.77,30.2,49.12,30.5,72.12,33.01,37.42,MODERATE
STU100873,18.73,26.84,44.66,36.25,70.2,32.05,35.05,MODERATE
STU100874,6.63,17.31,40.16,9.25,60.62,16.82,22.82,LOW
STU100875,50.44,48.39,67.18,50.75,77.35,51.1,56.08,MODERATE
STU100876,37.04,47.91,44.92,45.75,92.82,41.79,48.69,MODERATE
STU100877,22.94,31.36,38.25,47.25,74.57,23.83,37.01,MODERATE
STU100878,21.65,34.24,72.01,49.5,96.52,44.62,48.83,MODERATE
STU100879,24.5,43.84,58.68,32.25,82.52,47.55,45.44,MODERATE
STU100880,37.45,35.95,80.12,28.5,86.52,50.45,50.47,MODERATE
STU100881,22.86,37.16,51.42,58.25,92.48,37.72,45.9,MODERATE
STU100882,25.15,32.75,41.4,37.5,60.02,29.33,36.06,MODERATE
STU100883,29.59,32.97,64.51,44.0,59.7,44.82,44.11,MODERATE
STU100884,34.47,34.8,49.89,40.5,65.65,39.26,42.14,MODERATE
STU100885,27.55,22.95,59.96,26.5,80.45,29.7,38.23,MODERATE
STU100886,13.32,13.77,51.76,8.75,49.0,10.39,23.71,LOW
STU100887,19.56,11.93,61.73,18.75,31.92,17.51,27.0,LOW
STU100888,17.45,23.44,64.32,25.75,62.0,35.6,35.84,MODERATE
STU100889,18.37,21.37,60.0,29.0,55.05,13.32,32.2,MODERATE
STU100890,36.18,38.7,58.24,40.0,70.72,24.82,44.11,MODERATE
STU100891,10.95,24.48,87.78,46.25,60.1,35.73,42.39,MODERATE
STU100892,5.66,32.35,62.55,23.75,64.9,28.87,34.67,MODERATE
STU100893,11.41,15.3,49.62,15.75,34.95,20.15,23.9,LOW
STU100894,50.94,46.21,50.71,57.75,82.4,39.16,52.7,MODERATE
STU100895,15.91,29.86,52.85,49.0,72.95,35.08,39.37,MODERATE
STU100896,14.7,26.6,63.67,16.0,47.98,41.58,33.68,MODERATE
STU100897,23.4,35.73,31.45,36.5,80.73,34.54,36.9,MODERATE
STU100898,26.75,34.92,60.94,59.25,78.72,46.47,47.67,MODERATE
STU100899,35.4,42.4,52.66,37.0,98.9,48.39,48.49,MODERATE
STU100900,0.9,24.46,56.04,21.5,64.55,41.35,31.32,MODERATE
STU100901,31.22,37.65,34.56,40.75,90.92,37.94,41.57,MODERATE
STU100902,39.65,32.95,44.58,63.5,97.02,28.87,47.2,MODERATE
STU100903,2.94,16.36,61.35,22.75,41.9,21.2,26.67,LOW
STU100904,21.65,25.88,57.2,26.0,56.6,46.26,36.43,MODERATE
STU100905,14.32,38.1,53.7,37.75,71.52,39.99,39.94,MODERATE
STU100906,37.02,43.02,45.01,55.0,78.38,33.5,46.6,MODERATE
STU100907,21.65,25.22,38.11,30.5,89.9,24.0,34.22,MODERATE
STU100908,0.0,12.69,67.66,15.0,37.12,23.56,25.02,LOW
STU100909,43.82,48.27,65.98,52.75,100.0,40.76,56.02,MODERATE
STU100910,44.41,53.58,72.08,64.25,94.8,61.58,61.97,HIGH
STU100911,29.97,33.4,59.12,57.0,72.9,26.66,44.67,MODERATE
STU100912,33.94,30.88,51.5,37.25,57.32,18.78,38.01,MODERATE
STU100913,10.36,33.52,51.49,35.5,66.95,35.75,36.35,MODERATE
STU100914,14.63,26.55,57.56,20.25,53.48,26.39,32.1,MODERATE
STU100915,0.0,21.19,71.97,18.75,27.95,38.74,29.17,LOW
STU100916,21.32,26.93,59.02,38.0,33.12,26.56,34.47,MODERATE
STU100917,15.0,28.48,63.36,37.5,54.0,28.87,36.7,MODERATE
STU100918,11.18,27.04,50.5,34.25,59.68,22.87,32.49,MODERATE
STU100919,30.7,25.63,49.14,37.5,64.35,27.68,37.2,MODERATE
STU100920,38.34,46.75,57.95,44.0,89.55,55.22,52.02,MODERATE
STU100921,27.08,48.7,71.61,54.5,73.22,38.25,51.24,MODERATE
STU100922,39.92,44.86,69.52,57.75,66.88,50.53,53.51,MODERATE
STU100923,27.65,18.82,56.89,21.5,95.85,18.0,36.22,MODERATE
STU100924,10.29,22.68,48.92,21.0,61.12,21.1,28.88,LOW
STU100925,28.18,37.6,42.8,63.25,65.62,41.2,43.77,MODERATE
STU100926,8.65,30.39,50.54,23.75,56.5,27.71,31.42,MODERATE
STU100927,37.9,42.7,50.18,58.25,62.4,46.55,47.92,MODERATE
STU100928,39.46,43.84,67.44,54.75,98.55,47.5,55.16,MODERATE
STU100929,33.28,35.29,53.4,48.0,63.1,18.18,41.49,MODERATE
STU100930,29.7,40.59,61.41,37.0,66.7,48.39,45.43,MODERATE
STU100931,24.29,14.91,76.9,37.0,50.9,22.74,36.88,MODERATE
STU100932,33.14,28.07,26.78,38.75,73.22,30.0,35.14,MODERATE
STU100933,17.93,17.91,65.98,22.0,44.72,20.67,31.1,MODERATE
STU100934,34.83,37.46,48.78,46.5,82.12,32.12,44.49,MODERATE
STU100935,19.79,25.44,52.04,39.25,83.22,16.35,36.57,MODERATE
STU100936,0.0,8.32,39.78,13.5,24.38,8.45,15.34,LOW
STU100937,45.33,35.67,66.35,70.0,73.15,41.13,53.18,MODERATE
STU100938,8.14,24.31,53.74,17.25,52.52,18.66,28.16,LOW
STU100939,22.46,9.47,44.0,16.0,52.25,14.15,24.7,LOW
STU100940,16.47,19.88,52.1,34.25,61.98,17.06,31.73,MODERATE
STU100941,16.01,41.04,50.26,45.25,64.98,19.61,38.76,MODERATE
STU100942,8.97,9.64,47.87,23.25,55.65,2.93,23.12,LOW
STU100943,34.6,45.51,69.81,43.75,51.28,60.75,50.03,MODERATE
STU100944,19.46,40.42,48.9,31.0,78.9,51.24,41.44,MODERATE
STU100945,35.58,29.76,35.3,24.0,63.75,14.38,33.03,MODERATE
STU100946,16.47,35.72,45.3,68.5,80.35,39.55,43.55,MODERATE
STU100947,10.26,35.61,52.4,45.0,69.4,41.82,39.31,MODERATE
STU100948,9.55,20.39,56.2,15.25,37.53,22.81,26.57,LOW
STU100949,21.33,39.46,60.95,49.0,95.08,48.7,48.05,MODERATE
STU100950,35.71,30.02,47.1,29.75,71.45,36.49,39.32,MODERATE
STU100951,53.03,49.88,45.95,41.0,86.12,48.87,51.92,MODERATE
STU100952,28.0,32.09,61.4,49.0,68.6,33.32,43.44,MODERATE
STU100953,29.29,37.45,57.71,50.75,68.95,49.51,46.22,MODERATE
STU100954,36.15,39.34,50.59,35.25,87.68,32.9,44.53,MODERATE
STU100955,24.8,35.71,50.81,49.75,55.2,30.91,40.12,MODERATE
STU100956,19.64,11.66,41.99,25.25,40.58,16.92,24.78,LOW
STU100957,17.73,29.93,61.88,36.0,57.25,23.69,36.9,MODERATE
STU100958,21.04,26.11,60.86,22.0,45.4,28.49,33.6,MODERATE
STU100959,30.94,31.16,67.69,28.75,83.68,36.91,43.89,MODERATE
STU100960,34.09,39.25,43.51,40.25,68.3,45.88,42.79,MODERATE
STU100961,10.97,16.62,58.8,27.25,60.3,14.43,29.67,LOW
STU100962,34.52,39.56,53.61,59.5,72.28,36.18,47.29,MODERATE
STU100963,12.04,14.82,38.99,14.5,55.85,9.45,22.62,LOW
STU100964,21.32,15.39,39.44,25.25,43.2,13.11,25.42,LOW
STU100965,28.07,36.55,44.22,49.25,62.4,23.35,39.56,MODERATE
STU100966,28.41,38.18,51.62,37.75,71.18,39.53,42.28,MODERATE
STU100967,30.4,38.07,71.49,42.5,68.45,43.36,47.45,MODERATE
STU100968,38.31,48.22,28.75,47.0,77.32,27.23,42.97,MODERATE
STU100969,20.16,27.83,57.8,38.0,85.28,23.44,39.12,MODERATE
STU100970,17.97,26.17,61.61,19.5,36.6,32.52,32.3,MODERATE
STU100971,34.01,39.92,71.66,47.75,97.1,35.71,51.56,MODERATE
STU100972,16.54,15.15,49.06,30.75,77.55,9.42,30.22,MODERATE
STU100973,26.5,36.94,34.98,44.25,44.35,35.28,36.13,MODERATE
STU100974,0.0,5.84,59.69,1.5,42.52,19.02,19.78,LOW
STU100975,30.38,38.68,58.4,54.0,78.32,37.7,47.13,MODERATE
STU100976,16.94,18.41,49.85,45.5,87.95,28.81,36.46,MODERATE
STU100977,26.37,42.3,67.3,56.5,81.83,44.61,50.43,MODERATE
STU100978,21.56,38.26,34.65,44.75,70.23,29.44,37.49,MODERATE
STU100979,9.11,16.44,72.24,8.5,39.4,29.77,28.57,LOW
STU100980,10.68,23.25,37.71,26.75,70.47,22.58,28.81,LOW
STU100981,5.6,18.56,30.48,43.75,52.62,0.98,23.78,LOW
STU100982,40.76,44.1,49.29,48.25,77.62,37.11,47.75,MODERATE
STU100983,13.2,15.94,39.59,33.25,49.7,9.24,25.42,LOW
STU100984,34.71,45.15,44.3,45.25,75.47,40.18,45.44,MODERATE
STU100985,26.89,46.04,36.69,55.5,73.05,40.63,43.92,MODERATE
STU100986,12.65,28.44,54.49,42.0,60.28,30.38,35.9,MODERATE
STU100987,21.94,37.73,62.61,35.25,41.68,30.17,38.82,MODERATE
STU100988,24.6,27.37,23.82,40.75,65.38,23.95,31.57,MODERATE
STU100989,5.73,26.46,43.61,25.75,43.05,29.93,27.64,LOW
STU100990,0.8,17.18,52.72,34.25,40.28,12.35,25.4,LOW
STU100991,1.84,4.01,52.61,29.0,60.95,9.65,23.3,LOW
STU100992,31.02,45.77,70.81,46.0,74.85,52.03,51.4,MODERATE
STU100993,0.0,12.82,52.44,9.0,47.98,4.88,20.33,LOW
STU100994,0.81,15.83,75.5,9.0,62.4,28.87,29.7,LOW
STU100995,0.0,32.31,48.35,47.75,73.3,24.78,34.72,MODERATE
STU100996,38.13,54.54,66.76,64.75,85.5,63.49,59.22,LOW
STU100997,100.0,42.3,36.71,60.75,100.0,21.95,59.22,LOW
STU100998,13.95,43.35,73.73,35.5,69.1,53.49,45.96,MODERATE
STU100999,1.33,16.95,55.28,19.5,35.0,23.87,24.37,LOW
STU101000,21.3,29.07,66.95,29.5,49.28,44.54,38.72,MODERATE
STU101001,14.08,35.77,39.89,39.75,79.68,37.68,37.44,MODERATE
STU101002,45.12,41.83,62.48,35.25,57.9,53.61,48.42,MODERATE
STU101003,36.15,47.89,75.09,44.75,77.5,62.73,54.96,MODERATE
STU101004,16.79,18.11,56.53,21.75,49.8,26.39,30.07,MODERATE
STU101005,23.1,22.83,65.04,51.5,47.95,36.45,39.5,MODERATE
STU101006,6.45,7.61,43.79,6.0,6.97,10.24,14.57,LOW
STU101007,17.43,16.66,55.46,28.75,55.7,18.44,30.47,MODERATE
STU101008,11.84,20.29,45.39,30.5,59.3,7.46,27.77,LOW
STU101009,23.0,35.82,44.58,28.5,60.78,31.83,36.01,MODERATE
STU101010,27.93,45.53,21.1,52.5,96.65,36.32,42.36,MODERATE
STU101011,51.07,44.12,75.5,53.0,91.88,41.07,57.59,MODERATE
STU101012,39.44,38.16,55.86,44.75,66.7,32.6,45.24,MODERATE
STU101013,12.47,10.76,35.21,29.75,41.7,6.11,21.47,LOW
STU101014,27.13,33.05,69.45,47.5,79.0,38.48,46.45,MODERATE
STU101015,21.65,27.86,67.15,35.5,9.02,31.21,34.07,MODERATE
STU101016,27.01,32.84,55.94,43.0,77.75,33.25,42.35,MODERATE
STU101017,37.89,41.67,44.8,47.5,59.15,36.46,43.64,MODERATE
STU101018,34.3,39.06,50.5,46.75,90.0,43.17,47.05,MODERATE
STU101019,26.33,21.44,31.25,42.75,35.7,25.96,29.45,LOW
STU101020,21.4,35.85,43.48,56.5,72.42,33.36,40.99,MODERATE
STU101021,18.67,23.67,67.07,23.5,52.52,31.41,34.98,MODERATE
STU101022,25.04,42.47,58.53,52.0,95.85,38.81,48.6,MODERATE
STU101023,15.04,22.82,46.5,30.0,27.22,28.87,28.12,LOW
STU101024,2.19,6.78,38.95,5.75,45.6,0.0,15.35,LOW
STU101025,20.7,28.78,38.62,33.5,52.4,31.53,32.48,MODERATE
STU101026,15.83,26.8,44.38,14.5,50.65,21.39,28.12,LOW
STU101027,17.0,18.19,46.15,31.0,60.82,24.56,30.37,MODERATE
STU101028,0.0,13.46,43.64,5.0,61.88,14.62,20.49,LOW
STU101029,29.82,31.98,51.0,37.75,59.78,30.01,38.8,MODERATE
STU101030,18.79,36.47,62.5,27.75,55.4,38.9,38.97,MODERATE
STU101031,13.98,31.47,49.95,46.0,59.05,25.45,36.0,MODERATE
STU101032,24.73,35.6,57.71,54.25,47.3,30.89,41.34,MODERATE
STU101033,25.75,48.64,56.49,54.5,72.58,45.16,48.56,MODERATE
STU101034,7.27,14.97,42.12,33.25,32.75,11.7,23.05,LOW
STU101035,44.65,50.69,56.81,48.75,81.45,55.39,53.96,MODERATE
STU101036,21.91,22.39,70.86,30.75,67.73,28.87,38.42,MODERATE
STU101037,19.4,21.84,80.53,30.25,59.75,31.97,39.16,MODERATE
STU101038,4.9,21.91,66.64,37.5,57.92,22.2,33.42,MODERATE
STU101039,21.65,34.72,51.05,37.75,70.85,26.23,38.59,MODERATE
STU101040,34.14,45.92,57.31,32.5,80.55,50.47,47.75,MODERATE
STU101041,14.28,27.73,55.31,19.75,77.8,29.79,34.57,MODERATE
STU101042,25.29,34.01,52.85,24.5,51.05,38.66,36.78,MODERATE
STU101043,40.3,38.62,39.49,52.5,82.72,37.01,45.46,MODERATE
STU101044,6.75,8.2,51.97,16.25,37.55,17.98,21.78,LOW
STU101045,23.92,32.32,79.04,43.25,88.18,30.53,47.03,MODERATE
STU101046,25.54,42.12,34.98,52.0,83.35,37.06,42.48,MODERATE
STU101047,33.37,36.9,45.56,55.75,76.92,45.93,45.66,MODERATE
STU101048,10.19,11.58,43.74,14.75,58.62,8.94,22.65,LOW
STU101049,42.67,49.82,47.35,66.75,92.98,34.55,53.22,MODERATE
STU101050,17.06,19.92,36.11,35.75,50.8,25.55,28.61,LOW
STU101051,30.02,45.88,54.22,53.25,66.82,43.08,47.3,MODERATE
STU101052,21.44,32.46,39.34,36.0,63.02,38.24,35.8,MODERATE
STU101053,39.85,35.1,45.74,37.0,71.2,36.76,42.24,MODERATE
STU101054,0.0,7.21,35.26,12.5,31.55,0.0,13.88,LOW
STU101055,23.24,39.81,53.6,24.0,55.82,34.04,37.91,MODERATE
STU101056,26.3,42.34,48.46,57.75,83.62,44.77,47.04,MODERATE
STU101057,34.58,27.01,42.81,42.5,55.78,20.87,36.27,MODERATE
STU101058,8.51,25.79,67.32,44.0,75.9,35.08,39.31,MODERATE
STU101059,4.29,28.08,59.84,24.25,59.3,33.58,32.77,MODERATE
STU101060,28.75,29.98,47.16,37.0,70.97,27.07,38.03,MODERATE
STU101061,23.33,35.34,64.39,40.5,64.03,44.88,43.34,MODERATE
STU101062,27.9,45.66,61.24,45.5,72.03,50.68,48.34,MODERATE
STU101063,29.83,25.23,37.01,30.25,60.65,15.89,31.87,MODERATE
STU101064,11.45,21.22,56.75,17.0,40.17,16.37,27.15,LOW
STU101065,43.48,29.41,60.44,60.25,76.35,30.71,47.88,MODERATE
STU101066,20.23,27.73,64.79,24.75,41.05,16.63,33.42,MODERATE
STU101067,19.18,27.7,55.86,34.75,70.68,23.2,36.53,MODERATE
STU101068,29.33,26.82,61.4,40.75,71.5,35.14,41.63,MODERATE
STU101069,10.55,14.73,44.28,22.0,42.95,17.54,24.0,LOW
STU101070,54.98,52.67,53.6,48.0,77.95,43.71,54.25,MODERATE
STU101071,24.87,32.49,65.88,36.75,79.47,40.27,43.76,MODERATE
STU101072,17.93,5.59,53.34,14.25,35.32,4.66,21.79,LOW
STU101073,0.0,13.58,74.22,12.75,32.15,28.87,26.25,LOW
STU101074,0.03,8.8,64.62,0.0,24.0,8.49,18.38,LOW
STU101075,14.99,24.07,69.12,40.5,72.42,18.52,38.01,MODERATE
STU101076,10.89,30.51,45.82,46.0,60.45,15.32,33.45,MODERATE
STU101077,20.07,14.84,63.29,29.5,51.4,25.25,32.47,MODERATE
STU101078,11.31,15.33,47.47,21.0,39.15,13.16,23.97,LOW
STU101079,21.9,30.72,43.03,22.25,67.9,23.18,33.11,MODERATE
STU101080,14.0,20.6,35.89,30.5,64.75,0.09,26.19,LOW
STU101081,26.86,25.7,45.2,27.5,82.28,31.79,36.37,MODERATE
STU101082,11.46,20.12,61.44,44.0,45.35,21.66,32.91,MODERATE
STU101083,38.53,38.0,57.92,39.5,64.47,42.15,45.38,MODERATE
STU101084,26.86,34.18,44.91,41.0,92.55,18.84,40.19,MODERATE
STU101085,21.65,37.37,63.73,46.5,69.4,35.5,43.88,MODERATE
STU101086,31.69,40.89,51.88,33.75,85.05,46.75,45.18,MODERATE
STU101087,46.79,43.98,53.49,48.75,72.05,39.25,49.49,MODERATE
STU101088,18.76,34.88,57.76,52.0,71.47,40.44,43.02,MODERATE
STU101089,19.84,31.94,47.53,41.75,59.65,29.91,36.68,MODERATE
STU101090,26.39,22.6,47.32,12.25,66.25,22.0,31.05,MODERATE
STU101091,19.44,22.66,59.36,13.25,62.4,39.01,33.55,MODERATE
STU101092,11.74,36.87,51.66,27.0,62.4,34.23,35.61,MODERATE
STU101093,18.85,23.54,56.12,56.75,52.87,14.26,36.1,MODERATE
STU101094,45.0,40.91,60.92,37.25,92.1,36.65,49.87,MODERATE
STU101095,19.52,23.78,52.89,32.0,35.08,30.26,31.76,MODERATE
STU101096,17.66,35.75,43.18,27.25,76.2,28.76,35.69,MODERATE
STU101097,36.6,37.81,69.84,49.25,98.15,50.62,53.0,MODERATE
STU101098,17.8,31.26,54.25,35.5,65.15,29.34,37.0,MODERATE
STU101099,15.31,38.4,49.46,52.25,67.15,32.73,40.38,MODERATE
STU101100,25.38,29.87,36.33,47.25,89.4,35.32,39.37,MODERATE
STU101101,36.13,41.42,71.88,39.0,95.72,41.73,51.55,MODERATE
STU101102,24.04,28.38,45.39,52.75,73.0,15.88,37.78,MODERATE
STU101103,5.85,24.85,68.12,8.5,60.53,25.21,30.86,MODERATE
STU101104,16.32,30.72,57.08,41.5,39.28,41.74,36.69,MODERATE
STU101105,0.0,19.9,52.59,27.75,39.15,14.58,25.03,LOW
STU101106,13.85,17.94,35.15,17.0,35.15,6.06,20.96,LOW
STU101107,4.31,14.3,33.64,1.75,30.52,0.0,14.48,LOW
STU101108,8.04,28.82,54.92,33.25,34.5,47.31,32.97,MODERATE
STU101109,21.18,28.62,67.92,40.0,65.5,31.1,40.64,MODERATE
STU101110,48.54,36.15,71.54,51.75,70.9,37.63,51.67,MODERATE
STU101111,14.54,26.05,50.88,36.25,69.73,19.2,33.93,MODERATE
STU101112,27.36,35.97,65.32,43.0,62.2,47.89,44.99,MODERATE
STU101113,31.18,41.13,55.6,56.5,70.62,38.88,47.06,MODERATE
STU101114,0.0,14.14,41.14,14.75,28.7,4.88,17.33,LOW
STU101115,36.31,43.04,55.91,50.0,82.8,49.76,49.96,MODERATE
STU101116,11.46,27.5,74.36,24.75,74.53,24.99,37.7,MODERATE
STU101117,31.6,47.06,27.42,52.0,76.78,30.69,42.12,MODERATE
STU101118,5.65,15.22,37.14,30.0,54.08,1.56,22.43,LOW
STU101119,8.34,6.55,60.34,20.25,32.02,6.5,22.26,LOW
STU101120,12.56,23.73,57.3,31.25,59.9,28.27,33.41,MODERATE
STU101121,12.88,11.04,55.85,19.75,49.4,12.25,25.63,LOW
STU101122,6.07,31.59,43.38,43.75,35.22,30.66,30.94,MODERATE
STU101123,14.32,4.89,54.05,4.0,19.0,13.02,18.7,LOW
STU101124,8.48,22.83,33.5,38.5,37.85,16.74,25.34,LOW
STU101125,30.25,37.93,70.32,52.5,82.4,33.87,49.1,MODERATE
STU101126,18.19,27.7,44.96,26.75,75.2,28.41,33.93,MODERATE
STU101127,33.29,28.66,49.72,49.25,51.45,21.57,38.46,MODERATE
STU101128,38.43,34.2,58.4,31.5,47.6,34.16,40.82,MODERATE
STU101129,37.04,43.76,82.85,70.5,100.0,46.84,60.18,HIGH
STU101130,6.63,21.7,62.54,46.5,63.18,23.17,34.87,MODERATE
STU101131,36.87,43.35,51.05,37.0,94.72,40.36,47.48,MODERATE
STU101132,45.86,55.87,58.5,68.0,94.38,63.08,60.79,HIGH
STU101133,29.79,32.46,64.11,35.5,54.08,28.87,40.52,MODERATE
STU101134,28.42,36.44,54.21,35.75,78.45,30.69,41.91,MODERATE
STU101135,22.53,36.53,65.27,37.75,80.08,37.72,44.14,MODERATE
STU101136,61.75,69.89,45.75,68.75,100.0,60.57,65.34,HIGH
STU101137,22.72,40.03,70.06,55.5,87.2,38.37,49.45,MODERATE
STU101138,37.16,30.03,53.18,47.0,46.28,17.66,39.02,MODERATE
STU101139,34.51,38.59,40.82,38.5,65.85,26.9,39.76,MODERATE
STU101140,12.98,20.84,48.1,20.25,45.1,19.18,26.89,LOW
STU101141,0.0,16.44,30.58,29.0,46.18,0.0,19.19,LOW
STU101142,15.69,22.72,63.44,37.0,58.18,18.4,34.71,MODERATE
STU101143,17.95,22.22,55.65,41.5,46.88,26.68,33.86,MODERATE
STU101144,0.0,16.16,61.65,20.25,41.8,10.83,24.67,LOW
STU101145,35.24,38.08,44.31,51.25,60.58,34.54,42.63,MODERATE
STU101146,11.41,17.06,37.04,33.75,64.32,12.0,26.65,LOW
STU101147,12.73,18.48,42.78,24.75,49.3,12.14,25.58,LOW
STU101148,26.09,30.63,52.26,50.5,78.95,32.28,42.03,MODERATE
STU101149,35.98,37.45,53.68,43.5,98.95,28.65,46.58,MODERATE
STU101150,0.0,24.04,66.74,30.25,43.05,38.41,32.04,MODERATE
STU101151,30.25,39.21,64.78,47.75,62.87,39.61,46.22,MODERATE
STU101152,21.65,43.32,29.62,37.25,69.25,34.77,37.07,MODERATE
STU101153,36.31,35.35,79.79,44.75,69.62,47.9,50.52,MODERATE
STU101154,31.19,27.54,45.04,39.0,32.58,23.3,33.57,MODERATE
STU101155,21.72,29.47,68.27,44.75,53.48,32.71,40.7,MODERATE
STU101156,0.0,23.0,36.84,9.75,36.97,22.17,20.49,LOW
STU101157,21.65,38.3,54.72,35.25,74.57,30.15,40.61,MODERATE
STU101158,25.29,48.68,47.96,42.0,73.45,48.16,45.28,MODERATE
STU101159,23.91,29.03,53.69,30.5,56.3,25.79,35.56,MODERATE
STU101160,38.22,43.69,53.06,40.25,64.08,45.54,46.18,MODERATE
STU101161,29.88,32.0,47.28,33.75,85.2,28.87,39.9,MODERATE
STU101162,27.4,46.12,55.11,66.0,85.1,44.78,50.92,MODERATE
STU101163,9.71,31.11,39.5,33.5,68.8,37.58,33.28,MODERATE
STU101164,19.93,13.76,61.73,28.0,33.0,16.44,28.92,LOW
STU101165,29.02,41.88,52.64,51.5,48.02,40.98,43.43,MODERATE
STU101166,18.93,11.1,55.0,11.25,38.43,17.53,24.84,LOW
STU101167,28.17,31.36,51.29,28.75,48.72,21.05,35.02,MODERATE
STU101168,39.1,48.2,51.58,58.5,77.7,55.58,52.29,MODERATE
STU101169,21.55,39.97,37.78,72.25,100.0,41.86,46.88,MODERATE
STU101170,22.68,37.42,59.02,55.25,78.5,26.89,44.52,MODERATE
STU101171,23.15,23.71,41.78,40.5,61.65,28.87,34.04,MODERATE
STU101172,14.2,23.85,70.08,34.25,82.32,33.5,39.54,MODERATE
STU101173,0.0,15.77,57.92,14.0,38.32,11.1,22.57,LOW
STU101174,51.78,45.89,61.89,53.25,84.95,40.09,54.7,MODERATE
STU101175,13.2,31.54,53.48,48.25,85.18,25.9,39.57,MODERATE
STU101176,38.64,41.89,49.3,48.75,88.05,35.46,47.72,MODERATE
STU101177,35.13,43.2,59.46,37.0,64.8,38.18,45.57,MODERATE
STU101178,24.82,35.4,47.11,42.5,100.0,24.43,42.05,MODERATE
STU101179,31.23,37.76,49.78,21.25,59.08,28.68,37.61,MODERATE
STU101180,40.07,51.58,45.75,64.25,75.15,61.7,53.38,MODERATE
STU101181,19.89,31.66,48.41,57.0,62.58,33.32,39.72,MODERATE
STU101182,37.31,36.61,42.58,37.0,62.97,30.12,39.99,MODERATE
STU101183,23.08,32.46,47.53,44.75,67.68,21.17,37.83,MODERATE
STU101184,0.0,16.26,55.61,13.75,54.78,16.11,24.34,LOW
STU101185,0.0,29.26,55.61,37.75,55.68,26.24,32.29,MODERATE
STU101186,21.65,31.15,58.32,30.25,64.6,33.76,38.16,MODERATE
STU101187,26.13,37.73,43.85,44.5,62.4,42.22,40.57,MODERATE
STU101188,34.3,28.32,60.49,37.0,63.75,28.87,40.85,MODERATE
STU101189,10.22,24.8,53.84,32.25,63.95,26.08,32.85,MODERATE
STU101190,11.06,26.04,53.72,37.5,66.0,21.59,33.85,MODERATE
STU101191,17.02,23.86,33.25,36.5,78.03,8.38,30.14,MODERATE
STU101192,28.52,35.0,39.32,38.25,54.02,25.94,36.05,MODERATE
STU101193,31.0,39.67,57.22,70.75,94.72,49.27,52.57,MODERATE
STU101194,18.32,34.09,56.56,52.0,89.05,28.59,43.06,MODERATE
STU101195,21.37,16.57,23.89,3.5,65.3,12.25,21.47,LOW
STU101196,6.42,22.62,52.69,43.0,47.3,37.77,32.43,MODERATE
STU101197,27.37,30.68,33.61,34.25,52.72,16.84,31.96,MODERATE
STU101198,5.09,14.75,56.95,21.25,30.93,21.91,24.57,LOW
STU101199,23.49,14.56,40.46,15.0,52.2,9.35,24.83,LOW
STU101200,27.6,21.85,59.74,50.25,59.3,19.9,38.39,MODERATE
STU101201,39.38,46.86,34.54,51.75,81.48,40.37,46.45,MODERATE
STU101202,1.44,13.52,43.42,13.5,35.22,21.78,20.08,LOW
STU101203,5.63,20.61,37.81,29.5,45.45,11.09,23.92,LOW
STU101204,0.0,15.73,58.04,21.75,44.65,6.85,23.95,LOW
STU101205,1.21,9.18,49.31,10.5,43.45,13.91,19.71,LOW
STU101206,34.56,45.32,28.22,56.25,64.9,37.33,42.55,MODERATE
STU101207,46.2,40.76,69.49,56.25,80.2,52.42,55.03,MODERATE
STU101208,57.24,66.59,51.58,65.25,92.3,55.86,63.02,HIGH
STU101209,10.64,20.48,47.26,22.5,62.48,17.09,28.03,LOW
STU101210,21.5,17.04,41.56,24.5,57.72,18.1,28.13,LOW
STU101211,16.35,20.84,75.65,33.5,62.4,17.16,36.59,MODERATE
STU101212,37.96,45.81,73.19,44.5,72.82,45.98,52.24,MODERATE
STU101213,21.83,32.92,64.21,27.25,71.52,35.71,40.25,MODERATE
STU101214,9.99,23.01,48.71,37.75,66.65,26.79,32.5,MODERATE
STU101215,16.03,27.36,71.15,20.5,26.3,28.87,32.87,MODERATE
STU101216,11.92,30.74,42.21,45.5,50.08,27.95,33.14,MODERATE
STU101217,2.49,27.72,49.65,49.0,44.38,36.46,32.79,MODERATE
STU101218,12.44,35.23,44.52,23.0,79.4,32.61,34.85,MODERATE
STU101219,9.33,23.7,50.91,25.75,68.0,15.63,30.2,MODERATE
STU101220,22.2,23.95,55.76,27.5,40.9,29.54,32.75,MODERATE
STU101221,41.92,50.33,74.39,63.0,100.0,62.53,61.55,HIGH
STU101222,18.02,14.8,45.35,31.25,47.92,12.16,27.07,LOW
STU101223,1.8,21.09,64.9,28.5,54.25,28.21,31.13,MODERATE
STU101224,10.43,20.36,47.22,26.0,67.07,15.52,28.78,LOW
STU101225,17.69,22.2,37.6,38.5,63.8,5.41,29.3,LOW
STU101226,13.11,15.99,66.04,19.75,50.82,20.27,29.9,LOW
STU101227,44.52,47.81,42.11,64.5,100.0,42.7,53.22,MODERATE
STU101228,0.0,14.72,52.74,11.75,40.7,13.48,21.41,LOW
STU101229,22.84,40.05,52.42,35.75,56.32,47.54,40.81,MODERATE
STU101230,2.59,20.11,70.14,28.0,67.77,39.65,34.52,MODERATE
STU101231,0.0,33.02,42.36,30.0,58.25,39.69,31.02,MODERATE
STU101232,34.29,34.52,70.92,55.25,74.38,44.39,49.84,MODERATE
STU101233,45.23,27.49,39.45,37.0,64.38,12.32,37.03,MODERATE
STU101234,18.55,25.8,50.69,25.25,49.95,13.5,30.43,MODERATE
STU101235,22.08,30.73,70.8,34.5,73.12,39.13,42.66,MODERATE
STU101236,29.31,46.1,71.38,53.0,62.35,43.35,50.18,MODERATE
STU101237,30.91,43.2,62.36,41.0,67.73,41.59,46.54,MODERATE
STU101238,15.53,22.21,61.18,7.5,76.55,39.5,33.62,MODERATE
STU101239,7.27,10.07,69.34,14.0,39.0,19.12,25.75,LOW
STU101240,44.7,50.37,42.48,64.0,93.92,46.75,53.7,MODERATE
STU101241,0.0,2.4,56.01,3.25,34.15,2.57,15.96,LOW
STU101242,5.7,23.73,68.69,30.75,62.48,30.43,34.71,MODERATE
STU101243,21.65,20.9,47.5,44.25,47.65,15.34,31.99,MODERATE
STU101244,34.88,33.57,49.91,28.0,79.38,43.78,41.87,MODERATE
STU101245,22.2,25.17,47.58,29.0,59.65,25.16,33.08,MODERATE
STU101246,22.2,31.58,62.74,40.75,71.97,37.4,41.93,MODERATE
STU101247,29.85,44.5,42.94,50.25,93.7,32.32,45.82,MODERATE
STU101248,32.33,41.0,44.72,52.5,66.9,36.64,43.89,MODERATE
STU101249,9.59,9.45,45.51,20.0,30.05,15.31,20.92,LOW
STU101250,28.99,51.48,43.0,56.25,100.0,46.07,50.31,MODERATE
STU101251,15.92,28.99,46.64,30.0,43.97,19.49,30.61,MODERATE
STU101252,25.45,40.25,56.6,51.25,68.23,40.47,45.03,MODERATE
STU101253,30.22,36.03,55.68,53.75,100.0,29.86,47.24,MODERATE
STU101254,0.0,6.8,54.31,2.75,50.85,11.23,19.18,LOW
STU101255,28.0,36.3,69.05,54.0,69.22,34.22,46.93,MODERATE
STU101256,23.14,35.12,52.14,74.75,99.75,34.63,48.49,MODERATE
STU101257,34.53,30.5,73.75,41.25,73.03,37.98,46.57,MODERATE
STU101258,28.63,40.84,25.15,26.0,75.05,32.4,35.61,MODERATE
STU101259,22.74,32.88,50.15,30.0,56.8,35.61,36.54,MODERATE
STU101260,22.54,32.05,65.06,40.75,57.85,41.73,41.6,MODERATE
STU101261,13.12,30.44,77.25,35.0,39.38,24.65,37.34,MODERATE
STU101262,13.11,29.29,37.64,33.0,74.55,10.73,30.95,MODERATE
STU101263,35.16,37.74,60.1,61.75,71.8,42.14,49.14,MODERATE
STU101264,0.78,22.68,45.59,37.0,47.2,17.59,26.97,LOW
STU101265,34.79,23.45,55.39,35.5,55.28,22.86,37.04,MODERATE
STU101266,23.23,43.84,49.09,29.75,56.8,44.37,40.0,MODERATE
STU101267,11.37,14.42,49.32,22.75,45.72,19.52,25.68,LOW
STU101268,28.59,25.94,63.1,25.25,56.18,19.01,36.13,MODERATE
STU101269,8.42,19.51,49.05,30.5,57.7,28.87,29.6,LOW
STU101270,10.47,7.71,60.0,51.75,45.08,15.84,29.88,LOW
STU101271,29.45,16.75,63.22,15.0,36.92,30.24,31.69,MODERATE
STU101272,8.81,20.56,52.74,24.25,39.95,26.97,27.78,LOW
STU101273,21.65,25.42,61.02,31.0,55.38,24.19,35.5,MODERATE
STU101274,24.06,40.63,64.79,32.25,62.32,57.96,44.79,MODERATE
STU101275,26.85,27.45,59.1,38.75,67.15,24.22,39.0,MODERATE
STU101276,50.99,46.72,42.1,66.75,88.15,41.02,53.23,MODERATE
STU101277,27.07,15.25,45.81,30.5,24.35,5.42,25.94,LOW
STU101278,33.6,21.14,62.74,38.5,48.15,15.14,36.66,MODERATE
STU101279,5.66,22.26,44.01,30.75,45.35,16.82,26.33,LOW
STU101280,14.89,28.5,56.16,54.75,81.38,23.2,40.01,MODERATE
STU101281,9.25,28.44,38.92,39.75,63.08,25.4,31.55,MODERATE
STU101282,35.5,53.37,40.49,56.25,87.22,48.08,50.51,MODERATE
STU101283,29.77,39.96,71.51,71.75,62.4,36.89,50.94,MODERATE
STU101284,45.99,61.04,66.44,86.0,100.0,61.72,66.82,HIGH
STU101285,29.89,29.93,65.39,42.0,56.47,34.25,41.91,MODERATE
STU101286,29.49,23.27,48.48,48.25,72.6,17.17,37.63,MODERATE
STU101287,35.21,48.28,62.82,51.5,71.62,44.92,51.06,MODERATE
STU101288,20.25,29.04,37.35,54.25,60.18,23.49,35.28,MODERATE
STU101289,17.98,30.23,37.48,29.25,76.35,28.87,33.56,MODERATE
STU101290,26.6,39.69,64.34,68.0,96.18,51.01,53.03,MODERATE
STU101291,10.23,6.74,47.76,12.75,16.68,10.42,17.91,LOW
STU101292,24.48,32.54,50.28,49.0,64.03,30.54,39.89,MODERATE
STU101293,37.46,39.86,59.25,39.75,92.22,48.14,49.31,MODERATE
STU101294,20.75,32.05,49.0,42.25,69.75,38.31,39.11,MODERATE
STU101295,35.68,31.03,49.97,43.75,22.3,35.23,37.2,MODERATE
STU101296,48.02,32.93,49.61,44.5,67.65,32.94,44.49,MODERATE
STU101297,0.0,20.52,41.45,19.75,22.3,30.47,21.66,LOW
STU101298,15.25,32.69,62.48,49.5,96.0,44.05,45.15,MODERATE
STU101299,14.01,13.72,30.44,11.0,38.05,3.25,18.1,LOW
STU101300,28.18,26.11,71.59,47.75,57.05,38.62,43.21,MODERATE
STU101301,4.64,31.09,49.61,27.5,55.9,28.87,31.22,MODERATE
STU101302,18.36,12.76,37.19,20.5,55.2,15.27,24.42,LOW
STU101303,6.85,12.3,59.18,27.75,44.9,16.17,26.55,LOW
STU101304,2.19,19.56,57.68,39.0,30.5,27.63,28.53,LOW
STU101305,36.69,38.64,49.89,43.0,39.78,50.33,42.44,MODERATE
STU101306,26.58,25.06,54.81,50.25,49.28,32.9,38.3,MODERATE
STU101307,65.28,58.83,57.65,67.75,100.0,54.39,64.9,HIGH
STU101308,25.67,35.08,49.96,42.25,68.35,18.6,38.93,MODERATE
STU101309,15.23,12.04,47.87,37.0,48.95,0.33,26.11,LOW
STU101310,9.58,20.73,42.05,37.75,59.9,16.87,28.85,LOW
STU101311,17.96,38.1,43.72,28.25,65.72,30.75,35.75,MODERATE
STU101312,0.0,13.25,46.8,20.25,40.43,12.5,21.0,LOW
STU101313,7.95,32.12,58.81,21.75,83.28,33.44,36.32,MODERATE
STU101314,28.93,43.06,66.95,46.25,62.78,42.63,47.42,MODERATE
STU101315,30.15,33.8,31.65,40.25,64.25,21.8,35.45,MODERATE
STU101316,38.47,39.14,53.9,51.25,87.35,44.53,49.13,MODERATE
STU101317,22.25,20.9,50.65,26.75,51.32,19.82,30.93,MODERATE
STU101318,14.95,20.85,57.8,24.25,70.23,23.33,32.76,MODERATE
STU101319,18.64,30.96,66.65,20.25,60.25,44.08,38.27,MODERATE
STU101320,22.83,39.81,51.4,58.25,60.13,42.58,43.81,MODERATE
STU101321,30.16,28.39,44.96,30.75,57.48,26.72,35.15,MODERATE
STU101322,51.87,57.06,48.4,60.5,100.0,40.41,57.44,MODERATE
STU101323,14.03,23.63,67.2,32.5,52.98,23.48,34.67,MODERATE
STU101324,21.81,32.85,51.74,21.25,61.95,22.03,34.51,MODERATE
STU101325,50.57,43.09,41.62,36.0,91.48,50.56,48.81,MODERATE
STU101326,23.38,33.97,47.46,31.0,66.15,29.85,36.91,MODERATE
STU101327,31.51,37.44,35.3,45.5,60.98,42.28,39.87,MODERATE
STU101328,0.0,8.07,48.59,26.0,32.2,3.91,19.25,LOW
STU101329,26.96,39.29,35.08,44.25,99.57,39.54,42.78,MODERATE
STU101330,36.29,28.12,12.24,21.5,55.45,10.2,26.53,LOW
STU101331,28.68,42.73,58.69,69.0,78.55,40.29,50.39,MODERATE
STU101332,25.58,42.97,51.16,35.0,94.6,49.05,45.71,MODERATE
STU101333,30.55,30.18,43.38,36.25,68.45,23.43,36.96,MODERATE
STU101334,17.51,24.44,67.66,56.0,59.52,35.17,41.01,MODERATE
STU101335,32.31,24.14,41.91,33.5,45.28,20.51,32.48,MODERATE
STU101336,8.84,25.84,37.04,37.0,78.03,32.16,32.2,MODERATE
STU101337,33.09,26.4,42.81,46.75,57.68,22.79,36.84,MODERATE
STU101338,23.53,21.91,57.6,35.75,72.75,32.75,37.62,MODERATE
STU101339,8.7,33.18,30.76,26.25,49.62,19.1,27.0,LOW
STU101340,21.65,26.96,80.56,44.5,66.95,42.53,44.8,MODERATE
STU101341,24.11,24.23,41.95,22.75,66.03,32.53,32.54,MODERATE
STU101342,24.16,23.24,65.01,48.0,54.68,20.59,38.37,MODERATE
STU101343,17.91,24.25,36.71,25.75,64.88,3.25,27.66,LOW
STU101344,12.61,29.12,57.01,30.25,62.4,24.88,34.47,MODERATE
STU101345,15.91,23.83,55.84,24.0,57.02,36.83,33.29,MODERATE
STU101346,17.87,45.84,35.35,28.5,100.0,53.49,41.73,MODERATE
STU101347,31.85,35.87,50.45,58.0,88.68,31.42,46.14,MODERATE
STU101348,52.52,36.71,52.56,50.75,81.53,28.95,48.85,MODERATE
STU101349,37.65,46.44,50.18,70.25,74.22,28.87,50.02,MODERATE
STU101350,0.0,17.05,28.68,27.5,31.92,9.38,18.25,LOW
STU101351,53.55,55.68,42.4,70.25,82.55,58.53,57.76,MODERATE
STU101352,0.0,18.87,53.22,19.0,55.78,12.13,25.0,LOW
STU101353,26.98,44.31,49.58,33.0,65.72,34.15,41.33,MODERATE
STU101354,0.23,10.51,41.48,6.5,35.4,0.0,15.48,LOW
STU101355,40.62,49.56,48.74,68.25,100.0,46.86,55.19,MODERATE
STU101356,28.18,30.99,35.1,37.75,52.28,23.39,33.63,MODERATE
STU101357,0.0,12.56,39.98,37.0,36.6,15.1,21.86,LOW
STU101358,10.91,29.36,41.89,37.0,55.32,30.58,32.04,MODERATE
STU101359,30.5,35.35,68.74,43.25,71.3,32.91,45.59,MODERATE
STU101360,55.09,54.45,66.0,61.0,100.0,70.88,64.07,HIGH
STU101361,37.68,40.36,47.78,55.0,74.45,42.69,47.15,MODERATE
STU101362,0.63,14.94,53.9,22.0,37.88,11.88,22.92,LOW
STU101363,26.05,33.35,60.6,44.75,60.42,37.58,42.18,MODERATE
STU101364,24.32,41.68,47.35,39.5,62.6,26.57,39.6,MODERATE
STU101365,18.38,24.99,47.19,37.5,55.68,16.42,32.2,MODERATE
STU101366,39.93,44.24,31.04,63.75,85.75,41.27,47.52,MODERATE
STU101367,4.72,24.36,59.96,24.75,42.92,25.47,29.58,LOW
STU101368,24.87,37.63,61.42,38.25,61.23,36.78,42.2,MODERATE
STU101369,22.37,22.98,39.04,17.5,55.92,28.36,29.08,LOW
STU101370,43.4,29.28,39.88,41.5,72.85,17.35,39.22,MODERATE
STU101371,42.46,46.24,58.18,60.75,100.0,52.41,56.04,MODERATE
STU101372,31.74,33.67,59.86,48.25,93.72,39.33,47.28,MODERATE
STU101373,19.22,21.32,52.98,29.0,57.5,14.03,31.27,MODERATE
STU101374,9.73,24.51,65.39,27.75,40.72,31.72,32.56,MODERATE
STU101375,20.99,19.67,45.69,39.25,70.85,20.83,33.31,MODERATE
STU101376,24.68,26.74,53.81,39.25,57.35,28.45,36.85,MODERATE
STU101377,19.49,30.56,35.76,46.5,77.7,28.87,36.32,MODERATE
STU101378,33.98,27.8,41.04,36.75,77.77,20.34,37.28,MODERATE
STU101379,22.21,42.16,43.74,37.0,81.12,44.97,41.89,MODERATE
STU101380,14.32,27.23,43.97,38.5,44.68,12.63,29.97,LOW
STU101381,17.81,24.14,42.32,31.5,64.28,17.94,31.01,MODERATE
STU101382,28.88,36.23,55.26,37.0,77.58,37.15,42.91,MODERATE
STU101383,41.05,47.07,56.38,60.0,92.68,32.8,52.8,MODERATE
STU101384,7.06,13.22,63.44,28.75,42.98,19.19,27.93,LOW
STU101385,0.0,39.94,53.69,53.25,68.77,37.51,39.34,MODERATE
STU101386,6.18,27.49,44.08,35.25,84.78,21.79,32.87,MODERATE
STU101387,0.0,5.12,52.02,0.0,36.72,0.0,15.36,LOW
STU101388,10.4,31.22,70.12,17.0,51.6,46.21,36.24,MODERATE
STU101389,8.34,13.18,70.32,27.25,32.85,31.27,29.53,LOW
STU101390,25.41,37.42,67.14,45.75,68.97,46.06,46.23,MODERATE
STU101391,17.34,17.65,49.29,43.25,36.15,12.44,29.08,LOW
STU101392,12.48,27.54,69.44,36.25,79.75,26.75,39.36,MODERATE
STU101393,29.48,33.83,53.58,27.75,51.82,42.32,38.65,MODERATE
STU101394,21.65,9.64,26.84,0.0,6.55,0.0,12.76,LOW
STU101395,38.38,31.27,46.49,56.5,66.07,26.89,42.56,MODERATE
STU101396,18.41,28.04,63.0,46.75,61.1,31.08,39.52,MODERATE
STU101397,36.23,40.84,64.41,47.5,62.4,33.73,47.08,MODERATE
STU101398,5.85,22.11,60.08,40.5,56.0,22.67,32.66,MODERATE
STU101399,36.53,37.3,46.21,43.0,82.75,25.09,43.11,MODERATE
STU101400,5.48,15.23,59.34,19.25,62.4,6.32,26.53,LOW
STU101401,37.16,45.13,32.22,69.25,100.0,31.83,48.73,MODERATE
STU101402,13.72,20.89,49.09,29.5,49.32,18.94,29.04,LOW
STU101403,29.48,37.09,54.58,56.25,65.1,34.55,44.49,MODERATE
STU101404,12.14,16.42,37.01,16.25,71.6,12.32,24.76,LOW
STU101405,29.45,22.87,42.65,35.75,60.68,13.91,32.96,MODERATE
STU101406,37.03,41.32,67.2,49.75,73.22,36.96,49.66,MODERATE
STU101407,22.29,24.18,40.08,53.25,49.82,19.67,33.46,MODERATE
STU101408,35.15,40.26,57.52,44.75,58.88,42.58,45.46,MODERATE
STU101409,8.32,19.3,51.21,15.25,39.42,27.36,25.7,LOW
STU101410,22.18,42.56,38.62,57.25,63.1,36.14,41.31,MODERATE
STU101411,28.86,37.62,64.31,44.75,71.08,38.43,45.7,MODERATE
STU101412,22.66,34.67,57.14,39.75,54.08,42.57,40.25,MODERATE
STU101413,5.23,23.28,49.02,3.75,41.45,14.22,22.8,LOW
STU101414,21.8,27.19,41.18,54.25,75.1,7.39,35.78,MODERATE
STU101415,20.0,32.3,47.2,29.25,65.1,28.87,35.3,MODERATE
STU101416,18.94,19.37,59.51,37.5,59.42,18.38,33.94,MODERATE
STU101417,30.25,53.08,62.56,64.0,96.12,52.31,56.28,MODERATE
STU101418,33.02,43.41,62.38,55.5,62.4,47.55,49.25,MODERATE
STU101419,20.26,31.84,65.08,40.0,67.38,40.33,41.8,MODERATE
STU101420,30.85,36.08,46.41,52.75,62.1,35.33,42.13,MODERATE
STU101421,33.12,52.46,50.95,48.25,93.82,47.86,51.33,MODERATE
STU101422,13.35,18.68,50.79,17.25,65.62,14.87,28.13,LOW
STU101423,24.04,25.66,45.6,42.75,50.12,6.43,32.41,MODERATE
STU101424,13.07,31.31,56.22,30.0,49.7,25.29,33.68,MODERATE
STU101425,21.65,30.68,61.71,49.25,68.42,41.55,42.73,MODERATE
STU101426,19.09,18.76,53.78,36.0,75.55,24.73,34.69,MODERATE
STU101427,7.97,23.4,57.7,17.75,56.42,29.4,30.23,MODERATE
STU101428,24.07,31.07,65.14,46.75,62.9,35.8,42.49,MODERATE
STU101429,17.86,26.37,59.38,23.75,69.18,28.87,35.41,MODERATE
STU101430,35.84,39.28,24.72,43.5,84.0,28.69,39.73,MODERATE
STU101431,12.34,36.24,71.44,38.0,62.87,20.03,39.81,MODERATE
STU101432,11.02,17.29,30.25,20.0,30.58,18.78,20.51,LOW
STU101433,7.62,15.62,67.92,20.0,41.2,29.49,29.08,LOW
STU101434,3.77,26.48,64.55,31.0,62.4,23.41,33.52,MODERATE
STU101435,16.31,17.67,43.71,39.25,60.72,26.44,31.02,MODERATE
STU101436,13.51,30.45,65.94,46.25,70.35,18.06,39.28,MODERATE
STU101437,27.94,51.25,73.08,45.5,74.38,60.86,53.37,MODERATE
STU101438,32.68,49.61,60.99,48.25,80.58,45.11,50.94,MODERATE
STU101439,40.13,39.04,61.15,49.25,100.0,36.82,51.09,MODERATE
STU101440,21.05,22.66,51.04,52.25,48.58,24.25,35.2,MODERATE
STU101441,24.77,33.89,40.39,41.25,36.75,23.48,33.72,MODERATE
STU101442,0.0,15.85,44.82,17.75,39.28,4.88,20.0,LOW
STU101443,9.03,22.64,39.28,14.5,53.18,17.63,24.58,LOW
STU101444,32.32,41.16,37.92,51.75,58.25,29.19,40.84,MODERATE
STU101445,11.26,21.93,40.7,38.0,46.75,28.87,29.14,LOW
STU101446,29.86,34.6,45.14,44.0,76.23,37.96,41.67,MODERATE
STU101447,11.29,27.71,41.55,24.0,64.4,18.93,29.43,LOW
STU101448,2.5,26.93,45.86,25.25,55.48,25.07,28.25,LOW
STU101449,5.92,19.92,76.06,29.75,41.45,25.35,32.52,MODERATE
STU101450,26.44,30.46,63.05,28.25,58.7,39.73,39.59,MODERATE
STU101451,11.66,16.07,50.71,25.75,43.72,12.62,25.99,LOW
STU101452,48.51,45.0,38.52,59.25,84.92,49.19,50.95,MODERATE
STU101453,5.67,16.92,40.08,27.0,62.4,16.07,25.28,LOW
STU101454,22.24,26.16,37.56,28.25,52.2,25.69,30.53,MODERATE
STU101455,12.66,30.74,51.05,32.5,65.15,26.49,34.47,MODERATE
STU101456,54.12,50.18,31.07,60.25,70.08,28.87,48.52,MODERATE
STU101457,15.03,21.85,49.46,52.5,76.5,22.26,36.11,MODERATE
STU101458,6.91,14.33,49.59,11.0,37.22,11.22,21.38,LOW
STU101459,25.93,29.49,68.25,36.25,41.52,35.64,39.36,MODERATE
STU101460,21.96,18.11,40.82,19.75,38.78,28.87,26.81,LOW
STU101461,21.65,21.07,53.82,36.75,52.68,13.28,32.47,MODERATE
STU101462,16.93,16.92,49.72,24.75,42.85,31.92,28.75,LOW
STU101463,16.71,30.72,51.72,36.75,58.98,27.61,35.54,MODERATE
STU101464,30.98,44.96,47.65,29.25,78.65,40.09,43.23,MODERATE
STU101465,23.93,31.17,82.66,41.5,68.68,37.02,45.91,MODERATE
STU101466,19.31,11.04,52.2,27.75,57.68,17.25,28.72,LOW
STU101467,0.0,18.85,59.61,34.5,62.4,26.9,30.74,MODERATE
STU101468,31.83,35.97,26.88,43.5,83.48,20.67,37.67,MODERATE
STU101469,0.0,10.8,45.81,0.0,20.52,18.26,15.74,LOW
STU101470,13.93,11.05,52.39,34.75,48.98,14.86,27.62,LOW
STU101471,3.82,29.96,55.38,32.25,62.2,27.43,33.13,MODERATE
STU101472,21.23,20.04,52.11,31.75,40.17,14.44,29.9,LOW
STU101473,19.25,18.37,38.17,17.25,69.65,20.62,27.69,LOW
STU101474,8.09,20.17,47.15,21.75,59.38,12.57,26.55,LOW
STU101475,58.37,52.52,72.68,50.5,100.0,50.53,61.97,HIGH
STU101476,20.57,27.78,50.3,29.5,54.7,39.43,34.96,MODERATE
STU101477,18.41,29.94,59.82,41.25,72.58,35.26,40.1,MODERATE
STU101478,15.94,31.84,54.14,36.25,62.4,28.87,36.54,MODERATE
STU101479,32.04,32.92,48.39,52.0,82.58,25.88,42.96,MODERATE
STU101480,45.56,39.03,37.45,72.0,34.78,26.44,43.28,MODERATE
STU101481,40.84,44.26,55.85,51.5,100.0,33.56,51.48,MODERATE
STU101482,21.65,10.72,62.06,20.0,6.85,28.87,25.99,LOW
STU101483,5.59,31.3,48.02,23.25,41.9,35.76,29.8,LOW
STU101484,58.95,47.26,50.91,75.0,100.0,43.7,59.41,LOW
STU101485,32.42,42.51,13.16,33.5,68.32,25.44,34.14,MODERATE
STU101486,9.35,19.26,67.62,20.75,54.02,19.58,30.68,MODERATE
STU101487,24.95,35.93,54.52,41.25,62.35,44.86,41.78,MODERATE
STU101488,14.77,15.36,62.56,20.0,53.05,21.17,29.73,LOW
STU101489,0.0,12.24,55.53,37.0,37.9,16.49,25.16,LOW
STU101490,58.88,41.98,52.02,62.0,80.58,36.12,53.64,MODERATE
STU101491,32.7,34.26,79.8,42.75,77.03,39.57,49.14,MODERATE
STU101492,32.47,34.21,31.85,40.25,63.88,24.29,36.27,MODERATE
STU101493,46.27,50.42,58.29,58.5,78.77,36.07,53.78,MODERATE
STU101494,29.69,38.84,38.03,68.5,93.28,36.48,46.51,MODERATE
STU101495,44.94,34.51,33.41,45.0,79.92,32.61,42.3,MODERATE
STU101496,17.23,43.2,42.64,38.25,65.7,54.86,40.57,MODERATE
STU101497,20.83,25.05,46.9,24.5,44.62,23.18,30.26,MODERATE
STU101498,20.36,18.79,60.95,19.75,48.62,21.88,30.97,MODERATE
STU101499,32.64,20.69,54.64,24.0,43.15,18.62,32.41,MODERATE
STU101500,14.72,24.01,49.66,19.5,36.65,35.54,29.02,LOW
STU101501,30.82,42.31,60.41,40.25,50.2,49.83,44.86,MODERATE
STU101502,12.87,19.1,49.46,48.5,48.25,17.4,31.08,MODERATE
STU101503,27.39,37.15,58.5,29.25,76.0,38.65,42.32,MODERATE
STU101504,19.65,44.8,53.69,50.75,57.98,52.5,44.53,MODERATE
STU101505,0.37,11.8,61.26,23.75,36.43,19.1,24.39,LOW
STU101506,53.36,57.54,44.62,76.25,91.13,54.37,59.97,LOW
STU101507,36.69,49.95,34.42,39.25,98.45,38.02,46.24,MODERATE
STU101508,15.58,18.02,43.16,28.75,64.25,24.76,29.47,LOW
STU101509,18.98,32.36,61.16,50.0,75.25,36.89,42.83,MODERATE
STU101510,30.05,42.84,58.42,61.5,100.0,46.05,52.23,MODERATE
STU101511,37.01,35.16,45.0,50.75,85.65,33.08,44.68,MODERATE
STU101512,32.79,32.99,64.1,44.25,89.28,33.6,46.55,MODERATE
STU101513,4.54,19.19,43.55,24.0,42.02,13.27,23.54,LOW
STU101514,27.06,10.31,39.95,30.5,57.63,1.19,26.44,LOW
STU101515,3.14,7.64,69.11,14.25,46.28,11.83,24.31,LOW
STU101516,42.87,42.8,53.54,62.75,86.3,38.95,51.92,MODERATE
STU101517,35.41,52.67,66.82,45.5,60.35,62.12,52.69,MODERATE
STU101518,45.64,46.14,53.58,55.0,92.68,42.23,53.12,MODERATE
STU101519,0.0,11.41,56.45,28.0,60.45,27.97,27.18,LOW
STU101520,22.9,28.49,52.64,26.25,72.65,30.58,36.49,MODERATE
STU101521,24.71,32.18,46.24,33.25,72.05,32.43,37.67,MODERATE
STU101522,24.56,34.64,66.61,38.75,67.27,26.8,42.11,MODERATE
STU101523,12.84,30.2,52.61,31.75,34.55,34.51,32.31,MODERATE
STU101524,52.14,40.94,35.34,46.0,67.22,44.06,45.76,MODERATE
STU101525,1.55,26.61,48.21,20.5,58.75,17.74,27.33,LOW
STU101526,12.45,25.03,53.61,33.5,42.12,29.81,31.69,MODERATE
STU101527,40.92,50.13,43.46,54.5,88.15,42.02,50.6,MODERATE
STU101528,6.89,29.92,55.89,45.0,59.02,23.09,35.0,MODERATE
STU101529,26.07,34.03,53.04,41.25,74.78,28.87,40.88,MODERATE
STU101530,6.05,32.63,35.05,31.75,46.25,17.5,27.51,LOW
STU101531,15.89,29.31,55.86,38.5,65.25,31.02,37.08,MODERATE
STU101532,0.0,8.87,57.63,52.75,30.3,0.0,24.69,LOW
STU101533,31.86,29.58,53.78,28.75,53.78,22.77,36.49,MODERATE
STU101534,31.07,34.27,50.12,56.5,64.4,31.24,42.84,MODERATE
STU101535,31.93,24.53,45.58,27.5,80.38,28.87,36.68,MODERATE
STU101536,21.65,24.59,40.92,18.25,78.42,20.57,31.3,MODERATE
STU101537,0.0,14.84,60.94,33.25,75.65,14.53,29.9,LOW
STU101538,5.82,19.34,47.31,20.75,52.32,16.47,25.45,LOW
STU101539,21.52,26.33,74.85,45.0,90.98,38.83,45.59,MODERATE
STU101540,9.87,23.84,42.04,24.5,36.97,12.14,24.93,LOW
STU101541,39.09,44.39,31.15,58.25,90.85,29.02,45.87,MODERATE
STU101542,27.62,35.43,73.81,43.5,56.6,43.63,45.69,MODERATE
STU101543,21.65,36.39,70.43,48.75,72.78,36.2,45.72,MODERATE
STU101544,9.02,14.3,42.56,5.5,30.48,14.55,19.22,LOW
STU101545,45.72,37.6,55.2,35.5,89.4,34.28,47.28,MODERATE
STU101546,15.36,26.8,52.31,22.75,54.0,23.33,31.38,MODERATE
STU101547,41.22,48.46,38.39,56.0,82.68,56.02,50.31,MODERATE
STU101548,31.17,30.88,41.05,33.25,62.4,24.24,35.82,MODERATE
STU101549,33.2,39.16,61.91,56.0,79.18,37.47,48.88,MODERATE
STU101550,0.0,2.21,46.49,5.75,62.4,1.62,17.12,LOW
STU101551,22.92,35.27,49.99,41.5,59.85,38.22,39.43,MODERATE
STU101552,30.7,32.89,46.8,25.25,66.3,34.61,37.6,MODERATE
STU101553,26.84,27.72,41.09,37.0,64.42,33.74,35.88,MODERATE
STU101554,35.05,43.2,55.88,53.75,58.6,30.54,45.96,MODERATE
STU101555,23.6,37.54,56.45,49.75,69.18,43.17,44.09,MODERATE
STU101556,6.39,33.09,64.98,43.0,62.93,28.32,38.12,MODERATE
STU101557,10.55,26.94,83.25,44.25,68.45,44.33,43.41,MODERATE
STU101558,30.29,58.68,54.55,73.0,88.95,47.94,56.28,MODERATE
STU101559,31.15,31.08,43.42,70.0,81.27,26.96,44.01,MODERATE
STU101560,0.0,24.61,39.55,30.75,40.8,34.14,26.17,LOW
STU101561,22.3,25.64,57.15,24.0,39.9,29.48,32.84,MODERATE
STU101562,0.0,11.14,51.61,21.5,45.32,23.58,23.22,LOW
STU101563,30.19,37.02,75.68,52.0,64.92,42.18,48.94,MODERATE
STU101564,2.29,18.43,52.68,35.75,44.15,10.85,26.46,LOW
STU101565,14.61,36.66,42.79,28.75,71.75,29.65,35.1,MODERATE
STU101566,13.74,12.35,46.52,13.0,59.42,12.96,24.33,LOW
STU101567,30.56,34.86,43.41,37.5,59.0,41.88,39.22,MODERATE
STU101568,45.64,52.23,43.72,82.25,89.5,50.33,57.25,MODERATE
STU101569,9.04,22.41,39.57,31.25,37.5,11.6,24.92,LOW
STU101570,10.66,30.39,46.82,39.25,58.1,32.32,34.02,MODERATE
STU101571,34.11,37.01,73.16,42.5,42.3,50.83,46.39,MODERATE
STU101572,27.12,38.82,19.14,54.0,91.55,32.36,39.45,MODERATE
STU101573,4.66,5.68,37.8,11.25,33.72,0.21,14.99,LOW
STU101574,30.49,38.41,63.9,42.75,78.9,29.32,45.72,MODERATE
STU101575,4.41,11.33,49.08,12.25,27.25,4.4,18.53,LOW
STU101576,29.62,34.01,57.68,50.25,80.55,29.21,44.48,MODERATE
STU101577,29.24,32.87,35.96,59.75,65.0,32.46,39.97,MODERATE
STU101578,9.33,22.71,60.88,16.75,51.92,28.87,30.31,MODERATE
STU101579,34.16,35.63,58.68,32.5,54.02,22.71,40.02,MODERATE
STU101580,24.91,26.13,74.98,33.75,48.38,49.72,41.38,MODERATE
STU101581,33.73,53.72,65.92,52.25,100.0,43.65,55.56,MODERATE
STU101582,38.71,34.16,36.28,46.0,86.2,25.71,41.63,MODERATE
STU101583,12.2,15.96,47.45,30.25,53.12,11.34,26.9,LOW
STU101584,28.15,47.03,44.92,50.5,80.38,38.44,45.83,MODERATE
STU101585,16.63,33.86,25.0,40.5,74.25,23.6,32.65,MODERATE
STU101586,24.34,38.2,38.11,20.0,74.75,33.8,35.9,MODERATE
STU101587,35.64,27.82,59.54,44.75,72.2,22.82,42.21,MODERATE
STU101588,0.0,8.14,53.16,0.0,62.4,7.33,19.64,LOW
STU101589,17.86,34.93,51.9,52.25,79.05,53.31,43.76,MODERATE
STU101590,35.86,34.01,48.72,42.75,68.28,29.09,41.57,MODERATE
STU101591,0.0,0.0,50.0,13.75,28.48,0.0,14.91,LOW
STU101592,23.33,35.34,41.58,40.25,74.28,31.45,38.43,MODERATE
STU101593,9.99,35.42,41.14,31.25,50.18,22.61,31.05,MODERATE
STU101594,28.34,37.2,69.79,41.75,55.92,37.42,44.52,MODERATE
STU101595,18.19,31.34,50.35,32.5,79.12,31.6,37.49,MODERATE
STU101596,18.54,28.99,32.55,40.25,72.25,27.61,33.49,MODERATE
STU101597,9.36,15.55,49.26,44.0,38.98,16.0,27.71,LOW
STU101598,6.51,38.69,58.92,27.0,74.38,44.2,38.67,MODERATE
STU101599,15.73,13.24,49.72,23.75,28.18,11.89,23.97,LOW
STU101600,7.63,7.95,56.92,28.75,45.15,11.87,24.91,LOW
STU101601,19.28,29.63,45.96,38.5,66.6,38.65,36.76,MODERATE
STU101602,21.65,24.53,51.24,29.25,56.72,28.87,33.66,MODERATE
STU101603,0.0,18.56,31.89,30.75,28.85,7.2,19.24,LOW
STU101604,28.7,44.02,66.34,48.0,100.0,49.26,52.14,MODERATE
STU101605,0.0,0.76,51.91,0.0,12.2,0.0,11.79,LOW
STU101606,30.24,35.98,48.29,26.0,55.25,42.56,38.38,MODERATE
STU101607,26.21,37.54,41.72,29.5,71.78,23.87,36.96,MODERATE
STU101608,30.88,46.75,64.92,51.25,81.58,50.03,51.7,MODERATE
STU101609,35.76,36.77,49.01,50.0,78.53,33.64,44.86,MODERATE
STU101610,15.65,22.35,54.85,28.75,38.72,16.97,29.57,LOW
STU101611,0.0,8.04,34.5,13.25,37.58,3.68,15.02,LOW
STU101612,28.9,31.5,63.45,37.0,71.2,44.11,43.43,MODERATE
STU101613,25.29,25.58,59.52,35.75,58.55,25.61,37.14,MODERATE
STU101614,16.69,26.42,65.59,31.5,50.7,33.69,36.22,MODERATE
STU101615,16.34,20.9,51.42,33.5,14.05,26.57,27.86,LOW
STU101616,3.01,3.42,41.45,0.0,38.4,0.0,13.59,LOW
STU101617,0.0,11.99,40.8,21.25,38.7,0.0,18.22,LOW
STU101618,9.35,28.41,63.54,31.0,75.6,38.21,37.71,MODERATE
STU101619,14.5,25.97,47.96,37.0,60.68,19.79,32.58,MODERATE
STU101620,7.66,21.48,70.51,36.25,66.53,14.07,34.5,MODERATE
STU101621,14.07,23.4,52.44,26.25,81.92,34.9,34.77,MODERATE
STU101622,35.75,51.42,48.75,56.75,64.15,48.1,49.49,MODERATE
STU101623,29.32,36.45,64.07,61.25,70.02,37.13,47.69,MODERATE
STU101624,10.32,20.41,50.22,32.25,44.12,17.1,28.17,LOW
STU101625,0.0,17.07,55.92,14.25,54.65,38.89,26.94,LOW
STU101626,14.34,28.82,50.43,33.5,66.55,28.71,34.71,MODERATE
STU101627,6.37,24.92,39.05,41.0,73.05,19.02,30.67,MODERATE
STU101628,5.5,13.65,40.35,28.0,44.88,12.28,22.5,LOW
STU101629,25.11,48.62,45.08,53.0,83.9,48.57,47.39,MODERATE
STU101630,27.97,32.71,70.31,31.5,75.98,46.72,44.83,MODERATE
STU101631,0.0,5.45,48.15,13.0,41.7,4.28,17.54,LOW
STU101632,22.11,20.36,56.7,29.0,64.18,32.98,34.92,MODERATE
STU101633,45.93,44.6,64.95,44.0,69.25,43.49,51.2,MODERATE
STU101634,4.37,34.86,45.81,17.25,58.22,27.52,29.91,LOW
STU101635,4.46,16.45,38.99,34.75,67.27,11.37,25.88,LOW
STU101636,48.41,55.94,41.51,75.25,91.65,45.64,56.99,MODERATE
STU101637,22.77,27.61,53.81,39.75,53.08,25.31,36.02,MODERATE
STU101638,33.23,30.77,29.47,35.0,65.75,32.6,35.32,MODERATE
STU101639,47.71,45.36,52.19,60.25,66.55,28.87,49.9,MODERATE
STU101640,19.91,36.5,41.54,33.75,60.98,36.05,36.18,MODERATE
STU101641,24.84,31.63,54.78,38.25,59.18,36.54,39.14,MODERATE
STU101642,21.65,32.59,34.15,37.75,57.0,16.27,32.3,MODERATE
STU101643,12.63,28.35,56.06,41.0,56.75,19.13,34.56,MODERATE
STU101644,37.61,48.58,57.02,41.25,80.6,55.41,50.86,MODERATE
STU101645,29.55,45.62,38.38,37.0,92.38,48.34,44.61,MODERATE
STU101646,35.93,33.1,56.95,47.5,60.7,27.73,42.82,MODERATE
STU101647,10.45,15.43,53.81,37.5,38.1,16.67,27.81,LOW
STU101648,11.42,29.47,54.47,32.5,43.08,27.75,32.5,MODERATE
STU101649,16.16,28.82,60.3,40.0,58.35,40.5,38.38,MODERATE
STU101650,36.62,37.01,55.38,41.25,98.7,44.42,48.15,MODERATE
STU101651,22.41,34.32,62.42,42.25,66.05,40.36,42.52,MODERATE
STU101652,7.75,14.82,44.12,32.25,51.02,9.12,24.93,LOW
STU101653,17.13,27.94,51.88,33.25,39.55,30.56,32.79,MODERATE
STU101654,36.64,37.47,44.0,37.0,62.4,32.76,40.56,MODERATE
STU101655,58.33,61.58,35.39,84.0,94.0,52.01,61.34,HIGH
STU101656,33.13,39.56,44.11,51.5,98.52,37.11,46.63,MODERATE
STU101657,27.58,31.81,57.95,43.25,80.05,34.38,42.99,MODERATE
STU101658,20.15,46.85,67.09,37.0,80.65,49.67,47.74,MODERATE
STU101659,19.7,34.12,72.21,38.25,72.97,36.66,43.61,MODERATE
STU101660,18.73,24.86,73.15,27.75,48.18,28.87,36.46,MODERATE
STU101661,7.76,35.6,61.82,35.75,44.55,34.51,36.08,MODERATE
STU101662,10.75,10.7,50.15,24.0,37.93,6.3,22.88,LOW
STU101663,34.72,41.52,47.71,57.25,96.62,27.2,47.84,MODERATE
STU101664,33.17,29.76,57.64,52.5,77.42,23.42,43.56,MODERATE
STU101665,48.89,46.13,26.15,60.25,100.0,35.36,49.11,MODERATE
STU101666,18.82,28.29,59.36,58.25,70.35,38.96,42.38,MODERATE
STU101667,41.58,45.83,63.4,56.5,68.12,41.65,51.91,MODERATE
STU101668,6.18,21.48,56.84,17.25,31.22,23.52,26.04,LOW
STU101669,13.32,33.11,42.48,22.0,61.05,23.75,31.22,MODERATE
STU101670,18.01,18.56,60.8,4.25,47.65,26.71,28.48,LOW
STU101671,41.37,38.0,71.5,46.5,48.02,42.98,48.15,MODERATE
STU101672,26.98,42.19,44.8,57.75,96.35,28.87,46.09,MODERATE
STU101673,11.71,38.8,47.62,46.0,70.3,35.32,39.03,MODERATE
STU101674,15.14,25.57,43.04,17.75,51.9,15.57,27.44,LOW
STU101675,0.0,17.85,35.11,1.5,39.05,0.84,15.7,LOW
STU101676,24.12,22.69,48.24,41.5,56.55,17.95,33.82,MODERATE
STU101677,14.74,33.52,41.66,43.5,62.87,25.26,35.0,MODERATE
STU101678,27.28,25.52,68.73,32.5,69.03,33.78,40.74,MODERATE
STU101679,13.07,37.97,67.42,29.75,70.95,43.48,41.5,MODERATE
STU101680,0.0,11.38,44.08,7.0,41.0,18.01,18.61,LOW
STU101681,2.14,19.83,51.08,26.0,20.72,18.88,23.46,LOW
STU101682,14.13,29.0,85.21,29.25,64.1,45.85,42.5,MODERATE
STU101683,16.19,24.51,54.49,28.0,58.32,22.73,32.57,MODERATE
STU101684,16.14,19.2,56.62,42.0,48.2,22.09,32.68,MODERATE
STU101685,21.65,26.47,32.54,19.75,57.72,19.06,28.1,LOW
STU101686,32.77,26.21,46.18,34.0,68.25,25.09,36.78,MODERATE
STU101687,34.04,51.59,49.19,54.5,68.88,53.87,49.99,MODERATE
STU101688,0.0,22.25,70.62,16.5,57.63,25.5,30.47,MODERATE
STU101689,20.35,35.6,54.05,30.0,81.38,39.31,40.35,MODERATE
STU101690,13.22,31.88,61.88,18.25,57.4,24.52,33.92,MODERATE
STU101691,0.0,18.15,67.07,3.25,16.2,18.34,21.89,LOW
STU101692,9.05,32.16,59.68,31.0,61.88,43.12,36.94,MODERATE
STU101693,28.1,21.59,60.9,30.0,55.5,19.23,35.17,MODERATE
STU101694,0.0,0.0,50.0,20.5,31.07,0.0,16.18,LOW
STU101695,18.42,30.65,52.02,25.25,42.62,33.37,33.14,MODERATE
STU101696,29.39,41.27,55.16,42.25,82.62,45.83,46.41,MODERATE
STU101697,25.29,33.92,36.46,29.25,72.4,24.35,34.89,MODERATE
STU101698,0.0,11.72,72.64,26.25,40.9,13.74,26.86,LOW
STU101699,52.18,43.25,40.65,45.25,50.5,37.21,44.94,MODERATE
STU101700,38.19,49.23,42.64,38.0,68.28,45.9,45.59,MODERATE
STU101701,2.8,20.56,54.97,29.25,47.87,28.87,28.76,LOW
STU101702,4.29,32.7,41.84,31.75,100.0,28.2,34.98,MODERATE
STU101703,20.38,42.26,31.89,34.75,47.25,28.87,33.84,MODERATE
STU101704,14.66,16.9,63.29,39.0,55.08,18.55,33.03,MODERATE
STU101705,29.52,42.61,63.54,41.25,83.9,55.55,49.4,MODERATE
STU101706,46.77,49.98,52.12,62.5,94.08,46.7,55.73,MODERATE
STU101707,28.67,45.12,30.06,69.5,65.03,42.73,44.23,MODERATE
STU101708,14.63,15.36,76.08,27.0,54.3,26.8,34.14,MODERATE
STU101709,10.46,27.61,74.14,34.75,77.65,34.06,40.21,MODERATE
STU101710,31.54,30.04,29.12,33.75,75.45,23.7,34.62,MODERATE
STU101711,26.77,39.72,41.05,50.5,90.28,29.65,43.06,MODERATE
STU101712,38.24,32.5,52.96,34.0,62.07,31.54,40.83,MODERATE
STU101713,8.41,13.44,38.26,19.0,50.58,14.33,22.03,LOW
STU101714,27.71,44.72,54.7,37.0,94.65,53.98,48.08,MODERATE
STU101715,32.1,40.46,57.46,53.5,73.47,45.93,47.99,MODERATE
STU101716,33.41,50.01,59.86,50.75,81.08,45.36,51.41,MODERATE
STU101717,23.67,41.38,73.86,43.25,83.68,42.38,48.94,MODERATE
STU101718,9.55,24.04,30.21,27.5,81.92,16.55,27.93,LOW
STU101719,0.0,11.44,41.49,8.75,27.25,12.95,16.49,LOW
STU101720,16.24,38.05,41.06,40.25,62.75,37.62,37.05,MODERATE
STU101721,15.61,21.61,52.81,41.25,66.0,11.47,33.02,MODERATE
STU101722,22.47,17.85,32.96,12.25,40.22,3.63,21.77,LOW
STU101723,19.66,25.44,27.49,43.5,76.3,15.5,31.5,MODERATE
STU101724,40.01,41.58,70.45,38.5,70.4,52.53,50.56,MODERATE
STU101725,0.0,1.1,49.61,0.0,19.67,0.0,12.16,LOW
STU101726,18.98,27.24,36.01,32.75,65.15,16.27,30.86,MODERATE
STU101727,8.08,33.64,61.2,17.25,76.65,42.14,36.73,MODERATE
STU101728,12.57,36.83,72.03,22.5,62.5,43.76,40.13,MODERATE
STU101729,22.9,28.82,60.59,29.75,62.95,30.54,37.71,MODERATE
STU101730,2.62,16.14,55.51,22.5,59.35,10.22,25.99,LOW
STU101731,44.08,35.92,22.56,41.25,66.7,22.36,37.4,MODERATE
STU101732,15.87,31.41,59.02,21.75,50.7,37.96,34.96,MODERATE
STU101733,38.8,27.76,45.0,35.5,68.08,11.29,36.96,MODERATE
STU101734,7.58,28.02,55.2,31.75,35.45,33.88,31.26,MODERATE
STU101735,26.81,25.28,49.08,50.75,72.25,23.47,38.68,MODERATE
STU101736,27.26,25.69,56.09,40.25,49.25,28.87,36.94,MODERATE
STU101737,20.67,19.8,52.39,41.25,54.87,10.31,32.27,MODERATE
STU101738,23.05,29.04,45.38,37.25,69.05,22.1,35.65,MODERATE
STU101739,21.65,43.12,44.47,69.0,86.35,38.01,46.79,MODERATE
STU101740,17.34,4.95,51.31,13.5,41.18,9.21,22.03,LOW
STU101741,9.16,30.71,63.54,18.25,64.9,28.65,34.31,MODERATE
STU101742,29.38,26.24,82.01,37.75,61.8,30.92,43.77,MODERATE
STU101743,41.07,34.56,38.28,27.25,74.53,46.11,40.66,MODERATE
STU101744,7.82,16.51,51.56,21.25,62.32,18.59,27.28,LOW
STU101745,3.44,24.05,52.61,25.0,53.12,11.51,27.44,LOW
STU101746,45.44,40.14,26.36,58.5,73.85,41.23,44.68,MODERATE
STU101747,21.89,22.44,49.4,35.75,63.65,23.28,33.92,MODERATE
STU101748,21.65,26.02,44.81,24.5,50.4,25.02,31.01,MODERATE
STU101749,56.71,37.23,53.94,68.25,92.22,31.52,54.05,MODERATE
STU101750,24.72,34.1,47.24,30.25,74.68,27.48,37.67,MODERATE
STU101751,10.06,24.6,68.65,23.25,45.55,35.87,33.52,MODERATE
STU101752,0.0,25.08,53.22,32.25,43.6,28.87,29.0,LOW
STU101753,15.21,20.29,45.91,18.0,38.38,20.23,25.86,LOW
STU101754,17.75,27.96,37.98,43.5,81.27,13.67,34.16,MODERATE
STU101755,31.66,43.22,45.15,50.25,91.07,39.82,46.79,MODERATE
STU101756,56.97,49.28,35.61,68.5,90.18,28.87,53.02,MODERATE
STU101757,9.09,15.57,33.12,26.25,47.5,2.54,21.28,LOW
STU101758,14.76,21.21,46.73,9.75,51.72,19.09,26.14,LOW
STU101759,0.0,16.84,57.68,30.75,49.42,22.09,27.51,LOW
STU101760,18.66,36.01,34.12,42.75,71.05,15.94,34.67,MODERATE
STU101761,9.34,27.97,41.01,31.5,82.38,21.22,32.15,MODERATE
STU101762,30.32,54.66,55.99,75.75,76.82,49.24,54.9,MODERATE
STU101763,33.6,38.64,25.3,43.5,57.15,29.22,36.6,MODERATE
STU101764,11.53,26.32,36.55,40.75,67.52,18.99,30.96,MODERATE
STU101765,13.24,17.62,40.55,26.5,50.03,13.91,25.53,LOW
STU101766,0.0,8.32,57.79,7.75,16.3,0.0,16.43,LOW
STU101767,15.29,38.11,65.04,38.5,65.68,48.44,42.78,MODERATE
STU101768,26.66,37.95,46.98,45.5,71.68,30.26,41.23,MODERATE
STU101769,38.94,39.08,48.78,56.5,53.22,37.59,44.87,MODERATE
STU101770,33.62,44.78,41.41,40.0,47.35,34.7,40.41,MODERATE
STU101771,0.0,2.73,56.84,11.5,42.45,10.93,19.11,LOW
STU101772,5.77,22.41,42.52,45.5,62.4,24.97,30.82,MODERATE
STU101773,7.38,19.52,46.44,16.25,34.65,19.71,23.52,LOW
STU101774,27.37,34.75,40.75,30.5,59.88,30.21,35.9,MODERATE
STU101775,20.49,34.04,68.49,24.5,53.7,48.71,40.22,MODERATE
STU101776,15.84,21.87,52.94,9.75,84.78,15.6,30.72,MODERATE
STU101777,30.25,43.9,50.31,37.0,94.5,25.56,44.64,MODERATE
STU101778,9.82,24.59,55.86,37.0,44.58,27.42,32.03,MODERATE
STU101779,33.9,27.69,68.58,36.5,62.95,30.58,42.25,MODERATE
STU101780,23.31,28.63,41.39,50.75,64.8,24.81,36.67,MODERATE
STU101781,20.19,24.02,55.11,51.5,77.3,26.46,39.17,MODERATE
STU101782,41.67,34.29,39.79,52.0,80.02,17.91,42.46,MODERATE
STU101783,28.66,26.59,54.2,22.75,51.1,28.87,34.63,MODERATE
STU101784,19.23,30.98,39.34,39.75,75.52,17.43,34.72,MODERATE
STU101785,39.77,35.27,68.75,35.75,74.0,39.14,47.2,MODERATE
STU101786,17.29,43.95,52.99,42.75,70.23,38.47,42.33,MODERATE
STU101787,21.65,28.08,52.58,34.0,53.55,17.93,34.11,MODERATE
STU101788,31.6,37.03,43.78,55.0,76.6,28.87,43.13,MODERATE
STU101789,11.66,17.06,78.31,34.0,49.52,33.36,35.65,MODERATE
STU101790,9.95,14.78,45.85,27.5,34.15,14.59,23.85,LOW
STU101791,31.83,48.38,59.2,38.25,100.0,41.52,50.19,MODERATE
STU101792,0.5,14.72,31.92,0.5,9.43,14.99,12.68,LOW
STU101793,22.51,29.65,56.45,41.75,49.0,33.09,37.68,MODERATE
STU101794,9.31,22.42,47.13,17.0,53.75,22.7,27.09,LOW
STU101795,37.93,44.8,56.55,44.0,75.5,58.66,50.11,MODERATE
STU101796,4.07,24.62,52.72,37.75,35.5,16.78,28.4,LOW
STU101797,42.84,38.47,41.79,39.75,57.72,38.63,42.14,MODERATE
STU101798,16.61,31.81,42.1,28.0,71.8,35.28,34.6,MODERATE
STU101799,33.36,44.99,58.9,51.75,51.05,46.26,47.19,MODERATE
STU101800,25.91,41.77,45.46,41.5,62.4,35.18,40.7,MODERATE
STU101801,17.76,28.34,48.45,44.25,64.53,8.61,34.28,MODERATE
STU101802,27.73,21.83,84.08,45.75,54.3,36.47,43.76,MODERATE
STU101803,30.89,32.85,71.45,45.25,63.75,35.53,45.4,MODERATE
STU101804,26.37,37.78,66.54,57.25,64.42,39.57,47.01,MODERATE
STU101805,26.68,30.3,59.12,52.5,91.48,28.87,44.64,MODERATE
STU101806,34.61,38.24,27.48,28.0,72.6,28.87,36.33,MODERATE
STU101807,12.15,21.02,78.56,32.0,41.22,19.27,34.25,MODERATE
STU101808,9.59,23.18,62.39,22.25,71.23,27.71,33.42,MODERATE
STU101809,15.46,24.89,54.65,18.0,53.55,28.87,31.19,MODERATE
STU101810,32.37,21.56,85.12,47.25,69.15,37.73,46.66,MODERATE
STU101811,17.7,23.62,25.56,40.0,52.2,8.42,26.62,LOW
STU101812,21.1,30.98,63.18,33.0,60.13,46.54,40.22,MODERATE
STU101813,43.38,49.0,43.62,64.75,87.42,48.43,52.95,MODERATE
STU101814,29.33,32.32,58.95,34.0,69.35,39.51,41.72,MODERATE
STU101815,22.77,30.95,54.0,27.5,67.35,26.04,36.56,MODERATE
STU101816,24.35,42.36,63.2,63.25,80.15,45.58,50.16,MODERATE
STU101817,34.97,35.05,53.49,47.75,71.43,39.9,44.75,MODERATE
STU101818,22.76,32.45,52.95,37.5,42.25,28.58,35.96,MODERATE
STU101819,13.65,33.1,56.76,56.25,94.52,17.55,42.0,MODERATE
STU101820,28.2,36.42,33.44,51.75,68.9,23.92,38.48,MODERATE
STU101821,13.56,11.99,49.31,22.5,51.05,17.67,25.82,LOW
STU101822,45.05,54.05,46.89,57.75,62.1,54.11,52.18,MODERATE
STU101823,30.25,32.83,51.69,38.25,64.12,39.05,40.65,MODERATE
STU101824,32.95,38.26,79.56,43.75,95.85,51.14,53.33,MODERATE
STU101825,28.56,33.13,54.97,47.0,62.4,27.57,41.04,MODERATE
STU101826,29.46,36.37,45.31,30.25,62.4,38.05,38.63,MODERATE
STU101827,19.0,41.18,47.15,55.0,85.22,28.26,43.12,MODERATE
STU101828,14.43,21.89,32.92,40.75,46.2,12.4,26.92,LOW
STU101829,9.43,15.74,53.69,23.25,25.22,16.62,24.23,LOW
STU101830,21.67,23.86,62.15,23.0,36.38,33.93,33.21,MODERATE
STU101831,16.86,21.26,56.26,17.25,48.45,28.87,30.26,MODERATE
STU101832,48.53,39.97,69.23,42.0,76.08,54.64,52.92,MODERATE
STU101833,26.44,33.6,76.6,38.0,56.05,31.48,43.46,MODERATE
STU101834,23.47,21.32,58.55,25.0,27.38,10.62,29.28,LOW
STU101835,5.27,28.29,45.53,14.75,56.97,41.97,29.34,LOW
STU101836,5.64,18.16,28.5,22.5,17.32,13.55,17.83,LOW
STU101837,2.45,24.02,55.18,26.0,60.13,28.87,30.33,MODERATE
STU101838,7.31,24.07,44.98,2.0,34.3,23.92,22.6,LOW
STU101839,0.0,4.18,58.3,0.0,30.75,15.01,17.28,LOW
STU101840,13.67,15.06,43.06,31.75,69.6,9.31,27.76,LOW
STU101841,9.52,25.94,72.51,33.25,70.4,30.32,37.95,MODERATE
STU101842,26.66,22.45,72.16,47.0,69.55,45.81,43.96,MODERATE
STU101843,26.21,34.5,54.21,54.5,70.9,34.95,43.47,MODERATE
STU101844,18.0,28.96,50.49,45.5,46.15,18.04,34.18,MODERATE
STU101845,34.22,43.76,73.82,55.5,100.0,47.37,55.61,MODERATE
STU101846,27.47,25.18,44.78,47.25,72.62,19.78,37.07,MODERATE
STU101847,13.98,37.38,41.81,38.0,77.8,48.97,38.88,MODERATE
STU101848,20.94,19.37,39.09,28.25,36.95,9.09,25.69,LOW
STU101849,16.7,10.28,58.36,37.75,28.08,19.89,28.04,LOW
STU101850,38.12,40.11,58.95,41.75,79.12,47.05,48.32,MODERATE
STU101851,0.0,12.57,28.61,27.0,40.15,0.7,17.0,LOW
STU101852,19.85,29.38,37.95,42.0,80.47,20.69,35.32,MODERATE
STU101853,25.04,25.55,55.81,46.0,34.55,12.83,34.2,MODERATE
STU101854,49.34,46.02,43.58,65.5,70.28,32.38,50.18,MODERATE
STU101855,34.68,37.2,57.02,43.5,96.52,34.95,47.31,MODERATE
STU101856,23.08,13.22,69.59,13.5,38.55,32.87,31.01,MODERATE
STU101857,22.27,31.45,60.58,49.0,73.85,43.8,43.55,MODERATE
STU101858,21.65,24.57,84.32,41.0,67.25,43.5,44.56,MODERATE
STU101859,15.75,21.48,57.3,50.0,74.7,30.67,38.02,MODERATE
STU101860,37.98,53.63,49.14,60.75,100.0,41.68,54.11,MODERATE
STU101861,8.81,35.46,45.6,38.0,64.53,24.87,34.39,MODERATE
STU101862,0.0,13.14,55.59,13.25,17.68,28.87,21.05,LOW
STU101863,21.65,21.31,43.69,42.5,57.78,25.3,33.08,MODERATE
STU101864,20.58,34.77,46.96,34.25,53.22,17.85,34.45,MODERATE
STU101865,0.0,11.06,35.52,26.5,25.95,0.0,16.44,LOW
STU101866,38.88,47.47,70.15,64.0,72.38,51.0,55.61,MODERATE
STU101867,32.86,41.55,55.81,49.0,52.12,39.76,44.66,MODERATE
STU101868,0.0,4.63,48.7,8.75,22.6,3.71,14.84,LOW
STU101869,15.62,20.29,42.98,31.25,31.28,9.84,25.59,LOW
STU101870,36.12,24.01,69.05,50.75,81.18,26.8,45.45,MODERATE
STU101871,17.09,42.62,37.99,39.0,54.02,34.84,36.41,MODERATE
STU101872,24.68,37.18,52.62,54.0,55.72,46.32,43.06,MODERATE
STU101873,17.44,28.61,53.06,28.75,68.0,35.98,35.96,MODERATE
STU101874,34.66,31.04,57.22,25.5,100.0,29.78,42.94,MODERATE
STU101875,11.47,27.87,60.24,28.5,78.05,33.42,36.73,MODERATE
STU101876,34.08,44.5,66.05,52.25,88.95,52.49,53.13,MODERATE
STU101877,21.3,29.45,43.96,24.25,62.4,19.85,32.28,MODERATE
STU101878,18.85,30.91,65.82,53.0,77.53,37.51,44.12,MODERATE
STU101879,50.03,30.89,51.45,34.25,77.25,35.38,44.42,MODERATE
STU101880,5.9,18.94,68.84,30.75,51.05,27.76,32.18,MODERATE
STU101881,0.29,2.58,43.54,28.25,31.55,0.0,16.8,LOW
STU101882,0.0,2.85,44.92,1.25,34.2,1.64,13.47,LOW
STU101883,12.26,20.76,37.01,35.5,60.65,11.96,27.63,LOW
STU101884,32.1,30.15,48.32,39.75,56.22,32.82,38.49,MODERATE
STU101885,13.74,26.64,64.57,47.5,46.3,31.62,37.24,MODERATE
STU101886,36.81,18.95,55.12,11.75,70.78,19.55,33.92,MODERATE
STU101887,22.98,26.4,55.8,26.75,66.07,21.59,35.13,MODERATE
STU101888,16.28,20.04,55.99,7.5,60.58,15.95,28.24,LOW
STU101889,50.13,57.71,70.08,62.25,100.0,64.04,64.21,HIGH
STU101890,21.65,28.17,55.94,32.5,53.97,36.07,36.44,MODERATE
STU101891,5.11,24.74,31.74,28.0,25.4,8.36,21.13,LOW
STU101892,14.51,40.17,44.49,37.0,79.28,30.53,38.37,MODERATE
STU101893,39.12,28.48,48.81,44.0,43.18,28.71,38.49,MODERATE
STU101894,11.31,26.6,49.42,16.25,61.7,26.76,30.08,MODERATE
STU101895,0.0,8.21,37.3,22.5,42.65,0.0,17.15,LOW
STU101896,42.11,52.26,44.75,56.75,61.05,51.48,50.2,MODERATE
STU101897,43.5,55.17,39.81,58.75,94.42,43.0,53.01,MODERATE
STU101898,31.46,34.57,48.05,47.75,65.22,34.26,41.66,MODERATE
STU101899,33.82,48.28,54.14,60.0,89.92,40.84,51.74,MODERATE
STU101900,34.34,44.27,49.94,51.5,93.5,51.15,50.11,MODERATE
STU101901,36.54,40.13,36.97,53.75,83.45,31.58,44.3,MODERATE
STU101902,13.62,18.38,46.08,15.25,71.1,11.24,27.06,LOW
STU101903,15.22,30.26,49.29,28.0,51.42,30.3,32.84,MODERATE
STU101904,27.82,32.44,45.4,36.5,59.2,24.88,36.64,MODERATE
STU101905,48.8,50.53,42.88,30.0,78.68,43.81,47.72,MODERATE
STU101906,26.02,16.7,43.64,19.75,61.65,5.97,27.83,LOW
STU101907,4.1,6.91,34.31,0.0,30.48,0.0,12.46,LOW
STU101908,20.71,41.18,51.58,49.25,64.78,43.75,42.99,MODERATE
STU101909,10.81,15.46,50.44,30.5,40.05,12.89,25.98,LOW
STU101910,5.45,28.39,48.26,39.0,45.0,14.62,29.65,LOW
STU101911,11.34,23.9,60.25,42.5,58.8,22.61,34.81,MODERATE
STU101912,15.4,28.05,56.95,40.75,57.68,23.63,35.73,MODERATE
STU101913,37.71,26.32,62.05,51.75,45.25,33.9,42.21,MODERATE
STU101914,9.19,13.4,51.11,5.25,41.0,17.93,22.09,LOW
STU101915,20.83,19.25,53.82,47.25,70.35,22.89,36.15,MODERATE
STU101916,1.66,17.78,15.49,22.5,55.05,7.96,17.55,LOW
STU101917,31.61,29.87,37.8,23.75,68.38,22.59,34.01,MODERATE
STU101918,18.11,20.39,44.7,33.75,52.7,14.54,29.45,LOW
STU101919,31.98,33.6,65.1,46.0,61.98,31.66,44.08,MODERATE
STU101920,31.97,35.76,53.9,39.75,54.6,48.28,42.36,MODERATE
STU101921,0.0,2.44,43.91,0.0,20.7,0.0,11.46,LOW
STU101922,58.44,58.78,41.41,79.25,100.0,51.72,61.72,HIGH
STU101923,0.0,26.23,45.8,35.75,58.0,39.29,30.81,MODERATE
STU101924,26.08,19.22,36.85,24.25,51.85,5.86,26.8,LOW
STU101925,9.3,31.78,32.3,40.75,65.27,26.63,31.57,MODERATE
STU101926,33.58,30.59,62.6,54.25,67.5,25.8,44.35,MODERATE
STU101927,18.8,31.49,65.42,25.5,62.4,34.61,38.24,MODERATE
STU101928,21.02,30.24,64.04,52.0,75.15,28.86,42.77,MODERATE
STU101929,18.2,24.02,57.54,34.0,55.7,24.97,34.32,MODERATE
STU101930,27.21,32.6,38.14,38.5,67.48,16.32,35.37,MODERATE
STU101931,0.0,2.67,49.25,11.25,50.72,0.0,17.28,LOW
STU101932,21.69,25.5,46.29,18.5,73.3,29.46,33.02,MODERATE
STU101933,16.55,33.41,51.7,24.0,65.58,36.55,35.82,MODERATE
STU101934,35.42,33.53,64.18,47.75,55.48,46.77,45.69,MODERATE
STU101935,12.13,30.86,50.43,20.5,45.38,42.26,32.07,MODERATE
STU101936,14.62,19.63,46.35,26.5,46.12,24.17,28.11,LOW
STU101937,18.55,25.28,37.18,31.75,57.05,19.77,29.91,LOW
STU101938,33.72,39.75,55.25,48.25,85.75,38.57,47.4,MODERATE
STU101939,42.3,39.82,28.65,50.75,79.35,30.78,42.77,MODERATE
STU101940,9.99,6.96,39.24,14.5,31.05,0.0,16.87,LOW
STU101941,24.51,40.57,45.68,51.5,77.2,45.02,44.13,MODERATE
STU101942,32.31,22.78,61.56,46.0,46.6,30.92,39.12,MODERATE
STU101943,23.76,38.9,45.16,39.25,74.88,37.15,40.6,MODERATE
STU101944,14.37,20.22,67.51,29.75,43.68,32.5,33.51,MODERATE
STU101945,16.88,35.68,68.94,44.75,68.47,36.12,43.26,MODERATE
STU101946,23.75,34.97,76.26,56.25,83.52,42.65,49.8,MODERATE
STU101947,33.17,33.1,70.06,52.75,77.07,47.58,49.3,MODERATE
STU101948,30.44,34.26,63.67,53.5,59.45,46.08,45.96,MODERATE
STU101949,4.4,25.33,64.96,24.25,33.6,29.04,30.11,MODERATE
STU101950,10.98,28.63,42.54,26.25,49.97,34.09,30.2,MODERATE
STU101951,27.36,45.24,60.22,51.0,100.0,43.26,50.8,MODERATE
STU101952,13.18,25.5,45.68,42.5,72.4,16.91,33.45,MODERATE
STU101953,44.42,40.52,50.44,66.5,78.22,31.15,50.01,MODERATE
STU101954,12.63,17.58,57.22,22.5,66.58,18.69,30.27,MODERATE
STU101955,18.24,18.96,63.75,33.0,64.4,14.36,33.96,MODERATE
STU101956,31.19,32.91,77.04,47.5,68.1,38.34,47.64,MODERATE
STU101957,17.43,25.98,53.91,33.75,54.1,20.38,33.27,MODERATE
STU101958,4.29,11.98,60.79,18.5,28.5,28.87,24.52,LOW
STU101959,25.22,29.9,46.76,52.75,69.45,25.11,39.24,MODERATE
STU101960,37.33,39.61,50.05,61.5,82.22,22.07,47.03,MODERATE
STU101961,25.09,22.31,31.05,27.25,64.35,14.03,28.73,LOW
STU101962,22.02,42.07,39.3,57.5,73.15,32.14,41.94,MODERATE
STU101963,23.28,32.76,52.37,35.75,60.15,40.44,38.74,MODERATE
STU101964,40.73,39.11,49.44,43.75,60.15,34.99,43.89,MODERATE
STU101965,28.97,43.85,55.09,37.0,71.4,33.28,43.79,MODERATE
STU101966,12.83,25.91,37.56,48.0,82.65,21.72,34.19,MODERATE
STU101967,3.53,27.57,41.56,24.25,53.38,25.77,27.46,LOW
STU101968,12.88,15.11,45.49,18.0,35.2,18.05,23.48,LOW
STU101969,14.84,16.46,45.48,31.5,70.3,4.6,28.39,LOW
STU101970,25.62,25.32,51.29,23.5,58.53,24.62,33.55,MODERATE
STU101971,31.03,39.48,79.91,55.25,62.8,51.41,51.77,MODERATE
STU101972,55.58,58.69,67.95,74.25,72.82,62.67,64.06,HIGH
STU101973,29.33,24.24,44.06,47.75,64.5,30.86,37.44,MODERATE
STU101974,52.9,47.69,30.93,72.5,98.2,28.87,52.27,MODERATE
STU101975,42.33,48.22,40.88,63.0,70.25,45.61,49.73,MODERATE
STU101976,27.25,22.73,57.46,32.25,72.28,19.8,36.67,MODERATE
STU101977,17.09,22.82,42.6,35.5,45.1,13.59,28.84,LOW
STU101978,14.44,30.88,43.61,48.25,64.35,28.87,35.89,MODERATE
STU101979,0.0,9.76,52.98,31.75,42.22,17.88,23.81,LOW
STU101980,17.0,28.61,39.54,42.25,49.92,25.57,32.35,MODERATE
STU101981,17.95,28.79,60.1,38.0,68.08,31.64,38.48,MODERATE
STU101982,21.65,3.16,48.7,12.5,13.48,0.0,18.08,LOW
STU101983,7.12,13.74,55.97,21.5,64.85,8.85,26.65,LOW
STU101984,24.78,23.71,57.26,20.5,58.35,24.36,33.68,MODERATE
STU101985,30.61,46.47,58.6,55.5,77.3,44.35,49.95,MODERATE
STU101986,19.93,33.28,55.64,47.75,72.42,22.92,40.13,MODERATE
STU101987,49.56,47.65,58.39,58.25,70.7,54.35,54.74,MODERATE
STU101988,24.81,29.71,39.84,37.0,68.73,26.45,35.43,MODERATE
STU101989,37.28,33.62,48.82,49.5,72.1,39.71,44.23,MODERATE
STU101990,23.97,32.85,57.56,57.25,64.55,34.64,43.02,MODERATE
STU101991,16.77,23.06,43.68,26.0,48.1,8.31,27.4,LOW
STU101992,41.51,45.22,62.76,46.25,93.98,43.64,52.86,MODERATE
STU101993,21.99,39.28,47.56,55.5,77.42,31.76,42.97,MODERATE
STU101994,35.05,29.8,56.11,51.75,71.65,44.21,45.03,MODERATE
STU101995,30.03,25.95,50.66,30.5,75.62,19.71,36.73,MODERATE
STU101996,25.95,35.57,48.02,26.5,49.92,20.72,34.73,MODERATE
STU101997,13.62,30.98,47.58,33.5,76.08,28.65,35.48,MODERATE
STU101998,42.17,37.87,55.16,60.5,79.08,39.89,49.91,MODERATE
STU101999,36.74,44.23,65.48,49.0,94.95,50.67,53.41,MODERATE
STU102000,30.03,41.76,39.32,40.75,65.5,33.76,40.35,MODERATE
STU102001,17.72,30.79,30.85,48.5,71.68,32.41,35.1,MODERATE
STU102002,20.7,40.87,44.79,30.0,48.22,36.9,36.33,MODERATE
STU102003,20.27,35.28,48.01,32.25,54.15,23.03,35.03,MODERATE
STU102004,13.07,26.54,52.65,20.75,59.68,22.37,31.1,MODERATE
STU102005,19.09,26.54,50.9,38.25,63.65,25.1,35.25,MODERATE
STU102006,23.2,37.88,68.5,42.0,73.38,38.22,45.27,MODERATE
STU102007,29.82,49.68,66.92,65.0,79.62,59.89,55.47,MODERATE
STU102008,5.94,13.69,37.4,19.5,44.0,17.01,21.12,LOW
STU102009,20.64,33.28,61.68,19.75,58.48,35.87,37.18,MODERATE
STU102010,34.62,43.42,49.59,37.0,89.57,28.87,45.09,MODERATE
STU102011,12.35,23.07,46.91,46.0,30.3,22.79,29.83,LOW
STU102012,9.52,24.32,51.48,15.75,49.0,28.87,28.43,LOW
STU102013,10.85,10.02,60.74,16.0,53.75,13.75,25.97,LOW
STU102014,11.38,30.4,25.38,24.0,72.17,22.97,28.07,LOW
STU102015,17.15,22.46,64.46,31.25,50.9,31.8,34.89,MODERATE
STU102016,33.12,46.36,70.02,52.25,56.32,46.46,50.33,MODERATE
STU102017,37.36,31.61,53.46,32.0,65.18,41.37,41.52,MODERATE
STU102018,21.65,29.68,52.21,39.75,72.2,24.41,37.82,MODERATE
STU102019,18.44,21.2,71.75,48.75,46.8,30.93,38.42,MODERATE
STU102020,18.4,17.96,68.12,0.0,26.85,18.55,26.33,LOW
STU102021,16.34,23.38,63.27,32.5,50.52,18.51,33.54,MODERATE
STU102022,42.06,38.7,61.29,61.0,74.08,40.87,50.99,MODERATE
STU102023,36.48,42.37,48.86,50.5,95.25,25.63,47.32,MODERATE
STU102024,5.54,5.01,49.64,13.25,47.2,7.34,19.73,LOW
STU102025,27.68,26.21,42.54,22.5,74.68,19.82,33.42,MODERATE
STU102026,24.99,23.16,53.46,23.75,58.58,20.04,32.9,MODERATE
STU102027,33.85,28.04,39.26,43.75,72.97,20.88,37.58,MODERATE
STU102028,10.93,22.05,74.09,49.25,65.1,28.87,39.3,MODERATE
STU102029,27.16,36.9,48.85,45.75,73.82,32.75,41.95,MODERATE
STU102030,0.0,21.23,66.89,47.0,64.9,28.87,35.11,MODERATE
STU102031,40.19,41.41,58.79,41.5,84.38,51.76,49.99,MODERATE
STU102032,30.66,32.89,50.46,48.5,73.98,34.03,42.52,MODERATE
STU102033,28.64,31.0,59.91,40.0,72.55,36.34,42.35,MODERATE
STU102034,63.93,69.1,71.06,84.0,100.0,78.1,74.68,HIGH
STU102035,30.82,44.62,45.22,46.25,84.5,43.41,46.09,MODERATE
STU102036,32.35,48.41,47.4,55.75,70.32,50.88,48.54,MODERATE
STU102037,18.9,30.18,58.19,33.75,62.35,38.63,38.12,MODERATE
STU102038,38.88,33.37,32.79,43.0,57.25,24.62,37.31,MODERATE
STU102039,5.36,5.9,56.41,8.75,34.33,14.35,20.01,LOW
STU102040,29.57,33.79,40.75,39.0,53.4,23.4,36.04,MODERATE
STU102041,19.22,30.39,66.53,35.25,62.68,32.75,39.58,MODERATE
STU102042,12.59,23.01,45.21,31.0,49.52,11.56,28.07,LOW
STU102043,2.6,24.64,52.85,25.25,35.12,23.96,26.95,LOW
STU102044,20.02,26.14,50.04,40.0,61.88,16.37,34.37,MODERATE
STU102045,17.77,28.84,52.3,27.75,64.03,28.87,34.68,MODERATE
STU102046,26.92,21.38,77.79,31.0,43.95,28.82,38.21,MODERATE
STU102047,58.0,38.74,80.45,63.0,62.4,34.46,56.51,MODERATE
STU102048,0.0,7.18,52.26,11.5,40.15,0.0,17.99,LOW
STU102049,13.8,19.93,48.96,12.5,33.38,14.73,24.22,LOW
STU102050,9.5,24.96,62.52,38.5,64.62,18.4,34.72,MODERATE
STU102051,34.77,45.08,65.34,62.0,68.42,43.47,51.78,MODERATE
STU102052,14.71,13.97,54.22,18.75,50.18,19.17,27.03,LOW
STU102053,42.18,42.73,50.91,50.5,83.15,42.64,49.45,MODERATE
STU102054,21.35,30.72,33.34,18.0,54.55,23.7,29.14,LOW
STU102055,44.59,42.11,56.25,53.0,76.3,39.39,50.21,MODERATE
STU102056,5.02,5.48,41.74,21.75,25.1,4.35,16.93,LOW
STU102057,50.56,39.45,55.64,60.75,77.4,38.65,51.82,MODERATE
STU102058,23.02,25.56,54.2,45.5,68.38,28.57,38.35,MODERATE
STU102059,41.61,58.05,57.38,54.75,80.15,62.31,56.77,MODERATE
STU102060,28.18,30.4,47.9,31.25,83.8,26.03,38.49,MODERATE
STU102061,23.54,36.23,70.69,43.25,78.65,39.98,46.25,MODERATE
STU102062,10.98,21.0,69.47,20.75,44.98,32.45,32.2,MODERATE
STU102063,22.21,36.07,41.76,43.5,77.6,35.69,39.67,MODERATE
STU102064,14.63,18.13,62.36,15.75,49.3,22.47,29.47,LOW
STU102065,32.04,44.48,57.08,45.75,90.12,47.47,49.57,MODERATE
STU102066,24.42,28.2,71.36,35.0,69.32,44.0,42.79,MODERATE
STU102067,14.24,32.65,45.94,42.5,60.65,29.36,35.57,MODERATE
STU102068,11.58,24.04,60.05,36.75,61.75,30.23,35.05,MODERATE
STU102069,15.53,30.9,52.89,27.0,67.95,34.11,35.66,MODERATE
STU102070,25.09,19.18,44.44,15.0,57.42,18.64,28.56,LOW
STU102071,23.0,26.89,62.62,24.5,44.7,28.52,34.84,MODERATE
STU102072,20.47,23.05,42.6,15.5,38.88,19.43,26.53,LOW
STU102073,39.35,39.03,60.15,47.25,81.95,40.21,48.96,MODERATE
STU102074,17.21,29.2,32.18,41.25,50.32,22.27,30.62,MODERATE
STU102075,0.77,9.42,66.75,25.0,38.6,26.15,26.08,LOW
STU102076,39.92,38.25,60.56,46.5,71.65,33.55,47.15,MODERATE
STU102077,6.04,24.94,56.81,47.75,52.77,39.9,35.23,MODERATE
STU102078,10.01,18.34,43.78,15.75,54.87,14.89,24.68,LOW
STU102079,14.29,14.64,54.19,26.25,20.58,15.6,24.91,LOW
STU102080,11.67,21.44,25.89,11.5,63.15,2.52,21.16,LOW
STU102081,16.12,24.94,57.74,36.75,57.0,27.91,35.01,MODERATE
STU102082,6.74,21.41,41.21,25.75,38.98,18.72,24.58,LOW
STU102083,32.05,50.79,62.0,25.75,65.2,55.58,47.45,MODERATE
STU102084,27.81,22.29,54.86,45.25,77.85,22.29,38.91,MODERATE
STU102085,29.4,49.65,54.35,57.25,92.75,38.86,50.91,MODERATE
STU102086,2.73,13.83,65.21,25.0,57.8,30.33,29.61,LOW
STU102087,29.39,25.02,53.78,40.75,37.2,30.84,35.81,MODERATE
STU102088,47.5,44.96,46.84,51.75,90.4,41.84,51.09,MODERATE
STU102089,4.02,19.61,49.91,39.0,49.5,16.52,28.14,LOW
STU102090,21.8,22.93,55.45,34.0,62.95,20.23,34.6,MODERATE
STU102091,11.42,24.42,61.7,37.0,15.65,30.59,30.9,MODERATE
STU102092,26.07,37.91,76.48,45.25,93.32,43.0,50.41,MODERATE
STU102093,21.65,61.67,63.06,84.5,100.0,56.66,60.7,HIGH
STU102094,25.91,21.62,49.89,34.0,62.4,26.29,34.53,MODERATE
STU102095,42.62,40.2,28.85,36.25,62.4,32.68,39.29,MODERATE
STU102096,0.12,28.54,65.88,42.25,46.12,44.68,35.75,MODERATE
STU102097,0.0,9.97,51.95,8.75,62.4,3.05,20.74,LOW
STU102098,14.51,12.58,41.3,29.5,40.95,18.21,24.65,LOW
STU102099,0.0,13.06,46.3,14.0,22.82,8.45,17.75,LOW
STU102100,4.7,20.9,38.36,10.75,49.3,8.86,21.27,LOW
STU102101,3.25,7.77,32.3,1.75,17.55,0.0,11.07,LOW
STU102102,18.47,15.18,43.84,16.25,37.4,4.93,22.93,LOW
STU102103,0.0,14.5,69.6,25.25,16.15,21.16,25.06,LOW
STU102104,37.02,32.63,54.78,44.75,73.5,44.99,45.08,MODERATE
STU102105,35.78,44.32,29.52,58.75,89.88,37.97,45.74,MODERATE
STU102106,0.0,8.57,36.9,0.0,28.18,0.0,12.34,LOW
STU102107,13.18,28.59,48.05,40.0,76.72,24.04,35.47,MODERATE
STU102108,0.49,17.81,59.38,19.25,32.5,35.2,26.08,LOW
STU102109,36.43,30.45,52.47,53.5,71.7,16.44,42.23,MODERATE
STU102110,16.75,20.63,42.36,35.5,62.38,24.14,30.96,MODERATE
STU102111,63.74,49.12,45.04,67.75,100.0,46.63,58.86,MODERATE
STU102112,25.37,36.73,83.12,45.5,79.53,50.53,50.71,MODERATE
STU102113,17.49,32.94,47.46,41.0,52.42,17.38,34.36,MODERATE
STU102114,19.98,25.94,57.48,44.75,49.85,15.38,35.21,MODERATE
STU102115,11.09,18.49,61.42,24.75,48.08,22.03,29.85,LOW
STU102116,19.87,44.84,45.89,37.5,83.48,28.56,41.19,MODERATE
STU102117,6.59,18.18,46.55,36.75,55.58,20.6,28.3,LOW
STU102118,0.0,10.41,67.88,14.25,21.82,8.74,21.37,LOW
STU102119,11.79,6.25,51.72,38.5,30.22,6.31,23.69,LOW
STU102120,9.14,20.55,58.26,35.75,41.18,28.09,30.91,MODERATE
STU102121,25.5,34.3,43.42,60.0,73.5,17.46,40.46,MODERATE
STU102122,47.28,48.65,34.99,42.5,60.55,37.8,44.83,MODERATE
STU102123,8.4,7.8,63.41,7.0,50.3,22.99,24.69,LOW
STU102124,14.9,15.81,35.6,37.25,41.35,20.09,25.78,LOW
STU102125,33.0,29.67,40.65,35.25,72.32,23.16,36.98,MODERATE
STU102126,47.83,45.22,65.77,47.25,59.12,35.52,50.58,MODERATE
STU102127,36.87,33.29,36.5,37.25,67.75,19.28,37.29,MODERATE
STU102128,9.84,21.37,44.49,33.25,74.32,17.03,30.33,MODERATE
STU102129,23.41,27.55,49.78,52.5,68.82,32.1,39.49,MODERATE
STU102130,48.93,47.01,67.12,69.75,83.12,50.9,58.83,MODERATE
STU102131,6.21,10.69,55.7,23.0,44.8,10.62,24.05,LOW
STU102132,54.94,46.28,65.98,38.75,78.72,51.48,54.59,MODERATE
STU102133,3.93,12.55,50.58,21.0,40.22,13.24,22.54,LOW
STU102134,16.38,28.38,57.58,40.25,63.35,31.19,37.38,MODERATE
STU102135,24.23,33.61,57.16,22.25,55.88,36.46,37.25,MODERATE
STU102136,14.13,21.76,50.98,21.5,58.45,21.04,29.64,LOW
STU102137,26.28,22.48,43.84,43.75,56.53,23.43,34.2,MODERATE
STU102138,0.0,14.97,35.86,22.0,50.37,16.64,20.92,LOW
STU102139,27.89,27.88,48.62,27.75,70.05,42.84,37.72,MODERATE
STU102140,29.27,27.47,38.61,36.5,66.15,16.68,34.2,MODERATE
STU102141,25.26,29.53,45.26,34.0,75.98,21.99,36.38,MODERATE
STU102142,24.76,25.43,49.4,48.25,51.68,24.46,36.04,MODERATE
STU102143,0.0,13.8,40.02,28.75,55.48,0.42,21.36,LOW
STU102144,30.15,30.03,45.86,50.25,64.65,27.46,39.46,MODERATE
STU102145,4.78,20.54,50.86,31.75,60.7,15.12,28.61,LOW
STU102146,28.98,30.78,19.02,45.5,75.32,0.0,31.65,MODERATE
STU102147,49.91,54.49,54.12,57.75,95.57,43.41,56.99,MODERATE
STU102148,10.6,26.45,58.54,13.25,65.62,36.04,32.59,MODERATE
STU102149,22.76,24.84,41.16,39.25,41.78,28.08,31.87,MODERATE
STU102150,25.88,28.22,83.36,41.5,68.77,43.3,46.34,MODERATE
STU102151,21.65,56.08,46.46,62.5,76.15,54.87,50.12,MODERATE
STU102152,16.54,22.11,53.76,24.25,48.98,14.53,29.58,LOW
STU102153,24.19,28.56,48.45,24.25,61.92,22.56,33.75,MODERATE
STU102154,44.96,40.36,39.46,52.5,91.55,42.81,48.28,MODERATE
STU102155,38.39,48.35,52.61,36.25,93.82,51.62,50.27,MODERATE
STU102156,30.85,39.45,61.74,46.75,50.3,43.97,44.82,MODERATE
STU102157,13.93,27.69,61.9,37.0,46.55,33.16,35.61,MODERATE
STU102158,20.37,30.87,69.51,19.5,54.52,30.35,37.11,MODERATE
STU102159,38.31,48.37,71.41,60.5,82.8,63.71,57.76,MODERATE
STU102160,22.5,26.76,60.21,30.75,38.8,19.35,33.66,MODERATE
STU102161,11.94,24.72,50.77,50.25,60.05,17.17,33.98,MODERATE
STU102162,30.51,43.04,51.46,45.0,78.35,37.18,45.46,MODERATE
STU102163,17.86,24.1,69.89,46.25,55.28,22.55,38.3,MODERATE
STU102164,0.0,13.56,75.11,15.75,58.72,15.6,28.21,LOW
STU102165,36.17,35.24,52.61,46.75,91.1,28.87,45.58,MODERATE
STU102166,13.52,19.88,54.65,13.25,50.88,28.87,28.57,LOW
STU102167,3.9,6.36,46.14,9.5,27.45,0.0,15.77,LOW
STU102168,20.12,35.66,84.81,39.75,71.3,39.41,46.93,MODERATE
STU102169,18.09,37.73,38.2,45.0,85.6,25.07,38.51,MODERATE
STU102170,0.0,24.08,33.19,25.25,66.15,28.14,25.87,LOW
STU102171,32.37,29.63,44.26,49.5,74.88,41.58,41.8,MODERATE
STU102172,39.99,60.7,46.9,68.75,100.0,66.3,59.5,LOW
STU102173,23.55,34.02,64.81,41.25,54.37,47.33,42.53,MODERATE
STU102174,23.77,23.52,61.86,38.5,45.35,21.94,35.51,MODERATE
STU102175,14.75,27.53,32.66,43.5,51.3,30.74,31.09,MODERATE
STU102176,22.88,39.3,50.82,59.75,79.0,35.02,44.93,MODERATE
STU102177,21.58,27.9,48.56,68.5,57.28,16.96,38.7,MODERATE
STU102178,19.97,16.61,48.24,28.0,62.4,23.2,30.55,MODERATE
STU102179,32.36,36.8,70.88,35.0,75.72,26.54,45.32,MODERATE
STU102180,50.2,42.54,52.68,80.0,96.02,35.59,56.37,MODERATE
STU102181,13.0,17.6,62.65,20.0,35.1,13.73,27.41,LOW
STU102182,23.95,37.85,29.28,41.25,62.32,30.05,35.53,MODERATE
STU102183,21.65,21.89,39.7,34.25,38.52,33.02,30.03,MODERATE
STU102184,42.17,43.74,48.92,58.75,94.6,42.34,51.66,MODERATE
STU102185,12.24,26.12,32.65,29.75,73.7,24.67,29.81,LOW
STU102186,100.0,16.65,46.8,39.75,49.05,7.28,45.12,MODERATE
STU102187,10.64,27.76,45.14,38.0,72.32,33.09,34.34,MODERATE
STU102188,50.56,44.52,55.11,49.25,99.25,30.43,52.62,MODERATE
STU102189,37.25,55.44,58.75,74.5,100.0,58.89,60.12,HIGH
STU102190,2.99,16.22,48.92,37.0,42.22,5.0,24.71,LOW
STU102191,18.4,25.5,59.71,30.75,37.53,33.8,33.74,MODERATE
STU102192,0.0,20.14,45.6,25.0,55.48,15.89,25.04,LOW
STU102193,5.23,20.05,59.69,5.25,49.35,25.3,26.25,LOW
STU102194,29.79,20.64,60.49,21.25,28.0,22.83,31.49,MODERATE
STU102195,30.76,25.82,57.96,56.25,81.0,32.4,43.98,MODERATE
STU102196,19.05,25.9,44.22,34.75,46.9,23.13,31.34,MODERATE
STU102197,15.45,15.16,64.15,0.0,49.9,28.87,27.59,LOW
STU102198,13.03,31.54,45.04,45.0,56.22,28.44,34.72,MODERATE
STU102199,0.0,4.52,48.16,13.25,4.8,6.24,13.85,LOW
STU102200,40.08,41.81,70.16,45.5,75.1,47.25,51.56,MODERATE
STU102201,38.89,57.04,52.31,52.0,84.7,53.25,54.1,MODERATE
STU102202,10.23,19.43,46.51,18.25,62.4,25.7,27.75,LOW
STU102203,31.03,38.95,46.28,41.25,76.97,28.48,41.93,MODERATE
STU102204,0.0,5.55,51.5,11.75,38.92,8.06,18.15,LOW
STU102205,21.65,13.28,30.93,27.75,60.58,3.02,24.36,LOW
STU102206,0.0,17.66,53.91,13.75,65.3,15.05,25.29,LOW
STU102207,11.29,21.89,58.71,30.0,59.63,21.35,32.07,MODERATE
STU102208,38.77,40.12,63.9,53.25,76.72,33.69,49.59,MODERATE
STU102209,21.65,49.24,47.85,45.25,73.4,40.98,44.44,MODERATE
STU102210,0.0,6.35,40.06,22.25,49.3,1.65,18.03,LOW
STU102211,50.61,50.36,67.48,41.25,82.6,63.96,57.05,MODERATE
STU102212,4.33,11.18,32.85,15.5,60.0,8.63,19.42,LOW
STU102213,0.93,25.06,52.42,30.5,62.45,31.63,30.92,MODERATE
STU102214,33.08,29.17,64.8,54.25,94.22,31.23,47.55,MODERATE
STU102215,20.34,27.81,64.96,13.5,27.95,34.33,32.27,MODERATE
STU102216,16.08,24.17,38.72,31.75,53.05,28.87,29.96,LOW
STU102217,21.13,37.56,40.15,60.0,63.45,40.64,41.06,MODERATE
STU102218,5.53,15.94,69.88,11.0,34.42,31.48,27.31,LOW
STU102219,12.47,12.85,66.05,20.5,9.98,25.06,25.5,LOW
STU102220,16.55,26.66,47.96,43.75,65.6,17.16,34.41,MODERATE
STU102221,30.0,40.65,65.8,36.75,83.75,29.25,46.14,MODERATE
STU102222,1.31,10.13,48.3,43.5,17.9,4.0,21.17,LOW
STU102223,38.88,56.82,78.61,69.0,100.0,67.36,64.79,HIGH
STU102224,28.56,23.79,38.92,34.5,39.63,8.5,29.43,LOW
STU102225,4.86,13.93,59.49,20.75,52.32,0.0,24.7,LOW
STU102226,33.98,38.92,66.35,28.25,69.5,46.92,45.68,MODERATE
STU102227,3.71,21.43,53.65,27.5,65.85,15.71,29.11,LOW
STU102228,18.37,26.5,66.3,33.75,30.48,34.67,35.14,MODERATE
STU102229,13.72,36.88,31.64,20.25,75.47,27.47,31.62,MODERATE
STU102230,10.39,16.03,36.81,25.5,56.82,4.38,23.39,LOW
STU102231,38.25,45.35,72.88,47.0,71.92,48.97,52.7,MODERATE
STU102232,15.67,22.51,81.42,37.5,57.53,32.05,39.63,MODERATE
STU102233,54.08,53.25,68.05,45.25,86.92,51.75,58.39,MODERATE
STU102234,12.11,12.2,42.34,40.25,73.98,0.0,27.38,LOW
STU102235,30.29,18.74,41.59,34.5,60.02,21.09,32.35,MODERATE
STU102236,22.08,37.31,50.88,42.25,78.12,30.01,41.07,MODERATE
STU102237,19.11,26.11,51.48,32.0,66.45,15.85,33.68,MODERATE
STU102238,37.06,31.23,20.6,42.25,75.45,19.57,35.18,MODERATE
STU102239,21.65,17.76,53.18,22.25,35.6,14.99,27.8,LOW
STU102240,42.28,24.74,51.15,15.0,58.48,24.1,35.38,MODERATE
STU102241,17.22,21.47,64.38,12.0,58.0,29.59,32.25,MODERATE
STU102242,16.63,22.69,67.26,35.5,62.4,23.98,36.41,MODERATE
STU102243,46.11,36.47,45.51,47.25,55.32,23.68,42.43,MODERATE
STU102244,22.09,27.95,53.72,48.25,78.57,22.37,39.48,MODERATE
STU102245,24.38,32.03,50.64,11.0,56.03,31.45,33.41,MODERATE
STU102246,26.07,38.46,58.76,38.5,76.48,31.9,43.19,MODERATE
STU102247,0.0,23.36,61.06,13.75,48.42,28.28,27.78,LOW
STU102248,19.74,30.3,37.25,30.25,47.78,18.26,30.11,MODERATE
STU102249,20.29,27.48,48.65,13.5,86.18,20.71,33.37,MODERATE
STU102250,40.2,44.28,52.12,57.25,95.08,45.94,52.22,MODERATE
STU102251,0.0,22.06,58.76,35.5,51.25,23.01,30.02,MODERATE
STU102252,25.74,27.87,61.0,28.5,66.45,43.61,39.6,MODERATE
STU102253,41.58,33.36,70.56,42.75,62.9,38.93,47.36,MODERATE
STU102254,6.15,6.82,47.06,13.0,59.02,0.0,20.2,LOW
STU102255,23.15,28.05,51.74,15.25,34.35,28.89,30.6,MODERATE
STU102256,13.89,18.86,70.43,20.75,41.32,31.37,31.96,MODERATE
STU102257,3.68,28.47,64.21,18.0,58.7,23.13,31.58,MODERATE
STU102258,24.45,28.74,44.06,36.5,82.25,19.45,36.53,MODERATE
STU102259,36.05,29.63,25.1,33.0,73.85,23.41,34.31,MODERATE
STU102260,9.2,19.84,29.52,23.25,38.0,9.94,20.99,LOW
STU102261,11.55,16.71,78.91,26.25,45.18,22.07,32.93,MODERATE
STU102262,18.33,28.18,44.0,40.25,65.78,21.67,34.29,MODERATE
STU102263,0.0,1.7,54.24,15.0,43.55,4.52,18.33,LOW
STU102264,12.81,26.68,48.56,37.75,56.28,33.18,33.55,MODERATE
STU102265,46.01,49.34,51.88,59.0,85.28,43.13,53.6,MODERATE
STU102266,51.98,44.49,25.99,55.25,91.28,39.4,48.07,MODERATE
STU102267,34.75,51.95,35.78,55.0,89.0,41.06,48.35,MODERATE
STU102268,42.99,44.05,32.58,41.0,76.78,28.55,42.81,MODERATE
STU102269,26.16,34.37,59.89,38.5,76.18,25.41,41.74,MODERATE
STU102270,7.4,22.23,57.63,34.0,71.25,25.7,33.36,MODERATE
STU102271,39.9,36.06,49.91,40.25,70.68,41.49,44.23,MODERATE
STU102272,11.36,27.31,56.66,41.5,72.35,26.72,36.56,MODERATE
STU102273,33.43,27.4,39.02,38.0,55.75,20.7,34.68,MODERATE
STU102274,36.6,31.24,57.8,46.0,70.65,41.92,44.85,MODERATE
STU102275,37.46,38.2,47.13,43.75,76.08,34.97,44.14,MODERATE
STU102276,6.4,21.94,40.49,37.0,41.62,13.09,25.88,LOW
STU102277,46.02,49.71,36.99,37.0,95.5,38.3,47.96,MODERATE
STU102278,9.53,28.47,37.88,14.0,72.68,37.37,29.7,LOW
STU102279,23.52,35.81,78.68,41.75,62.45,51.11,47.01,MODERATE
STU102280,16.53,24.06,72.23,15.0,27.15,26.01,31.33,MODERATE
STU102281,32.73,33.47,41.62,42.25,51.42,24.22,37.14,MODERATE
STU102282,20.1,29.92,45.38,22.5,46.38,16.27,30.22,MODERATE
STU102283,8.73,39.22,66.15,51.0,82.72,37.66,44.47,MODERATE
STU102284,10.9,14.8,54.64,18.5,44.0,22.36,26.22,LOW
STU102285,26.66,27.64,71.01,47.0,64.95,26.84,42.67,MODERATE
STU102286,6.85,9.94,52.75,0.0,15.1,0.0,15.92,LOW
STU102287,9.26,25.64,38.55,36.25,46.95,21.85,28.29,LOW
STU102288,14.32,21.67,47.7,30.0,64.22,23.87,31.13,MODERATE
STU102289,27.31,22.18,40.81,35.25,93.28,28.87,36.67,MODERATE
STU102290,20.02,24.63,58.18,30.75,68.53,14.98,34.76,MODERATE
STU102291,36.61,33.72,51.8,40.25,63.42,33.57,41.85,MODERATE
STU102292,22.57,38.38,56.46,23.75,64.32,37.65,39.16,MODERATE
STU102293,13.74,32.16,43.68,31.5,63.75,28.17,33.44,MODERATE
STU102294,17.76,30.17,47.58,32.0,49.95,28.87,33.29,MODERATE
STU102295,7.5,28.99,81.86,28.5,43.1,34.56,37.16,MODERATE
STU102296,22.94,15.57,59.26,15.75,66.2,16.61,30.98,MODERATE
STU102297,39.36,27.91,55.53,40.0,53.68,29.21,40.24,MODERATE
STU102298,0.0,14.92,39.22,34.0,18.83,14.65,20.02,LOW
STU102299,15.21,22.97,82.81,41.75,38.3,32.91,38.73,MODERATE
STU102300,0.0,0.0,50.0,37.0,30.05,0.0,18.56,LOW
STU102301,27.7,27.69,44.78,44.5,58.08,22.4,36.14,MODERATE
STU102302,21.39,16.22,66.79,33.0,38.72,28.88,33.4,MODERATE
STU102303,29.47,32.18,43.1,46.75,73.15,31.78,40.06,MODERATE
STU102304,21.12,9.8,53.01,17.75,44.6,6.8,25.08,LOW
STU102305,32.59,40.01,48.19,44.25,94.7,28.82,45.15,MODERATE
STU102306,8.35,19.31,48.86,38.25,66.47,22.23,30.88,MODERATE
STU102307,21.59,31.83,59.65,32.0,75.15,34.63,39.98,MODERATE
STU102308,14.54,28.54,51.69,27.25,71.47,26.82,34.3,MODERATE
STU102309,10.87,35.38,61.06,26.5,64.65,43.76,38.05,MODERATE
STU102310,28.47,36.31,37.34,40.0,63.5,42.64,38.85,MODERATE
STU102311,40.49,35.85,48.81,44.0,71.82,34.64,44.07,MODERATE
STU102312,4.69,12.36,69.58,6.75,66.92,20.67,27.72,LOW
STU102313,0.99,25.71,42.68,29.25,56.97,22.71,27.52,LOW
STU102314,39.94,38.04,56.71,46.75,78.4,28.79,46.57,MODERATE
STU102315,0.0,20.31,36.61,17.5,43.5,2.61,19.64,LOW
STU102316,24.51,34.5,54.91,49.75,84.88,43.36,44.8,MODERATE
STU102317,16.35,21.84,47.42,27.25,66.4,5.68,29.51,LOW
STU102318,24.01,15.56,46.46,31.75,43.12,13.18,28.38,LOW
STU102319,11.89,23.57,37.82,37.25,48.85,28.89,29.2,LOW
STU102320,0.0,7.46,54.51,33.0,43.22,5.59,22.6,LOW
STU102321,44.57,35.51,58.59,54.0,93.7,37.98,50.78,MODERATE
STU102322,13.71,31.35,64.45,28.0,50.55,41.26,36.85,MODERATE
STU102323,23.22,11.78,62.38,12.25,54.82,27.88,30.17,MODERATE
STU102324,32.44,42.26,47.09,38.5,67.38,29.22,41.91,MODERATE
STU102325,44.19,37.42,59.3,49.25,62.4,50.78,48.76,MODERATE
STU102326,20.95,21.28,60.46,47.0,40.85,15.49,34.29,MODERATE
STU102327,23.62,25.09,54.19,35.0,58.6,16.74,34.62,MODERATE
STU102328,29.66,41.58,62.59,63.75,58.65,37.03,47.98,MODERATE
STU102329,19.71,31.06,44.92,49.0,53.2,37.43,37.1,MODERATE
STU102330,43.95,44.82,57.52,68.5,91.95,34.14,54.38,MODERATE
STU102331,19.4,11.83,43.55,9.25,56.3,7.35,23.3,LOW
STU102332,12.71,29.3,26.67,14.75,65.75,15.67,25.56,LOW
STU102333,0.0,8.08,46.84,7.0,28.45,0.9,15.37,LOW
STU102334,6.46,15.06,44.12,29.75,50.85,6.34,24.06,LOW
STU102335,20.42,32.52,72.26,53.5,90.05,38.77,47.57,MODERATE
STU102336,28.37,35.71,65.14,49.0,61.72,38.84,45.04,MODERATE
STU102337,14.37,26.78,67.21,29.25,40.45,34.31,34.87,MODERATE
STU102338,16.79,31.31,56.46,30.5,86.08,22.37,37.9,MODERATE
STU102339,0.51,19.54,50.81,16.75,32.05,18.84,22.75,LOW
STU102340,45.36,43.56,78.45,38.5,55.4,50.56,52.02,MODERATE
STU102341,21.65,13.22,43.29,0.0,54.62,7.8,22.54,LOW
STU102342,19.69,23.95,75.56,25.0,49.22,34.2,37.13,MODERATE
STU102343,21.79,35.72,55.06,15.5,76.18,30.47,37.29,MODERATE
STU102344,0.0,9.97,61.05,32.75,23.35,9.4,22.89,LOW
STU102345,24.23,32.1,68.01,54.0,79.42,40.98,46.61,MODERATE
STU102346,24.39,28.83,49.65,33.25,65.1,17.95,35.31,MODERATE
STU102347,33.27,51.67,69.1,48.75,76.38,58.3,54.17,MODERATE
STU102348,0.0,9.08,55.35,16.0,15.3,9.1,18.18,LOW
STU102349,39.9,45.04,34.34,62.5,87.98,44.1,48.69,MODERATE
STU102350,49.71,46.42,72.72,36.25,90.0,44.34,54.96,MODERATE
STU102351,19.1,34.7,34.81,50.25,75.58,24.33,36.99,MODERATE
STU102352,15.56,12.44,61.26,30.0,34.45,21.31,28.55,LOW
STU102353,13.48,14.55,38.9,10.75,64.82,20.22,24.23,LOW
STU102354,12.86,31.92,38.17,28.5,60.88,26.69,31.22,MODERATE
STU102355,12.76,19.31,53.75,15.25,58.95,22.21,28.53,LOW
STU102356,22.75,36.03,57.11,37.25,79.28,44.41,42.94,MODERATE
STU102357,15.97,16.78,56.47,44.25,80.47,11.19,34.49,MODERATE
STU102358,1.65,22.09,24.96,16.0,44.15,19.16,19.58,LOW
STU102359,24.04,35.72,59.2,53.75,52.72,38.31,42.74,MODERATE
STU102360,29.49,33.69,51.48,45.0,98.8,57.2,46.97,MODERATE
STU102361,15.76,28.56,30.34,26.0,48.65,23.61,27.49,LOW
STU102362,20.28,17.6,62.48,18.75,59.5,19.99,31.71,MODERATE
STU102363,33.07,25.72,48.7,37.0,74.12,16.82,37.43,MODERATE
STU102364,1.97,22.26,46.75,18.5,43.15,21.97,24.6,LOW
STU102365,16.06,30.85,52.2,48.0,62.4,28.57,37.66,MODERATE
STU102366,17.77,24.28,42.49,27.5,41.85,18.52,28.28,LOW
STU102367,21.65,19.14,48.68,27.0,53.32,12.67,29.5,LOW
STU102368,25.87,18.59,49.65,41.0,59.08,22.79,34.09,MODERATE
STU102369,22.15,15.04,59.95,12.75,33.4,15.83,27.02,LOW
STU102370,19.55,17.83,57.89,23.25,26.0,14.2,27.45,LOW
STU102371,40.83,30.98,56.36,40.5,70.72,21.26,42.46,MODERATE
STU102372,14.19,30.56,60.3,38.0,40.4,39.07,36.18,MODERATE
STU102373,0.0,16.78,58.38,23.25,54.78,15.44,26.38,LOW
STU102374,17.64,10.6,57.64,23.0,61.27,12.39,28.52,LOW
STU102375,17.84,23.98,45.81,35.75,29.6,15.04,28.55,LOW
STU102376,48.02,46.93,36.94,65.0,84.95,46.88,51.66,MODERATE
STU102377,51.56,53.85,48.96,64.0,97.08,58.84,58.76,MODERATE
STU102378,6.96,9.3,42.61,14.25,36.52,3.48,18.38,LOW
STU102379,24.89,27.73,56.58,13.25,67.07,22.47,34.17,MODERATE
STU102380,14.96,20.6,59.35,32.0,68.3,30.81,34.72,MODERATE
STU102381,0.0,25.05,50.8,39.5,60.1,23.03,30.66,MODERATE
STU102382,0.0,10.99,48.74,0.0,29.45,9.24,16.36,LOW
STU102383,5.92,16.66,40.06,10.5,36.72,15.84,20.19,LOW
STU102384,21.65,16.62,55.6,43.0,55.58,8.83,32.5,MODERATE
STU102385,36.75,37.77,35.98,57.5,50.45,34.03,41.06,MODERATE
STU102386,35.35,34.4,47.56,51.25,74.2,33.48,43.64,MODERATE
STU102387,42.97,46.64,41.62,60.0,97.0,55.15,52.79,MODERATE
STU102388,6.38,21.97,42.71,50.5,36.2,17.08,28.21,LOW
STU102389,18.05,18.37,61.41,24.75,56.8,25.94,32.47,MODERATE
STU102390,4.79,10.56,42.59,15.75,51.15,15.2,21.11,LOW
STU102391,5.01,28.41,77.49,53.75,48.8,36.56,40.2,MODERATE
STU102392,26.65,25.44,67.34,33.0,83.25,32.97,41.73,MODERATE
STU102393,30.46,35.26,61.62,37.0,73.92,39.51,44.12,MODERATE
STU102394,26.34,39.83,34.23,55.25,49.25,37.48,39.03,MODERATE
STU102395,18.17,22.96,38.71,49.75,42.1,34.18,32.21,MODERATE
STU102396,30.3,40.48,54.86,57.25,65.95,34.25,45.76,MODERATE
STU102397,0.0,11.12,43.48,39.0,62.4,17.03,25.27,LOW
STU102398,34.52,41.62,31.44,56.75,75.88,34.45,43.14,MODERATE
STU102399,26.59,25.09,35.3,38.0,70.85,17.09,33.14,MODERATE
STU102400,54.18,52.82,57.71,72.25,71.0,58.56,59.38,LOW
STU102401,30.89,23.58,43.64,25.25,69.9,20.62,33.64,MODERATE
STU102402,17.26,36.88,48.7,36.75,50.43,31.3,36.1,MODERATE
STU102403,25.42,24.23,43.09,39.75,74.22,24.29,35.57,MODERATE
STU102404,29.55,43.82,68.6,52.75,82.1,48.32,51.54,MODERATE
STU102405,28.6,26.7,58.08,31.0,55.72,18.15,36.05,MODERATE
STU102406,27.71,42.93,41.54,33.0,45.25,37.77,37.83,MODERATE
STU102407,100.0,29.68,65.2,42.75,46.7,32.27,54.77,MODERATE
STU102408,0.0,6.41,52.19,6.25,28.9,10.9,16.96,LOW
STU102409,13.12,33.52,53.91,28.5,59.12,37.21,35.69,MODERATE
STU102410,21.53,20.37,62.36,27.25,44.75,16.46,32.08,MODERATE
STU102411,23.54,36.56,68.21,28.75,52.4,38.97,40.94,MODERATE
STU102412,37.39,34.37,42.51,53.75,96.28,32.8,45.54,MODERATE
STU102413,43.18,26.19,58.4,41.5,64.42,31.84,42.71,MODERATE
STU102414,0.0,4.99,62.46,13.0,38.1,5.42,20.04,LOW
STU102415,28.45,28.02,45.15,34.75,69.55,22.98,36.19,MODERATE
STU102416,9.35,31.31,58.7,35.25,72.8,38.81,37.89,MODERATE
STU102417,37.23,47.5,76.86,54.0,97.5,58.36,58.38,MODERATE
STU102418,61.52,68.57,55.89,57.5,100.0,63.64,65.61,HIGH
STU102419,35.85,35.16,49.22,31.5,81.27,38.09,42.46,MODERATE
STU102420,0.0,2.34,52.71,37.0,19.45,6.85,19.31,LOW
STU102421,13.45,24.36,48.48,42.0,63.75,29.79,34.13,MODERATE
STU102422,0.0,11.0,46.59,0.75,48.7,0.0,17.05,LOW
STU102423,30.14,30.53,39.21,37.75,62.78,21.29,35.57,MODERATE
STU102424,49.96,58.0,71.3,63.25,94.28,77.12,65.38,HIGH
STU102425,42.05,51.5,67.35,50.5,57.85,46.36,52.75,MODERATE
STU102426,5.48,17.05,60.26,39.5,44.85,21.23,29.94,LOW
STU102427,29.66,27.01,46.5,38.25,71.75,23.85,37.28,MODERATE
STU102428,28.7,27.48,37.98,31.75,71.05,36.53,35.73,MODERATE
STU102429,31.75,24.98,38.9,48.0,61.12,22.49,35.94,MODERATE
STU102430,0.0,18.8,63.92,22.0,59.48,27.53,29.49,LOW
STU102431,21.88,31.75,55.61,37.0,74.08,34.34,39.83,MODERATE
STU102432,25.13,27.74,48.15,43.0,79.28,26.77,38.65,MODERATE
STU102433,13.08,29.26,50.8,20.75,75.9,24.84,33.28,MODERATE
STU102434,22.3,37.54,65.89,37.0,52.28,37.8,41.58,MODERATE
STU102435,30.39,44.1,43.58,45.5,73.62,33.63,43.37,MODERATE
STU102436,21.56,31.8,73.82,38.0,76.78,40.9,44.49,MODERATE
STU102437,0.0,3.8,49.05,29.75,40.5,6.84,19.96,LOW
STU102438,7.28,16.83,56.29,28.0,24.38,22.61,25.82,LOW
STU102439,22.18,17.23,46.4,38.0,55.4,6.22,29.89,LOW
STU102440,19.89,45.88,45.19,46.25,68.38,39.1,42.17,MODERATE
STU102441,42.83,40.02,59.11,52.5,73.18,42.15,49.8,MODERATE
STU102442,18.74,13.79,52.65,22.5,28.0,7.99,24.7,LOW
STU102443,15.18,21.06,59.24,16.0,59.58,17.95,30.3,MODERATE
STU102444,24.07,22.56,68.99,49.0,77.92,20.53,41.45,MODERATE
STU102445,32.86,38.76,31.74,37.0,81.85,43.82,40.73,MODERATE
STU102446,33.35,45.06,49.78,52.25,75.32,38.89,47.15,MODERATE
STU102447,3.8,22.18,34.25,24.25,24.6,21.65,21.42,LOW
STU102448,23.44,21.11,52.86,34.25,35.12,9.26,30.11,MODERATE
STU102449,34.27,30.74,48.55,35.5,80.92,31.72,40.84,MODERATE
STU102450,34.7,36.23,41.36,33.5,59.1,32.04,38.41,MODERATE
STU102451,8.48,12.09,42.2,18.25,49.75,10.01,21.87,LOW
STU102452,16.05,34.53,66.15,58.75,82.52,26.23,44.76,MODERATE
STU102453,7.16,14.03,64.22,13.75,39.95,29.44,26.78,LOW
STU102454,10.81,33.51,64.24,36.0,71.4,37.0,39.63,MODERATE
STU102455,27.81,36.01,62.13,44.75,77.07,33.2,44.73,MODERATE
STU102456,8.88,32.96,78.65,25.25,46.55,38.85,38.07,MODERATE
STU102457,29.13,40.54,52.12,43.25,74.75,35.19,43.87,MODERATE
STU102458,21.65,20.88,54.95,5.0,65.45,15.85,29.42,LOW
STU102459,11.55,22.16,18.2,19.5,41.9,5.64,19.17,LOW
STU102460,0.0,17.4,51.5,21.5,58.1,11.29,24.81,LOW
STU102461,18.52,31.79,35.55,27.25,71.25,20.67,32.04,MODERATE
STU102462,25.8,34.0,38.25,29.75,60.58,33.11,35.14,MODERATE
STU102463,17.02,36.8,53.04,29.75,71.7,44.63,39.31,MODERATE
STU102464,34.15,34.17,70.19,43.5,74.55,39.99,47.39,MODERATE
STU102465,1.71,15.96,60.79,25.0,39.97,28.6,27.1,LOW
STU102466,15.0,23.36,43.34,34.75,51.05,13.74,29.2,LOW
STU102467,11.33,35.24,61.25,60.0,69.25,28.91,42.14,MODERATE
STU102468,29.77,47.78,26.09,47.5,100.0,36.71,43.91,MODERATE
STU102469,0.0,16.71,27.29,21.75,41.55,8.64,17.92,LOW
STU102470,36.67,27.27,62.07,38.75,40.28,31.86,39.59,MODERATE
STU102471,17.91,39.68,46.7,30.0,56.58,41.93,37.19,MODERATE
STU102472,4.82,17.0,50.48,19.0,43.95,17.07,24.26,LOW
STU102473,39.62,32.02,36.33,27.25,64.28,30.22,36.73,MODERATE
STU102474,25.07,39.78,51.1,46.5,59.45,47.6,42.86,MODERATE
STU102475,36.92,35.28,44.44,49.0,76.48,29.79,43.07,MODERATE
STU102476,32.91,47.06,46.62,65.0,66.53,53.14,49.39,MODERATE
STU102477,6.74,24.03,37.01,27.25,55.72,20.28,26.44,LOW
STU102478,45.47,36.64,65.41,37.0,77.85,48.5,49.52,MODERATE
STU102479,29.09,31.86,41.4,49.75,51.17,27.66,37.41,MODERATE
STU102480,31.77,37.95,60.42,55.5,98.92,48.98,51.04,MODERATE
STU102481,44.96,41.46,49.9,31.5,86.0,43.85,47.05,MODERATE
STU102482,24.73,31.68,47.13,60.75,67.07,28.87,41.0,MODERATE
STU102483,14.03,33.83,48.09,25.5,50.37,27.93,32.54,MODERATE
STU102484,7.66,39.03,66.25,44.5,44.25,47.95,40.43,MODERATE
STU102485,17.45,24.82,49.02,33.5,89.98,22.28,35.75,MODERATE
STU102486,0.79,12.34,61.52,0.0,16.45,23.94,19.59,LOW
STU102487,19.75,32.6,40.99,35.25,80.4,32.25,36.85,MODERATE
STU102488,4.46,18.09,37.12,32.5,48.2,3.97,22.93,LOW
STU102489,17.09,18.69,32.64,16.25,52.52,20.95,24.4,LOW
STU102490,15.93,38.75,47.02,35.75,52.82,32.62,36.18,MODERATE
STU102491,37.55,32.54,42.04,1.75,61.33,27.1,33.16,MODERATE
STU102492,9.95,26.51,77.3,52.25,49.55,38.39,40.71,MODERATE
STU102493,13.17,28.66,43.28,50.0,69.82,25.36,35.47,MODERATE
STU102494,49.39,34.62,23.33,36.25,72.32,15.75,37.44,MODERATE
STU102495,24.87,37.08,47.14,44.0,67.5,37.84,40.81,MODERATE
STU102496,37.69,31.4,50.21,30.25,41.28,36.19,37.71,MODERATE
STU102497,50.55,47.08,53.38,71.75,81.68,44.94,55.98,MODERATE
STU102498,0.0,14.56,42.24,18.25,37.5,6.9,19.27,LOW
STU102499,0.0,9.86,61.42,6.5,22.1,28.87,20.82,LOW
STU102500,9.9,24.31,52.24,40.25,46.38,29.82,32.16,MODERATE
STU102501,21.65,21.84,50.75,27.25,47.82,17.15,30.52,MODERATE
STU102502,9.33,19.27,74.18,36.0,59.1,31.21,35.95,MODERATE
STU102503,29.11,40.46,63.98,50.5,74.53,46.81,48.44,MODERATE
STU102504,13.56,19.97,73.68,13.25,48.92,40.33,33.35,MODERATE
STU102505,27.32,32.61,78.04,53.75,73.3,34.37,48.05,MODERATE
STU102506,0.0,4.28,50.98,20.25,37.95,7.58,18.86,LOW
STU102507,24.8,29.38,56.2,29.5,58.08,21.43,35.92,MODERATE
STU102508,1.82,22.85,76.74,37.75,42.47,27.22,34.06,MODERATE
STU102509,29.48,27.46,46.36,37.0,77.12,21.63,37.46,MODERATE
STU102510,2.28,7.98,62.42,9.5,43.38,8.55,21.55,LOW
STU102511,36.64,27.96,47.3,47.5,46.55,28.44,38.4,MODERATE
STU102512,25.15,15.18,37.36,10.0,34.28,10.25,22.25,LOW
STU102513,2.61,20.7,52.86,21.5,52.02,21.99,26.9,LOW
STU102514,24.35,24.41,33.46,30.0,48.85,22.42,29.29,LOW
STU102515,21.16,25.68,50.19,53.5,64.9,31.9,38.4,MODERATE
STU102516,17.54,43.12,34.54,39.5,74.65,24.91,37.08,MODERATE
STU102517,54.17,49.32,32.72,79.25,100.0,31.26,54.72,MODERATE
STU102518,4.99,22.12,65.38,26.0,34.33,30.98,30.03,MODERATE
STU102519,39.23,33.94,43.55,43.5,87.5,33.66,43.68,MODERATE
STU102520,0.0,21.72,47.53,6.25,57.7,19.6,23.6,LOW
STU102521,18.75,25.99,62.4,35.25,72.52,21.49,37.42,MODERATE
STU102522,15.74,20.98,52.91,35.0,33.83,31.24,30.73,MODERATE
STU102523,20.53,24.02,61.81,14.5,51.72,30.39,32.86,MODERATE
STU102524,38.06,46.04,47.13,62.0,100.0,38.56,51.7,MODERATE
STU102525,19.31,16.28,35.62,23.25,56.05,9.59,25.11,LOW
STU102526,34.1,39.22,77.88,28.75,75.55,47.09,48.78,MODERATE
STU102527,11.48,13.11,39.6,7.75,62.95,0.0,20.95,LOW
STU102528,14.54,23.65,50.45,38.0,37.88,29.52,31.35,MODERATE
STU102529,13.55,22.22,42.75,42.25,55.32,15.28,30.21,MODERATE
STU102530,21.71,32.14,52.58,33.5,50.55,32.62,36.24,MODERATE
STU102531,31.07,31.97,65.91,51.25,94.3,36.09,48.12,MODERATE
STU102532,22.02,35.06,68.75,44.5,62.7,31.91,43.06,MODERATE
STU102533,45.78,42.83,39.16,69.75,100.0,38.83,52.04,MODERATE
STU102534,12.51,31.47,60.4,39.75,40.8,39.05,36.4,MODERATE
STU102535,43.48,60.9,2.4,52.25,100.0,27.14,44.95,MODERATE
STU102536,28.43,46.06,47.4,56.75,61.62,33.23,44.68,MODERATE
STU102537,25.39,28.34,45.14,48.25,61.0,30.81,37.61,MODERATE
STU102538,27.01,19.46,58.82,20.25,56.78,22.99,33.05,MODERATE
STU102539,21.65,32.69,39.39,35.75,55.6,28.02,34.1,MODERATE
STU102540,25.55,29.52,63.81,34.0,81.7,37.48,42.27,MODERATE
STU102541,24.07,42.82,45.9,67.75,66.9,41.22,45.67,MODERATE
STU102542,35.01,35.24,61.21,41.0,56.53,24.73,42.33,MODERATE
STU102543,38.89,39.73,48.31,54.0,74.68,31.86,46.13,MODERATE
STU102544,19.66,29.56,52.6,38.0,60.32,34.09,36.98,MODERATE
STU102545,40.28,41.25,56.28,48.25,61.2,43.49,47.33,MODERATE
STU102546,18.27,25.06,60.75,25.5,43.85,30.57,33.34,MODERATE
STU102547,39.04,31.38,45.14,44.5,80.78,19.38,41.37,MODERATE
STU102548,15.01,18.54,45.62,32.75,47.47,17.91,28.21,LOW
STU102549,6.13,13.19,51.39,37.0,55.92,20.44,27.99,LOW
STU102550,14.13,18.82,63.65,41.25,66.72,23.88,35.51,MODERATE
STU102551,12.2,16.56,41.79,17.75,44.1,13.27,23.34,LOW
STU102552,55.25,53.18,53.18,67.75,100.0,54.99,60.64,HIGH
STU102553,25.4,35.01,43.6,33.75,69.32,33.97,37.94,MODERATE
STU102554,6.84,24.37,26.18,16.5,37.53,11.17,20.04,LOW
STU102555,26.39,27.85,63.19,23.5,31.0,34.5,34.95,MODERATE
STU102556,2.24,10.26,30.58,11.5,26.8,4.99,14.03,LOW
STU102557,0.0,3.18,42.06,20.0,55.3,0.0,17.74,LOW
STU102558,19.03,26.98,68.8,35.0,74.42,40.84,41.09,MODERATE
STU102559,40.71,23.4,59.69,35.0,44.7,23.38,37.99,MODERATE
STU102560,38.62,37.27,71.91,68.0,84.8,49.92,55.1,MODERATE
STU102561,33.36,34.38,69.0,32.5,88.6,46.47,47.45,MODERATE
STU102562,22.42,38.0,45.98,47.0,81.18,36.73,42.02,MODERATE
STU102563,8.33,38.32,25.65,45.75,61.48,29.96,32.38,MODERATE
STU102564,21.65,41.04,56.38,49.75,74.88,33.27,44.14,MODERATE
STU102565,26.76,19.49,75.32,32.75,48.38,25.99,37.64,MODERATE
STU102566,2.92,20.78,26.95,27.75,37.47,21.24,21.2,LOW
STU102567,10.72,15.39,61.01,24.5,62.28,20.8,30.18,MODERATE
STU102568,19.82,34.11,54.41,36.25,89.68,48.7,42.65,MODERATE
STU102569,0.0,15.98,46.78,42.75,57.72,10.97,26.63,LOW
STU102570,6.71,30.75,38.7,44.5,55.78,28.82,31.9,MODERATE
STU102571,18.19,23.67,57.95,30.25,77.9,19.5,35.42,MODERATE
STU102572,23.24,25.91,57.69,32.5,51.75,38.73,36.59,MODERATE
STU102573,12.53,30.57,37.82,37.5,78.0,26.14,33.75,MODERATE
STU102574,16.97,29.14,69.01,35.25,73.38,38.42,40.95,MODERATE
STU102575,19.89,21.81,44.3,37.0,60.4,15.42,31.42,MODERATE
STU102576,32.69,32.83,46.12,57.25,63.92,32.46,42.2,MODERATE
STU102577,48.37,41.8,47.79,48.5,55.5,40.31,46.54,MODERATE
STU102578,8.16,25.62,49.3,45.0,78.05,29.8,35.43,MODERATE
STU102579,11.45,20.34,49.61,33.5,38.28,27.25,28.88,LOW
STU102580,44.72,34.93,49.0,50.5,64.88,32.45,44.78,MODERATE
STU102581,27.57,41.79,66.59,45.0,87.25,54.9,50.24,MODERATE
STU102582,9.42,18.51,53.88,18.0,35.22,19.13,25.42,LOW
STU102583,1.63,20.3,41.99,29.5,29.97,20.94,23.32,LOW
STU102584,45.24,53.57,48.06,52.75,100.0,40.25,53.99,MODERATE
STU102585,16.78,11.74,56.59,29.0,47.8,20.13,28.75,LOW
STU102586,24.3,27.79,54.52,40.5,72.45,40.46,40.08,MODERATE
STU102587,26.91,25.94,67.32,40.5,51.82,27.71,39.36,MODERATE
STU102588,18.12,11.0,42.8,16.75,27.18,12.07,21.37,LOW
STU102589,0.0,12.38,47.24,11.25,36.8,11.18,19.03,LOW
STU102590,6.83,16.22,63.92,13.5,51.1,18.18,27.16,LOW
STU102591,7.13,24.09,59.99,33.75,53.32,25.93,32.43,MODERATE
STU102592,41.66,43.96,55.65,80.5,86.08,44.6,55.6,MODERATE
STU102593,54.02,51.97,63.95,66.5,100.0,54.95,62.06,HIGH
STU102594,6.35,19.46,46.26,12.75,42.88,26.96,24.28,LOW
STU102595,12.57,18.67,44.0,23.5,30.05,15.0,24.01,LOW
STU102596,34.26,31.7,61.18,64.5,61.3,34.37,46.26,MODERATE
STU102597,21.04,27.13,37.92,37.0,81.0,31.22,35.35,MODERATE
STU102598,29.69,39.89,63.52,40.0,63.28,50.86,46.03,MODERATE
STU102599,32.92,38.02,42.09,51.25,52.1,26.54,40.06,MODERATE
STU102600,20.32,24.83,52.99,26.25,14.75,30.28,29.31,LOW
STU102601,11.88,30.7,42.96,42.25,53.25,38.51,34.16,MODERATE
STU102602,27.7,36.86,52.46,35.75,53.65,40.73,40.05,MODERATE
STU102603,0.0,2.16,51.89,3.75,35.05,5.83,15.57,LOW
STU102604,35.33,54.54,39.5,65.75,98.05,44.76,52.74,MODERATE
STU102605,6.69,20.47,51.02,30.75,41.95,14.4,26.91,LOW
STU102606,36.47,37.21,39.09,57.0,100.0,30.99,46.06,MODERATE
STU102607,26.67,38.08,72.51,26.75,62.93,46.28,44.29,MODERATE
STU102608,29.08,38.09,68.42,27.75,62.4,43.62,43.79,MODERATE
STU102609,16.21,23.76,36.51,28.0,40.92,10.69,25.85,LOW
STU102610,22.4,33.34,56.26,40.0,57.6,33.18,39.14,MODERATE
STU102611,32.94,36.6,59.48,33.25,68.62,42.1,43.69,MODERATE
STU102612,22.82,31.96,49.95,42.5,71.8,26.62,38.76,MODERATE
STU102613,23.22,37.08,49.59,44.25,51.78,29.62,38.61,MODERATE
STU102614,17.97,19.16,60.18,16.75,37.6,18.71,28.56,LOW
STU102615,29.14,28.61,37.96,38.25,47.7,33.14,34.39,MODERATE
STU102616,20.09,26.02,62.35,17.75,55.62,43.99,35.62,MODERATE
STU102617,34.22,22.77,66.72,26.5,70.85,25.23,39.46,MODERATE
STU102618,13.64,31.55,41.59,37.75,51.9,31.88,32.97,MODERATE
STU102619,7.21,24.95,71.96,26.75,48.7,24.52,33.41,MODERATE
STU102620,15.57,15.92,70.61,22.75,46.2,32.69,32.52,MODERATE
STU102621,21.65,7.8,53.08,22.0,33.58,12.5,24.8,LOW
STU102622,26.99,26.91,61.34,39.75,54.3,30.24,38.81,MODERATE
STU102623,0.0,18.34,32.69,16.0,22.82,13.45,17.15,LOW
STU102624,12.3,33.73,50.44,51.75,85.25,25.0,39.77,MODERATE
STU102625,36.36,30.9,57.81,43.0,64.68,37.33,43.21,MODERATE
STU102626,0.0,14.77,50.1,25.5,17.85,0.0,19.32,LOW
STU102627,13.85,17.02,49.18,39.0,38.62,21.31,28.7,LOW
STU102628,15.35,32.05,44.84,35.25,69.32,25.09,34.78,MODERATE
STU102629,49.23,37.53,44.86,52.5,68.2,28.87,45.78,MODERATE
STU102630,22.64,27.69,56.39,28.75,66.15,25.82,36.24,MODERATE
STU102631,33.48,37.0,48.74,48.25,54.45,44.06,42.78,MODERATE
STU102632,0.0,12.16,35.94,19.5,26.38,5.34,16.32,LOW
STU102633,12.39,13.19,33.01,36.0,61.92,0.0,23.97,LOW
STU102634,31.01,42.41,60.08,46.75,71.0,46.62,47.6,MODERATE
STU102635,35.39,41.51,70.25,50.25,62.4,60.63,51.35,MODERATE
STU102636,18.84,34.02,49.14,40.75,68.32,42.28,39.27,MODERATE
STU102637,30.11,31.1,40.0,44.0,66.9,32.05,38.29,MODERATE
STU102638,17.09,44.56,49.55,21.25,57.95,29.77,36.43,MODERATE
STU102639,3.6,13.12,63.91,19.5,40.55,21.28,25.89,LOW
STU102640,26.49,44.93,46.75,58.25,86.02,29.21,46.14,MODERATE
STU102641,2.64,11.44,42.91,18.25,33.88,9.75,19.07,LOW
STU102642,27.66,41.45,45.34,44.5,79.82,30.7,42.69,MODERATE
STU102643,36.21,45.28,48.62,64.0,82.45,46.8,50.81,MODERATE
STU102644,11.26,12.22,59.78,11.25,40.3,19.91,24.97,LOW
STU102645,7.84,19.51,47.42,13.25,28.9,14.32,22.24,LOW
STU102646,5.83,30.98,44.4,31.75,77.22,29.19,33.19,MODERATE
STU102647,20.56,24.79,45.38,40.25,78.48,8.49,34.12,MODERATE
STU102648,20.06,28.67,47.02,24.25,31.83,20.85,29.49,LOW
STU102649,16.75,28.87,56.01,33.0,70.68,28.87,36.67,MODERATE
STU102650,41.88,43.44,54.61,59.0,68.2,41.21,49.95,MODERATE
STU102651,50.66,58.12,54.1,70.0,92.12,59.44,61.14,HIGH
STU102652,35.73,44.32,39.24,44.0,84.95,39.96,45.16,MODERATE
STU102653,0.0,10.24,62.68,20.75,36.92,15.11,23.41,LOW
STU102654,0.23,11.24,40.99,11.75,38.2,8.82,17.52,LOW
STU102655,9.53,31.94,68.89,28.0,61.98,45.28,38.6,MODERATE
STU102656,33.13,46.24,56.61,41.0,86.45,54.47,49.75,MODERATE
STU102657,20.44,34.2,60.2,33.25,60.53,32.98,39.02,MODERATE
STU102658,8.5,20.76,65.4,30.0,56.38,32.21,33.33,MODERATE
STU102659,25.92,24.43,37.44,34.75,39.72,20.28,29.99,LOW
STU102660,38.79,52.05,63.5,73.5,100.0,59.9,60.49,HIGH
STU102661,0.0,2.06,44.85,11.5,27.32,0.0,13.94,LOW
STU102662,0.0,12.49,56.72,21.25,52.32,23.15,25.2,LOW
STU102663,12.72,28.13,30.15,34.0,60.88,11.14,27.91,LOW
STU102664,34.83,39.48,56.3,47.0,95.43,39.03,48.59,MODERATE
STU102665,13.59,15.59,55.61,32.75,32.72,15.35,27.46,LOW
STU102666,16.93,28.25,56.01,30.75,54.82,29.8,34.72,MODERATE
STU102667,15.92,30.18,65.05,24.5,55.7,31.88,36.17,MODERATE
STU102668,24.48,21.72,55.97,24.0,52.87,28.87,33.29,MODERATE
STU102669,24.23,32.12,52.36,39.25,72.52,30.26,39.51,MODERATE
STU102670,19.69,17.3,55.06,14.5,70.0,18.48,30.3,MODERATE
STU102671,22.49,10.19,45.91,4.75,60.35,12.6,24.24,LOW
STU102672,26.24,22.13,25.49,37.5,76.18,7.19,29.84,LOW
STU102673,17.48,23.52,63.0,36.0,53.78,19.53,34.71,MODERATE
STU102674,4.4,19.81,44.06,14.0,43.65,14.4,22.55,LOW
STU102675,47.28,41.94,38.61,65.5,100.0,28.87,50.38,MODERATE
STU102676,30.94,38.6,54.85,40.0,82.18,43.55,45.38,MODERATE
STU102677,26.86,25.31,50.2,36.25,53.95,32.46,35.82,MODERATE
STU102678,20.3,34.22,55.84,43.25,57.28,28.87,38.89,MODERATE
STU102679,27.58,36.28,49.55,47.5,84.5,22.69,42.34,MODERATE
STU102680,0.0,13.54,62.89,28.25,16.17,12.24,23.04,LOW
STU102681,37.33,29.47,45.61,56.75,76.72,33.35,43.48,MODERATE
STU102682,41.37,50.47,62.98,47.25,100.0,58.59,56.43,MODERATE
STU102683,22.31,36.27,45.25,34.5,46.88,40.21,36.46,MODERATE
STU102684,22.41,26.15,61.16,31.0,74.65,26.57,38.02,MODERATE
STU102685,25.83,30.17,52.25,34.0,42.85,23.5,34.89,MODERATE
STU102686,16.56,20.56,40.41,50.75,62.48,14.87,31.88,MODERATE
STU102687,10.37,26.57,52.19,38.25,59.05,15.6,32.36,MODERATE
STU102688,33.35,30.48,59.63,41.5,80.9,39.75,44.51,MODERATE
STU102689,30.71,37.59,52.79,61.75,64.42,47.32,46.53,MODERATE
STU102690,24.75,39.22,58.81,57.75,54.87,25.73,43.24,MODERATE
STU102691,31.56,34.68,57.16,53.75,80.1,26.1,45.1,MODERATE
STU102692,27.17,32.29,53.86,40.75,67.73,32.04,40.37,MODERATE
STU102693,13.21,20.31,43.59,28.5,62.4,7.46,27.7,LOW
STU102694,3.88,20.58,51.68,24.5,62.32,14.42,27.61,LOW
STU102695,9.33,17.29,24.69,9.25,33.07,14.33,17.25,LOW
STU102696,34.15,28.24,70.84,36.25,69.58,29.92,43.45,MODERATE
STU102697,7.38,19.17,57.85,20.25,46.38,28.98,28.41,LOW
STU102698,23.08,30.5,54.42,13.25,72.2,30.75,35.41,MODERATE
STU102699,35.77,35.58,53.42,50.0,77.0,28.99,44.83,MODERATE
STU102700,24.06,14.5,49.45,48.25,46.1,8.34,31.01,MODERATE
STU102701,29.15,31.08,72.74,53.75,69.7,23.96,45.58,MODERATE
STU102702,100.0,60.71,57.41,56.75,83.93,56.75,69.24,HIGH
STU102703,21.31,36.72,39.89,43.5,78.62,26.42,38.45,MODERATE
STU102704,22.27,21.97,53.62,38.0,71.8,29.63,36.51,MODERATE
STU102705,27.42,36.04,74.49,42.75,67.5,51.87,47.74,MODERATE
STU102706,31.15,23.24,59.35,50.0,39.07,12.97,36.61,MODERATE
STU102707,52.83,52.28,65.74,59.0,87.28,58.09,60.17,HIGH
STU102708,46.81,55.28,68.75,48.5,92.3,74.69,60.91,HIGH
STU102709,0.0,15.78,43.85,21.0,71.3,12.32,24.23,LOW
STU102710,26.51,35.53,46.89,24.5,72.12,34.06,37.86,MODERATE
STU102711,37.3,32.9,68.96,50.75,74.12,30.42,47.54,MODERATE
STU102712,36.82,27.67,45.08,41.5,68.42,19.24,38.29,MODERATE
STU102713,9.58,14.13,51.15,19.75,47.65,7.48,24.15,LOW
STU102714,5.26,15.87,44.59,18.75,68.25,15.05,25.08,LOW
STU102715,35.07,43.78,62.21,47.25,85.3,46.85,50.7,MODERATE
STU102716,2.95,20.38,44.0,14.25,47.58,21.53,23.53,LOW
STU102717,24.39,30.34,57.64,34.5,77.12,25.37,39.42,MODERATE
STU102718,27.43,38.94,39.02,54.75,82.3,39.2,43.39,MODERATE
STU102719,33.04,33.3,57.4,34.75,54.35,24.82,39.54,MODERATE
STU102720,36.89,34.95,54.94,48.25,82.05,35.14,46.06,MODERATE
STU102721,47.9,49.63,57.02,60.75,76.82,44.4,54.63,MODERATE
STU102722,7.87,23.12,61.69,21.75,53.08,28.87,31.15,MODERATE
STU102723,26.98,31.0,50.05,32.25,81.18,33.59,39.47,MODERATE
STU102724,43.37,27.61,70.5,34.0,57.4,35.37,44.05,MODERATE
STU102725,14.7,26.19,50.26,37.0,54.55,28.87,33.43,MODERATE
STU102726,21.65,22.04,45.6,42.75,32.55,23.07,30.93,MODERATE
STU102727,53.05,60.44,60.55,78.75,100.0,52.12,64.85,HIGH
STU102728,28.56,40.0,45.99,50.5,76.58,38.96,44.04,MODERATE
STU102729,16.85,17.03,59.86,23.5,42.6,28.25,30.21,MODERATE
STU102730,54.24,42.21,36.78,58.5,65.88,18.63,45.98,MODERATE
STU102731,1.9,33.34,57.39,20.25,65.03,36.71,33.4,MODERATE
STU102732,40.32,45.47,68.04,56.75,62.4,40.05,51.8,MODERATE
STU102733,20.19,36.03,45.13,39.0,48.35,26.86,35.44,MODERATE
STU102734,7.68,6.72,42.42,20.0,31.95,5.28,18.42,LOW
STU102735,15.07,23.82,53.99,19.25,37.98,24.2,28.87,LOW
STU102736,42.92,44.71,46.06,69.0,75.62,36.7,50.56,MODERATE
STU102737,20.16,20.58,62.64,28.0,42.85,23.36,32.53,MODERATE
STU102738,0.0,16.42,40.88,19.5,33.38,14.75,20.02,LOW
STU102739,0.0,1.16,47.09,7.5,28.92,0.0,13.73,LOW
STU102740,12.16,19.26,43.89,31.25,58.42,20.96,28.65,LOW
STU102741,39.51,44.78,38.52,55.5,85.2,33.16,46.96,MODERATE
STU102742,22.87,29.11,58.36,22.75,41.0,36.17,34.65,MODERATE
STU102743,0.0,22.16,56.05,17.75,36.35,28.87,25.93,LOW
STU102744,19.36,24.82,48.14,35.0,62.97,21.96,33.45,MODERATE
STU102745,12.68,16.55,49.08,37.0,59.28,11.81,29.15,LOW
STU102746,40.75,38.74,37.55,35.75,60.05,38.18,40.53,MODERATE
STU102747,30.14,34.28,57.12,35.5,62.4,29.77,40.56,MODERATE
STU102748,51.65,59.58,47.08,71.25,100.0,50.02,60.33,HIGH
STU102749,35.4,38.96,54.56,42.75,60.38,36.55,43.84,MODERATE
STU102750,12.59,28.6,64.69,40.25,51.5,42.19,38.01,MODERATE
STU102751,18.42,37.63,48.21,37.75,78.57,24.48,38.7,MODERATE
STU102752,37.3,35.77,58.39,33.25,95.5,28.87,45.5,MODERATE
STU102753,28.64,31.76,55.99,52.25,72.55,39.91,43.95,MODERATE
STU102754,27.26,25.53,37.54,20.0,64.75,16.11,30.43,MODERATE
STU102755,14.55,24.81,60.55,43.0,82.12,28.33,38.72,MODERATE
STU102756,21.72,30.51,59.12,25.0,71.0,28.87,37.53,MODERATE
STU102757,8.37,22.92,55.6,22.25,85.88,24.94,32.94,MODERATE
STU102758,16.7,40.04,50.77,36.5,56.35,34.44,38.06,MODERATE
STU102759,10.21,14.1,40.34,21.75,31.6,15.27,21.58,LOW
STU102760,40.49,30.68,53.4,52.0,59.73,24.23,42.64,MODERATE
STU102761,0.0,19.17,44.12,19.75,29.18,26.54,22.15,LOW
STU102762,3.89,14.84,33.59,23.5,51.4,0.0,19.87,LOW
STU102763,28.5,26.43,28.48,43.5,55.05,11.48,31.18,MODERATE
STU102764,15.55,31.98,33.09,39.5,75.6,35.13,34.72,MODERATE
STU102765,21.99,24.21,57.1,47.25,75.98,25.31,39.09,MODERATE
STU102766,12.21,20.9,53.97,29.75,55.35,21.16,30.57,MODERATE
STU102767,13.41,13.28,45.3,12.75,40.95,8.16,21.89,LOW
STU102768,38.22,38.15,49.0,37.0,92.75,41.54,45.96,MODERATE
STU102769,18.94,24.73,38.36,31.75,69.03,21.15,31.42,MODERATE
STU102770,53.41,47.95,47.84,41.5,99.45,40.13,52.42,MODERATE
STU102771,22.18,36.44,52.08,44.75,60.0,48.16,41.49,MODERATE
STU102772,9.66,18.16,36.68,20.0,42.5,15.56,22.61,LOW
STU102773,34.4,44.56,68.81,68.0,50.8,41.14,51.18,MODERATE
STU102774,43.63,41.21,58.54,61.0,88.2,48.32,53.54,MODERATE
STU102775,33.11,31.29,71.11,19.0,49.8,42.11,40.71,MODERATE
STU102776,0.38,11.67,58.74,23.25,59.8,14.41,25.65,LOW
STU102777,12.99,27.7,63.34,46.75,50.28,30.42,37.27,MODERATE
STU102778,26.83,54.54,51.05,53.75,96.85,52.15,52.17,MODERATE
STU102779,42.06,45.43,57.08,55.25,87.85,46.3,52.89,MODERATE
STU102780,19.36,26.19,59.63,29.0,39.95,43.02,34.99,MODERATE
STU102781,32.32,49.5,44.09,54.75,62.4,43.64,46.47,MODERATE
STU102782,12.2,27.57,42.81,44.5,76.8,33.69,35.62,MODERATE
STU102783,11.99,36.96,62.74,36.75,73.95,38.51,40.94,MODERATE
STU102784,25.33,37.1,56.84,38.75,67.68,29.42,41.23,MODERATE
STU102785,0.49,16.67,58.49,15.5,33.8,21.91,23.86,LOW
STU102786,8.17,17.27,50.46,26.75,52.68,17.88,27.11,LOW
STU102787,8.06,18.94,53.1,27.0,60.4,8.75,27.93,LOW
STU102788,21.27,25.83,52.5,22.25,23.35,20.5,28.93,LOW
STU102789,35.81,23.5,36.97,39.5,46.45,20.68,33.07,MODERATE
STU102790,26.68,29.67,33.15,46.0,63.8,10.12,33.68,MODERATE
STU102791,24.61,26.26,44.18,40.0,85.98,26.99,37.62,MODERATE
STU102792,0.0,12.52,65.55,32.25,62.4,24.45,29.76,LOW
STU102793,30.76,32.04,40.82,40.25,58.05,24.93,36.66,MODERATE
STU102794,0.93,7.18,67.96,8.25,35.35,28.73,23.22,LOW
STU102795,34.19,32.19,43.6,42.5,58.7,15.49,37.4,MODERATE
STU102796,14.48,29.3,60.21,49.25,65.45,25.87,38.78,MODERATE
STU102797,22.51,31.12,45.32,48.75,77.95,28.83,39.34,MODERATE
STU102798,32.52,40.79,59.04,48.75,67.3,47.71,47.32,MODERATE
STU102799,4.02,5.1,37.25,17.25,62.4,0.0,18.36,LOW
STU102800,30.49,32.28,45.56,47.75,82.95,32.52,41.99,MODERATE
STU102801,32.4,29.4,72.99,33.25,60.28,33.36,42.78,MODERATE
STU102802,31.82,41.38,55.86,39.75,69.45,41.41,44.93,MODERATE
STU102803,20.38,36.48,45.21,40.75,79.15,36.64,39.93,MODERATE
STU102804,27.23,29.84,47.11,33.5,69.12,36.75,37.94,MODERATE
STU102805,23.8,44.69,73.99,48.5,96.02,55.04,53.11,MODERATE
STU102806,17.82,29.95,37.91,43.0,74.98,31.45,35.73,MODERATE
STU102807,16.52,30.04,36.89,19.75,60.82,8.54,28.09,LOW
STU102808,17.39,14.62,36.17,30.5,34.7,14.93,23.9,LOW
STU102809,21.95,29.46,58.19,36.75,64.1,36.15,38.93,MODERATE
STU102810,22.36,30.57,42.12,46.0,64.65,28.87,36.79,MODERATE
STU102811,26.83,41.05,56.51,50.75,72.82,56.61,47.49,MODERATE
STU102812,31.21,39.44,51.99,55.75,91.55,18.99,45.92,MODERATE
STU102813,41.43,48.48,41.04,57.5,77.53,43.57,49.35,MODERATE
STU102814,40.4,40.03,51.62,56.25,79.82,28.87,47.72,MODERATE
STU102815,33.24,29.92,56.72,49.0,70.15,36.72,43.51,MODERATE
STU102816,13.25,20.92,42.94,28.5,40.28,14.47,26.22,LOW
STU102817,26.34,25.3,30.72,45.5,59.6,12.3,31.75,MODERATE
STU102818,26.71,36.92,44.52,26.25,40.22,51.62,36.6,MODERATE
STU102819,25.81,33.24,43.39,52.0,82.1,30.51,41.21,MODERATE
STU102820,10.24,15.96,45.74,32.75,40.9,13.69,25.56,LOW
STU102821,30.26,42.46,63.08,56.5,72.1,41.85,49.15,MODERATE
STU102822,24.42,20.33,63.08,34.75,62.35,28.87,36.92,MODERATE
STU102823,31.53,28.7,49.85,33.75,71.43,21.26,37.78,MODERATE
STU102824,28.3,26.53,40.9,31.25,55.25,28.67,33.55,MODERATE
STU102825,24.48,25.56,76.56,26.25,53.8,28.87,38.8,MODERATE
STU102826,31.62,32.58,52.21,37.75,74.8,28.87,40.94,MODERATE
STU102827,26.03,21.42,41.08,31.0,73.08,22.62,33.0,MODERATE
STU102828,18.32,26.53,32.06,23.5,69.08,23.8,29.52,LOW
STU102829,0.0,7.64,42.48,40.0,44.75,6.05,21.49,LOW
STU102830,17.0,25.41,53.65,36.5,54.3,35.43,34.93,MODERATE
STU102831,46.31,48.31,54.45,55.0,99.6,49.31,55.37,MODERATE
STU102832,21.65,15.28,37.38,13.25,55.15,13.48,24.48,LOW
STU102833,15.76,17.39,49.58,47.25,77.95,9.96,33.29,MODERATE
STU102834,34.47,30.2,24.65,40.75,81.4,13.81,35.01,MODERATE
STU102835,25.81,30.02,37.4,52.5,76.0,17.28,37.35,MODERATE
STU102836,53.77,54.45,50.26,79.75,97.35,48.99,61.02,HIGH
STU102837,63.61,49.03,27.65,63.75,100.0,28.87,52.96,MODERATE
STU102838,0.0,6.28,56.11,9.5,36.0,8.77,18.69,LOW
STU102839,39.07,37.76,50.91,34.25,92.55,41.92,46.02,MODERATE
STU102840,13.26,23.78,68.45,30.0,50.7,20.26,33.88,MODERATE
STU102841,42.27,48.49,62.64,51.75,89.1,47.31,54.51,MODERATE
STU102842,38.33,39.63,52.4,52.25,96.3,31.57,48.68,MODERATE
STU102843,10.14,24.16,55.58,24.25,49.47,14.81,29.25,LOW
STU102844,29.16,33.51,58.13,28.75,91.15,31.23,42.39,MODERATE
STU102845,12.49,21.99,49.24,32.5,63.0,25.55,31.57,MODERATE
STU102846,19.62,21.51,75.65,28.25,52.85,35.17,37.47,MODERATE
STU102847,35.51,27.65,54.59,50.75,93.42,34.4,45.33,MODERATE
STU102848,28.27,35.4,45.82,40.25,64.32,36.84,39.82,MODERATE
STU102849,44.76,39.58,44.65,43.5,94.98,38.48,47.65,MODERATE
STU102850,14.49,8.45,63.64,11.75,48.85,13.77,25.76,LOW
STU102851,0.87,13.15,42.15,28.25,21.4,20.02,20.27,LOW
STU102852,37.73,44.55,56.28,52.25,85.92,44.12,50.78,MODERATE
STU102853,32.27,41.48,37.54,48.75,58.9,41.13,41.65,MODERATE
STU102854,23.12,36.36,27.69,38.0,71.52,27.99,34.9,MODERATE
STU102855,29.34,26.43,47.79,32.25,58.45,30.14,35.73,MODERATE
STU102856,18.26,35.96,57.2,27.25,54.7,43.9,38.03,MODERATE
STU102857,13.73,20.68,80.75,42.5,48.2,33.83,38.64,MODERATE
STU102858,27.28,33.2,40.58,40.25,61.33,26.68,36.71,MODERATE
STU102859,24.46,33.22,59.76,53.75,70.0,26.05,42.82,MODERATE
STU102860,0.0,5.65,48.08,2.0,45.7,9.76,16.87,LOW
STU102861,30.86,42.11,52.71,39.25,89.15,43.45,46.39,MODERATE
STU102862,0.0,18.13,54.91,0.0,21.48,24.69,20.13,LOW
STU102863,0.0,23.66,63.46,10.5,19.55,26.17,24.75,LOW
STU102864,15.02,17.64,84.9,28.25,53.32,27.29,36.69,MODERATE
STU102865,46.94,43.01,57.51,59.25,100.0,62.98,56.83,MODERATE
STU102866,23.1,29.83,56.76,37.0,71.7,27.31,38.88,MODERATE
STU102867,32.98,29.79,47.59,42.75,80.5,29.8,41.0,MODERATE
STU102868,20.76,34.33,71.01,34.75,69.15,41.11,43.18,MODERATE
STU102869,29.26,50.66,57.7,68.0,89.5,49.21,54.13,MODERATE
STU102870,23.72,26.26,40.72,26.25,44.65,22.18,30.07,MODERATE
STU102871,21.65,24.5,45.3,24.25,62.4,26.12,32.0,MODERATE
STU102872,0.49,13.98,63.09,7.5,25.2,15.06,21.36,LOW
STU102873,22.01,33.65,41.69,43.5,73.1,24.04,37.39,MODERATE
STU102874,35.75,43.93,58.1,57.5,75.9,41.7,50.14,MODERATE
STU102875,13.53,23.44,61.36,30.75,47.95,40.61,34.31,MODERATE
STU102876,0.0,8.66,40.1,15.0,23.4,9.4,15.72,LOW
STU102877,21.63,32.68,33.52,37.75,76.9,31.45,35.7,MODERATE
STU102878,16.38,22.74,67.58,43.0,50.65,19.54,35.95,MODERATE
STU102879,7.76,23.19,42.5,41.75,64.2,10.26,29.56,LOW
STU102880,21.65,42.72,51.42,48.75,66.27,42.74,43.51,MODERATE
STU102881,22.16,33.88,38.7,31.25,51.88,28.94,33.41,MODERATE
STU102882,16.29,24.05,56.35,32.5,42.68,27.27,32.41,MODERATE
STU102883,13.94,25.88,39.14,38.25,67.58,17.12,31.29,MODERATE
STU102884,21.15,18.98,40.43,33.0,66.75,5.58,29.24,LOW
STU102885,26.66,30.04,45.91,28.5,67.55,29.41,36.0,MODERATE
STU102886,13.4,29.25,58.42,33.0,57.75,31.12,35.51,MODERATE
STU102887,32.72,45.45,58.16,25.25,71.62,44.86,44.97,MODERATE
STU102888,42.92,39.04,63.19,46.75,81.9,42.48,50.43,MODERATE
STU102889,23.22,39.07,34.75,49.0,50.55,31.59,36.93,MODERATE
STU102890,23.43,29.91,44.92,45.0,62.83,27.68,36.95,MODERATE
STU102891,28.77,30.22,53.99,52.25,71.55,34.09,42.51,MODERATE
STU102892,15.18,32.93,53.89,41.75,75.52,38.1,39.67,MODERATE
STU102893,25.2,28.17,45.36,21.5,26.12,33.5,30.34,MODERATE
STU102894,16.65,14.25,47.24,32.25,45.28,17.92,27.5,LOW
STU102895,8.95,18.31,52.25,22.75,62.4,21.3,28.6,LOW
STU102896,27.17,45.89,49.6,44.0,90.0,47.76,47.2,MODERATE
STU102897,17.01,43.58,36.61,37.0,69.55,32.69,37.39,MODERATE
STU102898,25.44,26.77,64.2,35.25,73.88,26.11,39.91,MODERATE
STU102899,20.67,32.12,63.27,51.25,38.55,31.31,39.49,MODERATE
STU102900,44.41,32.37,52.79,43.75,52.08,22.44,41.55,MODERATE
STU102901,21.4,31.92,36.39,52.25,60.18,24.75,35.87,MODERATE
STU102902,22.06,26.87,72.47,38.75,76.12,19.83,41.03,MODERATE
STU102903,13.94,11.25,44.32,40.5,31.43,9.84,24.67,LOW
STU102904,47.93,42.91,67.03,36.0,56.97,44.43,49.26,MODERATE
STU102905,0.0,5.27,63.19,22.5,32.1,0.0,20.54,LOW
STU102906,9.58,29.32,62.14,27.25,60.18,31.37,34.92,MODERATE
STU102907,7.04,21.77,56.53,16.75,35.15,7.2,24.9,LOW
STU102908,21.02,32.97,53.54,42.0,95.85,37.14,42.75,MODERATE
STU102909,14.7,20.68,56.68,29.75,39.55,22.84,30.15,MODERATE
STU102910,14.23,39.63,54.8,20.0,48.2,36.84,35.22,MODERATE
STU102911,22.18,29.9,58.19,5.25,56.68,29.52,32.96,MODERATE
STU102912,42.57,33.0,45.1,41.75,62.4,27.78,41.06,MODERATE
STU102913,13.54,9.65,46.9,16.75,62.4,4.47,23.7,LOW
STU102914,46.36,50.1,48.84,61.0,99.05,53.78,56.0,MODERATE
STU102915,15.76,18.4,36.24,35.75,68.1,7.53,27.93,LOW
STU102916,16.99,34.04,24.7,32.0,56.08,16.79,28.94,LOW
STU102917,36.28,36.71,51.3,48.0,61.3,35.77,43.6,MODERATE
STU102918,0.0,2.04,45.51,27.25,35.95,0.48,17.34,LOW
STU102919,9.29,12.52,48.14,10.5,19.95,14.8,19.67,LOW
STU102920,57.06,58.02,49.32,61.0,85.3,63.1,59.77,LOW
STU102921,19.55,41.04,57.52,40.5,77.03,32.0,42.65,MODERATE
STU102922,17.87,22.41,42.75,34.5,58.85,11.16,29.9,LOW
STU102923,16.66,19.88,31.72,28.25,42.37,13.01,24.42,LOW
STU102924,0.0,15.68,64.79,4.5,46.8,24.11,24.64,LOW
STU102925,0.0,20.23,71.74,17.75,32.65,26.23,27.96,LOW
STU102926,18.98,24.9,63.77,27.25,63.65,34.34,36.66,MODERATE
STU102927,0.0,15.85,52.31,16.25,19.32,23.11,21.1,LOW
STU102928,7.51,16.62,59.42,29.5,43.08,24.82,28.76,LOW
STU102929,20.7,29.27,63.16,36.5,70.88,28.22,39.47,MODERATE
STU102930,20.2,46.38,65.41,56.25,62.13,61.55,49.52,MODERATE
STU102931,1.32,22.4,54.85,20.25,70.85,17.05,28.66,LOW
STU102932,37.93,34.01,58.92,43.0,87.98,24.55,45.58,MODERATE
STU102933,18.25,35.56,51.01,43.0,74.45,24.93,39.13,MODERATE
STU102934,27.87,40.21,33.98,37.75,51.42,27.82,36.01,MODERATE
STU102935,15.32,23.93,54.64,32.5,75.25,24.47,34.82,MODERATE
STU102936,23.26,25.6,59.7,37.0,65.82,20.77,37.2,MODERATE
STU102937,28.65,44.76,50.95,64.25,78.28,37.82,48.36,MODERATE
STU102938,4.91,9.74,50.03,23.75,41.97,19.5,23.13,LOW
STU102939,37.94,33.4,34.92,31.25,69.8,24.87,37.08,MODERATE
STU102940,0.0,18.73,69.1,3.25,39.95,28.87,25.87,LOW
STU102941,11.67,25.84,40.88,36.75,61.02,18.68,30.45,MODERATE
STU102942,11.2,15.62,41.69,24.75,31.3,11.05,22.43,LOW
STU102943,23.53,11.62,47.09,33.5,61.65,20.9,30.31,MODERATE
STU102944,0.0,10.75,57.35,25.0,69.77,14.78,26.36,LOW
STU102945,23.31,16.84,23.02,27.75,48.12,8.08,23.26,LOW
STU102946,12.77,26.47,45.8,25.25,40.28,16.64,27.81,LOW
STU102947,0.33,21.8,35.24,4.0,59.25,5.42,19.63,LOW
STU102948,0.0,9.31,66.25,13.75,8.2,0.0,18.46,LOW
STU102949,31.15,25.71,45.7,35.25,60.05,21.46,35.24,MODERATE
STU102950,16.22,22.0,55.64,22.75,65.03,16.95,31.48,MODERATE
STU102951,29.97,38.77,39.56,40.5,71.38,30.49,39.86,MODERATE
STU102952,14.09,21.24,43.7,40.25,64.25,16.75,31.01,MODERATE
STU102953,18.52,31.13,54.18,34.5,59.75,30.9,36.56,MODERATE
STU102954,42.07,50.42,45.56,46.0,97.12,40.44,50.79,MODERATE
STU102955,31.07,34.01,76.12,37.75,51.68,41.92,44.96,MODERATE
STU102956,3.29,26.66,63.67,32.0,36.9,20.81,30.63,MODERATE
STU102957,39.08,36.72,48.1,48.5,93.3,43.16,47.54,MODERATE
STU102958,4.23,13.94,26.61,36.0,66.42,0.0,21.69,LOW
STU102959,31.69,27.81,62.19,35.0,52.08,33.05,39.49,MODERATE
STU102960,11.76,30.46,54.46,34.0,71.82,31.3,36.27,MODERATE
STU102961,15.3,27.82,66.29,32.25,51.1,38.3,37.05,MODERATE
STU102962,9.03,23.61,31.75,57.5,45.45,6.45,27.87,LOW
STU102963,11.53,24.22,32.29,29.75,45.45,31.8,27.01,LOW
STU102964,21.65,14.17,23.45,29.25,62.68,5.24,23.74,LOW
STU102965,12.88,27.26,60.81,41.5,87.22,36.36,40.14,MODERATE
STU102966,46.14,49.16,84.45,64.75,88.58,54.64,62.44,HIGH
STU102967,28.99,28.38,50.25,38.75,78.85,25.45,39.19,MODERATE
STU102968,49.01,54.94,60.44,63.5,88.75,61.43,60.17,HIGH
STU102969,1.2,30.36,31.75,21.25,53.75,18.19,24.56,LOW
STU102970,20.61,24.29,49.4,18.0,61.25,26.82,31.58,MODERATE
STU102971,7.26,11.92,21.41,28.0,22.3,0.0,15.14,LOW
STU102972,21.12,12.9,58.18,36.0,54.95,7.75,30.76,MODERATE
STU102973,1.66,17.28,28.85,24.25,55.15,7.55,20.33,LOW
STU102974,22.35,38.28,42.64,58.5,84.88,23.88,42.22,MODERATE
STU102975,28.33,36.74,39.4,54.25,57.5,35.64,40.18,MODERATE
STU102976,37.86,41.4,45.41,38.5,91.62,36.45,45.59,MODERATE
STU102977,29.38,41.5,47.91,35.75,38.88,40.95,39.18,MODERATE
STU102978,0.0,11.73,58.69,21.25,57.3,4.58,24.05,LOW
STU102979,10.87,9.02,49.41,40.5,64.28,14.8,28.29,LOW
STU102980,6.81,28.86,68.36,30.75,72.55,33.28,37.44,MODERATE
STU102981,27.36,24.34,67.49,45.0,65.18,31.35,41.46,MODERATE
STU102982,15.97,32.02,49.56,50.5,71.5,37.98,39.63,MODERATE
STU102983,37.29,24.35,55.55,54.0,63.82,26.67,41.8,MODERATE
STU102984,5.66,12.85,34.88,27.75,39.97,1.34,19.61,LOW
STU102985,17.17,26.05,53.85,36.0,50.65,34.31,34.61,MODERATE
STU102986,41.4,46.76,46.98,59.0,90.8,51.34,52.43,MODERATE
STU102987,18.46,30.62,62.9,38.25,55.6,54.54,40.68,MODERATE
STU102988,44.49,53.28,57.15,61.0,93.65,42.54,56.42,MODERATE
STU102989,10.6,18.7,31.22,14.25,55.55,13.38,22.07,LOW
STU102990,27.05,33.5,52.81,50.75,79.12,28.16,42.69,MODERATE
STU102991,22.69,47.17,52.11,60.75,77.92,41.68,47.82,MODERATE
STU102992,34.31,23.37,66.96,42.5,35.0,27.43,38.71,MODERATE
STU102993,0.51,27.41,51.97,35.0,69.18,33.93,32.91,MODERATE
STU102994,0.0,30.43,43.75,46.75,65.03,21.34,32.01,MODERATE
STU102995,9.71,4.66,61.66,1.75,27.6,14.11,19.87,LOW
STU102996,14.0,29.54,53.0,30.5,31.02,37.4,32.2,MODERATE
STU102997,18.77,37.37,35.17,37.25,66.78,26.1,35.01,MODERATE
STU102998,8.42,24.77,43.79,18.25,64.88,26.94,28.55,LOW
STU102999,21.65,35.91,27.65,48.75,78.35,30.31,37.02,MODERATE
STU103000,3.82,19.16,66.1,24.75,31.17,46.41,30.24,MODERATE
STU103001,34.89,17.36,57.01,22.25,62.2,26.73,34.95,MODERATE
STU103002,7.0,27.86,51.76,31.0,72.2,27.2,33.31,MODERATE
STU103003,34.22,49.66,30.5,51.0,71.47,26.9,42.85,MODERATE
STU103004,9.53,35.94,38.1,27.75,57.72,30.43,31.49,MODERATE
STU103005,34.95,37.38,75.22,30.25,78.28,57.1,49.45,MODERATE
STU103006,44.02,41.66,70.58,46.75,94.62,41.89,54.0,MODERATE
STU103007,24.53,26.97,68.61,28.0,92.92,31.38,42.0,MODERATE
STU103008,6.11,17.92,45.6,32.75,63.75,12.61,27.37,LOW
STU103009,9.16,26.86,44.19,33.0,58.75,29.3,31.14,MODERATE
STU103010,44.75,53.32,38.81,56.75,71.68,47.46,50.47,MODERATE
STU103011,28.53,28.11,51.85,32.0,61.27,33.17,37.35,MODERATE
STU103012,4.64,23.73,46.41,49.5,85.82,7.1,32.86,MODERATE
STU103013,24.1,27.79,75.41,49.75,63.15,22.38,42.86,MODERATE
STU103014,15.57,34.79,56.8,30.75,43.35,30.66,35.18,MODERATE
STU103015,30.55,31.89,41.39,51.5,75.08,23.83,39.98,MODERATE
STU103016,23.61,37.53,80.89,53.0,59.65,44.25,48.62,MODERATE
STU103017,28.12,28.38,79.08,25.5,62.4,35.45,42.15,MODERATE
STU103018,17.15,26.41,58.75,17.0,38.55,24.34,30.62,MODERATE
STU103019,21.62,31.95,62.15,37.0,52.92,42.93,39.88,MODERATE
STU103020,9.28,9.25,48.45,46.25,31.7,5.07,24.47,LOW
STU103021,10.83,26.48,59.35,18.75,64.03,25.06,32.38,MODERATE
STU103022,0.0,11.55,43.92,13.0,21.1,12.3,16.96,LOW
STU103023,0.0,17.03,52.09,15.75,64.55,20.5,25.54,LOW
STU103024,7.97,20.18,44.59,13.75,35.15,9.91,22.13,LOW
STU103025,43.75,43.72,26.42,53.5,80.4,22.73,43.3,MODERATE
STU103026,14.15,23.83,62.36,33.0,60.6,25.84,34.85,MODERATE
STU103027,14.19,23.28,49.61,32.0,56.42,21.3,31.15,MODERATE
STU103028,18.29,24.31,57.42,26.0,34.65,26.88,31.27,MODERATE
STU103029,22.73,37.9,56.49,44.25,64.05,39.52,42.31,MODERATE
STU103030,13.47,29.83,59.18,26.25,53.92,40.54,35.37,MODERATE
STU103031,19.67,29.0,37.51,29.75,65.0,14.31,31.08,MODERATE
STU103032,15.25,14.88,46.8,26.75,18.77,16.47,23.67,LOW
STU103033,43.33,44.82,61.98,69.25,88.58,52.46,56.76,MODERATE
STU103034,42.56,36.17,62.64,50.5,74.57,38.85,49.0,MODERATE
STU103035,43.89,50.33,68.56,69.0,92.2,41.42,58.78,MODERATE
STU103036,19.19,30.46,49.22,34.0,29.45,29.78,32.32,MODERATE
STU103037,0.0,8.83,45.54,20.75,39.05,0.0,18.33,LOW
STU103038,27.87,27.74,49.68,27.75,52.77,33.88,35.27,MODERATE
STU103039,27.61,32.19,47.74,43.5,82.22,35.84,41.45,MODERATE
STU103040,16.94,18.68,52.79,16.75,62.4,24.09,29.78,LOW
STU103041,20.54,32.64,56.76,34.25,68.1,31.79,38.75,MODERATE
STU103042,22.24,23.85,34.31,42.25,58.65,16.47,31.12,MODERATE
STU103043,24.79,26.5,53.54,14.25,60.05,17.29,32.16,MODERATE
STU103044,39.3,38.56,59.92,37.0,76.42,42.38,46.91,MODERATE
STU103045,28.4,35.67,70.45,37.25,72.52,45.3,46.06,MODERATE
STU103046,16.72,20.32,39.95,28.75,35.28,15.68,25.82,LOW
STU103047,19.64,19.52,45.18,21.75,61.08,31.55,30.37,MODERATE
STU103048,9.98,13.36,53.25,16.75,33.72,16.73,23.54,LOW
STU103049,8.09,21.81,74.55,41.0,49.0,20.59,35.09,MODERATE
STU103050,20.09,19.24,54.9,35.0,69.0,7.87,32.74,MODERATE
STU103051,22.91,10.99,22.95,27.0,55.82,0.34,21.59,LOW
STU103052,47.21,35.58,39.39,39.75,71.45,31.35,42.46,MODERATE
STU103053,14.94,41.21,74.0,40.25,51.1,54.41,44.68,MODERATE
STU103054,14.38,31.85,52.02,37.5,68.97,41.06,37.87,MODERATE
STU103055,35.02,49.65,37.61,58.25,36.33,43.33,43.64,MODERATE
STU103056,7.82,19.22,37.81,37.75,46.8,28.11,27.08,LOW
STU103057,5.19,17.1,51.59,34.75,42.47,17.09,26.8,LOW
STU103058,31.13,36.59,56.22,41.25,62.1,34.97,42.51,MODERATE
STU103059,26.7,29.11,57.2,37.5,77.45,36.33,41.06,MODERATE
STU103060,14.28,32.48,59.65,47.0,57.3,29.38,38.62,MODERATE
STU103061,37.7,45.52,61.44,48.25,94.28,48.44,52.72,MODERATE
STU103062,0.39,8.86,58.36,11.75,20.8,6.37,18.44,LOW
STU103063,33.73,36.96,46.31,50.0,84.95,21.84,43.43,MODERATE
STU103064,36.91,47.52,45.98,61.5,91.68,51.77,52.03,MODERATE
STU103065,14.83,25.73,56.8,32.5,37.12,25.17,31.86,MODERATE
STU103066,15.1,31.12,51.32,37.0,59.73,28.87,35.47,MODERATE
STU103067,18.61,31.1,58.9,30.0,71.62,32.05,38.14,MODERATE
STU103068,21.65,3.64,50.49,2.25,20.3,7.28,18.43,LOW
STU103069,26.98,31.67,38.75,42.75,89.42,28.87,39.3,MODERATE
STU103070,34.24,29.27,70.38,49.75,54.18,27.32,43.85,MODERATE
STU103071,0.0,8.38,60.26,18.75,38.57,6.35,21.45,LOW
STU103072,10.89,18.34,45.62,11.75,64.32,3.36,24.42,LOW
STU103073,0.0,16.14,43.32,30.25,40.22,13.16,22.57,LOW
STU103074,40.22,34.33,36.39,44.5,64.82,28.87,39.95,MODERATE
STU103075,3.25,18.86,69.4,17.5,72.15,36.44,32.73,MODERATE
STU103076,19.48,24.78,46.01,25.5,51.25,12.23,29.47,LOW
STU103077,24.8,28.5,35.74,38.5,55.92,19.76,32.58,MODERATE
STU103078,21.78,31.37,69.77,51.25,68.28,41.85,44.85,MODERATE
STU103079,22.55,25.38,56.88,36.25,63.2,28.87,36.88,MODERATE
STU103080,0.0,8.74,59.9,11.25,28.45,3.23,19.02,LOW
STU103081,30.98,36.57,76.65,39.5,71.8,38.04,47.58,MODERATE
STU103082,37.16,40.18,59.89,60.25,74.1,30.17,48.92,MODERATE
STU103083,21.65,31.0,46.34,30.0,62.4,30.95,35.18,MODERATE
STU103084,28.83,30.11,45.44,45.25,66.8,31.38,38.99,MODERATE
STU103085,15.53,34.72,62.28,29.5,70.28,30.9,38.78,MODERATE
STU103086,12.87,17.2,52.08,32.0,60.9,7.7,28.95,LOW
STU103087,13.21,31.62,60.88,45.75,69.62,37.61,40.31,MODERATE
STU103088,19.68,25.9,46.0,48.25,62.85,26.45,35.78,MODERATE
STU103089,18.05,28.94,27.92,37.0,69.08,12.42,30.13,MODERATE
STU103090,6.18,18.02,42.71,25.0,55.12,21.37,25.68,LOW
STU103091,56.61,50.14,42.78,58.25,71.1,38.93,52.15,MODERATE
STU103092,8.36,18.35,66.95,26.25,49.02,17.98,30.29,MODERATE
STU103093,37.53,46.5,54.19,38.0,73.18,46.81,47.67,MODERATE
STU103094,38.11,33.37,56.46,43.0,72.0,25.22,43.43,MODERATE
STU103095,21.65,19.08,38.71,30.75,41.05,11.84,26.74,LOW
STU103096,21.65,32.66,28.9,11.25,42.9,34.83,27.74,LOW
STU103097,18.04,19.41,51.64,31.5,61.08,18.94,31.52,MODERATE
STU103098,17.6,26.67,60.69,41.75,51.28,24.75,36.19,MODERATE
STU103099,21.13,27.61,65.85,37.0,40.7,35.16,37.43,MODERATE
STU103100,6.93,11.35,62.26,12.0,54.08,2.78,24.16,LOW
STU103101,0.83,24.76,49.11,26.0,39.63,23.72,26.41,LOW
STU103102,21.35,35.38,62.59,32.25,79.72,35.61,42.0,MODERATE
STU103103,29.26,27.48,36.76,15.75,51.75,25.48,30.16,MODERATE
STU103104,33.22,43.28,41.95,34.5,74.82,37.77,42.29,MODERATE
STU103105,0.0,5.4,52.86,11.25,51.22,13.1,20.04,LOW
STU103106,61.24,38.8,57.49,56.75,65.2,45.46,53.02,MODERATE
STU103107,10.98,38.17,47.59,32.25,58.95,38.37,35.83,MODERATE
STU103108,26.23,32.91,43.16,46.75,78.38,34.91,40.45,MODERATE
STU103109,35.11,32.7,66.69,37.0,63.25,30.86,43.5,MODERATE
STU103110,35.13,36.19,26.14,39.5,58.03,42.06,37.24,MODERATE
STU103111,25.17,56.23,36.85,23.75,96.18,47.01,44.34,MODERATE
STU103112,0.67,13.89,60.94,9.75,84.02,26.38,28.3,LOW
STU103113,41.65,42.62,40.02,62.0,81.1,42.87,48.69,MODERATE
STU103114,21.04,19.81,53.38,29.75,57.35,23.97,32.43,MODERATE
STU103115,13.17,21.1,86.8,46.25,36.05,37.38,39.55,MODERATE
STU103116,24.06,38.54,64.94,61.0,72.85,44.63,48.33,MODERATE
STU103117,11.09,25.23,62.13,29.75,50.65,24.54,32.93,MODERATE
STU103118,28.4,30.36,59.71,50.0,67.2,34.42,42.87,MODERATE
STU103119,36.19,37.76,54.64,37.0,98.35,41.52,47.14,MODERATE
STU103120,34.92,36.58,42.04,41.0,78.48,26.27,41.16,MODERATE
STU103121,6.4,22.12,49.29,31.75,69.25,20.23,30.38,MODERATE
STU103122,4.12,30.2,72.54,32.75,70.62,39.88,38.84,MODERATE
STU103123,6.29,24.5,44.29,21.5,72.6,32.47,29.97,LOW
STU103124,16.28,36.46,44.66,27.5,83.2,30.14,36.76,MODERATE
STU103125,9.78,33.32,60.62,48.0,67.97,37.18,40.12,MODERATE
STU103126,17.8,31.36,65.5,50.75,72.28,41.51,43.49,MODERATE
STU103127,47.68,49.93,61.55,62.0,85.15,39.08,56.05,MODERATE
STU103128,9.0,29.96,55.39,33.0,81.25,32.42,36.68,MODERATE
STU103129,26.74,32.32,43.95,35.5,57.8,31.95,36.52,MODERATE
STU103130,2.27,28.53,64.72,32.75,67.5,36.15,35.81,MODERATE
STU103131,8.57,1.62,45.94,0.0,33.45,0.0,14.65,LOW
STU103132,26.95,42.95,75.72,62.25,74.45,49.78,53.03,MODERATE
STU103133,18.38,31.83,57.15,49.75,70.47,37.76,41.35,MODERATE
STU103134,16.73,31.6,47.11,48.0,72.88,29.27,38.08,MODERATE
STU103135,35.48,26.98,47.79,41.75,58.53,20.82,37.6,MODERATE
STU103136,52.4,47.73,59.88,63.75,97.42,56.24,59.32,LOW
STU103137,11.91,26.07,55.24,36.25,37.02,30.56,32.14,MODERATE
STU103138,13.94,30.25,38.2,29.75,57.4,19.42,30.14,MODERATE
STU103139,48.86,57.22,44.69,62.75,93.3,28.72,54.63,MODERATE
STU103140,22.81,30.33,50.9,36.25,80.25,35.7,39.36,MODERATE
STU103141,43.45,39.46,78.65,50.25,82.0,43.5,54.37,MODERATE
STU103142,13.25,28.64,45.2,45.0,66.07,11.38,33.34,MODERATE
STU103143,41.08,44.87,66.95,57.25,83.55,46.3,54.4,MODERATE
STU103144,10.7,32.64,65.26,34.5,57.38,27.85,37.05,MODERATE
STU103145,0.0,11.43,44.7,11.75,58.0,9.46,20.31,LOW
STU103146,28.06,29.17,47.02,51.0,68.7,22.81,39.11,MODERATE
STU103147,46.89,43.37,69.39,62.0,98.32,48.92,58.12,MODERATE
STU103148,16.35,24.09,40.05,41.5,43.2,17.29,29.58,LOW
STU103149,26.4,29.51,66.44,43.0,89.05,43.74,45.67,MODERATE
STU103150,27.79,44.84,41.31,65.0,92.07,42.33,48.22,MODERATE
STU103151,23.09,23.65,39.35,36.25,80.92,15.82,33.51,MODERATE
STU103152,11.0,21.56,61.42,24.0,45.22,40.63,32.06,MODERATE
STU103153,32.99,37.04,62.62,41.75,57.7,47.64,45.18,MODERATE
STU103154,23.12,41.36,57.78,68.5,82.65,39.22,48.98,MODERATE
STU103155,51.44,44.13,73.69,59.0,85.45,48.89,58.34,MODERATE
STU103156,24.03,40.28,48.36,35.75,85.38,41.66,42.61,MODERATE
STU103157,9.49,24.14,59.73,43.75,60.22,27.55,35.22,MODERATE
STU103158,35.54,35.56,41.16,44.0,79.9,30.49,41.87,MODERATE
STU103159,29.44,40.63,56.1,64.25,72.0,43.99,48.5,MODERATE
STU103160,23.08,26.12,19.46,38.25,47.7,23.93,27.94,LOW
STU103161,32.55,20.03,57.8,29.25,59.2,35.06,36.89,MODERATE
STU103162,25.89,28.1,47.7,26.75,49.25,16.59,32.34,MODERATE
STU103163,16.77,21.54,67.29,32.5,52.3,34.75,35.78,MODERATE
STU103164,0.0,29.57,52.18,22.25,68.92,36.92,31.75,MODERATE
STU103165,37.53,39.92,59.06,48.5,55.28,32.95,45.4,MODERATE
STU103166,28.22,32.82,51.72,55.25,64.12,16.3,40.52,MODERATE
STU103167,38.67,35.27,23.88,33.75,80.73,36.97,38.16,MODERATE
STU103168,43.8,41.02,56.55,74.0,99.28,25.28,53.88,MODERATE
STU103169,18.84,42.56,72.74,41.5,59.78,44.63,45.62,MODERATE
STU103170,0.0,15.94,58.53,31.75,32.9,12.19,24.96,LOW
STU103171,14.47,16.75,75.15,39.25,50.95,27.11,35.8,MODERATE
STU103172,8.55,20.62,31.48,22.5,73.7,8.9,24.8,LOW
STU103173,25.87,33.72,39.22,38.25,72.4,28.6,37.29,MODERATE
STU103174,7.36,16.97,72.35,4.25,38.5,23.45,27.02,LOW
STU103175,31.53,40.14,78.28,59.75,71.15,28.62,50.94,MODERATE
STU103176,21.65,32.16,71.71,63.25,64.42,42.79,46.92,MODERATE
STU103177,18.62,20.5,57.99,27.75,71.05,29.46,34.66,MODERATE
STU103178,15.0,24.99,51.15,11.75,51.2,31.45,29.5,LOW
STU103179,36.68,33.72,57.38,38.5,54.72,26.76,41.17,MODERATE
STU103180,19.54,25.09,53.74,25.75,84.15,24.94,35.7,MODERATE
STU103181,18.8,33.49,65.82,37.75,69.15,36.92,41.57,MODERATE
STU103182,27.75,33.64,73.16,52.25,65.6,37.5,46.74,MODERATE
STU103183,30.98,37.56,79.28,24.5,93.12,59.62,50.39,MODERATE
STU103184,29.9,13.44,57.69,29.5,63.92,0.15,31.71,MODERATE
STU103185,28.84,30.2,66.9,31.75,52.4,27.47,39.45,MODERATE
STU103186,0.62,8.08,36.25,10.0,46.28,4.79,16.0,LOW
STU103187,20.44,31.68,35.65,52.25,71.4,18.49,35.96,MODERATE
STU103188,23.66,30.22,63.2,49.0,64.35,41.8,42.89,MODERATE
STU103189,8.51,13.98,49.29,21.75,55.53,25.93,26.46,LOW
STU103190,14.23,15.5,44.91,16.5,61.05,4.72,24.76,LOW
STU103191,18.53,26.24,68.27,47.0,54.47,34.85,39.9,MODERATE
STU103192,21.65,55.53,49.45,57.5,74.05,48.6,48.99,MODERATE
STU103193,31.01,38.06,51.79,49.5,69.7,44.17,44.89,MODERATE
STU103194,45.76,55.51,70.47,64.5,61.3,66.87,59.62,LOW
STU103195,29.98,31.84,45.99,41.5,56.7,30.79,38.13,MODERATE
STU103196,26.67,30.89,57.34,39.0,62.4,34.76,40.09,MODERATE
STU103197,0.0,13.09,52.91,30.5,37.62,2.95,22.49,LOW
STU103198,38.12,36.59,68.64,44.75,82.93,49.19,50.42,MODERATE
STU103199,44.85,50.8,63.92,48.0,74.88,46.57,53.8,MODERATE
STU103200,34.03,32.92,48.3,31.5,66.68,21.96,38.28,MODERATE
STU103201,15.81,24.31,41.4,31.0,64.38,15.73,30.18,MODERATE
STU103202,68.24,51.46,75.14,79.5,100.0,66.29,70.1,HIGH
STU103203,35.27,53.91,79.71,65.0,95.48,64.7,62.24,HIGH
STU103204,33.81,21.39,46.0,37.75,40.58,11.65,32.2,MODERATE
STU103205,0.0,14.38,23.91,26.25,19.4,0.91,14.35,LOW
STU103206,7.04,11.62,57.05,12.25,38.28,15.93,22.98,LOW
STU103207,23.27,31.54,61.27,50.5,73.98,36.34,43.4,MODERATE
STU103208,29.94,33.88,44.24,35.75,91.9,31.52,41.01,MODERATE
STU103209,33.39,38.46,44.7,43.25,87.48,45.59,45.03,MODERATE
STU103210,12.93,20.69,70.14,43.75,63.12,28.04,37.47,MODERATE
STU103211,0.0,13.41,61.73,17.75,45.08,14.6,24.33,LOW
STU103212,0.0,18.46,62.93,35.0,50.77,29.08,30.44,MODERATE
STU103213,16.53,26.41,48.24,54.25,60.25,8.33,34.55,MODERATE
STU103214,23.76,37.0,60.5,53.25,65.4,52.82,45.91,MODERATE
STU103215,26.83,34.93,56.79,13.0,71.47,48.16,39.37,MODERATE
STU103216,0.24,13.35,43.69,13.5,23.83,6.71,17.2,LOW
STU103217,29.53,30.0,53.29,30.25,64.18,36.89,38.71,MODERATE
STU103218,35.9,44.54,51.31,54.75,78.62,43.8,49.03,MODERATE
STU103219,25.4,31.43,45.94,40.25,73.4,32.91,38.79,MODERATE
STU103220,20.39,26.58,64.98,33.25,59.85,35.38,38.23,MODERATE
STU103221,41.52,45.73,46.64,65.75,84.15,48.67,52.21,MODERATE
STU103222,13.13,28.1,61.8,30.5,40.67,22.97,32.95,MODERATE
STU103223,22.39,22.75,36.1,21.0,46.75,13.78,26.59,LOW
STU103224,12.26,7.26,53.1,8.25,23.92,17.01,20.22,LOW
STU103225,30.08,50.27,36.81,43.25,89.1,38.55,45.2,MODERATE
STU103226,2.47,31.23,39.65,26.75,36.6,25.65,26.47,LOW
STU103227,21.65,18.12,63.01,10.5,63.95,22.69,31.7,MODERATE
STU103228,9.28,24.69,59.92,32.75,61.88,31.73,34.29,MODERATE
STU103229,47.12,31.88,65.22,31.5,74.08,42.27,46.8,MODERATE
STU103230,39.75,40.28,69.88,45.75,92.88,51.31,53.28,MODERATE
STU103231,20.18,24.08,62.36,39.75,72.58,38.5,39.6,MODERATE
STU103232,34.8,30.54,52.44,46.75,72.68,36.72,43.04,MODERATE
STU103233,40.95,35.5,67.49,51.5,66.15,55.39,50.44,MODERATE
STU103234,5.24,18.35,54.35,37.0,45.1,24.49,29.01,LOW
STU103235,31.65,36.61,54.87,43.25,56.47,37.8,42.37,MODERATE
STU103236,47.5,53.26,58.88,37.0,67.4,45.27,51.41,MODERATE
STU103237,27.94,43.05,71.32,29.0,62.48,44.08,45.62,MODERATE
STU103238,26.51,22.83,61.73,30.5,61.7,24.83,36.58,MODERATE
STU103239,19.64,34.8,57.3,32.5,52.77,22.37,36.48,MODERATE
STU103240,18.1,30.08,46.39,43.5,68.68,28.36,36.65,MODERATE
STU103241,8.73,9.18,51.42,25.5,40.88,12.36,23.47,LOW
STU103242,39.39,44.85,42.78,70.75,48.45,38.66,46.97,MODERATE
STU103243,28.72,42.29,72.38,28.75,71.4,36.99,45.94,MODERATE
STU103244,0.0,18.06,50.72,30.5,35.55,19.45,24.73,LOW
STU103245,46.36,51.19,45.7,73.75,94.02,48.03,56.48,MODERATE
STU103246,38.05,28.18,54.95,25.75,68.42,39.92,40.34,MODERATE
STU103247,16.8,20.25,60.76,18.75,38.05,37.11,30.9,MODERATE
STU103248,0.0,17.28,57.98,21.25,60.18,23.53,27.47,LOW
STU103249,19.56,26.45,43.08,26.25,54.68,27.85,31.33,MODERATE
STU103250,14.48,22.39,27.39,20.5,69.18,21.19,26.08,LOW
STU103251,19.09,35.9,64.3,49.75,58.8,38.85,42.88,MODERATE
STU103252,0.47,13.22,80.91,33.75,29.55,21.03,29.7,LOW
STU103253,53.59,46.86,49.31,46.0,90.1,41.27,52.33,MODERATE
STU103254,24.13,40.5,57.1,48.0,100.0,33.02,46.87,MODERATE
STU103255,16.15,29.94,57.81,22.5,50.55,27.08,33.42,MODERATE
STU103256,24.96,47.36,41.84,54.5,70.45,42.85,44.7,MODERATE
STU103257,17.09,16.35,49.96,41.25,31.35,30.78,29.9,LOW
STU103258,9.52,28.26,48.6,28.75,38.52,18.43,28.7,LOW
STU103259,1.3,14.13,64.21,23.5,27.9,24.17,25.37,LOW
STU103260,28.65,15.82,34.58,52.75,62.6,19.29,32.7,MODERATE
STU103261,26.83,34.07,58.5,37.0,75.05,40.81,42.72,MODERATE
STU103262,24.94,17.35,48.65,21.25,48.58,12.9,28.39,LOW
STU103263,17.45,41.42,36.86,49.0,70.55,35.39,39.16,MODERATE
STU103264,13.94,14.6,56.32,21.25,57.65,14.89,28.14,LOW
STU103265,21.64,29.55,47.59,33.25,78.57,20.82,36.16,MODERATE
STU103266,22.6,16.22,59.12,32.5,32.4,15.58,30.07,MODERATE
STU103267,40.65,35.0,0.0,58.5,88.78,28.87,37.42,MODERATE
STU103268,45.37,64.52,60.98,53.75,90.95,61.04,60.66,HIGH
STU103269,45.45,48.43,46.31,64.75,95.75,38.41,53.59,MODERATE
STU103270,0.0,17.38,71.0,9.0,19.22,23.69,24.19,LOW
STU103271,21.65,46.84,67.05,62.25,66.72,51.94,50.65,MODERATE
STU103272,13.98,23.32,43.06,35.25,50.75,22.87,29.89,LOW
STU103273,21.65,39.01,39.54,35.0,69.5,25.01,36.69,MODERATE
STU103274,6.37,31.6,53.92,51.0,62.55,28.87,36.75,MODERATE
STU103275,13.07,40.6,69.92,40.25,61.95,37.09,42.69,MODERATE
STU103276,0.0,11.13,63.15,0.0,30.88,7.08,19.21,LOW
STU103277,5.97,30.45,54.31,21.25,49.02,27.62,30.52,MODERATE
STU103278,14.98,28.97,60.49,39.25,58.92,21.49,36.26,MODERATE
STU103279,9.23,18.1,42.22,26.25,57.65,15.22,26.04,LOW
STU103280,50.74,43.47,46.99,47.0,72.32,44.93,49.19,MODERATE
STU103281,18.93,18.13,28.9,12.75,37.1,8.42,20.56,LOW
STU103282,0.0,13.85,69.1,35.0,40.58,34.92,30.08,MODERATE
STU103283,2.04,17.51,50.48,35.75,32.75,28.24,26.34,LOW
STU103284,22.24,26.66,52.6,37.0,47.1,25.19,34.41,MODERATE
STU103285,39.87,27.19,36.8,57.75,60.3,8.26,37.65,MODERATE
STU103286,27.36,44.09,57.29,56.25,73.2,54.25,49.14,MODERATE
STU103287,33.91,36.0,73.68,48.25,70.32,38.9,48.68,MODERATE
STU103288,27.42,42.9,68.49,37.0,83.42,60.08,49.81,MODERATE
STU103289,26.49,30.42,48.71,44.75,47.0,27.1,36.77,MODERATE
STU103290,28.66,29.12,83.04,37.25,49.38,37.65,43.91,MODERATE
STU103291,9.74,31.65,57.21,27.25,43.0,24.55,32.15,MODERATE
STU103292,0.72,27.28,58.74,37.25,48.22,11.53,30.27,MODERATE
STU103293,39.98,42.74,43.5,36.25,81.4,32.65,44.22,MODERATE
STU103294,43.07,42.52,64.0,48.25,83.3,43.94,52.01,MODERATE
STU103295,16.56,33.69,50.24,49.25,67.92,25.35,38.5,MODERATE
STU103296,41.38,44.36,51.76,33.0,83.25,36.88,46.68,MODERATE
STU103297,42.07,44.3,59.75,53.0,72.28,47.87,51.4,MODERATE
STU103298,0.0,22.13,38.6,14.75,72.03,12.72,23.94,LOW
STU103299,23.71,45.17,50.05,61.0,92.22,40.67,48.48,MODERATE
STU103300,4.51,1.17,47.08,6.75,31.3,0.0,14.75,LOW
STU103301,21.49,22.83,52.32,38.0,26.9,14.34,30.29,MODERATE
STU103302,9.27,13.39,43.69,28.75,47.65,12.71,24.29,LOW
STU103303,15.36,23.92,72.3,28.0,48.95,36.51,36.26,MODERATE
STU103304,28.73,29.78,57.35,34.25,63.67,21.45,38.31,MODERATE
STU103305,0.0,10.18,24.56,7.25,16.08,0.0,10.15,LOW
STU103306,33.5,49.42,52.89,62.0,88.9,35.39,51.36,MODERATE
STU103307,20.94,25.59,60.4,39.75,39.42,20.2,34.59,MODERATE
STU103308,33.37,34.93,47.72,47.5,84.55,33.35,43.87,MODERATE
STU103309,30.25,42.75,39.6,59.75,76.18,37.02,44.94,MODERATE
STU103310,33.97,38.08,71.25,37.25,73.12,51.39,48.6,MODERATE
STU103311,8.15,13.61,34.66,27.25,41.45,0.0,20.2,LOW
STU103312,10.77,16.91,52.95,34.75,52.47,23.3,29.76,LOW
STU103313,15.79,5.67,35.83,23.5,62.4,0.0,21.51,LOW
STU103314,0.0,6.23,42.56,16.0,33.52,6.51,16.47,LOW
STU103315,0.0,0.59,48.52,11.75,17.87,0.0,13.4,LOW
STU103316,0.05,7.46,38.36,16.5,39.07,2.94,16.22,LOW
STU103317,6.11,2.06,53.89,13.0,24.33,6.56,17.55,LOW
STU103318,27.58,24.92,65.95,19.0,71.3,33.05,38.22,MODERATE
STU103319,11.6,35.29,67.65,32.5,92.75,36.82,42.5,MODERATE
STU103320,7.38,32.58,54.79,30.0,81.45,27.17,35.94,MODERATE
STU103321,25.34,32.9,45.46,47.25,65.25,36.88,39.69,MODERATE
STU103322,27.65,29.59,41.66,29.25,73.62,34.18,36.43,MODERATE
STU103323,27.25,19.59,37.81,13.75,52.68,8.25,26.06,LOW
STU103324,20.07,32.9,52.52,35.75,75.9,19.13,37.61,MODERATE
STU103325,30.53,43.01,37.1,66.25,92.0,28.87,46.3,MODERATE
STU103326,40.12,18.94,50.18,37.0,65.15,13.9,36.25,MODERATE
STU103327,49.7,39.31,73.82,45.25,60.8,37.96,51.2,MODERATE
STU103328,27.98,31.18,50.29,50.0,68.4,38.4,41.63,MODERATE
STU103329,21.58,27.12,47.16,17.0,45.08,26.99,30.28,MODERATE
STU103330,30.28,32.94,76.15,46.25,66.8,39.57,47.1,MODERATE
STU103331,8.94,22.78,43.35,24.0,62.4,20.82,28.08,LOW
STU103332,25.98,30.01,45.29,44.75,78.05,18.75,38.15,MODERATE
STU103333,7.86,16.34,32.9,21.0,43.65,14.11,21.16,LOW
STU103334,26.74,27.26,55.31,22.75,56.38,23.54,34.63,MODERATE
STU103335,21.65,30.17,70.99,37.5,71.15,32.01,42.01,MODERATE
STU103336,25.5,24.26,66.56,37.5,70.08,30.38,40.15,MODERATE
STU103337,43.56,46.69,57.98,63.0,89.48,41.34,54.51,MODERATE
STU103338,32.88,21.24,43.39,22.75,59.23,18.75,31.77,MODERATE
STU103339,13.21,23.57,40.86,28.25,50.37,17.24,27.7,LOW
STU103340,3.69,19.47,57.8,26.75,61.35,13.39,28.65,LOW
STU103341,40.83,49.37,70.39,74.75,79.7,59.1,59.68,LOW
STU103342,43.06,50.1,60.99,57.5,82.32,53.63,55.56,MODERATE
STU103343,18.4,39.12,54.22,47.75,71.92,39.91,42.65,MODERATE
STU103344,0.0,16.78,61.12,36.25,50.37,10.89,27.98,LOW
STU103345,5.47,28.76,58.2,26.0,50.8,23.23,31.23,MODERATE
STU103346,13.24,34.79,49.76,51.75,57.58,30.76,37.89,MODERATE
STU103347,21.65,47.04,37.7,39.0,89.9,47.03,43.17,MODERATE
STU103348,39.47,37.16,58.49,33.75,80.62,35.22,45.53,MODERATE
STU103349,35.19,36.44,35.45,53.25,67.95,20.77,40.1,MODERATE
STU103350,6.19,15.71,34.67,13.75,63.1,19.15,22.39,LOW
STU103351,0.0,22.39,59.9,10.75,63.28,35.34,29.05,LOW
STU103352,42.99,54.94,37.99,55.5,86.35,35.56,50.45,MODERATE
STU103353,10.92,18.11,39.57,37.0,47.32,10.58,25.97,LOW
STU103354,20.53,14.04,57.92,48.25,63.75,12.21,34.03,MODERATE
STU103355,37.33,39.79,69.38,49.0,80.42,44.06,51.09,MODERATE
STU103356,24.3,37.47,52.74,47.0,88.88,32.38,43.95,MODERATE
STU103357,14.86,22.1,42.66,29.75,49.68,18.61,28.32,LOW
STU103358,3.78,35.11,65.69,40.5,42.05,25.73,35.52,MODERATE
STU103359,38.73,45.17,60.95,65.75,99.52,41.64,55.21,MODERATE
STU103360,23.86,32.19,53.27,40.75,54.97,32.83,38.37,MODERATE
STU103361,19.12,27.95,43.64,41.0,55.55,19.27,33.17,MODERATE
STU103362,4.57,15.44,50.9,22.75,37.47,17.66,23.88,LOW
STU103363,37.0,46.04,48.46,52.25,75.6,37.89,47.79,MODERATE
STU103364,27.43,37.11,54.31,44.5,74.48,44.34,44.18,MODERATE
STU103365,43.8,35.29,37.39,39.25,76.05,28.87,41.44,MODERATE
STU103366,20.19,28.0,75.99,43.25,71.8,39.04,43.81,MODERATE
STU103367,21.89,21.83,81.44,26.75,47.3,42.06,39.07,MODERATE
STU103368,24.03,21.09,65.94,31.25,74.42,31.53,38.55,MODERATE
STU103369,38.56,42.2,45.31,38.5,79.6,36.77,44.74,MODERATE
STU103370,8.28,21.95,63.22,30.5,57.35,22.7,32.37,MODERATE
STU103371,21.37,32.76,55.54,46.25,74.22,28.99,40.83,MODERATE
STU103372,27.99,27.44,64.29,43.5,56.35,34.61,40.94,MODERATE
STU103373,0.0,14.1,50.06,10.75,41.52,25.12,21.81,LOW
STU103374,50.77,41.92,47.99,54.75,75.3,40.27,50.0,MODERATE
STU103375,27.72,31.71,38.74,33.5,41.88,31.92,33.62,MODERATE
STU103376,35.45,39.84,73.28,39.5,83.52,43.31,50.31,MODERATE
STU103377,7.95,28.28,61.3,42.0,85.6,37.27,39.51,MODERATE
STU103378,0.0,17.62,58.6,19.0,48.55,21.49,25.98,LOW
STU103379,18.29,26.02,38.17,30.25,62.97,21.2,30.75,MODERATE
STU103380,30.69,34.75,75.98,35.0,59.23,41.12,45.31,MODERATE
STU103381,0.0,13.72,61.86,24.75,67.5,32.02,29.47,LOW
STU103382,20.76,21.56,57.51,37.0,53.48,24.34,34.38,MODERATE
STU103383,8.58,24.1,37.09,37.0,55.48,27.9,29.05,LOW
STU103384,14.4,18.53,50.79,33.75,41.72,14.97,28.4,LOW
STU103385,40.58,56.82,70.58,80.75,100.0,61.29,64.68,HIGH
STU103386,27.8,26.56,82.04,39.25,52.8,39.22,43.7,MODERATE
STU103387,27.61,36.43,69.11,57.5,97.55,38.82,50.71,MODERATE
STU103388,32.64,46.92,58.14,44.0,74.72,37.87,47.74,MODERATE
STU103389,0.0,18.66,40.69,18.5,62.4,14.26,23.24,LOW
STU103390,13.54,34.59,68.85,40.75,74.22,42.48,42.91,MODERATE
STU103391,15.33,14.46,23.72,16.25,0.1,0.0,13.87,LOW
STU103392,39.42,41.44,78.04,54.5,95.48,48.92,56.47,MODERATE
STU103393,42.16,37.18,43.62,53.25,83.42,27.34,45.51,MODERATE
STU103394,9.29,33.16,43.12,21.25,65.35,36.72,32.17,MODERATE
STU103395,20.57,35.63,59.86,45.75,71.45,24.7,41.47,MODERATE
STU103396,22.08,24.38,50.68,37.0,59.78,21.43,34.32,MODERATE
STU103397,27.52,34.0,37.88,50.25,73.38,32.99,39.75,MODERATE
STU103398,22.08,35.79,48.02,33.0,44.92,45.31,36.94,MODERATE
STU103399,35.84,37.74,51.14,46.25,52.62,31.67,42.2,MODERATE
STU103400,17.18,39.95,61.21,43.25,71.65,43.91,43.71,MODERATE
STU103401,20.84,21.63,45.78,39.5,42.68,26.6,31.58,MODERATE
STU103402,0.0,8.19,46.49,28.0,44.28,5.43,20.52,LOW
STU103403,34.97,33.16,64.09,44.25,80.9,33.15,46.14,MODERATE
STU103404,31.26,29.9,58.54,29.25,77.38,35.01,41.06,MODERATE
STU103405,34.28,27.62,56.59,49.75,86.02,22.19,43.36,MODERATE
STU103406,6.75,6.39,56.72,38.5,28.7,12.76,24.21,LOW
STU103407,2.71,15.07,54.06,25.75,63.1,6.5,25.94,LOW
STU103408,38.02,52.64,70.08,71.0,74.88,51.32,58.05,MODERATE
STU103409,49.15,52.96,61.11,54.75,89.88,39.86,56.48,MODERATE
STU103410,35.81,44.19,51.39,51.5,80.0,39.02,48.11,MODERATE
STU103411,12.16,27.9,56.61,37.0,65.33,23.56,35.17,MODERATE
STU103412,31.71,29.83,75.95,27.5,41.1,36.82,40.91,MODERATE
STU103413,15.64,21.54,37.58,25.75,54.65,21.54,27.51,LOW
STU103414,28.95,38.21,52.09,50.5,71.43,28.13,43.29,MODERATE
STU103415,6.6,17.48,51.14,29.75,30.88,13.57,24.83,LOW
STU103416,6.26,19.5,48.29,43.5,43.6,36.64,30.33,MODERATE
STU103417,26.42,29.69,48.82,13.75,73.7,19.18,33.82,MODERATE
STU103418,0.46,18.89,43.41,30.75,45.25,14.46,24.08,LOW
STU103419,24.19,40.27,49.09,48.0,100.0,41.86,46.11,MODERATE
STU103420,18.19,27.11,45.29,43.25,64.2,16.27,34.01,MODERATE
STU103421,21.02,24.54,57.1,45.25,56.5,28.31,37.03,MODERATE
STU103422,5.52,24.44,48.65,29.75,47.87,16.62,27.86,LOW
STU103423,51.45,50.68,50.56,61.75,100.0,39.89,56.32,MODERATE
STU103424,12.96,38.63,60.1,33.75,75.65,34.12,40.31,MODERATE
STU103425,23.22,18.57,71.41,25.25,53.4,24.95,35.19,MODERATE
STU103426,0.0,25.4,50.21,36.75,39.7,28.87,28.76,LOW
STU103427,13.5,20.61,47.22,35.25,43.55,39.0,30.84,MODERATE
STU103428,7.57,31.18,42.1,38.5,58.05,27.98,32.11,MODERATE
STU103429,35.21,34.1,43.55,58.25,51.28,42.16,42.36,MODERATE
STU103430,15.61,26.8,45.55,31.5,50.75,35.64,32.3,MODERATE
STU103431,33.05,42.19,43.92,40.0,63.28,37.56,42.03,MODERATE
STU103432,31.77,23.01,37.88,45.75,50.32,6.33,32.21,MODERATE
STU103433,2.82,17.95,71.39,38.5,51.78,31.27,33.41,MODERATE
STU103434,32.36,33.86,55.02,38.25,74.85,25.11,41.67,MODERATE
STU103435,23.54,28.57,69.23,38.5,59.0,42.34,41.61,MODERATE
STU103436,17.28,18.72,59.64,27.25,34.18,16.52,29.22,LOW
STU103437,4.34,20.82,48.85,31.75,28.15,15.39,24.96,LOW
STU103438,0.0,19.89,56.51,20.0,59.23,26.45,27.84,LOW
STU103439,0.0,6.33,52.8,13.25,62.4,10.97,21.47,LOW
STU103440,19.86,20.46,73.73,33.0,56.55,30.36,37.47,MODERATE
STU103441,16.74,39.43,48.04,59.75,69.18,29.16,41.61,MODERATE
STU103442,22.22,29.17,57.75,31.5,33.58,21.16,33.49,MODERATE
STU103443,22.41,24.43,31.75,30.75,62.4,17.18,29.51,LOW
STU103444,20.23,25.87,46.15,31.5,56.72,24.28,32.57,MODERATE
STU103445,9.36,11.33,60.75,2.0,48.1,27.66,24.73,LOW
STU103446,42.94,53.47,54.54,57.25,87.3,56.34,55.82,MODERATE
STU103447,10.54,22.01,44.46,20.0,35.9,25.85,25.68,LOW
STU103448,0.0,12.58,56.15,10.0,43.32,17.92,22.0,LOW
STU103449,36.06,24.94,59.63,12.0,35.85,28.67,33.63,MODERATE
STU103450,13.07,24.04,52.05,28.0,62.95,27.27,32.26,MODERATE
STU103451,33.62,29.44,65.27,60.0,59.9,32.98,45.43,MODERATE
STU103452,27.28,30.88,58.22,33.75,62.07,45.93,40.68,MODERATE
STU103453,18.79,14.52,43.92,36.5,36.48,14.58,26.75,LOW
STU103454,6.85,20.25,38.46,46.5,63.05,20.05,29.41,LOW
STU103455,9.31,17.53,47.08,13.75,44.52,25.04,24.68,LOW
STU103456,15.8,28.4,57.82,16.75,22.82,27.45,29.36,LOW
STU103457,21.65,19.81,42.95,34.25,67.05,24.79,32.19,MODERATE
STU103458,6.3,24.81,45.28,35.5,61.95,24.35,30.47,MODERATE
STU103459,19.93,40.86,45.9,49.0,51.82,35.25,39.44,MODERATE
STU103460,12.24,21.3,60.54,34.75,51.7,22.01,32.46,MODERATE
STU103461,12.48,12.91,43.76,15.5,33.2,7.67,20.89,LOW
STU103462,27.94,37.28,60.84,44.0,67.05,28.75,43.26,MODERATE
STU103463,0.0,16.54,42.2,22.25,19.32,18.95,19.74,LOW
STU103464,36.55,41.63,69.23,61.25,96.43,53.18,55.71,MODERATE
STU103465,29.23,30.34,42.34,30.75,47.47,17.02,32.96,MODERATE
STU103466,36.91,29.78,46.88,35.0,90.57,30.33,41.54,MODERATE
STU103467,4.72,16.11,33.01,21.25,61.4,3.51,21.25,LOW
STU103468,14.58,15.05,60.38,17.25,51.48,17.01,28.19,LOW
STU103469,23.47,29.96,50.71,33.25,65.58,27.07,36.58,MODERATE
STU103470,7.24,14.78,49.88,22.75,53.88,28.87,26.81,LOW
STU103471,5.79,15.09,64.86,1.75,47.4,28.87,25.79,LOW
STU103472,30.74,30.96,22.54,49.5,74.6,15.43,34.82,MODERATE
STU103473,12.3,31.02,36.97,28.25,71.92,14.02,30.44,MODERATE
STU103474,23.86,21.42,46.04,29.25,63.15,21.39,32.18,MODERATE
STU103475,30.73,37.36,45.62,57.75,72.2,30.99,43.59,MODERATE
STU103476,14.86,30.81,40.26,16.5,68.8,23.21,30.4,MODERATE
STU103477,0.0,6.57,54.79,0.0,63.67,6.07,19.57,LOW
STU103478,18.15,37.92,43.94,45.5,70.47,30.15,38.78,MODERATE
STU103479,20.84,23.22,76.6,23.0,40.33,27.26,35.5,MODERATE
STU103480,22.04,28.97,76.82,35.0,58.13,37.58,41.84,MODERATE
STU103481,27.66,35.02,58.3,42.25,80.73,26.95,43.05,MODERATE
STU103482,0.0,34.9,63.44,44.75,49.85,36.3,36.74,MODERATE
STU103483,0.0,11.48,61.6,26.75,53.38,18.77,26.42,LOW
STU103484,9.8,23.76,62.46,14.5,58.2,27.26,31.11,MODERATE
STU103485,8.26,24.05,42.3,29.0,52.12,8.13,26.5,LOW
STU103486,2.16,9.66,42.62,17.0,25.0,13.11,17.73,LOW
STU103487,17.08,40.31,46.59,48.25,59.63,39.76,39.99,MODERATE
STU103488,49.53,46.99,41.45,49.0,75.22,51.0,49.92,MODERATE
STU103489,0.0,11.26,68.64,28.5,24.35,12.39,24.49,LOW
STU103490,16.94,26.9,52.55,42.5,74.92,29.6,37.45,MODERATE
STU103491,3.13,20.3,50.66,36.75,29.35,30.12,27.29,LOW
STU103492,40.39,35.49,53.26,35.75,100.0,35.9,46.56,MODERATE
STU103493,25.99,32.13,59.11,47.0,38.83,39.81,39.97,MODERATE
STU103494,43.31,43.81,63.76,61.5,89.48,50.12,55.55,MODERATE
STU103495,17.06,29.48,31.06,54.5,56.8,16.01,32.45,MODERATE
STU103496,25.48,44.36,45.66,53.5,54.12,46.0,43.36,MODERATE
STU103497,40.13,45.81,24.49,52.5,68.65,39.27,43.04,MODERATE
STU103498,10.32,36.57,50.32,32.75,62.4,28.44,35.27,MODERATE
STU103499,21.65,45.55,44.21,37.0,86.08,36.05,42.32,MODERATE
STU103500,21.65,35.52,49.62,55.5,98.4,27.32,44.03,MODERATE
STU103501,14.27,16.35,53.99,25.0,67.4,15.28,29.76,LOW
STU103502,10.38,28.71,58.89,37.0,53.9,35.04,35.48,MODERATE
STU103503,31.77,46.25,38.38,29.75,81.08,48.63,43.03,MODERATE
STU103504,0.31,31.38,48.55,35.75,58.2,27.55,31.55,MODERATE
STU103505,42.25,34.11,52.79,44.75,60.2,16.12,41.88,MODERATE
STU103506,25.7,21.48,46.59,21.25,37.28,17.22,28.47,LOW
STU103507,21.65,31.17,50.2,44.25,75.75,30.87,39.46,MODERATE
STU103508,21.47,30.04,52.26,40.0,61.85,28.87,37.33,MODERATE
STU103509,26.52,12.63,58.71,43.0,83.42,17.88,36.78,MODERATE
STU103510,0.0,4.19,50.37,3.0,43.95,8.52,16.82,LOW
STU103511,34.25,39.54,45.82,46.0,85.05,36.27,44.93,MODERATE
STU103512,10.63,29.66,28.38,36.0,59.78,28.67,29.46,LOW
STU103513,19.27,24.26,47.45,37.75,58.95,27.69,33.74,MODERATE
STU103514,24.08,37.56,48.72,33.25,71.3,41.01,40.17,MODERATE
STU103515,30.18,44.97,57.89,52.25,86.6,42.1,49.56,MODERATE
STU103516,33.73,34.68,53.92,59.0,57.6,32.54,44.06,MODERATE
STU103517,8.97,25.51,33.69,31.75,44.3,8.61,24.96,LOW
STU103518,23.96,29.32,64.21,55.5,80.6,38.23,45.17,MODERATE
STU103519,20.64,25.97,59.0,33.75,54.7,29.18,35.87,MODERATE
STU103520,0.8,23.99,45.2,26.25,59.63,30.41,28.14,LOW
STU103521,23.89,38.08,49.05,47.5,69.45,37.87,41.96,MODERATE
STU103522,18.95,30.57,71.54,46.0,69.98,43.81,44.02,MODERATE
STU103523,34.86,48.97,33.89,59.25,68.65,40.12,45.76,MODERATE
STU103524,28.31,21.07,26.04,26.5,62.4,9.51,27.3,LOW
STU103525,19.57,24.88,44.66,25.5,67.73,17.48,31.41,MODERATE
STU103526,21.27,22.71,68.59,20.25,55.4,24.55,34.68,MODERATE
STU103527,35.89,47.66,40.11,65.5,38.8,31.75,44.0,MODERATE
STU103528,15.37,33.69,60.78,41.5,81.15,44.38,42.43,MODERATE
STU103529,37.4,49.02,45.75,51.25,90.68,38.27,49.47,MODERATE
STU103530,45.0,24.98,49.25,47.0,74.57,9.01,40.5,MODERATE
STU103531,21.65,20.81,34.92,33.5,54.75,10.21,28.04,LOW
STU103532,21.2,32.68,44.39,52.75,80.47,28.87,40.13,MODERATE
STU103533,42.7,47.33,30.52,41.5,84.35,46.14,45.75,MODERATE
STU103534,23.89,44.49,49.46,56.5,66.75,33.43,44.29,MODERATE
STU103535,50.99,48.85,37.79,57.25,100.0,46.22,53.18,MODERATE
STU103536,34.5,40.15,33.3,55.0,88.2,28.87,43.55,MODERATE
STU103537,10.49,25.1,43.25,30.5,62.48,23.65,30.21,MODERATE
STU103538,33.04,52.28,57.78,58.5,98.82,58.96,55.79,MODERATE
STU103539,23.49,20.98,47.35,26.75,45.38,19.3,29.89,LOW
STU103540,15.45,26.23,47.28,36.75,71.68,19.18,33.7,MODERATE
STU103541,16.33,30.87,58.32,49.5,87.6,28.31,41.66,MODERATE
STU103542,37.45,29.19,74.02,34.25,48.1,30.13,42.55,MODERATE
STU103543,32.84,38.4,46.75,60.5,60.92,35.41,44.23,MODERATE
STU103544,26.36,10.57,54.71,22.75,46.92,17.0,28.66,LOW
STU103545,37.26,42.02,62.26,52.25,84.72,39.17,50.64,MODERATE
STU103546,32.86,31.94,55.82,47.75,71.78,22.85,42.35,MODERATE
STU103547,28.6,35.76,47.85,39.25,78.28,26.84,40.63,MODERATE
STU103548,10.71,19.06,51.52,32.5,52.77,13.02,28.67,LOW
STU103549,8.23,28.04,45.92,33.75,45.38,20.46,29.49,LOW
STU103550,51.35,58.26,55.51,60.0,100.0,69.52,61.89,HIGH
STU103551,13.56,29.39,45.74,42.75,58.72,46.49,36.14,MODERATE
STU103552,51.56,43.42,70.1,55.0,95.08,51.59,58.1,MODERATE
STU103553,17.64,34.17,68.05,33.5,59.3,40.09,40.64,MODERATE
STU103554,49.66,27.8,56.65,28.75,59.52,28.87,41.36,MODERATE
STU103555,14.01,39.07,65.71,22.75,90.75,43.16,42.52,MODERATE
STU103556,5.21,27.54,59.14,36.75,77.25,34.36,36.43,MODERATE
STU103557,7.36,27.52,53.44,36.0,55.85,40.09,34.03,MODERATE
STU103558,21.65,38.85,57.75,37.0,61.98,49.24,42.26,MODERATE
STU103559,46.15,41.98,42.59,39.5,60.08,41.58,44.33,MODERATE
STU103560,16.2,30.24,64.11,44.75,53.5,34.74,39.16,MODERATE
STU103561,39.44,46.58,40.15,52.5,87.55,35.65,47.76,MODERATE
STU103562,25.77,35.43,59.02,19.75,51.35,36.84,37.6,MODERATE
STU103563,15.13,16.18,55.68,19.75,51.3,29.98,29.3,LOW
STU103564,36.92,45.74,52.51,48.25,89.35,47.18,50.21,MODERATE
STU103565,23.3,26.31,44.47,28.0,85.38,28.48,35.72,MODERATE
STU103566,34.62,43.58,56.97,23.0,75.7,56.64,45.9,MODERATE
STU103567,0.0,8.95,47.79,10.25,43.2,0.0,17.65,LOW
STU103568,38.97,36.43,60.92,33.25,51.35,30.88,42.3,MODERATE
STU103569,30.92,30.07,46.9,50.5,52.92,21.42,38.09,MODERATE
STU103570,26.68,47.78,59.56,50.25,77.18,35.35,47.98,MODERATE
STU103571,14.04,32.99,53.32,41.25,56.53,32.79,36.84,MODERATE
STU103572,12.61,22.96,69.44,50.5,66.0,26.93,39.02,MODERATE
STU103573,24.95,35.97,77.11,62.5,100.0,42.66,53.05,MODERATE
STU103574,2.35,13.0,55.02,21.5,57.2,11.53,24.82,LOW
STU103575,23.9,37.7,46.35,30.25,49.08,33.41,36.26,MODERATE
STU103576,9.06,21.71,64.05,36.0,44.25,17.31,31.61,MODERATE
STU103577,17.24,27.47,47.82,28.0,72.32,22.11,33.52,MODERATE
STU103578,30.12,25.56,57.98,44.25,49.6,24.68,38.08,MODERATE
STU103579,35.64,34.04,42.94,38.0,71.58,30.8,40.16,MODERATE
STU103580,16.03,13.18,46.25,37.0,54.9,10.65,27.86,LOW
STU103581,34.89,31.09,46.89,35.0,51.5,34.22,37.95,MODERATE
STU103582,30.3,38.83,51.32,29.5,70.02,48.73,42.33,MODERATE
STU103583,31.7,35.27,54.96,36.5,56.55,42.69,41.55,MODERATE
STU103584,16.09,28.24,58.03,37.75,62.4,41.45,37.93,MODERATE
STU103585,22.65,25.24,48.94,29.5,66.05,23.71,34.03,MODERATE
STU103586,24.3,20.25,56.14,38.5,42.75,28.87,34.09,MODERATE
STU103587,28.89,40.2,52.35,36.25,66.6,43.01,42.7,MODERATE
STU103588,21.99,38.01,43.1,45.25,63.38,21.03,37.75,MODERATE
STU103589,26.05,27.23,50.56,36.25,56.15,23.71,35.55,MODERATE
STU103590,22.41,18.51,39.83,36.0,55.38,14.61,29.47,LOW
STU103591,33.95,49.6,45.41,55.75,100.0,47.47,51.38,MODERATE
STU103592,44.38,41.3,72.81,53.25,80.92,52.48,55.09,MODERATE
STU103593,51.72,34.77,49.58,56.0,80.15,23.99,47.77,MODERATE
STU103594,17.87,34.51,53.14,23.0,55.68,28.87,34.73,MODERATE
STU103595,37.72,37.61,55.82,60.0,76.82,43.65,49.16,MODERATE
STU103596,15.54,32.26,55.7,43.75,76.85,26.23,39.18,MODERATE
STU103597,21.65,34.2,70.36,62.25,97.1,39.63,49.96,MODERATE
STU103598,27.64,31.31,58.25,36.75,59.15,22.13,38.65,MODERATE
STU103599,29.2,39.29,54.06,58.0,71.32,38.33,46.14,MODERATE
STU103600,26.28,25.82,75.41,27.75,38.8,25.13,37.35,MODERATE
STU103601,13.55,22.76,58.36,43.0,68.8,21.69,35.57,MODERATE
STU103602,23.12,31.77,41.38,24.25,58.72,18.78,32.23,MODERATE
STU103603,17.41,37.23,59.63,40.75,75.68,39.19,42.32,MODERATE
STU103604,51.63,67.26,58.01,61.75,92.48,49.49,62.2,HIGH
STU103605,26.08,42.3,54.95,36.0,33.05,44.29,39.92,MODERATE
STU103606,34.01,41.05,36.31,58.0,62.62,32.44,42.53,MODERATE
STU103607,15.73,27.21,61.98,39.75,68.23,26.02,37.73,MODERATE
STU103608,16.57,21.07,43.42,28.25,56.35,17.01,28.84,LOW
STU103609,16.01,20.87,42.49,48.75,62.15,16.63,32.11,MODERATE
STU103610,0.0,19.26,68.82,36.25,42.0,21.95,30.41,MODERATE
STU103611,31.11,39.24,37.7,51.75,90.08,33.31,43.67,MODERATE
STU103612,26.1,34.62,50.88,55.0,67.6,33.13,42.37,MODERATE
STU103613,0.0,21.46,44.09,27.5,73.4,24.24,28.07,LOW
STU103614,16.89,24.7,79.8,30.75,80.92,36.37,41.85,MODERATE
STU103615,44.44,33.28,57.59,34.0,41.18,28.87,40.83,MODERATE
STU103616,5.17,15.38,51.34,0.0,39.3,13.95,20.47,LOW
STU103617,24.7,24.0,46.49,30.5,36.0,26.9,31.1,MODERATE
STU103618,16.91,33.67,60.92,38.5,75.47,33.22,40.63,MODERATE
STU103619,21.65,36.43,53.09,46.25,99.05,31.67,44.07,MODERATE
STU103620,0.0,18.03,54.76,18.0,55.72,19.7,25.7,LOW
STU103621,14.62,25.05,63.85,31.5,25.8,33.64,32.63,MODERATE
STU103622,16.85,29.38,42.89,29.25,79.77,27.43,34.4,MODERATE
STU103623,23.67,16.43,50.52,21.0,30.15,15.7,26.68,LOW
STU103624,7.4,21.34,65.31,22.0,44.98,15.79,29.25,LOW
STU103625,4.47,26.52,46.98,17.5,52.75,28.82,27.7,LOW
STU103626,22.97,23.41,56.41,26.25,58.6,29.98,34.52,MODERATE
STU103627,19.12,22.78,65.75,37.25,67.0,33.19,38.28,MODERATE
STU103628,12.51,24.37,53.95,34.5,47.13,20.27,31.3,MODERATE
STU103629,30.0,41.76,46.34,47.5,56.97,31.62,41.69,MODERATE
STU103630,0.0,10.81,41.79,24.25,32.9,14.78,19.47,LOW
STU103631,30.98,44.85,57.35,58.25,71.75,46.43,49.43,MODERATE
STU103632,15.04,30.39,40.08,43.5,63.18,36.7,35.13,MODERATE
STU103633,31.5,41.05,61.91,51.25,55.4,43.06,46.48,MODERATE
STU103634,17.06,28.65,49.7,35.75,61.0,23.74,34.35,MODERATE
STU103635,28.53,42.97,50.9,60.0,45.65,40.77,44.27,MODERATE
STU103636,23.21,21.31,58.03,41.5,72.52,18.29,36.88,MODERATE
STU103637,9.98,25.85,52.19,17.25,57.92,34.85,30.76,MODERATE
STU103638,39.42,39.43,65.21,44.0,63.45,45.93,48.32,MODERATE
STU103639,21.65,38.42,30.32,34.0,61.18,30.72,34.29,MODERATE
STU103640,14.53,15.54,27.88,26.0,35.12,13.39,21.12,LOW
STU103641,31.89,47.07,63.41,51.5,94.4,44.71,52.46,MODERATE
STU103642,22.39,45.74,44.47,48.25,80.38,35.3,43.61,MODERATE
STU103643,19.16,20.66,44.56,33.75,60.53,18.34,30.86,MODERATE
STU103644,22.3,27.38,63.8,40.75,62.4,17.56,38.17,MODERATE
STU103645,24.03,25.55,51.1,37.0,62.6,26.88,35.91,MODERATE
STU103646,1.13,21.13,58.29,37.75,53.78,21.45,30.35,MODERATE
STU103647,20.19,42.95,41.88,59.0,62.4,33.34,41.58,MODERATE
STU103648,32.06,28.01,53.61,45.75,83.6,28.87,42.25,MODERATE
STU103649,54.44,42.9,69.49,53.0,99.0,48.46,58.21,MODERATE
STU103650,16.96,37.06,58.06,44.5,74.88,24.43,40.88,MODERATE
STU103651,5.56,22.19,65.22,34.75,15.5,19.95,28.46,LOW
STU103652,42.02,53.31,46.19,51.75,81.65,53.59,52.26,MODERATE
STU103653,28.62,34.94,57.04,34.25,91.0,37.28,43.83,MODERATE
STU103654,41.3,51.19,51.62,45.5,77.42,44.18,50.37,MODERATE
STU103655,10.22,6.26,47.39,10.0,43.15,6.14,19.52,LOW
STU103656,32.22,34.88,61.9,39.75,66.88,39.06,44.1,MODERATE
STU103657,22.01,26.76,53.52,39.25,56.4,20.8,35.4,MODERATE
STU103658,34.34,42.94,56.53,57.0,84.3,48.6,50.75,MODERATE
STU103659,12.08,39.64,46.06,48.75,64.92,23.17,37.66,MODERATE
STU103660,8.37,15.32,54.28,20.75,30.93,19.18,24.48,LOW
STU103661,20.12,34.61,64.96,37.0,51.95,33.75,39.79,MODERATE
STU103662,16.2,35.41,61.85,43.0,61.68,30.67,40.15,MODERATE
STU103663,48.55,49.64,63.75,52.5,85.45,44.17,55.71,MODERATE
STU103664,14.58,35.39,40.84,47.75,74.5,33.14,37.86,MODERATE
STU103665,18.55,24.4,62.39,41.25,75.88,34.62,39.53,MODERATE
STU103666,35.73,34.42,41.5,43.0,69.0,26.24,40.03,MODERATE
STU103667,21.89,23.34,47.87,25.5,36.72,20.09,29.29,LOW
STU103668,6.36,24.0,71.32,28.5,43.88,39.66,34.16,MODERATE
STU103669,30.59,36.8,41.27,47.25,63.35,32.56,40.25,MODERATE
STU103670,14.04,18.04,57.88,27.0,62.7,17.08,30.92,MODERATE
STU103671,36.69,42.2,45.15,55.0,71.6,48.37,47.17,MODERATE
STU103672,11.71,23.44,45.53,29.75,61.33,23.8,30.28,MODERATE
STU103673,2.14,5.47,46.81,23.25,35.1,0.0,18.16,LOW
STU103674,31.78,37.96,35.44,51.0,66.62,38.64,41.11,MODERATE
STU103675,14.91,17.52,70.39,18.25,59.68,19.74,32.12,MODERATE
STU103676,27.53,14.86,61.41,17.0,43.85,26.68,31.11,MODERATE
STU103677,36.97,43.63,59.7,54.0,68.28,46.63,49.83,MODERATE
STU103678,40.54,36.33,67.09,50.75,56.03,47.17,48.54,MODERATE
STU103679,37.38,39.32,54.87,51.5,91.88,52.24,50.42,MODERATE
STU103680,15.56,34.59,70.72,21.75,70.45,53.33,41.54,MODERATE
STU103681,39.79,33.37,35.86,41.25,77.07,14.13,38.78,MODERATE
STU103682,22.02,40.43,60.74,38.25,76.42,37.63,43.8,MODERATE
STU103683,16.0,17.2,62.16,45.5,54.72,17.95,34.02,MODERATE
STU103684,50.35,38.2,64.01,71.5,100.0,38.43,56.99,MODERATE
STU103685,41.52,36.4,77.88,50.0,81.7,37.76,52.43,MODERATE
STU103686,11.4,19.64,41.84,33.5,52.02,22.97,28.08,LOW
STU103687,11.91,20.13,54.21,29.5,67.25,20.15,31.42,MODERATE
STU103688,48.5,39.08,19.14,49.75,84.4,21.64,41.36,MODERATE
STU103689,6.08,17.06,68.8,25.25,53.85,22.65,30.68,MODERATE
STU103690,15.57,18.53,87.65,37.25,41.1,28.64,37.84,MODERATE
STU103691,19.48,34.73,59.25,47.75,83.68,39.49,43.91,MODERATE
STU103692,21.65,47.16,56.74,51.0,68.88,47.93,46.8,MODERATE
STU103693,15.17,20.36,64.64,32.25,40.33,21.83,32.11,MODERATE
STU103694,11.55,15.55,47.98,18.75,45.92,22.4,25.44,LOW
STU103695,36.86,44.82,58.01,37.0,54.82,43.39,45.55,MODERATE
STU103696,23.14,28.58,55.72,43.5,56.22,30.12,38.08,MODERATE
STU103697,18.11,17.37,50.32,22.25,42.25,9.09,26.5,LOW
STU103698,18.1,31.16,45.74,37.0,52.22,35.86,34.92,MODERATE
STU103699,39.4,43.98,63.4,58.75,100.0,41.69,54.54,MODERATE
STU103700,0.0,24.46,62.02,25.75,60.28,22.18,30.63,MODERATE
STU103701,26.32,38.81,55.01,68.75,69.45,32.75,46.5,MODERATE
STU103702,27.84,45.45,62.76,58.5,91.52,63.53,53.76,MODERATE
STU103703,56.89,47.76,71.4,51.25,92.82,63.12,60.88,HIGH
STU103704,23.38,14.45,68.92,30.25,37.12,30.8,33.4,MODERATE
STU103705,34.39,34.35,44.18,56.75,71.15,25.51,42.48,MODERATE
STU103706,3.71,28.87,75.06,37.0,57.25,32.51,37.5,MODERATE
STU103707,0.0,22.18,70.18,30.5,53.02,33.52,32.81,MODERATE
STU103708,25.56,21.51,58.32,40.25,62.25,28.59,37.28,MODERATE
STU103709,23.13,35.19,35.49,17.75,47.4,7.48,28.67,LOW
STU103710,13.08,36.28,57.66,30.25,30.65,31.09,33.93,MODERATE
STU103711,21.92,27.04,63.99,43.75,56.78,33.66,39.55,MODERATE
STU103712,32.5,37.66,53.3,59.5,57.88,28.17,44.1,MODERATE
STU103713,0.0,36.95,55.97,44.5,80.7,35.6,38.74,MODERATE
STU103714,1.54,36.1,56.15,47.0,72.6,29.99,37.87,MODERATE
STU103715,13.08,33.78,45.7,20.25,74.25,34.56,34.12,MODERATE
STU103716,1.9,19.16,36.35,28.5,67.55,21.97,25.67,LOW
STU103717,23.53,24.03,74.71,18.75,49.65,42.29,37.66,MODERATE
STU103718,9.27,32.6,50.7,31.0,62.4,22.96,33.33,MODERATE
STU103719,39.33,42.87,62.93,37.75,62.13,48.74,47.92,MODERATE
STU103720,34.76,50.44,39.49,85.75,100.0,38.21,54.14,MODERATE
STU103721,20.37,34.33,49.65,57.75,78.08,27.49,41.81,MODERATE
STU103722,33.3,38.15,52.26,45.25,82.7,35.97,45.3,MODERATE
STU103723,36.71,33.7,45.38,33.5,70.53,18.82,38.8,MODERATE
STU103724,22.96,21.4,33.48,45.25,51.52,2.73,28.85,LOW
STU103725,24.21,23.5,34.83,52.25,66.22,28.39,34.98,MODERATE
STU103726,0.0,16.0,40.12,12.75,37.12,9.75,18.62,LOW
STU103727,12.97,22.11,50.56,27.25,38.32,17.55,27.91,LOW
STU103728,0.0,12.62,63.01,12.25,37.35,4.04,21.73,LOW
STU103729,21.65,20.12,53.64,29.0,58.95,43.15,34.65,MODERATE
STU103730,15.73,20.74,38.09,40.25,47.28,20.63,28.78,LOW
STU103731,22.51,34.88,59.44,45.25,66.9,40.93,42.68,MODERATE
STU103732,31.19,43.48,50.7,53.0,97.88,36.59,48.64,MODERATE
STU103733,28.15,31.05,41.06,48.0,74.78,29.8,39.26,MODERATE
STU103734,14.61,34.56,42.39,54.5,57.42,29.07,36.86,MODERATE
STU103735,25.61,32.36,52.9,40.25,46.88,41.73,38.69,MODERATE
STU103736,38.61,40.66,64.04,42.5,84.12,44.47,49.93,MODERATE
STU103737,18.13,18.68,56.06,39.25,46.68,8.32,30.9,MODERATE
STU103738,36.86,49.32,78.28,51.75,75.35,61.26,56.78,MODERATE
STU103739,46.22,34.23,44.71,61.0,71.0,17.51,44.74,MODERATE
STU103740,36.15,37.67,66.97,55.75,87.07,23.91,49.5,MODERATE
STU103741,35.19,35.99,40.92,36.0,52.22,33.09,38.15,MODERATE
STU103742,30.1,45.66,51.82,45.25,59.85,33.35,43.91,MODERATE
STU103743,13.5,36.23,67.04,31.0,47.87,32.25,37.83,MODERATE
STU103744,14.39,26.77,46.14,20.75,35.65,24.39,27.92,LOW
STU103745,7.54,23.71,45.28,31.75,51.5,27.25,29.13,LOW
STU103746,28.69,40.36,54.35,21.0,65.1,41.9,40.55,MODERATE
STU103747,45.82,40.29,46.56,40.25,87.3,36.27,46.94,MODERATE
STU103748,12.85,33.27,66.54,50.5,98.92,42.84,45.95,MODERATE
STU103749,33.51,18.2,55.18,28.25,49.47,22.1,33.68,MODERATE
STU103750,11.25,14.14,52.3,43.75,51.17,23.68,30.29,MODERATE
STU103751,23.91,32.96,48.46,32.75,45.18,28.87,35.03,MODERATE
STU103752,0.0,14.57,42.99,7.75,33.7,6.88,17.46,LOW
STU103753,0.0,15.65,72.94,37.0,49.85,18.15,30.85,MODERATE
STU103754,7.35,30.79,31.48,44.5,40.5,21.91,28.38,LOW
STU103755,3.87,17.23,65.8,16.0,35.35,28.87,27.06,LOW
STU103756,31.21,26.78,55.35,35.5,82.45,21.95,39.77,MODERATE
STU103757,21.65,16.67,51.42,7.5,61.5,10.38,27.09,LOW
STU103758,4.64,27.93,62.82,37.25,79.1,34.86,37.46,MODERATE
STU103759,52.4,49.34,44.18,39.0,82.6,44.26,50.19,MODERATE
STU103760,36.95,44.18,38.22,52.25,83.58,39.63,46.24,MODERATE
STU103761,26.83,39.12,49.18,63.0,91.32,24.07,45.97,MODERATE
STU103762,34.96,49.07,43.81,62.5,97.28,55.69,52.69,MODERATE
STU103763,16.33,15.85,44.8,33.5,53.08,13.71,27.89,LOW
STU103764,0.81,8.6,52.02,8.0,24.28,18.82,18.23,LOW
STU103765,39.14,31.8,55.12,55.25,86.92,12.49,45.03,MODERATE
STU103766,28.19,16.98,63.31,25.5,63.05,15.42,34.22,MODERATE
STU103767,0.0,11.89,49.7,13.25,34.42,18.48,20.19,LOW
STU103768,12.51,31.17,42.8,22.0,66.8,13.87,30.22,MODERATE
STU103769,19.45,24.76,51.51,31.75,55.6,13.31,32.04,MODERATE
STU103770,23.45,33.27,59.65,28.25,72.4,27.92,39.21,MODERATE
STU103771,21.2,24.89,47.32,37.0,34.75,25.27,31.48,MODERATE
STU103772,0.0,25.67,55.78,23.0,46.78,30.42,28.74,LOW
STU103773,30.73,33.35,55.41,51.25,40.25,33.5,40.63,MODERATE
STU103774,20.62,26.98,40.94,33.25,49.62,36.3,32.64,MODERATE
STU103775,21.33,23.66,48.78,34.75,56.05,19.31,32.69,MODERATE
STU103776,41.12,38.87,54.12,53.25,95.8,34.79,49.81,MODERATE
STU103777,11.24,25.64,47.91,40.0,34.45,29.74,30.66,MODERATE
STU103778,41.57,41.41,35.72,57.0,79.08,31.25,45.39,MODERATE
STU103779,10.24,24.05,46.68,32.0,65.12,25.62,31.27,MODERATE
STU103780,22.65,29.62,62.42,31.75,77.55,27.03,39.64,MODERATE
STU103781,36.84,40.72,28.18,45.5,77.85,36.67,41.46,MODERATE
STU103782,25.84,39.03,25.22,47.0,52.77,35.97,35.89,MODERATE
STU103783,0.0,15.66,54.76,10.0,42.02,23.94,22.96,LOW
STU103784,22.92,37.96,59.52,37.0,75.45,33.38,42.41,MODERATE
STU103785,34.92,45.32,77.38,43.5,62.4,54.25,51.98,MODERATE
STU103786,26.48,26.94,70.36,17.5,36.72,36.89,36.09,MODERATE
STU103787,44.61,40.51,51.79,49.75,97.05,43.23,50.9,MODERATE
STU103788,43.97,54.35,51.5,36.5,99.43,49.82,53.08,MODERATE
STU103789,20.63,37.06,43.11,37.75,67.27,36.33,38.04,MODERATE
STU103790,37.38,32.54,62.91,40.25,69.22,38.06,44.96,MODERATE
STU103791,13.59,26.83,51.19,41.75,59.48,25.12,34.39,MODERATE
STU103792,21.65,39.94,30.4,41.0,79.03,31.34,37.58,MODERATE
STU103793,32.82,22.73,53.71,22.5,54.15,24.0,34.18,MODERATE
STU103794,6.54,15.53,52.98,44.0,49.92,20.58,29.44,LOW
STU103795,43.39,51.04,34.35,71.0,87.32,48.23,52.51,MODERATE
STU103796,7.84,36.47,26.12,16.5,43.95,28.87,25.67,LOW
STU103797,34.44,31.46,40.59,48.25,59.65,16.38,37.71,MODERATE
STU103798,5.62,11.02,45.95,16.25,23.95,3.39,18.24,LOW
STU103799,27.4,22.05,51.04,29.5,68.23,27.96,35.24,MODERATE
STU103800,13.41,23.49,46.62,28.5,46.3,30.08,29.79,LOW
STU103801,33.31,44.32,49.64,61.5,43.8,28.55,44.13,MODERATE
STU103802,40.11,39.06,52.75,40.25,97.3,43.73,48.48,MODERATE
STU103803,18.28,32.62,62.71,37.75,69.58,39.01,40.87,MODERATE
STU103804,28.4,32.64,55.95,32.25,80.85,36.06,41.56,MODERATE
STU103805,0.0,10.12,49.94,18.75,38.83,4.43,19.66,LOW
STU103806,23.15,27.19,51.09,38.75,46.82,17.29,33.87,MODERATE
STU103807,57.08,43.74,52.05,49.5,74.15,25.02,50.1,MODERATE
STU103808,46.43,45.21,59.95,56.5,77.62,39.95,52.81,MODERATE
STU103809,0.0,13.19,71.32,11.75,41.2,20.43,25.49,LOW
STU103810,26.88,31.77,55.48,43.0,68.62,32.22,40.95,MODERATE
STU103811,22.73,32.69,58.99,43.5,62.4,37.04,40.99,MODERATE
STU103812,9.2,24.94,38.57,13.0,38.88,24.19,24.05,LOW
STU103813,21.65,42.31,60.95,46.75,54.3,42.03,43.74,MODERATE
STU103814,64.08,53.78,51.68,67.5,90.4,35.19,59.28,LOW
STU103815,21.6,41.86,42.79,44.5,72.58,45.33,41.81,MODERATE
STU103816,9.01,28.52,38.21,29.0,33.43,24.26,26.69,LOW
STU103817,24.94,38.69,39.2,41.75,90.7,26.29,40.46,MODERATE
STU103818,37.42,40.56,34.16,49.0,87.05,25.89,43.1,MODERATE
STU103819,12.77,15.26,69.21,36.0,56.53,15.99,32.86,MODERATE
STU103820,33.52,26.9,55.42,33.25,63.02,30.02,38.8,MODERATE
STU103821,12.69,24.5,62.11,25.75,49.12,33.75,33.23,MODERATE
STU103822,14.99,27.96,62.51,26.75,43.95,32.64,34.16,MODERATE
STU103823,35.44,42.11,51.69,73.25,88.48,42.43,52.03,MODERATE
STU103824,14.51,27.56,68.46,34.75,49.6,28.56,36.51,MODERATE
STU103825,21.65,21.99,47.3,36.75,60.1,20.36,32.85,MODERATE
STU103826,0.0,15.91,48.38,12.0,61.4,12.09,22.8,LOW
STU103827,13.28,26.77,60.38,32.0,50.8,27.49,34.05,MODERATE
STU103828,11.51,25.35,36.35,20.75,57.53,20.32,26.81,LOW
STU103829,45.03,43.23,41.23,69.75,69.92,37.36,49.25,MODERATE
STU103830,13.78,29.52,73.64,34.25,36.12,45.31,38.14,MODERATE
STU103831,32.65,37.66,56.25,49.5,84.45,37.26,46.79,MODERATE
STU103832,7.29,7.79,58.6,0.0,65.9,3.09,22.02,LOW
STU103833,0.0,23.77,31.64,13.0,62.62,13.63,21.85,LOW
STU103834,47.19,45.34,53.85,39.75,87.2,44.62,50.69,MODERATE
STU103835,24.79,27.07,53.04,20.25,60.6,23.94,33.83,MODERATE
STU103836,23.92,36.38,37.82,32.0,62.03,31.25,35.57,MODERATE
STU103837,8.2,13.83,36.35,27.0,64.72,11.88,24.08,LOW
STU103838,39.58,47.94,50.86,60.25,65.3,41.75,49.82,MODERATE
STU103839,48.61,48.03,58.94,62.25,87.35,34.42,55.03,MODERATE
STU103840,27.25,34.15,62.71,61.25,39.95,29.46,42.66,MODERATE
STU103841,52.57,52.86,48.09,69.0,100.0,50.94,58.79,MODERATE
STU103842,17.51,29.76,33.2,33.5,62.4,30.29,31.88,MODERATE
STU103843,16.32,34.96,36.08,31.5,55.48,21.98,31.69,MODERATE
STU103844,0.0,18.41,47.62,35.5,48.85,23.93,26.73,LOW
STU103845,21.65,36.83,30.41,46.5,71.52,23.4,36.09,MODERATE
STU103846,19.91,26.61,52.86,49.0,68.82,25.26,37.96,MODERATE
STU103847,32.95,25.15,59.66,13.75,54.52,22.26,34.55,MODERATE
STU103848,37.86,38.29,47.29,37.0,68.3,32.8,42.26,MODERATE
STU103849,5.98,10.16,42.04,44.0,73.3,5.92,26.67,LOW
STU103850,20.94,17.28,32.35,36.0,39.68,5.63,24.91,LOW
STU103851,26.84,36.8,54.51,37.25,66.68,42.74,42.0,MODERATE
STU103852,22.1,28.89,31.78,34.25,61.75,21.29,31.44,MODERATE
STU103853,21.81,23.11,84.42,47.25,52.9,21.71,41.57,MODERATE
STU103854,1.43,22.06,42.48,33.75,46.25,21.6,26.14,LOW
STU103855,20.03,26.63,57.58,44.5,73.9,28.87,39.13,MODERATE
STU103856,29.64,32.46,30.38,38.5,68.75,16.28,34.4,MODERATE
STU103857,42.72,37.91,58.48,56.25,53.08,43.6,47.82,MODERATE
STU103858,29.71,45.16,42.19,49.75,95.05,34.98,46.14,MODERATE
STU103859,10.6,33.82,64.14,37.0,62.4,33.39,38.53,MODERATE
STU103860,46.05,36.7,52.46,40.5,93.58,38.03,48.11,MODERATE
STU103861,14.07,20.5,46.49,18.0,44.4,34.69,27.85,LOW
STU103862,0.0,32.66,50.26,38.75,54.82,32.05,32.72,MODERATE
STU103863,33.33,42.18,62.28,53.25,89.6,53.25,51.94,MODERATE
STU103864,0.0,24.23,46.02,38.5,70.15,2.61,28.31,LOW
STU103865,37.83,48.04,41.54,47.5,73.5,49.9,47.35,MODERATE
STU103866,46.43,40.43,68.64,55.25,83.0,37.53,53.46,MODERATE
STU103867,34.79,39.74,54.76,41.0,95.68,42.16,47.78,MODERATE
STU103868,32.84,32.74,60.82,34.25,72.08,51.1,44.37,MODERATE
STU103869,29.27,19.25,57.39,17.5,52.68,21.43,32.18,MODERATE
STU103870,21.98,21.56,71.44,35.0,45.13,28.87,36.72,MODERATE
STU103871,9.95,22.56,64.66,37.5,38.4,26.63,32.69,MODERATE
STU103872,39.51,36.55,33.45,63.75,82.9,22.57,43.84,MODERATE
STU103873,30.33,33.35,45.25,28.0,55.65,15.1,34.73,MODERATE
STU103874,0.0,11.39,48.79,12.5,41.78,21.81,20.84,LOW
STU103875,37.4,56.47,57.41,59.75,100.0,64.3,58.47,MODERATE
STU103876,29.49,37.0,68.03,39.25,51.28,40.6,43.83,MODERATE
STU103877,31.42,37.97,67.96,49.5,72.85,30.09,47.09,MODERATE
STU103878,37.44,39.45,60.32,36.25,63.08,49.3,46.09,MODERATE
STU103879,25.06,24.92,75.04,46.25,68.92,28.97,42.98,MODERATE
STU103880,15.27,16.34,61.64,20.75,49.68,21.93,29.74,LOW
STU103881,21.93,30.94,62.06,39.0,58.58,32.34,39.48,MODERATE
STU103882,37.4,44.62,47.2,61.75,85.7,46.84,50.59,MODERATE
STU103883,30.09,40.86,74.53,59.75,79.47,36.73,51.72,MODERATE
STU103884,32.51,29.76,50.12,39.5,61.55,28.32,38.88,MODERATE
STU103885,0.0,21.21,42.79,17.25,62.42,6.56,23.35,LOW
STU103886,0.0,4.8,49.81,11.0,40.28,7.99,17.64,LOW
STU103887,16.67,17.61,48.52,40.75,48.58,22.68,30.68,MODERATE
STU103888,48.23,42.1,31.44,47.75,65.45,33.9,43.56,MODERATE
STU103889,42.78,24.53,75.31,44.25,73.85,39.19,47.69,MODERATE
STU103890,3.79,16.14,45.78,21.75,67.58,12.54,25.22,LOW
STU103891,29.62,36.38,42.56,37.0,91.5,41.98,42.43,MODERATE
STU103892,10.25,19.44,40.0,42.75,71.9,19.97,30.51,MODERATE
STU103893,56.85,60.9,48.75,67.5,100.0,54.78,61.95,HIGH
STU103894,17.82,19.34,52.85,37.25,42.02,23.24,31.08,MODERATE
STU103895,29.77,27.13,40.17,53.5,91.35,16.06,39.54,MODERATE
STU103896,21.38,36.46,34.98,39.25,58.4,27.71,34.89,MODERATE
STU103897,3.69,17.9,35.29,12.0,43.82,20.29,20.48,LOW
STU103898,44.52,47.36,53.46,54.0,73.85,50.34,51.96,MODERATE
STU103899,26.19,23.96,63.09,38.5,43.82,14.83,35.49,MODERATE
STU103900,13.13,14.84,45.94,47.0,50.98,16.85,29.36,LOW
STU103901,33.99,33.09,52.29,41.25,45.78,31.9,39.48,MODERATE
STU103902,47.95,49.53,57.26,52.75,67.35,35.59,51.63,MODERATE
STU103903,7.03,11.18,50.15,32.25,25.43,22.47,23.86,LOW
STU103904,21.36,42.56,49.25,29.0,74.08,39.09,40.43,MODERATE
STU103905,16.3,40.87,32.61,49.25,62.4,35.74,37.2,MODERATE
STU103906,21.65,41.04,49.15,39.75,68.73,34.96,40.75,MODERATE
STU103907,26.3,40.83,59.98,45.75,66.0,48.74,45.8,MODERATE
STU103908,51.22,46.09,59.86,62.75,100.0,46.17,57.77,MODERATE
STU103909,17.34,26.3,61.91,31.5,59.25,22.24,35.3,MODERATE
STU103910,36.44,27.6,68.27,50.25,100.0,38.88,49.27,MODERATE
STU103911,16.42,25.33,15.86,36.5,33.12,22.38,23.81,LOW
STU103912,11.98,28.49,51.71,51.75,48.78,32.84,35.79,MODERATE
STU103913,0.0,14.07,64.47,37.0,48.35,9.85,27.78,LOW
STU103914,36.17,33.99,55.14,40.0,64.1,26.9,41.86,MODERATE
STU103915,25.22,42.43,37.16,37.75,71.43,24.5,38.34,MODERATE
STU103916,39.95,45.91,55.11,50.5,78.5,46.94,50.61,MODERATE
STU103917,21.65,12.36,66.85,0.5,28.72,28.87,26.62,LOW
STU103918,2.36,20.36,22.61,34.25,40.75,16.29,20.93,LOW
STU103919,17.46,39.14,50.68,58.25,88.72,37.43,44.77,MODERATE
STU103920,13.08,8.05,70.14,9.75,38.72,28.87,26.88,LOW
STU103921,2.51,10.03,56.49,19.5,19.82,8.34,20.05,LOW
STU103922,50.83,48.48,56.06,58.5,87.18,52.67,56.26,MODERATE
STU103923,20.63,48.71,42.36,40.5,70.78,46.63,42.59,MODERATE
STU103924,12.04,28.38,65.48,36.5,76.92,35.53,39.32,MODERATE
STU103925,27.02,40.81,79.22,45.25,51.6,55.2,48.92,MODERATE
STU103926,21.65,21.56,53.75,47.75,60.38,13.3,35.0,MODERATE
STU103927,9.1,27.61,58.62,20.0,67.55,33.23,33.52,MODERATE
STU103928,42.9,36.36,32.55,54.75,69.47,32.65,42.6,MODERATE
STU103929,18.37,23.46,66.26,24.25,71.52,35.36,37.12,MODERATE
STU103930,8.72,13.12,41.11,14.5,36.43,7.28,19.79,LOW
STU103931,33.18,26.66,37.44,26.5,43.62,14.36,30.56,MODERATE
STU103932,29.38,36.91,73.84,39.5,38.3,45.3,44.16,MODERATE
STU103933,11.85,39.76,63.12,39.75,69.73,36.6,41.53,MODERATE
STU103934,12.72,23.35,27.45,17.5,49.42,5.1,21.95,LOW
STU103935,34.84,37.73,66.75,47.0,100.0,40.26,50.83,MODERATE
STU103936,19.16,25.38,41.04,32.75,64.57,18.42,31.6,MODERATE
STU103937,24.98,24.7,58.79,31.0,71.05,26.49,37.33,MODERATE
STU103938,8.2,13.71,56.24,28.0,47.87,9.47,26.25,LOW
STU103939,32.25,24.56,34.09,31.5,77.75,23.67,34.28,MODERATE
STU103940,46.24,36.74,46.52,58.5,60.15,35.92,46.12,MODERATE
STU103941,30.61,45.35,53.19,52.75,88.12,41.66,48.99,MODERATE
STU103942,3.85,29.31,48.39,35.5,50.0,27.13,30.81,MODERATE
STU103943,36.4,36.18,52.96,48.5,70.3,44.61,45.68,MODERATE
STU103944,35.65,39.33,47.31,45.5,83.22,31.61,44.73,MODERATE
STU103945,19.2,37.74,40.4,57.0,82.93,36.04,41.8,MODERATE
STU103946,21.73,21.32,44.89,12.0,51.52,12.21,26.83,LOW
STU103947,32.13,40.07,39.65,63.0,61.9,22.64,42.28,MODERATE
STU103948,0.0,43.04,70.29,58.5,86.85,43.86,46.66,MODERATE
STU103949,6.19,15.39,54.04,35.5,48.45,23.45,28.41,LOW
STU103950,23.44,37.32,58.03,37.75,58.95,36.22,40.8,MODERATE
STU103951,3.48,15.11,35.69,16.75,48.42,6.07,19.57,LOW
STU103952,20.1,43.81,49.94,37.5,89.9,45.12,44.09,MODERATE
STU103953,27.31,22.66,55.09,24.75,56.53,25.94,34.1,MODERATE
STU103954,34.02,24.78,61.33,42.75,78.97,41.06,43.68,MODERATE
STU103955,0.6,15.83,40.66,14.5,60.35,1.59,20.58,LOW
STU103956,0.38,20.61,40.39,23.75,59.23,9.09,23.7,LOW
STU103957,10.54,21.02,26.08,21.0,47.22,22.9,22.74,LOW
STU103958,16.38,25.59,53.76,35.75,83.98,19.15,36.1,MODERATE
STU103959,22.28,36.49,62.65,64.75,62.4,46.27,46.69,MODERATE
STU103960,6.67,18.1,74.86,10.5,46.35,19.99,29.04,LOW
STU103961,7.71,18.88,77.91,21.5,42.18,34.74,32.76,MODERATE
STU103962,24.77,12.28,53.51,37.0,35.58,11.58,28.99,LOW
STU103963,23.24,26.64,68.23,43.5,71.43,32.14,41.84,MODERATE
STU103964,27.96,22.55,64.96,27.5,52.37,23.74,35.96,MODERATE
STU103965,31.91,19.37,64.65,34.25,41.32,30.21,36.44,MODERATE
STU103966,15.04,34.97,68.5,53.5,76.68,37.44,44.89,MODERATE
STU103967,10.31,19.78,73.6,34.25,67.88,31.89,36.84,MODERATE
STU103968,36.43,31.52,41.72,42.5,48.62,16.51,36.4,MODERATE
STU103969,33.51,42.17,29.59,41.75,74.08,33.42,40.17,MODERATE
STU103970,21.65,40.45,52.96,55.5,74.68,43.86,45.21,MODERATE
STU103971,32.76,40.6,62.98,26.5,73.5,56.24,46.25,MODERATE
STU103972,52.22,38.64,35.9,53.0,71.2,27.78,45.13,MODERATE
STU103973,9.64,32.88,75.89,34.0,60.65,49.66,41.46,MODERATE
STU103974,33.29,32.5,45.98,32.5,62.55,19.36,37.04,MODERATE
STU103975,28.45,19.62,61.65,44.0,51.28,16.94,36.35,MODERATE
STU103976,17.87,15.81,33.15,26.0,63.8,18.14,26.25,LOW
STU103977,2.26,12.15,59.31,5.25,36.35,28.87,22.66,LOW
STU103978,7.12,17.94,62.28,22.5,51.48,7.66,27.65,LOW
STU103979,37.25,33.98,45.44,47.5,89.62,28.87,44.01,MODERATE
STU103980,34.96,39.73,66.6,59.5,100.0,33.81,52.55,MODERATE
STU103981,8.17,10.62,50.03,13.0,67.77,9.52,23.97,LOW
STU103982,23.87,20.47,57.4,22.25,70.12,28.84,34.61,MODERATE
STU103983,0.0,16.02,54.4,29.0,51.97,19.22,26.35,LOW
STU103984,6.73,26.93,57.1,8.75,60.65,29.64,29.84,LOW
STU103985,46.95,56.4,48.06,74.5,79.18,48.87,57.08,MODERATE
STU103986,19.49,31.61,49.76,33.75,56.25,22.71,34.71,MODERATE
STU103987,0.18,27.61,33.79,38.0,51.0,13.45,25.84,LOW
STU103988,12.65,19.06,41.95,28.0,27.72,16.37,24.29,LOW
STU103989,6.17,7.88,39.75,29.0,76.7,7.55,23.93,LOW
STU103990,8.44,26.12,32.79,30.75,43.95,22.79,26.06,LOW
STU103991,28.66,38.82,26.11,36.25,67.38,16.46,34.48,MODERATE
STU103992,36.53,38.09,71.55,67.0,67.65,45.22,52.48,MODERATE
STU103993,14.88,33.06,73.59,19.75,76.95,29.53,39.57,MODERATE
STU103994,18.96,36.31,59.39,38.0,81.55,34.6,42.06,MODERATE
STU103995,0.0,12.01,40.06,14.5,52.0,3.46,18.74,LOW
STU103996,43.05,50.73,63.9,57.75,100.0,53.5,58.08,MODERATE
STU103997,22.11,25.5,56.18,28.0,25.1,25.71,31.31,MODERATE
STU103998,24.01,31.4,74.12,21.0,64.78,29.08,40.01,MODERATE
STU103999,16.88,40.16,60.16,55.25,54.0,40.18,43.15,MODERATE
STU104000,45.85,46.3,56.68,42.75,67.55,43.51,49.6,MODERATE
STU104001,21.65,59.11,52.65,69.75,100.0,56.06,55.71,MODERATE
STU104002,28.63,44.1,54.05,37.0,77.03,22.49,43.06,MODERATE
STU104003,39.19,36.65,49.89,49.25,69.45,32.88,44.6,MODERATE
STU104004,7.2,19.66,52.46,17.5,40.88,22.05,25.76,LOW
STU104005,37.8,33.84,37.58,60.75,70.1,20.21,41.68,MODERATE
STU104006,19.92,24.34,37.3,46.75,33.8,7.88,28.71,LOW
STU104007,49.59,37.68,38.85,54.75,70.5,26.78,45.05,MODERATE
STU104008,18.15,21.79,40.85,19.0,47.08,28.03,27.61,LOW
STU104009,65.83,50.29,52.39,60.75,83.95,28.87,56.61,MODERATE
STU104010,1.66,5.55,59.58,6.75,14.15,0.0,16.06,LOW
STU104011,30.31,35.59,41.76,31.75,72.4,34.08,38.72,MODERATE
STU104012,59.55,56.9,57.71,76.0,100.0,59.57,65.03,HIGH
STU104013,36.73,39.68,67.65,41.25,80.85,40.37,49.11,MODERATE
STU104014,32.24,35.26,39.41,53.5,92.8,36.09,44.06,MODERATE
STU104015,22.77,32.52,54.59,48.5,84.62,19.26,41.27,MODERATE
STU104016,23.49,32.18,58.24,43.75,66.72,32.07,40.83,MODERATE
STU104017,19.56,34.85,55.49,50.5,62.4,40.74,41.61,MODERATE
STU104018,35.79,33.24,49.25,48.25,66.65,38.22,43.04,MODERATE
STU104019,33.31,43.0,50.3,54.25,76.08,30.15,46.23,MODERATE
STU104020,9.23,20.37,74.59,33.5,45.62,45.96,36.04,MODERATE
STU104021,0.0,12.94,57.12,23.75,60.3,13.2,25.57,LOW
STU104022,30.9,31.32,76.36,39.25,77.3,33.78,46.28,MODERATE
STU104023,15.9,33.53,58.08,47.25,86.65,35.1,42.44,MODERATE
STU104024,42.37,51.2,64.84,37.0,72.3,56.39,52.66,MODERATE
STU104025,25.71,27.23,40.44,41.0,37.4,22.61,32.19,MODERATE
STU104026,22.11,28.79,68.95,33.0,56.82,29.3,38.97,MODERATE
STU104027,21.01,29.94,46.81,46.0,62.45,27.07,36.9,MODERATE
STU104028,25.94,26.07,63.21,23.25,63.2,35.25,37.68,MODERATE
STU104029,25.88,30.22,59.55,25.25,60.58,43.05,38.79,MODERATE
STU104030,39.81,43.9,59.86,59.75,62.38,50.76,51.19,MODERATE
STU104031,7.3,17.12,63.44,18.0,43.48,18.78,27.35,LOW
STU104032,31.98,33.48,64.22,27.5,57.63,47.51,42.25,MODERATE
STU104033,0.0,12.6,44.14,24.75,21.1,10.39,18.84,LOW
STU104034,19.82,18.1,56.8,39.75,42.45,9.63,31.02,MODERATE
STU104035,0.0,11.66,59.92,37.0,32.53,31.26,26.83,LOW
STU104036,7.39,20.13,65.68,34.25,43.55,23.33,31.47,MODERATE
STU104037,5.26,17.22,72.14,41.5,63.92,28.09,35.21,MODERATE
STU104038,29.71,35.95,51.42,55.5,67.1,38.1,44.06,MODERATE
STU104039,40.17,34.78,48.34,39.75,78.2,24.55,42.63,MODERATE
STU104040,17.31,24.9,50.76,37.0,50.12,27.37,33.14,MODERATE
STU104041,20.11,25.76,55.39,38.25,47.38,30.09,35.02,MODERATE
STU104042,36.34,32.45,67.38,51.5,92.4,38.57,49.68,MODERATE
STU104043,0.0,23.72,45.15,17.0,73.22,16.14,26.45,LOW
STU104044,24.01,23.95,47.92,44.5,62.48,13.83,34.68,MODERATE
STU104045,17.09,21.47,56.61,39.25,41.55,20.39,32.19,MODERATE
STU104046,32.25,35.11,31.46,62.25,73.55,25.17,40.73,MODERATE
STU104047,17.26,18.22,41.12,19.0,62.65,18.1,27.16,LOW
STU104048,8.26,28.96,52.64,24.5,43.75,35.07,30.98,MODERATE
STU104049,1.51,12.56,57.4,37.0,20.67,6.47,23.19,LOW
STU104050,9.23,23.53,56.4,36.25,58.7,28.87,33.2,MODERATE
STU104051,18.29,34.77,33.04,40.5,72.82,17.0,34.02,MODERATE
STU104052,27.98,30.4,47.02,18.25,64.65,23.32,34.13,MODERATE
STU104053,12.63,13.11,53.38,17.75,37.32,2.49,23.12,LOW
STU104054,28.09,31.08,72.17,46.0,51.82,38.78,43.78,MODERATE
STU104055,17.03,33.56,45.96,28.25,47.72,30.01,33.0,MODERATE
STU104056,42.87,33.51,63.05,37.75,71.88,33.49,45.76,MODERATE
STU104057,52.81,46.8,54.45,56.25,97.8,60.45,57.41,MODERATE
STU104058,46.57,45.04,36.7,58.25,100.0,28.87,49.54,MODERATE
STU104059,25.56,30.18,45.45,37.5,39.3,31.59,34.46,MODERATE
STU104060,2.92,21.09,70.01,31.25,44.12,32.66,32.22,MODERATE
STU104061,12.99,24.32,47.24,38.75,57.5,25.74,32.26,MODERATE
STU104062,0.53,17.84,53.85,34.0,43.95,16.96,26.53,LOW
STU104063,13.23,27.98,58.04,16.75,57.98,29.69,32.53,MODERATE
STU104064,22.64,36.3,80.06,50.75,96.2,48.22,51.67,MODERATE
STU104065,14.65,30.06,53.34,33.25,71.35,30.51,36.29,MODERATE
STU104066,7.84,29.57,25.87,38.25,62.5,25.08,28.63,LOW
STU104067,38.76,39.56,41.95,45.5,73.9,37.28,43.98,MODERATE
STU104068,16.87,26.21,54.06,27.75,55.58,23.26,32.79,MODERATE
STU104069,29.25,20.51,72.26,40.5,40.1,36.21,39.14,MODERATE
STU104070,19.33,30.88,46.8,35.0,75.15,31.36,36.85,MODERATE
STU104071,20.78,36.3,40.71,34.5,74.7,23.83,36.4,MODERATE
STU104072,0.0,16.9,62.5,21.5,40.62,26.23,26.64,LOW
STU104073,16.66,20.23,42.54,26.0,59.25,19.23,28.65,LOW
STU104074,24.56,36.04,59.25,25.75,57.72,42.04,39.61,MODERATE
STU104075,35.58,28.76,50.3,38.25,70.7,21.27,39.3,MODERATE
STU104076,36.31,40.71,45.81,66.25,81.18,23.63,47.02,MODERATE
STU104077,4.79,9.36,46.34,7.0,38.98,3.32,17.85,LOW
STU104078,3.52,16.8,32.55,31.0,48.72,19.65,22.9,LOW
STU104079,12.72,19.23,66.42,20.5,43.4,19.83,30.03,MODERATE
STU104080,66.34,59.49,53.86,88.0,87.45,47.34,65.59,HIGH
STU104081,34.79,30.77,50.16,40.25,36.48,39.96,38.36,MODERATE
STU104082,21.65,37.6,32.78,29.0,55.72,29.76,33.18,MODERATE
STU104083,10.08,20.93,58.79,29.0,55.32,22.2,31.11,MODERATE
STU104084,45.14,29.86,56.7,38.0,77.18,35.93,44.84,MODERATE
STU104085,25.45,34.75,65.95,48.25,61.65,35.2,43.89,MODERATE
STU104086,22.71,26.34,38.01,26.75,34.95,21.85,28.42,LOW
STU104087,40.16,40.91,59.54,47.25,63.4,46.05,48.2,MODERATE
STU104088,34.13,35.64,61.66,42.5,80.02,41.81,46.63,MODERATE
STU104089,18.69,24.58,55.53,17.25,53.95,24.51,31.42,MODERATE
STU104090,11.59,12.23,39.1,9.25,39.65,15.75,20.12,LOW
STU104091,28.19,23.76,50.55,20.5,37.25,20.71,30.56,MODERATE
STU104092,8.17,16.77,53.64,17.0,42.6,9.23,24.29,LOW
STU104093,24.05,30.24,43.39,44.75,58.25,29.32,36.52,MODERATE
STU104094,11.57,10.7,47.55,23.0,54.85,15.79,25.01,LOW
STU104095,45.36,51.65,55.59,72.75,78.72,40.96,55.98,MODERATE
STU104096,0.52,4.39,43.39,23.25,49.55,0.0,18.32,LOW
STU104097,0.0,9.61,61.7,18.25,29.1,11.23,21.51,LOW
STU104098,18.5,26.32,59.61,32.0,62.52,20.32,35.29,MODERATE
STU104099,10.69,22.3,52.9,37.75,57.65,22.85,32.01,MODERATE
STU104100,22.84,37.64,52.1,38.25,55.8,37.89,39.5,MODERATE
STU104101,21.65,36.62,56.8,41.5,65.68,31.3,40.77,MODERATE
STU104102,16.65,37.66,53.18,55.0,100.0,29.83,44.61,MODERATE
STU104103,22.71,30.14,68.24,24.75,65.7,37.05,39.71,MODERATE
STU104104,20.3,24.18,30.1,42.25,59.02,13.36,29.7,LOW
STU104105,28.46,26.75,64.35,22.5,40.48,28.27,35.5,MODERATE
STU104106,0.0,6.92,57.5,32.5,48.22,12.77,24.2,LOW
STU104107,28.02,30.9,60.62,37.5,37.02,21.17,36.9,MODERATE
STU104108,21.09,48.75,45.22,66.5,74.12,41.55,46.99,MODERATE
STU104109,0.0,15.78,39.61,22.75,41.3,18.74,21.28,LOW
STU104110,38.36,53.86,46.8,37.0,86.05,53.35,49.99,MODERATE
STU104111,42.03,32.5,35.34,47.5,78.88,19.53,40.57,MODERATE
STU104112,13.51,27.86,70.74,43.75,54.42,24.55,38.27,MODERATE
STU104113,0.2,25.51,43.28,28.0,66.1,7.73,26.66,LOW
STU104114,49.84,51.89,36.04,58.75,85.65,48.38,52.36,MODERATE
STU104115,15.77,37.38,41.91,45.5,87.28,33.56,39.79,MODERATE
STU104116,54.56,46.48,42.54,64.0,75.8,55.4,53.76,MODERATE
STU104117,26.17,25.01,49.09,37.25,51.05,31.82,35.18,MODERATE
STU104118,5.33,10.09,58.13,29.5,50.6,20.76,26.78,LOW
STU104119,28.53,48.26,33.04,45.75,83.85,26.47,42.27,MODERATE
STU104120,10.58,19.69,46.64,37.0,56.22,16.77,29.22,LOW
STU104121,7.24,16.1,64.68,35.0,44.62,9.6,29.08,LOW
STU104122,21.07,27.58,39.45,44.25,88.08,17.5,36.19,MODERATE
STU104123,36.03,52.6,42.94,61.5,80.97,40.56,50.32,MODERATE
STU104124,39.83,41.46,36.56,45.75,76.4,31.85,43.33,MODERATE
STU104125,36.05,43.86,60.88,49.25,77.03,34.03,48.84,MODERATE
STU104126,0.0,16.92,55.55,19.0,32.02,0.07,21.4,LOW
STU104127,19.79,25.22,40.19,35.25,59.42,26.85,32.22,MODERATE
STU104128,29.37,32.05,18.5,59.0,62.4,29.1,35.59,MODERATE
STU104129,25.52,21.26,68.01,28.0,43.95,30.33,35.65,MODERATE
STU104130,32.44,36.2,45.15,53.5,100.0,36.08,46.2,MODERATE
STU104131,24.58,24.54,54.87,40.75,41.18,19.89,34.24,MODERATE
STU104132,31.75,51.68,47.82,59.5,62.4,41.9,48.19,MODERATE
STU104133,31.1,35.18,56.68,48.75,62.6,50.1,44.93,MODERATE
STU104134,16.54,24.29,52.68,37.5,38.85,22.11,31.64,MODERATE
STU104135,0.0,13.53,40.81,9.0,41.6,7.0,17.75,LOW
STU104136,3.79,7.36,51.1,12.5,34.3,15.6,19.68,LOW
STU104137,29.06,40.27,57.22,47.75,74.18,38.22,45.73,MODERATE
STU104138,28.99,35.05,67.0,52.5,85.62,32.52,47.65,MODERATE
STU104139,22.15,22.66,60.21,31.25,58.92,13.82,34.1,MODERATE
STU104140,21.65,16.56,48.95,11.5,50.18,14.38,26.44,LOW
STU104141,32.86,53.13,35.06,65.75,62.4,44.69,47.44,MODERATE
STU104142,21.65,28.05,59.02,41.25,67.05,29.46,38.98,MODERATE
STU104143,30.69,31.98,64.81,51.25,60.4,36.74,44.5,MODERATE
STU104144,21.65,47.76,72.36,61.75,82.85,49.99,53.29,MODERATE
STU104145,29.34,41.85,70.53,42.0,84.78,46.65,49.88,MODERATE
STU104146,20.72,33.87,40.31,56.5,70.23,36.85,39.86,MODERATE
STU104147,14.75,26.91,53.05,37.25,65.42,23.66,34.78,MODERATE
STU104148,10.39,23.66,42.69,40.0,69.4,13.91,30.86,MODERATE
STU104149,11.74,20.24,40.16,36.75,69.9,21.36,30.08,MODERATE
STU104150,17.22,19.08,51.94,23.25,36.3,16.49,27.37,LOW
STU104151,19.94,24.06,52.39,51.0,47.13,16.7,34.51,MODERATE
STU104152,30.89,40.93,32.39,50.25,83.8,24.46,41.25,MODERATE
STU104153,22.07,33.94,64.91,37.25,51.28,29.37,39.53,MODERATE
STU104154,28.16,15.93,55.39,27.75,67.07,8.14,32.38,MODERATE
STU104155,0.0,17.89,33.83,21.75,53.48,5.54,20.4,LOW
STU104156,10.83,32.27,53.09,48.0,66.2,28.98,37.57,MODERATE
STU104157,42.35,45.19,34.46,46.5,79.85,44.16,46.04,MODERATE
STU104158,13.35,30.56,57.08,38.5,66.12,28.78,36.99,MODERATE
STU104159,28.16,23.76,49.39,25.25,53.75,23.45,32.96,MODERATE
STU104160,6.54,23.39,43.05,42.25,34.3,19.08,27.44,LOW
STU104161,47.71,42.8,38.67,48.5,90.85,45.1,48.85,MODERATE
STU104162,32.35,36.22,47.2,45.0,70.95,45.16,43.33,MODERATE
STU104163,16.83,18.25,48.92,16.25,39.1,25.02,26.56,LOW
STU104164,17.64,40.43,42.25,41.75,73.77,38.34,39.56,MODERATE
STU104165,14.05,40.83,58.44,41.5,76.08,50.53,43.59,MODERATE
STU104166,0.0,15.08,45.24,18.5,54.32,8.56,21.88,LOW
STU104167,29.19,42.17,60.64,43.75,58.05,33.43,44.22,MODERATE
STU104168,0.0,1.2,50.11,15.25,13.0,2.48,14.16,LOW
STU104169,26.25,46.98,76.4,57.5,75.37,54.2,53.86,MODERATE
STU104170,8.53,32.37,36.88,40.5,34.75,28.87,29.61,LOW
STU104171,32.75,19.49,55.9,33.0,70.7,26.19,37.24,MODERATE
STU104172,9.58,30.13,49.62,32.25,60.38,14.9,31.74,MODERATE
STU104173,19.63,19.7,54.19,43.0,79.7,12.15,35.32,MODERATE
STU104174,5.83,16.05,52.8,32.0,72.7,20.19,29.83,LOW
STU104175,44.42,36.42,51.26,40.25,74.95,31.43,44.92,MODERATE
STU104176,25.25,40.94,47.81,42.75,76.4,30.47,41.95,MODERATE
STU104177,0.0,13.32,69.73,10.75,29.97,15.65,23.45,LOW
STU104178,21.77,28.88,67.84,46.75,53.88,35.54,41.1,MODERATE
STU104179,34.11,38.6,49.01,61.5,74.18,28.02,45.72,MODERATE
STU104180,50.78,47.88,59.69,64.0,97.25,38.37,57.23,MODERATE
STU104181,11.09,5.9,50.11,26.0,42.75,11.88,23.08,LOW
STU104182,27.39,43.82,60.61,56.75,50.9,48.62,47.02,MODERATE
STU104183,0.0,11.88,57.15,0.0,23.7,27.09,19.48,LOW
STU104184,19.2,29.91,51.95,52.25,38.72,25.47,35.96,MODERATE
STU104185,8.05,29.85,40.9,31.5,38.15,27.58,28.55,LOW
STU104186,30.01,31.01,44.85,27.5,68.18,29.65,36.63,MODERATE
STU104187,0.0,8.33,29.18,1.25,19.0,0.0,10.01,LOW
STU104188,34.75,58.99,57.89,62.5,62.4,49.38,53.83,MODERATE
STU104189,21.92,31.66,73.01,23.25,46.38,44.54,39.48,MODERATE
STU104190,24.65,24.87,37.6,25.25,56.12,13.65,29.43,LOW
STU104191,25.96,36.12,79.1,42.75,62.4,53.99,48.09,MODERATE
STU104192,14.56,31.5,54.39,31.75,55.22,32.3,35.18,MODERATE
STU104193,41.64,33.92,54.34,29.75,77.2,41.0,43.96,MODERATE
STU104194,21.37,20.58,68.16,42.75,63.92,22.74,38.13,MODERATE
STU104195,21.85,32.48,59.21,40.0,71.1,40.86,41.53,MODERATE
STU104196,45.75,43.29,49.39,59.5,70.85,36.54,49.51,MODERATE
STU104197,14.67,28.43,52.52,28.75,65.33,27.93,34.18,MODERATE
STU104198,7.12,26.1,50.29,45.25,67.75,15.19,33.09,MODERATE
STU104199,24.89,41.08,71.9,31.75,80.73,56.12,48.08,MODERATE
STU104200,0.0,8.7,47.78,9.5,37.18,11.67,18.04,LOW
STU104201,9.44,12.37,54.2,15.75,62.4,9.03,25.33,LOW
STU104202,7.88,18.59,62.54,47.75,34.9,30.41,32.42,MODERATE
STU104203,8.21,17.9,58.75,36.25,43.6,17.59,29.42,LOW
STU104204,23.52,22.13,61.12,24.0,54.75,26.17,34.15,MODERATE
STU104205,0.0,16.68,57.2,24.75,36.15,14.89,24.43,LOW
STU104206,0.85,13.19,67.79,33.0,28.72,16.06,26.45,LOW
STU104207,21.91,19.03,37.26,25.5,37.45,14.19,25.58,LOW
STU104208,22.84,38.91,54.41,38.75,39.75,31.43,38.11,MODERATE
STU104209,26.47,30.26,57.35,33.25,53.08,26.78,37.3,MODERATE
STU104210,17.7,29.36,43.4,31.75,50.32,28.34,32.19,MODERATE
STU104211,13.94,25.71,72.46,17.0,55.75,29.34,34.77,MODERATE
STU104212,17.05,35.45,41.61,44.5,59.8,25.39,35.79,MODERATE
STU104213,20.17,41.92,53.34,39.75,56.58,40.96,40.9,MODERATE
STU104214,4.27,12.4,38.57,16.5,53.97,0.0,19.54,LOW
STU104215,36.6,33.19,53.56,52.0,62.85,21.57,42.57,MODERATE
STU104216,49.67,42.58,61.04,52.5,81.95,45.25,53.38,MODERATE
STU104217,43.6,44.23,64.94,57.0,85.3,50.1,54.86,MODERATE
STU104218,40.9,37.01,37.44,49.0,70.12,34.74,42.76,MODERATE
STU104219,4.54,15.97,26.95,24.5,50.37,13.49,20.35,LOW
STU104220,7.49,12.14,54.18,15.0,37.55,16.13,22.99,LOW
STU104221,30.16,26.1,61.41,43.0,78.03,24.76,41.57,MODERATE
STU104222,14.82,27.79,46.22,17.5,62.4,17.46,29.77,LOW
STU104223,22.67,29.42,71.15,42.75,60.2,36.04,42.16,MODERATE
STU104224,56.63,48.19,52.8,44.25,80.42,49.16,53.53,MODERATE
STU104225,21.65,9.48,55.18,37.0,25.8,23.1,28.18,LOW
STU104226,0.0,21.05,66.96,18.75,42.12,30.05,28.68,LOW
STU104227,19.65,30.12,47.51,32.5,51.68,33.93,34.4,MODERATE
STU104228,29.45,43.85,51.29,54.5,77.92,40.77,47.15,MODERATE
STU104229,27.3,33.69,27.79,44.75,69.5,24.15,35.52,MODERATE
STU104230,43.14,37.37,51.19,44.25,94.98,30.88,47.43,MODERATE
STU104231,3.52,28.45,56.11,36.75,43.97,23.45,31.29,MODERATE
STU104232,12.28,30.94,51.45,23.25,72.4,27.61,33.97,MODERATE
STU104233,18.57,15.3,50.52,45.75,47.42,12.16,30.46,MODERATE
STU104234,41.73,45.76,67.2,59.25,87.35,54.65,56.31,MODERATE
STU104235,0.0,11.59,32.71,25.5,15.3,9.34,15.73,LOW
STU104236,30.11,25.97,46.95,29.0,45.9,23.54,33.2,MODERATE
STU104237,18.48,28.71,46.49,27.0,43.62,34.01,31.98,MODERATE
STU104238,21.15,30.4,70.4,34.25,68.25,35.96,41.47,MODERATE
STU104239,45.76,47.81,69.1,48.0,100.0,58.15,57.94,MODERATE
STU104240,15.71,28.32,75.06,31.75,66.03,32.82,39.88,MODERATE
STU104241,23.45,33.01,49.2,34.25,71.28,19.02,36.95,MODERATE
STU104242,11.81,28.9,35.52,23.25,53.12,20.2,27.51,LOW
STU104243,16.89,14.14,48.8,19.5,64.25,2.5,26.27,LOW
STU104244,9.58,19.79,41.49,44.0,54.6,8.35,28.06,LOW
STU104245,0.0,19.1,54.15,34.75,84.2,28.87,32.12,MODERATE
STU104246,0.0,9.79,51.61,26.0,39.2,20.88,22.68,LOW
STU104247,12.87,22.96,54.41,21.5,55.08,12.02,29.13,LOW
STU104248,3.18,15.79,52.64,30.5,55.78,18.58,27.12,LOW
STU104249,25.23,27.79,67.65,36.75,58.48,37.35,40.62,MODERATE
STU104250,45.86,53.28,56.95,61.25,88.98,39.88,55.96,MODERATE
STU104251,25.16,20.4,33.07,50.25,52.15,16.65,31.16,MODERATE
STU104252,49.41,37.44,41.97,45.0,62.32,24.59,43.08,MODERATE
STU104253,12.91,29.19,46.1,53.25,55.2,22.02,34.81,MODERATE
STU104254,38.95,30.67,48.02,57.75,74.72,26.48,43.84,MODERATE
STU104255,9.29,16.66,31.87,28.25,48.98,17.99,23.33,LOW
STU104256,16.29,16.26,65.32,36.0,25.28,27.55,31.07,MODERATE
STU104257,0.0,6.67,41.44,11.0,38.17,6.49,16.07,LOW
STU104258,4.8,14.38,47.82,16.75,34.95,14.33,21.56,LOW
STU104259,26.74,43.08,31.85,48.5,74.22,29.22,40.11,MODERATE
STU104260,37.77,43.36,65.99,49.25,79.88,44.38,51.41,MODERATE
STU104261,0.0,5.17,44.58,1.0,29.25,1.32,13.42,LOW
STU104262,0.0,16.52,64.84,33.5,41.62,28.22,29.11,LOW
STU104263,26.65,24.83,33.69,26.5,57.0,20.23,29.97,LOW
STU104264,21.22,26.12,45.24,33.25,64.75,11.56,32.44,MODERATE
STU104265,18.37,23.55,56.6,20.0,56.55,28.87,32.42,MODERATE
STU104266,41.97,44.12,64.95,54.5,100.0,48.07,55.4,MODERATE
STU104267,30.92,37.55,62.93,37.0,80.85,40.99,45.89,MODERATE
STU104268,24.1,36.8,36.1,36.25,75.15,36.11,37.8,MODERATE
STU104269,23.82,33.57,63.18,42.75,82.93,28.87,43.39,MODERATE
STU104270,27.61,33.24,39.22,34.75,73.2,28.87,37.1,MODERATE
STU104271,0.0,12.92,48.85,0.0,35.5,21.69,18.72,LOW
STU104272,21.88,29.62,15.99,42.0,45.32,4.33,26.24,LOW
STU104273,21.65,24.9,49.99,44.75,52.68,23.37,34.87,MODERATE
STU104274,10.02,26.79,55.42,50.75,68.8,29.82,37.26,MODERATE
STU104275,17.41,36.28,68.91,40.0,75.43,28.87,42.76,MODERATE
STU104276,18.88,32.96,58.0,48.75,76.95,28.84,41.51,MODERATE
STU104277,8.29,17.58,72.68,8.75,47.92,26.59,29.35,LOW
STU104278,27.88,22.72,57.54,18.75,63.77,30.21,34.97,MODERATE
STU104279,40.08,39.77,60.59,37.0,50.03,38.1,44.44,MODERATE
STU104280,29.07,37.16,67.65,28.0,84.8,38.18,45.13,MODERATE
STU104281,21.06,33.72,52.76,45.75,64.45,41.25,40.63,MODERATE
STU104282,26.9,36.86,48.31,37.0,67.4,35.99,40.15,MODERATE
STU104283,14.87,19.31,67.56,40.0,57.98,26.3,35.74,MODERATE
STU104284,6.27,24.67,43.81,47.25,77.22,24.71,33.46,MODERATE
STU104285,3.91,23.12,53.41,40.75,55.28,25.97,31.48,MODERATE
STU104286,15.59,26.93,20.94,37.75,55.15,22.93,27.51,LOW
STU104287,12.29,31.87,40.15,35.0,52.35,34.19,32.36,MODERATE
STU104288,49.23,58.82,35.43,63.25,88.72,48.34,54.83,MODERATE
STU104289,25.17,12.68,75.21,33.75,35.6,26.29,34.5,MODERATE
STU104290,25.57,25.3,54.01,26.5,80.75,25.34,36.83,MODERATE
STU104291,35.38,46.33,51.42,55.75,80.2,44.84,49.81,MODERATE
STU104292,12.27,21.88,72.25,34.0,26.98,42.12,34.38,MODERATE
STU104293,15.77,16.82,42.18,39.0,39.52,19.54,27.55,LOW
STU104294,0.0,13.63,49.31,13.25,63.1,7.39,22.31,LOW
STU104295,1.22,18.32,55.91,31.0,53.75,21.26,28.16,LOW
STU104296,25.25,29.08,70.14,27.5,70.78,36.97,41.25,MODERATE
STU104297,0.0,18.86,59.05,36.25,53.7,31.13,30.45,MODERATE
STU104298,38.76,32.72,55.06,39.75,42.1,24.49,39.57,MODERATE
STU104299,2.27,26.36,40.84,27.25,44.35,20.76,25.81,LOW
STU104300,29.72,36.5,45.44,63.25,90.82,34.07,46.13,MODERATE
STU104301,10.54,12.68,37.42,13.5,55.4,10.02,21.33,LOW
STU104302,41.38,61.64,35.55,68.5,86.62,39.44,53.68,MODERATE
STU104303,18.6,14.53,45.7,25.5,53.55,19.58,27.63,LOW
STU104304,9.78,21.72,40.1,21.75,58.32,16.07,26.11,LOW
STU104305,15.95,15.64,34.35,17.0,57.7,3.77,22.67,LOW
STU104306,35.88,40.71,36.05,60.25,78.77,25.54,44.03,MODERATE
STU104307,31.95,20.85,50.09,38.0,70.97,21.38,36.56,MODERATE
STU104308,27.12,26.92,32.55,26.0,66.18,27.43,31.93,MODERATE
STU104309,22.4,29.66,42.69,39.25,47.2,24.13,33.45,MODERATE
STU104310,40.71,38.14,33.83,53.75,74.5,33.04,43.26,MODERATE
STU104311,15.77,29.86,27.78,33.0,61.72,27.6,30.06,MODERATE
STU104312,53.07,50.13,37.88,55.5,76.02,48.47,51.5,MODERATE
STU104313,17.26,31.8,61.81,59.25,59.23,41.01,42.68,MODERATE
STU104314,41.98,41.77,66.3,51.5,85.95,45.67,52.99,MODERATE
STU104315,9.07,26.52,60.54,32.5,53.3,27.88,33.54,MODERATE
STU104316,21.65,26.53,56.46,32.5,34.48,26.61,33.24,MODERATE
STU104317,0.33,19.62,59.3,33.75,35.58,27.52,28.2,LOW
STU104318,0.0,13.32,42.02,13.75,59.35,4.32,20.16,LOW
STU104319,27.77,40.75,43.74,41.75,52.3,21.7,38.15,MODERATE
STU104320,23.27,27.15,56.14,17.25,31.8,28.87,31.32,MODERATE
STU104321,18.5,33.69,70.35,28.0,53.3,41.52,39.87,MODERATE
STU104322,14.54,22.84,61.36,45.5,69.62,24.42,37.12,MODERATE
STU104323,5.19,15.16,30.87,9.25,47.22,7.73,17.88,LOW
STU104324,0.0,7.05,50.65,8.75,9.9,10.49,15.24,LOW
STU104325,25.47,38.21,52.44,41.5,58.53,26.42,39.85,MODERATE
STU104326,26.95,22.66,40.61,19.75,43.15,12.15,27.67,LOW
STU104327,17.0,34.33,62.05,42.5,28.55,40.06,37.63,MODERATE
STU104328,12.17,24.9,45.49,45.5,70.12,16.96,33.29,MODERATE
STU104329,19.4,26.25,46.41,34.25,59.92,28.39,33.69,MODERATE
STU104330,17.01,38.36,53.41,47.0,65.12,44.61,41.7,MODERATE
STU104331,55.76,69.0,51.6,64.25,100.0,64.08,64.77,HIGH
STU104332,7.61,6.1,55.91,25.0,62.48,16.94,25.92,LOW
STU104333,26.8,39.34,48.49,45.75,60.38,28.32,40.63,MODERATE
STU104334,24.56,29.64,37.99,38.75,75.52,26.01,35.89,MODERATE
STU104335,40.87,28.01,60.46,29.5,75.43,26.62,41.9,MODERATE
STU104336,32.9,33.53,41.76,56.0,78.75,44.1,44.0,MODERATE
STU104337,27.36,28.57,55.81,48.5,61.78,30.17,40.25,MODERATE
STU104338,21.46,26.97,85.8,25.75,64.68,32.2,41.74,MODERATE
STU104339,25.14,40.04,43.12,45.75,61.2,30.35,39.68,MODERATE
STU104340,21.95,31.14,44.21,28.5,45.65,15.0,31.36,MODERATE
STU104341,29.6,22.37,43.96,30.5,66.22,28.87,34.39,MODERATE
STU104342,21.65,27.36,49.89,17.0,56.05,26.98,32.0,MODERATE
STU104343,18.53,42.57,45.96,57.5,84.2,46.35,45.22,MODERATE
STU104344,49.04,35.4,44.45,53.25,85.75,33.85,47.5,MODERATE
STU104345,11.43,21.12,54.36,46.0,51.97,11.09,31.64,MODERATE
STU104346,34.03,32.31,83.89,54.25,83.93,36.65,51.86,MODERATE
STU104347,36.25,38.01,36.21,48.25,49.45,32.04,39.38,MODERATE
STU104348,29.92,39.47,65.86,51.0,69.75,49.06,48.55,MODERATE
STU104349,25.96,30.31,59.42,48.75,70.75,35.03,42.54,MODERATE
STU104350,18.35,28.97,45.96,38.25,55.12,23.35,33.69,MODERATE
STU104351,26.45,39.41,97.35,28.25,81.05,52.84,52.24,MODERATE
STU104352,51.64,34.46,58.35,50.75,86.82,30.02,49.91,MODERATE
STU104353,2.48,16.1,45.15,37.75,45.6,17.44,25.52,LOW
STU104354,0.0,17.94,64.9,9.75,40.92,14.54,24.47,LOW
STU104355,49.78,52.84,60.53,68.25,78.05,66.9,60.0,HIGH
STU104356,40.24,44.42,51.17,44.0,100.0,36.5,49.64,MODERATE
STU104357,0.23,17.55,45.85,27.25,37.22,0.88,21.5,LOW
STU104358,0.0,13.04,47.99,17.0,45.75,15.15,21.5,LOW
STU104359,36.69,51.21,63.58,50.5,100.0,55.12,55.94,MODERATE
STU104360,9.22,21.25,36.7,39.25,71.8,23.37,29.9,LOW
STU104361,0.0,10.26,53.12,26.25,44.88,5.48,22.16,LOW
STU104362,21.08,37.21,29.83,51.25,55.55,28.87,35.61,MODERATE
STU104363,5.79,10.43,49.61,19.0,26.7,7.58,19.97,LOW
STU104364,20.61,21.88,73.61,37.0,44.75,32.98,37.64,MODERATE
STU104365,35.4,21.37,56.6,41.25,59.2,16.13,37.46,MODERATE
STU104366,43.27,45.88,57.0,58.0,71.95,46.79,52.1,MODERATE
STU104367,5.99,14.29,37.49,33.25,67.22,8.19,24.8,LOW
STU104368,6.77,22.17,33.25,25.0,69.73,8.64,25.13,LOW
STU104369,4.4,15.66,47.28,11.75,38.45,14.91,21.35,LOW
STU104370,9.56,18.76,44.9,25.75,58.1,28.87,28.14,LOW
STU104371,24.95,24.37,35.86,37.5,73.35,20.19,33.23,MODERATE
STU104372,0.0,0.0,50.0,0.0,15.33,0.0,11.53,LOW
STU104373,24.3,17.99,27.96,20.25,26.33,18.35,22.46,LOW
STU104374,11.79,28.48,40.7,28.0,54.28,16.38,28.88,LOW
STU104375,21.65,44.1,48.86,33.5,94.45,45.08,44.1,MODERATE
STU104376,38.38,42.36,36.48,62.75,100.0,31.7,48.14,MODERATE
STU104377,40.33,55.55,77.35,62.25,82.68,48.86,59.92,LOW
STU104378,44.27,41.44,33.89,53.25,84.38,16.58,44.08,MODERATE
STU104379,14.26,15.29,51.52,25.0,40.4,12.29,26.0,LOW
STU104380,3.97,23.05,66.18,47.25,57.75,35.8,36.24,MODERATE
STU104381,34.5,37.7,34.7,44.0,72.58,23.58,39.48,MODERATE
STU104382,17.17,32.25,84.21,37.25,49.52,33.67,42.24,MODERATE
STU104383,33.75,39.78,60.04,42.25,53.2,48.45,45.21,MODERATE
STU104384,12.52,16.79,60.04,25.25,45.9,3.73,27.46,LOW
STU104385,36.07,33.31,44.99,46.25,86.88,13.48,41.51,MODERATE
STU104386,20.1,26.39,49.08,44.75,64.15,20.72,35.63,MODERATE
STU104387,21.12,28.44,36.76,31.25,48.45,20.05,30.22,MODERATE
STU104388,20.64,38.72,53.19,43.25,58.98,33.24,40.16,MODERATE
STU104389,0.0,8.53,53.16,31.5,54.6,7.18,23.67,LOW
STU104390,23.65,35.76,55.1,28.5,47.85,34.6,37.21,MODERATE
STU104391,37.21,35.86,60.79,60.75,87.15,39.3,50.32,MODERATE
STU104392,22.4,25.04,58.42,36.75,41.35,22.03,34.27,MODERATE
STU104393,32.53,31.92,45.61,35.0,26.68,28.28,34.35,MODERATE
STU104394,5.5,30.1,67.44,27.75,76.25,35.61,37.46,MODERATE
STU104395,47.96,42.54,47.74,45.5,73.95,32.5,47.24,MODERATE
STU104396,15.77,20.94,47.59,22.5,54.25,19.76,28.68,LOW
STU104397,0.0,6.01,53.48,15.0,24.33,0.27,16.91,LOW
STU104398,57.97,39.16,60.78,52.25,89.18,37.72,54.07,MODERATE
STU104399,21.65,24.53,64.4,35.75,88.18,28.87,40.41,MODERATE
STU104400,42.13,29.3,44.94,45.75,83.7,33.11,43.28,MODERATE
STU104401,0.0,0.0,50.0,3.25,17.83,0.0,12.27,LOW
STU104402,5.05,14.26,58.89,26.5,27.05,23.77,25.41,LOW
STU104403,10.39,28.58,57.63,37.0,53.2,25.9,34.21,MODERATE
STU104404,42.04,57.76,51.61,69.0,62.5,44.54,54.22,MODERATE
STU104405,37.53,40.82,55.48,42.5,83.45,35.56,47.08,MODERATE
STU104406,14.0,26.31,61.84,25.5,58.5,22.68,33.69,MODERATE
STU104407,44.79,49.33,58.4,74.75,78.65,58.6,57.91,MODERATE
STU104408,34.63,52.26,40.86,47.25,87.15,51.4,49.11,MODERATE
STU104409,18.3,23.5,57.61,37.75,48.32,23.13,33.86,MODERATE
STU104410,42.17,26.82,52.65,44.0,78.08,23.98,42.48,MODERATE
STU104411,12.32,26.09,34.51,41.75,46.02,3.42,27.1,LOW
STU104412,26.26,41.3,38.91,49.0,54.0,28.87,39.0,MODERATE
STU104413,8.89,29.28,41.4,34.25,44.12,34.86,30.41,MODERATE
STU104414,22.91,26.7,42.3,55.25,64.03,24.5,36.86,MODERATE
STU104415,28.77,12.5,63.46,14.75,61.23,13.36,31.24,MODERATE
STU104416,29.47,32.61,43.51,31.5,69.68,33.84,37.83,MODERATE
STU104417,15.35,18.34,30.46,12.25,49.1,15.16,22.01,LOW
STU104418,26.39,18.11,45.36,20.75,53.8,14.27,28.8,LOW
STU104419,29.16,33.96,75.72,38.0,62.4,41.28,45.53,MODERATE
STU104420,23.16,34.41,50.52,53.5,68.65,32.77,41.51,MODERATE
STU104421,39.09,44.29,48.8,37.0,88.68,51.29,48.2,MODERATE
STU104422,45.6,55.98,48.11,63.5,89.25,62.5,57.44,MODERATE
STU104423,25.97,35.98,40.4,37.0,57.2,32.1,36.75,MODERATE
STU104424,26.71,32.44,64.7,39.25,65.38,23.99,41.22,MODERATE
STU104425,38.92,41.03,74.06,48.0,84.75,40.42,52.57,MODERATE
STU104426,30.62,38.52,57.02,45.75,65.27,43.39,44.89,MODERATE
STU104427,16.13,16.77,58.1,21.0,36.22,8.4,26.65,LOW
STU104428,0.0,20.59,53.01,30.0,43.72,21.53,26.77,LOW
STU104429,43.04,46.78,42.46,59.0,74.15,49.79,50.04,MODERATE
STU104430,22.85,39.78,51.91,33.5,67.27,31.16,39.76,MODERATE
STU104431,16.49,28.25,54.3,35.0,60.7,26.64,35.2,MODERATE
STU104432,38.75,27.79,38.83,42.5,79.6,18.8,38.68,MODERATE
STU104433,21.36,39.88,54.34,49.0,75.72,28.9,42.92,MODERATE
STU104434,17.41,29.45,37.88,32.5,61.55,24.81,31.93,MODERATE
STU104435,21.48,19.3,62.79,41.25,62.4,33.6,37.47,MODERATE
STU104436,8.41,20.3,35.25,20.0,42.98,10.01,22.11,LOW
STU104437,29.17,36.95,42.25,57.75,69.12,28.2,41.92,MODERATE
STU104438,33.04,27.55,58.7,28.25,69.4,39.09,40.32,MODERATE
STU104439,39.04,35.89,35.89,38.75,68.4,28.87,39.5,MODERATE
STU104440,40.77,52.67,56.84,63.0,69.22,46.07,53.67,MODERATE
STU104441,36.07,31.8,27.59,38.25,77.38,22.5,36.41,MODERATE
STU104442,45.52,40.55,43.85,51.25,79.7,31.04,46.77,MODERATE
STU104443,18.55,14.22,52.2,25.0,62.4,23.83,30.08,MODERATE
STU104444,4.35,17.33,53.44,19.0,40.62,28.87,25.69,LOW
STU104445,34.07,36.68,42.91,41.25,60.18,52.45,42.02,MODERATE
STU104446,20.88,42.18,66.0,35.25,69.4,50.22,45.17,MODERATE
STU104447,7.9,12.09,54.36,27.0,61.65,24.68,28.16,LOW
STU104448,1.05,18.41,63.62,13.5,37.8,22.13,25.55,LOW
STU104449,48.88,46.35,35.49,51.75,85.55,40.68,48.85,MODERATE
STU104450,21.65,25.59,46.88,37.0,81.77,25.32,36.36,MODERATE
STU104451,21.62,28.19,54.39,40.25,54.1,27.43,36.44,MODERATE
STU104452,27.63,40.63,60.74,53.0,88.88,28.87,47.56,MODERATE
STU104453,22.55,26.62,48.55,42.25,62.4,26.06,36.06,MODERATE
STU104454,34.41,39.52,43.92,46.5,69.32,28.87,42.34,MODERATE
STU104455,31.62,31.99,55.3,51.25,71.52,38.58,44.08,MODERATE
STU104456,25.6,25.88,78.59,26.5,71.82,32.41,41.71,MODERATE
STU104457,22.56,48.5,44.81,63.75,97.25,37.3,48.62,MODERATE
STU104458,44.17,52.77,50.36,37.0,100.0,41.89,51.84,MODERATE
STU104459,10.66,19.02,66.32,21.0,62.2,27.14,32.24,MODERATE
STU104460,40.96,36.6,54.65,36.5,75.18,36.56,44.92,MODERATE
STU104461,6.26,2.85,44.34,4.5,37.3,0.88,15.33,LOW
STU104462,0.04,11.64,37.41,3.5,50.15,10.16,16.96,LOW
STU104463,19.03,36.49,69.05,44.5,62.4,37.32,43.39,MODERATE
STU104464,0.0,4.46,54.04,8.75,35.45,0.0,16.78,LOW
STU104465,12.0,21.37,46.52,8.25,45.08,13.59,24.15,LOW
STU104466,35.7,36.36,58.44,30.75,67.65,36.01,42.9,MODERATE
STU104467,66.92,63.89,60.5,63.5,84.45,63.83,65.81,HIGH
STU104468,10.25,23.89,74.11,19.25,44.08,36.1,33.75,MODERATE
STU104469,23.66,19.95,57.46,29.5,75.62,27.11,35.91,MODERATE
STU104470,13.26,23.46,45.06,42.75,83.2,19.21,34.18,MODERATE
STU104471,23.51,39.58,59.69,40.75,84.92,40.93,45.23,MODERATE
STU104472,43.44,37.89,47.9,38.75,85.95,31.96,45.34,MODERATE
STU104473,25.32,37.52,53.7,36.5,89.0,36.53,43.21,MODERATE
STU104474,23.85,24.48,42.12,29.25,59.6,37.61,33.42,MODERATE
STU104475,24.51,31.7,59.28,28.75,67.4,28.2,38.56,MODERATE
STU104476,26.83,40.29,43.04,38.75,74.95,33.61,40.71,MODERATE
STU104477,27.91,50.41,47.87,50.0,81.8,45.72,48.01,MODERATE
STU104478,27.84,36.33,37.58,33.0,68.75,20.64,36.06,MODERATE
STU104479,45.96,43.43,26.66,46.75,88.7,27.01,43.97,MODERATE
STU104480,14.28,13.98,58.08,20.75,27.38,14.23,25.24,LOW
STU104481,25.94,42.96,39.7,35.25,73.92,40.15,40.56,MODERATE
STU104482,47.93,37.31,61.08,28.75,65.53,47.87,46.78,MODERATE
STU104483,0.0,2.34,50.19,14.5,19.47,1.19,14.86,LOW
STU104484,27.35,32.2,33.35,38.25,56.12,31.61,34.7,MODERATE
STU104485,36.42,38.66,44.25,32.0,73.68,40.68,42.04,MODERATE
STU104486,17.92,24.14,77.58,31.25,40.65,27.61,36.65,MODERATE
STU104487,49.35,49.3,32.75,71.25,94.9,33.94,52.32,MODERATE
STU104488,16.79,8.18,45.42,29.75,31.02,7.64,22.82,LOW
STU104489,25.58,25.74,50.9,32.5,63.02,8.92,33.8,MODERATE
STU104490,9.86,24.87,51.86,35.0,58.48,14.07,31.07,MODERATE
STU104491,67.0,63.74,51.35,86.25,100.0,61.23,68.67,HIGH
STU104492,28.24,29.5,44.19,31.75,61.88,28.87,35.7,MODERATE
STU104493,30.52,41.92,53.84,55.75,92.15,41.07,49.04,MODERATE
STU104494,8.06,17.2,39.11,12.5,66.25,11.7,23.4,LOW
STU104495,21.84,21.23,28.0,34.25,40.95,19.35,26.44,LOW
STU104496,11.96,21.33,65.3,35.75,59.28,22.57,34.33,MODERATE
STU104497,24.57,44.13,54.95,51.75,85.43,36.17,46.86,MODERATE
STU104498,0.04,8.93,53.68,11.75,19.4,4.77,17.16,LOW
STU104499,32.07,26.35,55.21,30.75,70.1,23.29,38.0,MODERATE
STU104500,21.65,14.74,39.29,19.75,41.88,13.97,24.42,LOW
STU104501,26.03,37.02,32.04,25.5,81.02,38.39,36.64,MODERATE
STU104502,15.09,16.3,33.34,46.0,68.42,10.05,28.51,LOW
STU104503,16.11,41.9,27.96,35.75,58.45,30.59,33.56,MODERATE
STU104504,11.19,14.85,68.82,31.75,50.48,17.34,31.26,MODERATE
STU104505,19.89,29.62,65.69,26.0,45.53,39.5,36.92,MODERATE
STU104506,0.0,13.04,43.42,9.5,57.02,7.83,19.85,LOW
STU104507,23.34,12.46,66.65,27.5,70.7,22.83,34.59,MODERATE
STU104508,8.85,21.56,68.38,52.5,74.4,31.87,39.34,MODERATE
STU104509,16.04,26.34,62.2,34.0,47.62,28.87,34.98,MODERATE
STU104510,0.0,10.99,50.37,13.25,43.5,1.48,19.31,LOW
STU104511,6.74,23.01,58.16,18.75,61.12,30.02,30.66,MODERATE
STU104512,14.68,27.07,40.76,33.25,51.5,17.32,29.72,LOW
STU104513,45.7,57.67,48.12,80.0,84.18,56.39,59.24,LOW
STU104514,13.17,22.94,70.28,17.0,46.1,31.3,32.72,MODERATE
STU104515,35.91,48.17,58.55,37.0,80.4,46.09,49.13,MODERATE
STU104516,15.19,19.18,62.81,35.75,72.65,16.32,34.65,MODERATE
STU104517,19.18,31.17,57.3,37.0,48.5,37.02,37.19,MODERATE
STU104518,53.15,49.65,56.18,50.75,85.02,44.96,54.89,MODERATE
STU104519,15.47,31.12,50.48,20.0,53.55,38.43,33.17,MODERATE
STU104520,1.4,3.66,43.7,8.5,25.4,2.28,13.98,LOW
STU104521,30.12,32.78,60.48,43.0,79.0,40.03,44.67,MODERATE
STU104522,9.15,22.24,50.29,24.5,27.3,25.04,26.36,LOW
STU104523,0.0,8.21,50.64,8.25,27.5,0.0,16.17,LOW
STU104524,13.51,18.44,54.39,26.75,49.15,26.31,29.75,LOW
STU104525,13.96,39.26,48.29,61.0,77.32,31.63,42.31,MODERATE
STU104526,27.93,20.48,51.5,30.0,44.58,23.76,32.34,MODERATE
STU104527,6.38,22.24,31.34,21.25,40.37,21.69,22.5,LOW
STU104528,1.35,13.8,71.26,10.75,39.02,23.46,25.83,LOW
STU104529,5.76,20.34,47.56,14.0,62.6,15.05,25.61,LOW
STU104530,44.17,56.41,58.09,72.5,100.0,58.85,61.31,HIGH
STU104531,37.37,40.12,69.15,47.0,76.15,40.3,50.03,MODERATE
STU104532,12.62,26.06,53.52,28.0,69.2,23.16,33.18,MODERATE
STU104533,35.85,42.95,65.53,42.5,90.02,50.88,51.48,MODERATE
STU104534,71.54,74.73,51.7,70.75,100.0,72.76,71.22,HIGH
STU104535,41.32,35.93,35.8,52.5,55.0,28.87,40.67,MODERATE
STU104536,9.36,15.81,62.81,43.5,53.27,15.11,31.75,MODERATE
STU104537,19.17,34.1,45.11,47.0,69.95,50.56,40.48,MODERATE
STU104538,37.79,37.61,63.51,58.25,85.58,37.56,50.71,MODERATE
STU104539,17.14,29.98,69.94,48.5,57.38,30.11,40.94,MODERATE
STU104540,21.65,30.25,22.39,29.0,54.8,18.64,28.06,LOW
STU104541,30.45,42.08,53.34,39.75,74.55,40.33,44.73,MODERATE
STU104542,0.0,13.68,55.18,18.25,37.05,16.7,22.57,LOW
STU104543,26.31,32.86,61.51,33.75,55.22,36.52,40.02,MODERATE
STU104544,49.99,49.37,50.3,61.25,66.97,41.85,52.47,MODERATE
STU104545,33.42,40.64,45.42,55.75,90.48,34.89,46.83,MODERATE
STU104546,24.02,30.54,59.85,42.75,60.3,27.49,39.6,MODERATE
STU104547,13.39,17.19,74.88,23.25,31.07,19.98,30.54,MODERATE
STU104548,39.02,35.98,45.9,60.5,71.15,29.46,45.12,MODERATE
STU104549,27.32,13.03,18.65,38.25,25.95,0.98,20.88,LOW
STU104550,23.77,34.6,33.41,40.25,63.32,35.22,35.98,MODERATE
STU104551,5.08,8.24,44.75,3.25,54.08,4.07,18.33,LOW
STU104552,9.6,20.51,29.36,30.25,67.25,24.51,26.63,LOW
STU104553,26.25,42.79,48.69,37.25,81.35,26.39,42.05,MODERATE
STU104554,17.04,21.82,49.99,29.25,44.47,26.41,30.34,MODERATE
STU104555,8.58,8.94,47.74,27.75,40.55,11.94,22.91,LOW
STU104556,27.62,38.8,54.32,38.0,66.75,34.01,41.86,MODERATE
STU104557,38.12,44.56,46.41,53.5,76.3,43.01,48.0,MODERATE
STU104558,16.01,24.96,54.45,36.25,30.52,21.9,31.01,MODERATE
STU104559,7.07,30.11,17.85,49.75,71.92,0.0,27.17,LOW
STU104560,35.05,43.45,65.15,61.75,86.15,52.6,54.04,MODERATE
STU104561,21.33,25.66,76.82,27.0,64.32,26.17,39.14,MODERATE
STU104562,22.49,34.08,56.5,34.5,86.72,23.48,40.51,MODERATE
STU104563,33.32,49.66,57.39,63.25,100.0,55.03,55.55,MODERATE
STU104564,24.15,35.0,64.95,57.0,51.58,28.23,43.1,MODERATE
STU104565,9.23,16.04,43.44,13.25,52.8,6.77,22.49,LOW
STU104566,10.66,26.24,45.11,21.75,47.5,16.94,27.42,LOW
STU104567,19.24,22.47,64.55,37.5,42.92,21.46,34.44,MODERATE
STU104568,17.33,27.96,37.35,61.25,73.32,26.23,37.07,MODERATE
STU104569,19.73,30.1,43.79,38.5,64.0,31.39,35.54,MODERATE
STU104570,24.31,31.76,49.22,40.25,61.3,29.88,37.8,MODERATE
STU104571,30.27,40.51,42.3,61.5,84.55,24.94,44.82,MODERATE
STU104572,19.37,35.02,61.51,42.75,92.02,39.36,44.48,MODERATE
STU104573,26.29,36.75,57.05,52.25,64.03,35.01,43.6,MODERATE
STU104574,6.02,18.33,61.05,19.75,47.28,23.08,28.0,LOW
STU104575,9.23,9.62,54.26,3.25,44.65,14.31,21.49,LOW
STU104576,25.85,46.96,58.5,50.0,77.97,49.44,48.85,MODERATE
STU104577,18.26,29.84,35.31,37.75,49.58,30.11,31.81,MODERATE
STU104578,25.28,37.36,81.54,43.25,64.12,57.51,49.35,MODERATE
STU104579,21.74,29.67,44.96,33.5,75.6,28.87,36.23,MODERATE
STU104580,39.86,28.03,66.38,39.5,56.03,33.1,43.09,MODERATE
STU104581,2.01,12.46,57.0,28.75,47.32,21.35,26.1,LOW
STU104582,29.23,29.11,56.81,41.25,72.95,34.18,41.39,MODERATE
STU104583,16.25,28.55,47.68,40.75,71.28,32.98,36.46,MODERATE
STU104584,25.19,17.57,50.94,37.25,88.42,20.92,36.14,MODERATE
STU104585,29.6,45.18,59.3,34.25,85.52,44.41,47.21,MODERATE
STU104586,21.92,34.99,18.32,30.75,55.92,28.87,29.89,LOW
STU104587,18.42,17.07,41.91,25.0,63.6,5.48,26.99,LOW
STU104588,6.65,18.34,60.74,8.25,19.05,13.3,22.54,LOW
STU104589,18.13,45.71,18.15,50.25,100.0,26.8,38.9,MODERATE
STU104590,58.41,36.22,52.46,70.75,95.08,31.82,54.53,MODERATE
STU104591,19.92,25.62,49.92,22.25,80.15,24.87,34.21,MODERATE
STU104592,16.77,18.08,64.12,25.0,34.38,25.64,30.45,MODERATE
STU104593,6.67,23.27,65.09,52.75,48.95,21.82,35.16,MODERATE
STU104594,7.31,18.31,65.29,43.0,55.62,19.94,33.1,MODERATE
STU104595,36.84,47.18,50.81,44.75,100.0,47.91,50.83,MODERATE
STU104596,21.52,33.79,38.69,58.5,86.05,16.77,39.55,MODERATE
STU104597,46.4,54.4,57.72,53.25,92.32,45.67,56.21,MODERATE
STU104598,23.66,33.41,63.52,38.5,73.1,41.24,43.0,MODERATE
STU104599,52.76,60.52,41.84,58.25,100.0,47.59,57.55,MODERATE
STU104600,8.9,17.73,52.3,23.0,43.42,14.87,25.95,LOW
STU104601,7.05,11.71,39.36,13.5,44.32,9.15,19.58,LOW
STU104602,20.23,31.08,61.66,33.0,82.25,29.18,40.24,MODERATE
STU104603,55.29,44.07,49.47,56.75,62.4,56.1,52.33,MODERATE
STU104604,9.25,24.84,48.39,42.25,73.2,15.57,32.95,MODERATE
STU104605,0.0,13.12,25.45,11.0,43.7,0.0,14.39,LOW
STU104606,19.75,32.17,48.75,47.5,54.25,27.87,37.08,MODERATE
STU104607,0.0,17.83,52.39,14.5,44.12,17.97,23.32,LOW
STU104608,28.89,32.32,56.94,41.75,54.95,23.72,39.38,MODERATE
STU104609,37.27,40.84,50.79,44.25,93.15,42.36,48.01,MODERATE
STU104610,25.9,27.04,73.89,37.0,59.73,22.02,40.44,MODERATE
STU104611,44.43,51.65,53.41,71.5,100.0,49.4,58.15,MODERATE
STU104612,0.6,11.04,60.4,13.5,3.85,12.96,18.67,LOW
STU104613,15.47,36.93,44.64,29.75,61.72,32.72,35.16,MODERATE
STU104614,15.75,22.16,51.49,35.0,56.53,20.59,31.95,MODERATE
STU104615,36.12,34.02,45.19,21.0,66.0,33.5,37.87,MODERATE
STU104616,40.68,49.45,80.12,59.0,83.17,55.11,59.2,LOW
STU104617,10.44,13.95,72.86,28.5,45.85,12.72,30.28,MODERATE
STU104618,38.11,46.94,51.44,53.25,71.92,60.36,50.86,MODERATE
STU104619,18.25,21.47,59.38,41.5,38.4,19.25,32.88,MODERATE
STU104620,27.4,26.88,44.26,42.25,44.38,17.56,33.58,MODERATE
STU104621,9.44,25.93,73.04,27.75,63.25,34.99,36.97,MODERATE
STU104622,24.91,41.11,50.45,42.75,52.05,36.3,40.6,MODERATE
STU104623,28.84,32.91,60.59,34.75,58.72,34.51,40.65,MODERATE
STU104624,33.55,43.2,47.02,38.25,90.48,42.42,45.94,MODERATE
STU104625,7.2,26.09,62.39,23.25,49.68,22.95,31.19,MODERATE
STU104626,13.47,22.21,55.92,39.75,56.62,24.4,33.49,MODERATE
STU104627,7.22,38.16,43.05,31.5,69.6,33.75,34.65,MODERATE
STU104628,30.73,32.54,59.06,54.5,67.1,32.52,44.23,MODERATE
STU104629,0.0,6.79,33.03,15.25,54.37,0.0,16.03,LOW
STU104630,48.3,43.96,35.45,54.25,62.0,38.17,45.89,MODERATE
STU104631,49.98,44.23,41.94,58.0,78.03,46.61,50.61,MODERATE
STU104632,9.51,27.5,70.2,54.25,86.75,18.82,41.51,MODERATE
STU104633,28.55,28.94,44.08,49.25,58.88,21.3,37.17,MODERATE
STU104634,18.17,12.46,45.21,24.0,40.5,9.89,24.43,LOW
STU104635,14.63,22.34,54.95,34.75,34.5,18.51,30.01,MODERATE
STU104636,11.53,31.44,42.06,27.25,40.5,24.58,29.17,LOW
STU104637,22.1,20.2,37.76,20.0,31.35,17.8,24.94,LOW
STU104638,16.55,21.22,49.51,41.25,58.75,13.52,31.93,MODERATE
STU104639,11.59,21.41,72.1,10.75,24.18,28.87,29.01,LOW
STU104640,22.71,32.26,41.39,20.5,64.7,27.77,33.21,MODERATE
STU104641,22.2,32.48,48.25,47.25,60.47,27.63,38.11,MODERATE
STU104642,25.89,24.98,46.5,38.5,86.55,26.24,37.78,MODERATE
STU104643,63.6,67.6,44.22,62.75,100.0,55.12,63.39,HIGH
STU104644,28.6,27.11,44.91,40.25,68.42,21.57,36.52,MODERATE
STU104645,13.76,22.85,55.55,12.75,46.85,26.3,28.8,LOW
STU104646,8.66,24.2,23.14,35.25,51.42,14.2,24.26,LOW
STU104647,15.38,30.98,54.49,38.0,62.4,33.98,37.06,MODERATE
STU104648,9.63,21.65,62.34,22.5,60.88,25.61,31.83,MODERATE
STU104649,8.53,23.92,64.1,22.75,62.1,31.9,33.32,MODERATE
STU104650,9.86,10.76,65.51,18.75,45.98,18.61,27.04,LOW
STU104651,22.84,19.22,52.87,48.5,63.38,19.4,35.5,MODERATE
STU104652,22.33,29.45,58.42,44.5,62.4,30.42,39.47,MODERATE
STU104653,37.05,47.09,48.05,58.75,78.15,54.61,50.88,MODERATE
STU104654,17.79,24.56,38.04,37.0,29.9,15.01,27.35,LOW
STU104655,23.96,27.52,48.88,25.0,41.15,19.68,31.28,MODERATE
STU104656,29.25,29.68,61.89,33.25,67.32,37.24,41.09,MODERATE
STU104657,23.6,32.1,48.59,47.75,74.85,26.13,39.72,MODERATE
STU104658,10.76,18.51,62.18,13.5,42.72,13.86,26.9,LOW
STU104659,20.64,39.36,35.04,43.75,76.0,44.67,39.61,MODERATE
STU104660,26.48,25.13,49.64,40.25,71.47,14.87,36.18,MODERATE
STU104661,17.73,30.54,33.17,40.0,58.65,31.98,32.88,MODERATE
STU104662,18.9,19.53,60.38,31.25,72.8,34.07,36.11,MODERATE
STU104663,48.14,39.59,65.84,45.25,66.07,52.33,51.32,MODERATE
STU104664,7.87,24.21,67.65,43.25,59.08,37.27,37.28,MODERATE
STU104665,30.94,39.02,66.94,39.0,66.55,40.68,45.9,MODERATE
STU104666,32.71,36.71,70.06,45.5,70.2,42.75,47.85,MODERATE
STU104667,9.13,45.2,14.05,21.5,33.55,29.87,25.5,LOW
STU104668,45.49,41.66,68.39,29.0,100.0,42.35,51.78,MODERATE
STU104669,7.95,13.37,46.88,31.0,33.5,6.08,22.92,LOW
STU104670,25.55,30.78,50.14,47.0,45.5,34.21,37.85,MODERATE
STU104671,43.03,53.12,62.93,56.5,83.7,48.84,56.2,MODERATE
STU104672,0.0,13.75,52.91,17.25,35.52,9.78,21.14,LOW
STU104673,13.14,26.16,65.94,26.0,62.4,28.87,35.38,MODERATE
STU104674,18.68,25.0,32.58,37.25,67.85,23.37,31.21,MODERATE
STU104675,10.72,21.78,64.55,32.25,46.73,14.57,31.47,MODERATE
STU104676,24.49,8.52,36.46,32.25,28.88,6.22,22.67,LOW
STU104677,26.16,29.44,34.84,47.0,81.83,22.79,37.07,MODERATE
STU104678,13.26,38.1,64.2,33.5,47.35,37.56,38.53,MODERATE
STU104679,23.66,26.79,65.65,34.0,55.85,32.17,38.46,MODERATE
STU104680,36.73,34.28,36.88,23.75,59.8,26.25,35.46,MODERATE
STU104681,37.16,56.41,44.42,72.0,100.0,50.11,56.23,MODERATE
STU104682,8.97,27.7,68.84,32.0,68.58,38.45,37.99,MODERATE
STU104683,11.22,12.86,39.74,26.5,59.28,17.5,25.06,LOW
STU104684,8.0,17.49,65.29,28.25,71.32,18.1,32.21,MODERATE
STU104685,29.01,36.48,72.52,55.75,68.12,35.22,48.12,MODERATE
STU104686,16.64,12.41,52.74,14.75,53.4,17.47,26.28,LOW
STU104687,31.54,36.28,82.89,32.25,62.4,48.92,47.93,MODERATE
STU104688,32.68,47.04,55.72,64.75,80.25,48.33,52.01,MODERATE
STU104689,18.72,16.1,64.98,12.25,51.52,30.36,30.79,MODERATE
STU104690,38.22,30.73,46.89,42.75,64.62,33.67,40.95,MODERATE
STU104691,0.0,7.26,48.86,3.0,48.9,7.48,17.68,LOW
STU104692,12.78,22.09,48.04,23.5,62.4,22.24,29.68,LOW
STU104693,13.91,33.88,63.3,32.0,77.25,43.39,40.78,MODERATE
STU104694,24.66,17.75,29.61,38.5,48.75,14.14,27.36,LOW
STU104695,0.0,4.51,42.98,14.75,28.72,1.62,14.97,LOW
STU104696,1.31,21.85,56.25,6.0,38.35,26.98,24.41,LOW
STU104697,22.88,28.81,51.26,44.0,57.02,28.87,37.22,MODERATE
STU104698,0.0,2.16,44.61,5.25,43.48,0.0,14.6,LOW
STU104699,14.63,28.65,63.15,52.75,64.03,33.56,40.39,MODERATE
STU104700,22.23,27.7,42.19,37.75,72.97,13.71,34.14,MODERATE
STU104701,15.31,40.77,49.44,58.0,72.2,31.16,42.18,MODERATE
STU104702,33.79,46.84,60.31,64.25,80.67,40.72,52.31,MODERATE
STU104703,28.31,32.79,51.46,38.5,58.58,29.7,38.75,MODERATE
STU104704,23.42,30.74,68.65,32.25,63.45,38.7,41.15,MODERATE
STU104705,2.76,31.28,52.91,42.25,77.95,35.17,36.6,MODERATE
STU104706,41.88,44.59,61.16,62.25,81.18,47.18,53.93,MODERATE
STU104707,17.85,26.96,59.32,19.75,47.5,40.08,33.89,MODERATE
STU104708,22.8,48.06,38.06,33.0,77.25,34.86,40.35,MODERATE
STU104709,25.9,20.21,38.57,19.0,52.3,23.62,28.39,LOW
STU104710,11.41,17.9,39.49,40.25,72.08,19.13,29.81,LOW
STU104711,26.07,29.91,38.22,32.0,67.6,18.96,33.79,MODERATE
STU104712,39.2,37.29,64.0,33.25,78.3,49.26,47.71,MODERATE
STU104713,16.0,14.67,59.48,33.0,54.5,12.21,30.38,MODERATE
STU104714,10.97,28.06,51.52,17.0,42.8,30.24,29.37,LOW
STU104715,14.67,28.1,43.22,33.75,66.4,15.95,31.9,MODERATE
STU104716,9.81,19.33,66.07,22.0,37.6,23.26,29.39,LOW
STU104717,30.44,24.87,45.36,35.5,55.15,11.19,33.34,MODERATE
STU104718,19.4,35.43,37.19,41.5,67.7,43.89,37.56,MODERATE
STU104719,29.8,37.12,56.94,40.0,94.28,36.53,45.71,MODERATE
STU104720,26.19,22.26,48.92,29.25,68.92,25.58,34.42,MODERATE
STU104721,5.37,15.5,37.11,41.0,24.3,13.04,22.26,LOW
STU104722,3.39,20.06,60.53,25.75,24.2,24.27,26.51,LOW
STU104723,7.4,34.23,52.3,36.5,51.72,39.2,35.06,MODERATE
STU104724,2.13,20.56,50.7,8.5,40.88,20.67,23.14,LOW
STU104725,35.69,30.11,38.12,64.0,78.08,25.18,42.22,MODERATE
STU104726,36.65,37.09,49.76,52.5,76.25,37.04,45.76,MODERATE
STU104727,42.56,44.17,19.84,67.25,87.38,32.76,45.62,MODERATE
STU104728,25.6,38.78,50.29,55.75,71.15,41.67,44.52,MODERATE
STU104729,39.65,39.57,55.91,44.75,99.6,44.43,50.12,MODERATE
STU104730,6.9,5.74,64.36,17.0,20.43,9.13,21.19,LOW
STU104731,12.02,25.75,69.7,52.5,89.5,25.82,42.19,MODERATE
STU104732,15.15,31.5,34.76,40.0,53.22,24.51,31.63,MODERATE
STU104733,2.16,2.38,55.94,0.0,25.72,0.14,14.8,LOW
STU104734,35.95,44.22,51.45,69.5,52.95,47.41,49.0,MODERATE
STU104735,31.39,21.71,63.65,34.5,67.68,34.7,39.85,MODERATE
STU104736,2.18,4.62,51.12,37.0,39.0,5.91,21.86,LOW
STU104737,27.58,27.17,48.32,39.75,63.15,27.5,37.0,MODERATE
STU104738,0.0,2.84,42.9,0.0,18.8,0.0,11.17,LOW
STU104739,10.52,17.01,62.36,33.5,51.85,20.08,31.05,MODERATE
STU104740,8.97,18.02,54.58,8.5,57.7,17.58,26.02,LOW
STU104741,8.94,8.16,29.6,10.25,35.5,0.0,14.84,LOW
STU104742,37.72,29.02,45.59,37.75,62.48,26.2,38.45,MODERATE
STU104743,15.01,32.33,47.31,56.5,82.42,27.48,40.01,MODERATE
STU104744,40.07,36.86,68.25,47.75,84.55,44.72,50.97,MODERATE
STU104745,30.47,39.94,52.0,70.25,46.45,40.11,45.67,MODERATE
STU104746,22.49,28.62,39.61,33.25,53.1,19.43,31.82,MODERATE
STU104747,24.18,36.8,44.72,33.5,55.58,27.99,36.36,MODERATE
STU104748,1.79,10.36,44.39,15.75,38.6,12.31,19.28,LOW
STU104749,20.18,27.72,64.71,31.25,44.98,39.91,37.08,MODERATE
STU104750,0.0,14.32,53.51,0.0,40.22,6.12,18.92,LOW
STU104751,58.42,52.35,48.86,62.0,92.4,39.98,57.08,MODERATE
STU104752,33.98,43.68,38.91,57.5,77.72,41.31,46.03,MODERATE
STU104753,31.69,32.2,61.96,37.0,80.67,28.48,43.24,MODERATE
STU104754,7.51,6.26,55.1,1.0,41.42,16.61,20.04,LOW
STU104755,26.51,32.31,46.46,33.5,69.3,33.14,37.94,MODERATE
STU104756,40.94,39.17,41.15,59.25,94.08,43.56,48.86,MODERATE
STU104757,20.92,30.18,65.79,41.0,72.93,26.96,41.03,MODERATE
STU104758,21.65,47.11,48.8,48.5,100.0,34.36,46.58,MODERATE
STU104759,31.26,45.94,45.08,58.5,70.12,36.66,46.21,MODERATE
STU104760,0.0,9.85,64.69,17.0,13.0,11.35,20.39,LOW
STU104761,23.75,27.74,70.2,42.0,79.35,30.71,43.03,MODERATE
STU104762,14.46,22.23,59.78,22.0,46.02,38.43,32.15,MODERATE
STU104763,6.92,34.6,42.79,31.75,64.3,27.4,32.52,MODERATE
STU104764,36.32,38.77,79.1,44.25,66.4,49.69,51.02,MODERATE
STU104765,23.48,40.12,62.79,40.5,91.3,51.19,47.61,MODERATE
STU104766,13.37,31.29,37.65,41.25,74.12,30.23,34.65,MODERATE
STU104767,14.48,29.95,58.98,30.25,50.77,20.59,33.85,MODERATE
STU104768,0.0,18.08,71.68,17.5,53.4,25.34,29.36,LOW
STU104769,0.0,21.72,38.15,44.0,57.55,14.2,26.83,LOW
STU104770,39.33,43.27,69.34,79.5,87.13,43.03,57.49,MODERATE
STU104771,12.22,19.61,51.69,23.25,90.28,8.95,31.1,MODERATE
STU104772,12.05,13.1,45.51,39.0,51.28,10.93,26.86,LOW
STU104773,34.49,35.64,84.6,59.75,63.9,55.52,53.63,MODERATE
STU104774,0.0,26.35,51.35,42.5,55.2,28.87,31.64,MODERATE
STU104775,8.82,20.99,40.36,22.25,42.12,14.72,24.1,LOW
STU104776,21.06,31.26,49.94,33.75,67.35,23.08,36.12,MODERATE
STU104777,27.52,24.6,68.1,24.75,32.65,27.03,34.95,MODERATE
STU104778,30.34,36.33,41.5,44.25,86.0,33.19,42.01,MODERATE
STU104779,7.57,10.26,40.11,20.75,35.43,5.37,19.29,LOW
STU104780,39.07,48.43,46.99,54.75,95.48,40.95,51.18,MODERATE
STU104781,35.08,24.53,56.65,25.25,51.5,28.87,36.3,MODERATE
STU104782,6.53,26.18,45.39,34.0,60.0,20.01,30.03,MODERATE
STU104783,17.68,17.62,53.32,29.0,54.15,15.65,29.94,LOW
STU104784,44.03,41.51,78.6,39.5,81.6,53.82,54.37,MODERATE
STU104785,8.1,20.76,39.76,29.5,50.45,19.51,26.18,LOW
STU104786,23.16,36.14,51.7,29.25,92.05,30.13,40.61,MODERATE
STU104787,36.75,42.95,27.14,47.5,62.4,44.4,41.32,MODERATE
STU104788,24.1,36.33,44.3,51.25,91.7,28.87,42.51,MODERATE
STU104789,17.46,29.97,25.92,22.5,66.78,13.03,27.52,LOW
STU104790,34.79,50.3,56.97,68.75,62.4,43.96,51.88,MODERATE
STU104791,2.38,8.52,40.12,19.0,28.38,9.14,17.23,LOW
STU104792,6.0,20.47,50.06,30.25,53.55,17.09,27.93,LOW
STU104793,10.55,20.03,35.52,11.5,65.65,24.57,24.97,LOW
STU104794,0.0,15.7,56.56,5.75,33.17,19.09,21.33,LOW
STU104795,32.29,39.17,72.1,50.5,77.12,40.42,50.0,MODERATE
STU104796,21.87,31.4,43.39,19.5,75.82,30.4,34.45,MODERATE
STU104797,53.53,51.92,68.62,76.75,92.28,59.81,64.13,HIGH
STU104798,21.57,34.7,56.59,39.5,80.95,33.76,41.7,MODERATE
STU104799,0.0,7.4,46.91,15.5,36.65,12.32,18.45,LOW
STU104800,17.48,41.46,48.65,47.5,84.58,39.63,43.14,MODERATE
STU104801,37.0,23.36,35.2,37.0,53.32,12.32,32.39,MODERATE
STU104802,29.57,41.04,58.38,35.0,69.82,33.65,43.45,MODERATE
STU104803,25.18,21.07,51.5,40.25,57.18,12.55,33.61,MODERATE
STU104804,22.96,15.34,63.99,37.0,58.72,22.39,34.89,MODERATE
STU104805,48.67,50.82,67.32,66.5,76.2,54.75,58.97,MODERATE
STU104806,28.8,47.23,46.55,41.75,71.75,34.53,43.77,MODERATE
STU104807,4.4,10.54,54.55,8.0,49.78,12.36,21.84,LOW
STU104808,14.96,20.65,49.05,46.0,49.58,15.77,31.4,MODERATE
STU104809,18.92,36.8,23.29,33.5,59.05,15.23,30.1,MODERATE
STU104810,21.65,7.78,62.51,33.5,9.18,9.56,25.68,LOW
STU104811,33.47,37.74,52.82,54.75,78.08,39.32,46.65,MODERATE
STU104812,8.24,26.98,51.81,36.5,48.52,22.4,31.32,MODERATE
STU104813,18.48,27.39,57.35,30.5,65.47,28.4,35.98,MODERATE
STU104814,18.32,21.9,57.18,25.0,54.6,20.41,31.83,MODERATE
STU104815,42.27,51.3,65.77,58.75,88.72,48.85,57.0,MODERATE
STU104816,34.83,38.42,61.91,43.25,77.42,29.21,46.1,MODERATE
STU104817,13.85,30.11,47.98,30.0,39.8,35.3,31.9,MODERATE
STU104818,13.98,26.32,52.77,51.5,82.72,15.92,37.52,MODERATE
STU104819,8.17,12.04,56.29,30.75,35.35,15.29,25.58,LOW
STU104820,10.79,6.86,35.54,14.0,32.38,2.15,16.53,LOW
STU104821,15.2,39.25,61.46,46.25,66.8,45.95,43.36,MODERATE
STU104822,0.76,16.41,61.45,26.25,46.75,24.88,27.64,LOW
STU104823,32.78,42.14,60.78,38.75,72.45,40.95,46.4,MODERATE
STU104824,29.12,38.21,31.98,48.25,66.7,32.27,38.91,MODERATE
STU104825,30.41,17.9,61.14,23.0,66.72,19.32,34.84,MODERATE
STU104826,26.35,37.0,55.06,58.25,71.9,27.65,44.22,MODERATE
STU104827,2.43,20.3,48.95,14.75,49.82,8.43,23.39,LOW
STU104828,24.9,45.82,24.95,39.0,58.53,38.27,36.96,MODERATE
STU104829,42.65,38.12,62.9,36.25,72.97,40.52,47.43,MODERATE
STU104830,12.24,19.7,60.2,34.75,49.92,14.81,31.1,MODERATE
STU104831,35.93,39.54,46.38,28.75,71.45,47.09,42.51,MODERATE
STU104832,31.35,35.64,35.28,37.0,68.65,31.99,37.85,MODERATE
STU104833,0.0,18.69,64.03,20.75,35.03,20.26,26.12,LOW
STU104834,14.38,28.19,44.47,25.75,72.8,31.86,33.15,MODERATE
STU104835,34.84,54.16,83.6,58.25,75.55,69.11,60.43,HIGH
STU104836,12.1,25.25,48.02,38.0,51.92,17.86,31.01,MODERATE
STU104837,23.56,35.05,51.89,35.5,60.58,22.56,37.49,MODERATE
STU104838,44.62,54.08,49.99,63.0,65.08,53.99,53.8,MODERATE
STU104839,21.65,54.97,56.05,57.5,100.0,52.1,53.12,MODERATE
STU104840,12.71,22.12,55.42,17.0,33.78,15.16,26.6,LOW
STU104841,38.9,44.4,51.08,46.25,76.88,42.66,47.99,MODERATE
STU104842,30.41,44.65,56.58,51.5,91.85,37.85,49.26,MODERATE
STU104843,21.65,25.47,32.25,20.75,58.38,14.64,27.56,LOW
STU104844,16.69,15.26,62.29,25.0,63.3,19.23,31.61,MODERATE
STU104845,26.54,36.4,33.56,51.0,67.97,31.99,38.77,MODERATE
STU104846,1.25,24.86,63.16,39.25,61.75,21.96,33.36,MODERATE
STU104847,0.0,0.14,50.35,3.5,16.62,0.56,12.35,LOW
STU104848,11.22,11.84,63.9,17.5,33.65,30.63,27.04,LOW
STU104849,8.11,19.89,41.11,0.0,41.8,9.85,19.98,LOW
STU104850,15.9,22.84,51.45,34.5,83.25,14.83,34.16,MODERATE
STU104851,14.84,36.24,52.4,37.0,85.7,40.26,40.65,MODERATE
STU104852,15.31,32.54,42.42,35.25,64.35,36.47,35.05,MODERATE
STU104853,9.29,21.81,66.6,26.25,56.2,9.83,31.17,MODERATE
STU104854,36.57,45.09,50.15,61.75,69.62,38.33,48.67,MODERATE
STU104855,39.8,36.08,70.12,47.75,100.0,50.88,53.25,MODERATE
STU104856,50.38,44.63,56.99,48.0,62.4,45.81,50.65,MODERATE
STU104857,21.59,24.18,78.2,37.5,48.5,42.05,40.68,MODERATE
STU104858,15.41,25.86,82.08,29.5,65.47,30.13,39.95,MODERATE
STU104859,33.85,40.71,49.65,44.75,78.12,36.04,45.01,MODERATE
STU104860,7.58,23.94,41.55,23.75,70.35,15.15,27.92,LOW
STU104861,40.89,42.68,59.75,40.5,64.92,39.44,47.31,MODERATE
STU104862,35.4,29.86,39.48,48.0,78.9,21.81,39.71,MODERATE
STU104863,1.37,26.91,39.85,40.5,37.12,19.74,26.73,LOW
STU104864,4.72,25.64,67.71,28.25,30.25,36.45,31.8,MODERATE
STU104865,34.0,30.24,41.44,54.75,57.98,31.54,39.81,MODERATE
STU104866,25.86,30.56,36.74,53.25,59.42,25.74,36.66,MODERATE
STU104867,23.75,36.3,57.19,48.25,80.23,38.47,44.37,MODERATE
STU104868,17.36,31.82,41.92,38.25,72.38,21.48,34.93,MODERATE
STU104869,15.16,22.38,64.76,26.75,35.75,19.81,31.15,MODERATE
STU104870,16.7,27.52,61.99,40.5,56.75,31.07,37.48,MODERATE
STU104871,26.95,25.55,65.12,32.75,44.58,23.33,36.5,MODERATE
STU104872,18.84,29.51,52.28,24.25,52.37,28.87,33.36,MODERATE
STU104873,23.68,43.65,65.27,56.0,83.82,39.25,49.41,MODERATE
STU104874,24.61,25.86,54.2,28.0,59.85,36.72,36.08,MODERATE
STU104875,15.01,26.09,49.24,16.75,39.45,19.68,27.8,LOW
STU104876,0.65,19.89,49.52,45.25,51.78,24.57,29.43,LOW
STU104877,33.07,33.58,72.79,44.0,78.97,36.15,47.68,MODERATE
STU104878,12.03,20.59,55.18,16.0,58.85,28.32,29.71,LOW
STU104879,48.61,48.85,55.21,57.0,78.25,39.58,53.31,MODERATE
STU104880,22.18,38.3,57.08,30.75,75.43,38.61,41.44,MODERATE
STU104881,31.23,34.42,45.46,35.5,59.2,24.58,37.65,MODERATE
STU104882,49.59,43.23,18.61,37.75,49.62,29.73,38.04,MODERATE
STU104883,33.12,31.26,70.04,36.0,60.38,30.35,42.92,MODERATE
STU104884,17.67,30.87,35.0,18.5,36.62,35.12,28.2,LOW
STU104885,56.55,48.81,64.9,57.75,98.82,54.72,60.51,HIGH
STU104886,37.82,34.84,49.3,54.5,59.88,31.53,43.45,MODERATE
STU104887,38.51,47.39,71.16,65.0,73.03,43.89,55.22,MODERATE
STU104888,0.0,4.15,60.38,3.0,14.63,12.73,16.3,LOW
STU104889,26.76,23.54,49.95,26.0,43.32,28.61,32.32,MODERATE
STU104890,23.06,31.88,48.22,38.75,60.4,22.51,36.33,MODERATE
STU104891,5.31,27.39,46.14,18.75,47.9,16.74,26.41,LOW
STU104892,4.49,26.31,46.78,33.0,66.15,22.84,30.68,MODERATE
STU104893,11.12,13.72,61.3,21.25,27.75,13.35,25.21,LOW
STU104894,34.23,50.57,55.81,53.25,97.85,45.06,52.93,MODERATE
STU104895,5.31,11.74,51.29,32.75,27.18,12.63,23.15,LOW
STU104896,21.24,14.08,48.94,23.0,30.78,22.18,26.3,LOW
STU104897,38.42,33.74,40.56,17.5,50.52,26.27,34.54,MODERATE
STU104898,30.7,29.93,50.48,47.0,38.45,17.83,36.4,MODERATE
STU104899,71.84,62.9,66.3,70.75,95.88,57.57,69.31,HIGH
STU104900,34.76,40.9,24.24,63.25,97.75,38.06,45.09,MODERATE
STU104901,20.17,26.72,60.41,39.25,47.35,31.7,36.59,MODERATE
STU104902,4.19,16.01,42.65,34.75,68.1,13.74,26.77,LOW
STU104903,9.73,30.81,72.58,20.25,52.7,39.98,36.47,MODERATE
STU104904,17.39,29.54,56.56,46.0,68.92,23.86,38.35,MODERATE
STU104905,6.33,3.82,40.44,2.25,25.65,0.0,13.21,LOW
STU104906,5.81,18.53,68.71,29.5,57.7,23.49,32.08,MODERATE
STU104907,34.37,34.76,63.85,41.25,78.32,35.34,45.89,MODERATE
STU104908,0.0,0.43,51.06,6.5,23.5,0.0,13.64,LOW
STU104909,25.37,48.69,52.34,65.25,64.25,47.42,48.67,MODERATE
STU104910,21.65,46.33,39.59,54.0,84.55,39.8,44.37,MODERATE
STU104911,28.47,33.37,70.97,39.75,39.78,39.9,42.16,MODERATE
STU104912,26.57,38.91,41.7,37.0,78.18,28.87,39.64,MODERATE
STU104913,38.65,33.76,46.98,50.5,59.48,35.02,42.59,MODERATE
STU104914,26.49,27.44,72.31,34.75,46.28,45.75,41.04,MODERATE
STU104915,18.67,33.5,70.96,32.25,67.3,38.78,41.75,MODERATE
STU104916,11.64,26.01,67.4,25.25,62.4,29.69,35.31,MODERATE
STU104917,31.15,30.51,40.26,42.0,72.75,11.79,36.66,MODERATE
STU104918,49.63,49.66,76.14,77.25,100.0,54.91,64.65,HIGH
STU104919,36.67,47.76,57.39,59.25,86.8,50.95,53.41,MODERATE
STU104920,31.54,38.63,37.16,51.25,71.5,30.23,41.26,MODERATE
STU104921,34.83,48.41,52.19,44.5,61.85,65.33,48.9,MODERATE
STU104922,19.88,28.88,56.14,49.75,81.6,19.94,40.04,MODERATE
STU104923,4.28,11.85,50.32,11.5,34.9,9.01,20.0,LOW
STU104924,21.99,32.3,36.09,36.5,58.58,34.26,34.45,MODERATE
STU104925,45.72,44.52,40.14,45.25,78.3,36.12,46.53,MODERATE
STU104926,31.77,35.5,44.42,68.5,61.35,34.33,43.96,MODERATE
STU104927,4.66,20.83,28.39,31.5,37.12,12.71,21.53,LOW
STU104928,6.37,15.89,27.3,7.0,38.85,8.4,16.48,LOW
STU104929,19.18,25.44,49.22,36.25,47.92,23.7,32.64,MODERATE
STU104930,40.97,50.2,60.42,69.75,87.2,43.5,56.36,MODERATE
STU104931,25.26,26.28,38.09,35.5,74.82,21.05,34.15,MODERATE
STU104932,17.3,27.76,45.78,37.0,61.88,28.49,34.14,MODERATE
STU104933,24.61,33.11,43.84,38.5,65.35,29.93,37.27,MODERATE
STU104934,36.3,34.87,80.46,40.5,78.08,45.5,50.5,MODERATE
STU104935,21.65,32.2,51.52,39.0,71.9,44.51,40.18,MODERATE
STU104936,21.65,40.96,50.76,43.0,69.85,50.75,43.23,MODERATE
STU104937,29.77,40.28,61.45,40.0,83.1,37.4,46.36,MODERATE
STU104938,12.05,18.34,27.76,20.5,31.33,17.84,20.54,LOW
STU104939,5.96,12.1,66.96,26.75,38.4,30.41,28.5,LOW
STU104940,33.62,35.75,52.5,34.0,96.5,35.68,44.48,MODERATE
STU104941,20.23,31.72,60.04,37.0,75.12,35.08,40.55,MODERATE
STU104942,21.57,25.42,44.44,40.5,86.72,23.61,36.66,MODERATE
STU104943,0.0,12.28,58.82,9.0,30.78,0.0,19.26,LOW
STU104944,6.36,15.45,21.45,22.75,53.6,8.07,19.0,LOW
STU104945,15.2,23.56,58.56,32.25,48.1,21.86,32.48,MODERATE
STU104946,24.26,23.41,48.99,41.75,51.4,30.17,34.92,MODERATE
STU104947,21.27,38.2,68.19,55.0,69.55,49.63,47.61,MODERATE
STU104948,4.91,17.65,62.71,45.5,49.3,28.02,32.49,MODERATE
STU104949,18.91,25.35,40.17,32.5,52.77,10.35,29.34,LOW
STU104950,30.03,43.69,36.96,46.75,81.12,35.96,43.04,MODERATE
STU104951,8.61,23.29,53.61,41.5,74.15,14.26,33.33,MODERATE
STU104952,3.5,24.2,55.44,15.0,37.98,28.87,26.77,LOW
STU104953,57.75,50.14,76.74,72.75,88.63,51.26,64.33,HIGH
STU104954,43.26,42.4,59.19,41.0,58.22,28.87,45.95,MODERATE
STU104955,9.65,36.31,52.54,29.25,72.52,44.81,37.64,MODERATE
STU104956,47.39,52.89,42.15,42.5,100.0,56.87,53.19,MODERATE
STU104957,60.79,34.98,65.64,54.75,100.0,30.99,55.34,MODERATE
STU104958,31.08,35.77,55.8,53.5,61.58,39.07,44.41,MODERATE
STU104959,19.61,9.64,41.74,22.25,44.4,12.67,23.72,LOW
STU104960,18.05,28.19,72.68,16.0,50.85,25.82,35.26,MODERATE
STU104961,0.0,11.44,35.74,33.25,36.97,1.65,18.86,LOW
STU104962,28.45,32.68,45.7,31.0,50.58,22.05,34.91,MODERATE
STU104963,18.99,27.16,53.4,34.75,73.82,20.9,35.95,MODERATE
STU104964,35.41,44.43,66.91,55.75,68.9,46.57,51.48,MODERATE
STU104965,36.91,34.33,56.65,63.5,43.45,30.51,44.22,MODERATE
STU104966,16.07,19.73,52.68,31.25,65.18,20.79,31.97,MODERATE
STU104967,9.01,20.14,30.51,33.25,54.37,0.0,23.36,LOW
STU104968,18.51,25.94,53.35,20.75,75.9,18.31,33.39,MODERATE
STU104969,12.4,28.98,57.05,31.5,66.35,24.73,34.97,MODERATE
STU104970,11.38,12.0,31.07,25.25,38.45,0.0,19.12,LOW
STU104971,16.66,33.58,19.69,41.75,82.45,9.27,31.1,MODERATE
STU104972,8.78,15.32,72.5,17.5,51.72,20.88,29.97,LOW
STU104973,10.35,40.53,62.74,46.0,60.22,33.59,41.03,MODERATE
STU104974,33.44,33.69,45.38,45.25,60.8,33.3,40.38,MODERATE
STU104975,6.19,37.61,66.65,41.25,60.13,47.76,40.95,MODERATE
STU104976,20.1,22.29,44.72,32.5,66.78,19.43,32.03,MODERATE
STU104977,24.0,35.36,68.85,72.75,76.88,66.75,52.69,MODERATE
STU104978,19.24,38.13,28.5,35.75,43.75,31.33,31.95,MODERATE
STU104979,21.65,53.46,46.42,55.75,98.68,48.68,50.08,MODERATE
STU104980,10.07,27.6,62.35,28.25,59.68,23.46,33.94,MODERATE
STU104981,11.0,13.91,38.6,25.75,36.52,18.14,22.73,LOW
STU104982,8.87,25.69,40.56,26.75,62.4,23.6,28.92,LOW
STU104983,11.07,18.94,47.64,20.25,41.35,35.98,27.25,LOW
STU104984,14.72,28.82,57.08,32.5,72.38,33.19,37.0,MODERATE
STU104985,17.06,22.56,67.65,21.25,82.32,22.59,36.26,MODERATE
STU104986,11.9,19.63,42.44,42.75,49.35,23.09,29.43,LOW
STU104987,21.08,22.97,55.45,27.5,64.57,28.87,34.52,MODERATE
STU104988,21.65,34.96,47.46,45.5,79.4,40.13,41.34,MODERATE
STU104989,16.76,43.19,50.91,31.25,54.55,40.55,38.53,MODERATE
STU104990,17.73,30.15,67.69,44.75,53.65,30.99,39.8,MODERATE
STU104991,36.48,35.0,86.4,48.75,82.88,52.48,54.17,MODERATE
STU104992,48.82,53.11,70.45,69.25,79.5,43.52,59.82,LOW
STU104993,53.91,44.43,50.6,58.0,84.78,36.75,52.86,MODERATE
STU104994,11.96,29.57,54.1,32.5,53.82,14.63,32.32,MODERATE
STU104995,21.65,17.44,52.95,42.0,49.18,17.16,32.21,MODERATE
STU104996,30.6,33.18,57.54,41.25,81.15,39.3,44.16,MODERATE
STU104997,0.0,8.12,47.68,0.0,29.95,7.09,15.27,LOW
STU104998,17.15,38.67,51.06,50.0,100.0,40.05,44.81,MODERATE
STU104999,28.98,29.04,47.44,31.25,53.5,30.92,35.67,MODERATE
STU105000,11.43,20.2,36.09,34.5,38.17,26.36,26.18,LOW
STU105001,21.7,13.38,47.11,25.0,55.32,23.76,28.76,LOW
STU105002,6.55,20.88,54.18,29.0,54.12,13.49,28.48,LOW
STU105003,9.93,21.17,33.86,25.5,58.62,14.77,25.21,LOW
STU105004,24.52,28.79,35.68,35.5,45.98,20.7,31.23,MODERATE
STU105005,0.23,19.57,37.16,19.5,53.62,28.87,23.54,LOW
STU105006,11.06,19.38,44.11,25.5,47.15,3.59,24.78,LOW
STU105007,35.44,42.24,48.22,57.25,91.5,34.77,48.51,MODERATE
STU105008,15.94,31.09,52.09,25.0,54.75,22.04,32.81,MODERATE
STU105009,45.45,42.0,73.21,67.5,72.72,45.35,56.16,MODERATE
STU105010,7.49,17.59,72.72,17.0,65.62,35.91,33.14,MODERATE
STU105011,20.56,26.16,49.9,18.75,50.95,14.27,29.97,LOW
STU105012,5.08,10.6,52.84,11.0,21.88,12.3,19.3,LOW
STU105013,18.5,33.03,51.78,34.5,62.52,39.24,37.66,MODERATE
STU105014,39.61,48.53,33.95,58.5,98.78,29.4,48.44,MODERATE
STU105015,2.35,1.74,48.12,5.75,23.42,1.97,13.93,LOW
STU105016,9.16,32.3,23.6,43.75,67.35,30.93,31.02,MODERATE
STU105017,33.53,49.11,37.7,52.25,52.95,47.88,44.44,MODERATE
STU105018,10.9,17.54,73.85,18.25,34.88,22.91,29.85,LOW
STU105019,4.8,10.36,71.15,8.75,20.7,22.64,23.43,LOW
STU105020,8.52,41.9,42.18,33.25,38.6,34.73,32.94,MODERATE
STU105021,4.31,26.75,45.05,28.0,47.18,30.83,28.56,LOW
STU105022,4.21,27.38,50.74,36.0,60.45,21.41,31.42,MODERATE
STU105023,34.36,49.57,66.9,49.75,78.85,56.77,53.67,MODERATE
STU105024,27.54,44.36,57.56,62.75,43.38,43.11,46.17,MODERATE
STU105025,0.0,10.92,70.09,0.0,45.0,21.92,23.44,LOW
STU105026,25.51,32.67,45.92,42.75,66.62,22.27,37.75,MODERATE
STU105027,27.72,32.83,69.8,42.25,87.72,31.56,45.98,MODERATE
STU105028,21.65,36.63,58.29,46.75,92.0,50.97,46.46,MODERATE
STU105029,0.0,25.36,39.36,28.0,57.4,20.46,26.2,LOW
STU105030,34.22,41.84,62.26,64.25,100.0,36.58,53.05,MODERATE
STU105031,20.05,24.59,40.15,45.25,66.5,19.83,33.61,MODERATE
STU105032,0.0,2.66,52.02,28.5,17.93,6.94,17.83,LOW
STU105033,0.0,5.4,58.54,2.0,32.18,4.37,17.01,LOW
STU105034,19.49,19.99,36.05,25.5,41.28,15.93,25.65,LOW
STU105035,8.49,12.04,40.06,29.0,40.88,0.0,21.16,LOW
STU105036,5.14,19.37,53.27,17.25,40.65,19.49,25.13,LOW
STU105037,29.79,21.94,48.5,31.75,68.03,18.15,34.52,MODERATE
STU105038,15.04,25.74,36.9,32.0,24.3,24.36,26.49,LOW
STU105039,12.08,11.3,51.22,11.5,40.98,16.24,22.93,LOW
STU105040,43.75,45.81,53.86,44.5,70.0,43.61,49.01,MODERATE
STU105041,13.2,19.34,60.09,43.0,68.62,21.73,34.98,MODERATE
STU105042,9.33,22.94,59.18,28.25,60.13,18.42,31.53,MODERATE
STU105043,13.45,28.11,56.16,33.0,35.85,28.55,32.34,MODERATE
STU105044,18.39,28.94,64.24,20.75,53.72,33.33,35.58,MODERATE
STU105045,31.45,32.06,46.85,29.75,76.53,34.61,39.25,MODERATE
STU105046,25.1,22.93,57.95,37.25,70.68,20.6,37.06,MODERATE
STU105047,10.16,21.14,43.42,26.0,25.7,17.07,24.18,LOW
STU105048,8.58,16.29,58.73,13.75,54.25,21.35,27.16,LOW
STU105049,28.59,26.12,60.05,42.75,68.6,27.35,40.27,MODERATE
STU105050,41.84,31.95,40.43,42.75,84.82,25.25,41.86,MODERATE
STU105051,16.08,26.06,40.21,45.5,73.55,23.65,34.32,MODERATE
STU105052,24.75,29.15,43.9,24.75,40.9,19.54,30.77,MODERATE
STU105053,39.5,41.11,66.82,36.5,81.85,37.77,48.98,MODERATE
STU105054,8.83,28.87,57.52,25.75,55.82,30.85,33.02,MODERATE
STU105055,17.24,24.94,44.78,35.75,62.4,28.87,33.13,MODERATE
STU105056,12.28,12.24,60.86,27.0,58.35,18.24,29.4,LOW
STU105057,29.66,48.37,43.41,60.5,83.78,41.78,48.34,MODERATE
STU105058,39.38,33.6,39.49,37.0,74.88,32.53,40.47,MODERATE
STU105059,12.46,17.76,53.22,22.5,45.08,16.8,27.14,LOW
STU105060,20.73,30.14,62.0,43.0,70.68,35.82,41.18,MODERATE
STU105061,40.72,27.17,52.79,56.0,59.63,19.0,41.76,MODERATE
STU105062,5.98,21.54,31.66,27.0,49.28,17.75,23.67,LOW
STU105063,25.05,21.49,63.09,26.25,77.25,21.61,36.82,MODERATE
STU105064,44.58,31.74,54.02,49.75,71.58,32.11,45.49,MODERATE
STU105065,0.0,16.12,48.76,28.75,48.85,21.87,25.17,LOW
STU105066,22.37,29.58,53.48,39.25,58.58,38.69,38.18,MODERATE
STU105067,0.9,13.73,38.12,17.75,11.0,14.62,16.46,LOW
STU105068,51.67,40.66,52.24,46.5,83.35,38.13,50.07,MODERATE
STU105069,23.04,29.05,32.56,42.0,65.8,22.89,33.55,MODERATE
STU105070,25.96,26.84,27.79,29.75,48.05,2.66,26.99,LOW
STU105071,46.85,57.58,57.72,49.0,100.0,58.04,58.46,MODERATE
STU105072,4.97,22.64,41.2,28.25,28.98,21.2,24.15,LOW
STU105073,29.13,49.52,60.05,58.0,97.15,50.95,53.73,MODERATE
STU105074,20.58,31.34,35.32,34.25,74.7,28.0,34.42,MODERATE
STU105075,21.65,12.26,39.07,32.75,16.35,9.73,22.73,LOW
STU105076,18.65,34.95,43.49,48.5,65.92,32.18,38.25,MODERATE
STU105077,37.56,35.18,45.15,47.25,55.78,34.87,41.49,MODERATE
STU105078,33.39,20.64,68.3,9.75,50.82,24.29,34.47,MODERATE
STU105079,34.99,30.6,32.45,51.0,67.45,16.98,37.23,MODERATE
STU105080,45.84,40.41,50.95,28.25,100.0,37.84,47.48,MODERATE
STU105081,9.77,18.06,77.2,23.25,30.72,44.07,32.88,MODERATE
STU105082,37.43,40.31,59.44,52.5,75.2,46.33,49.48,MODERATE
STU105083,40.26,25.16,45.29,32.5,70.8,12.44,36.6,MODERATE
STU105084,18.44,19.79,62.39,9.0,42.1,30.8,29.75,LOW
STU105085,48.19,43.29,44.95,49.25,80.5,37.43,48.63,MODERATE
STU105086,1.71,13.89,51.36,5.0,47.65,28.87,22.49,LOW
STU105087,31.43,32.07,45.39,48.25,61.23,27.09,39.45,MODERATE
STU105088,3.43,20.18,29.28,31.25,51.78,10.0,22.45,LOW
STU105089,10.17,22.35,50.39,38.5,40.15,24.1,29.9,LOW
STU105090,10.99,22.94,54.19,44.0,68.3,18.91,34.09,MODERATE
STU105091,31.39,37.0,45.79,38.5,75.55,24.25,40.44,MODERATE
STU105092,5.36,28.31,59.8,36.25,69.95,26.4,35.18,MODERATE
STU105093,13.43,23.16,55.22,13.5,62.85,22.42,30.07,MODERATE
STU105094,21.65,41.75,69.64,31.75,83.82,41.21,45.96,MODERATE
STU105095,17.17,42.62,60.25,53.75,75.15,48.38,46.55,MODERATE
STU105096,18.82,17.36,65.27,25.0,49.6,24.15,32.28,MODERATE
STU105097,35.24,40.3,53.18,36.5,88.22,31.43,45.2,MODERATE
STU105098,31.07,11.24,57.39,22.0,47.32,22.37,30.77,MODERATE
STU105099,39.13,30.15,37.65,36.25,67.25,27.53,37.81,MODERATE
STU105100,40.43,22.68,37.0,33.25,55.28,21.68,33.84,MODERATE
STU105101,0.0,13.95,51.72,14.75,43.8,14.51,21.88,LOW
STU105102,33.65,33.31,34.06,47.25,70.92,18.02,37.85,MODERATE
STU105103,28.32,34.25,63.9,52.5,89.65,47.5,48.6,MODERATE
STU105104,18.1,28.25,37.6,41.25,80.67,15.6,34.02,MODERATE
STU105105,24.33,36.41,53.39,45.5,80.95,34.47,43.01,MODERATE
STU105106,26.73,39.91,61.86,43.5,69.05,42.15,45.34,MODERATE
STU105107,18.28,33.62,49.05,45.0,71.35,35.02,39.26,MODERATE
STU105108,0.0,11.78,54.21,31.5,50.37,0.0,23.55,LOW
STU105109,23.48,17.36,63.11,47.0,86.58,28.01,40.17,MODERATE
STU105110,22.28,34.89,50.39,35.25,61.9,31.56,37.89,MODERATE
STU105111,12.4,19.99,49.72,31.0,36.8,28.21,28.57,LOW
STU105112,42.22,41.53,32.31,59.25,74.25,28.87,44.49,MODERATE
STU105113,17.58,7.92,46.34,25.25,53.92,3.86,24.33,LOW
STU105114,10.71,13.15,67.49,29.25,30.22,13.11,27.65,LOW
STU105115,0.0,12.07,55.34,17.75,21.88,9.35,19.87,LOW
STU105116,0.0,25.79,64.94,16.0,40.3,28.87,28.75,LOW
STU105117,26.0,25.58,54.72,34.25,63.55,23.67,36.4,MODERATE
STU105118,25.59,17.0,59.82,15.75,44.8,11.09,29.28,LOW
STU105119,29.56,32.9,51.66,38.5,49.0,27.44,37.89,MODERATE
STU105120,36.8,36.07,69.71,37.0,47.47,42.4,44.86,MODERATE
STU105121,23.89,34.39,54.44,31.25,64.08,34.04,38.76,MODERATE
STU105122,21.65,14.37,35.17,20.25,39.57,1.85,22.14,LOW
STU105123,33.07,33.37,56.62,36.25,100.0,33.47,45.07,MODERATE
STU105124,36.99,40.94,58.96,42.25,61.88,37.48,45.7,MODERATE
STU105125,20.41,25.3,52.6,26.25,49.62,19.48,31.77,MODERATE
STU105126,6.61,27.32,59.24,36.75,47.42,42.58,34.51,MODERATE
STU105127,39.67,34.18,54.85,44.0,80.58,30.31,45.14,MODERATE
STU105128,8.13,25.08,54.81,45.25,51.62,28.87,33.69,MODERATE
STU105129,13.61,13.93,43.4,8.25,23.65,14.27,19.91,LOW
STU105130,2.78,10.87,73.06,28.0,39.97,14.09,27.49,LOW
STU105131,30.11,23.43,50.79,37.25,24.3,28.25,32.88,MODERATE
STU105132,18.75,24.77,48.68,50.5,53.72,38.4,36.47,MODERATE
STU105133,1.99,13.35,46.26,16.0,47.95,15.77,21.76,LOW
STU105134,21.04,31.04,43.72,39.75,67.4,20.8,35.49,MODERATE
STU105135,3.04,24.6,49.89,9.75,57.28,14.23,25.35,LOW
STU105136,5.07,17.52,43.36,5.5,22.4,16.78,18.81,LOW
STU105137,12.18,26.62,38.51,31.5,35.55,26.03,27.68,LOW
STU105138,31.54,45.47,48.51,64.5,56.0,44.56,47.11,MODERATE
STU105139,39.26,44.93,47.68,73.0,85.25,40.26,52.12,MODERATE
STU105140,19.84,33.67,53.76,50.25,61.12,33.73,40.16,MODERATE
STU105141,10.85,24.34,52.05,40.25,35.85,22.21,30.51,MODERATE
STU105142,21.3,25.86,61.7,29.0,36.45,34.04,34.46,MODERATE
STU105143,0.0,8.12,46.19,11.25,44.78,0.0,17.43,LOW
STU105144,12.28,25.32,45.82,32.0,48.22,21.74,29.75,LOW
STU105145,32.67,31.42,61.29,50.0,82.32,37.24,46.1,MODERATE
STU105146,42.42,36.88,57.75,50.25,87.02,47.91,50.28,MODERATE
STU105147,9.59,20.38,56.35,35.25,61.12,20.49,31.73,MODERATE
STU105148,18.49,24.35,43.2,38.25,70.35,18.53,33.05,MODERATE
STU105149,57.78,36.52,47.66,49.0,100.0,28.87,50.46,MODERATE
STU105150,28.14,33.23,53.25,40.5,76.95,34.66,41.82,MODERATE
STU105151,38.57,39.52,69.04,37.0,88.75,43.28,50.16,MODERATE
STU105152,38.61,35.22,52.59,60.0,65.1,48.53,47.41,MODERATE
STU105153,30.1,33.2,77.7,55.5,61.98,43.53,48.74,MODERATE
STU105154,31.76,40.92,58.36,46.0,96.62,37.2,48.54,MODERATE
STU105155,31.76,36.46,65.3,34.5,35.55,36.65,40.92,MODERATE
STU105156,34.21,35.52,71.06,49.0,79.77,39.94,49.26,MODERATE
STU105157,41.64,39.7,56.3,27.75,89.88,41.06,46.77,MODERATE
STU105158,35.8,33.8,47.87,62.75,70.35,36.42,45.27,MODERATE
STU105159,39.83,36.48,52.82,49.5,69.8,32.93,45.35,MODERATE
STU105160,21.06,31.91,33.43,47.5,86.08,28.72,37.48,MODERATE
STU105161,1.01,20.42,18.44,26.0,48.82,0.0,17.78,LOW
STU105162,23.38,28.42,68.16,40.0,67.9,36.68,41.87,MODERATE
STU105163,16.64,31.31,34.78,31.75,48.28,28.01,30.5,MODERATE
STU105164,0.0,12.36,27.61,8.5,15.88,0.0,11.48,LOW
STU105165,9.13,20.84,65.56,27.75,50.8,22.51,31.64,MODERATE
STU105166,1.61,29.35,45.11,35.0,48.08,16.89,28.43,LOW
STU105167,0.0,25.79,62.41,24.0,57.92,31.39,31.46,MODERATE
STU105168,0.0,32.5,63.61,32.75,53.58,33.95,34.51,MODERATE
STU105169,12.13,19.54,44.11,38.0,71.38,20.63,31.03,MODERATE
STU105170,24.13,22.18,84.18,39.5,73.12,40.65,44.51,MODERATE
STU105171,21.65,40.68,40.96,57.5,82.98,26.53,42.27,MODERATE
STU105172,5.71,22.42,45.42,35.0,58.6,12.78,28.22,LOW
STU105173,16.49,34.85,54.3,42.5,50.0,35.34,37.78,MODERATE
STU105174,0.0,16.64,44.41,19.0,33.52,0.01,19.24,LOW
STU105175,15.5,20.76,41.06,42.5,77.42,14.97,32.12,MODERATE
STU105176,37.13,34.55,49.9,37.0,50.32,37.17,40.34,MODERATE
STU105177,0.0,9.94,45.32,21.75,62.4,15.22,22.57,LOW
STU105178,59.7,56.38,69.12,78.75,86.6,72.63,67.59,HIGH
STU105179,0.0,8.88,55.5,0.0,35.68,21.25,19.01,LOW
STU105180,44.18,35.68,51.88,53.75,100.0,35.93,49.79,MODERATE
STU105181,19.11,21.38,58.69,43.0,71.62,22.08,36.72,MODERATE
STU105182,18.39,25.95,49.32,18.5,34.75,11.3,27.41,LOW
STU105183,20.84,15.14,43.32,11.5,65.98,14.19,26.36,LOW
STU105184,38.25,40.96,56.16,49.5,85.5,43.4,49.44,MODERATE
STU105185,40.45,58.66,52.55,67.25,100.0,60.22,59.37,LOW
STU105186,39.69,39.54,59.15,45.5,84.72,39.99,48.95,MODERATE
STU105187,4.47,33.24,40.71,56.75,59.12,36.19,35.39,MODERATE
STU105188,47.34,45.54,57.56,60.25,85.6,48.56,54.82,MODERATE
STU105189,29.69,26.47,63.12,29.5,56.65,17.9,37.06,MODERATE
STU105190,31.55,38.36,52.28,37.0,86.32,34.38,43.98,MODERATE
STU105191,33.91,14.06,46.18,29.0,49.15,11.2,29.92,LOW
STU105192,27.62,32.92,47.62,32.25,43.9,27.76,35.28,MODERATE
STU105193,0.11,11.33,48.01,23.0,51.0,12.81,22.29,LOW
STU105194,35.2,30.06,61.9,24.75,52.37,44.13,40.3,MODERATE
STU105195,21.89,26.84,43.24,37.0,45.95,18.9,31.77,MODERATE
STU105196,12.35,23.41,71.72,46.0,67.0,28.87,39.15,MODERATE
STU105197,40.01,45.25,39.96,62.75,84.78,38.47,49.04,MODERATE
STU105198,21.26,43.04,43.61,45.75,61.1,36.46,40.35,MODERATE
STU105199,19.25,19.27,47.45,29.75,63.4,6.73,29.63,LOW
STU105200,25.36,26.69,46.21,32.0,73.88,8.35,34.01,MODERATE
STU105201,27.45,28.38,48.11,40.0,55.58,39.8,37.74,MODERATE
STU105202,59.14,42.46,56.78,62.75,99.92,41.32,57.34,MODERATE
STU105203,23.04,27.28,44.96,28.0,66.5,36.72,34.94,MODERATE
STU105204,26.99,23.32,80.73,41.75,62.65,32.25,43.13,MODERATE
STU105205,28.19,22.25,41.7,20.5,46.3,28.4,30.09,MODERATE
STU105206,21.65,31.73,65.05,34.75,72.85,37.22,41.49,MODERATE
STU105207,43.26,42.53,53.34,58.5,96.82,48.79,53.29,MODERATE
STU105208,20.55,26.6,55.96,36.5,42.58,30.51,34.74,MODERATE
STU105209,16.74,24.59,76.74,35.0,66.8,27.67,39.54,MODERATE
STU105210,18.45,11.5,62.58,27.75,51.6,28.74,31.28,MODERATE
STU105211,32.4,27.44,45.18,36.75,57.12,19.87,35.59,MODERATE
STU105212,13.61,32.49,72.62,39.5,62.45,38.91,41.43,MODERATE
STU105213,0.0,30.06,61.16,9.25,55.88,25.92,29.31,LOW
STU105214,100.0,33.5,58.61,55.75,65.9,38.84,58.93,MODERATE
STU105215,25.97,43.06,25.42,69.0,73.9,26.32,41.42,MODERATE
STU105216,27.83,30.61,53.58,44.25,53.4,32.95,39.21,MODERATE
STU105217,37.52,38.05,38.12,64.0,94.15,25.48,46.2,MODERATE
STU105218,22.93,32.09,49.91,46.75,50.43,28.0,37.45,MODERATE
STU105219,0.0,11.28,49.51,24.5,44.82,17.63,22.64,LOW
STU105220,6.08,22.09,35.31,32.5,67.32,20.32,27.44,LOW
STU105221,10.64,29.16,46.96,43.0,67.73,26.21,34.65,MODERATE
STU105222,10.71,5.43,54.59,9.75,43.6,6.61,20.9,LOW
STU105223,26.96,33.72,56.1,48.25,84.05,35.94,44.28,MODERATE
STU105224,0.0,6.06,41.9,0.0,37.2,5.65,14.18,LOW
STU105225,26.4,39.13,77.65,43.0,56.78,40.5,46.77,MODERATE
STU105226,0.0,14.26,34.49,4.25,43.32,4.26,15.86,LOW
STU105227,2.26,8.96,45.31,15.25,60.72,11.93,21.31,LOW
STU105228,51.18,41.74,53.46,45.5,93.18,53.59,52.86,MODERATE
STU105229,1.49,12.86,49.11,15.0,14.92,23.01,19.38,LOW
STU105230,26.49,28.26,37.29,47.75,62.4,22.78,35.5,MODERATE
STU105231,27.73,39.04,28.28,39.25,82.28,48.25,39.9,MODERATE
STU105232,10.45,22.91,49.79,30.75,62.4,19.27,30.56,MODERATE
STU105233,23.64,31.47,49.15,51.75,58.32,38.88,39.91,MODERATE
STU105234,10.67,19.88,59.94,30.5,59.48,28.74,32.49,MODERATE
STU105235,29.03,41.3,69.86,42.75,89.4,45.13,49.97,MODERATE
STU105236,23.88,36.33,51.66,53.75,55.3,27.04,40.49,MODERATE
STU105237,8.75,15.13,59.78,24.0,38.85,20.16,26.99,LOW
STU105238,13.73,21.87,58.7,26.75,50.62,30.14,32.04,MODERATE
STU105239,29.22,33.09,46.1,39.75,81.18,23.87,39.8,MODERATE
STU105240,11.9,27.52,47.53,40.5,61.42,28.87,33.87,MODERATE
STU105241,45.4,39.22,43.69,75.75,69.53,43.34,50.27,MODERATE
STU105242,16.63,34.35,71.85,33.0,69.98,44.59,42.69,MODERATE
STU105243,25.61,25.99,37.41,44.5,58.85,24.37,34.1,MODERATE
STU105244,11.53,14.32,44.89,14.5,51.38,9.93,23.17,LOW
STU105245,20.99,22.03,43.86,25.5,43.2,22.83,28.91,LOW
STU105246,0.27,17.38,53.97,37.75,50.8,10.45,26.98,LOW
STU105247,21.65,38.43,38.39,59.75,69.45,34.34,40.96,MODERATE
STU105248,37.08,39.08,40.17,51.5,65.0,28.81,42.33,MODERATE
STU105249,0.0,13.62,55.76,19.25,51.12,17.18,24.27,LOW
STU105250,28.46,38.64,46.19,42.25,53.68,40.34,40.33,MODERATE
STU105251,21.59,15.18,44.59,42.0,43.62,12.09,28.9,LOW
STU105252,27.73,23.11,45.11,37.25,67.85,33.49,36.07,MODERATE
STU105253,17.57,36.3,39.28,29.0,56.38,31.88,33.62,MODERATE
STU105254,28.45,41.66,59.51,36.5,69.92,51.52,45.63,MODERATE
STU105255,0.0,9.4,60.35,27.0,48.88,18.03,25.16,LOW
STU105256,0.62,17.08,55.12,16.5,25.35,23.94,22.82,LOW
STU105257,1.92,21.17,39.28,22.5,54.37,1.01,22.45,LOW
STU105258,23.58,29.47,19.04,27.75,78.92,11.89,29.14,LOW
STU105259,23.1,45.81,67.65,50.0,72.25,60.42,50.37,MODERATE
STU105260,0.57,3.35,41.64,29.0,10.75,0.0,14.7,LOW
STU105261,32.44,38.64,23.02,52.0,64.7,28.87,37.91,MODERATE
STU105262,10.48,10.72,51.72,28.5,47.85,8.68,25.05,LOW
STU105263,3.44,24.56,35.36,43.5,65.42,15.93,28.56,LOW
STU105264,10.29,26.03,28.8,51.5,64.0,17.42,30.19,MODERATE
STU105265,21.85,22.71,45.76,40.25,67.9,10.99,33.13,MODERATE
STU105266,34.66,37.65,55.91,45.0,98.98,44.92,48.67,MODERATE
STU105267,23.19,22.97,71.18,31.25,66.75,34.19,39.4,MODERATE
STU105268,20.56,19.24,50.26,53.5,51.38,18.45,33.98,MODERATE
STU105269,0.0,4.66,55.02,19.25,25.72,0.69,17.7,LOW
STU105270,5.83,20.18,49.14,14.25,50.3,11.92,24.4,LOW
STU105271,11.67,25.6,50.91,32.75,40.92,26.72,30.59,MODERATE
STU105272,8.6,15.91,52.79,30.25,65.92,15.13,28.9,LOW
STU105273,7.88,15.06,39.83,26.25,45.72,21.98,24.01,LOW
STU105274,39.32,35.26,54.61,49.75,72.93,21.35,44.49,MODERATE
STU105275,20.03,30.5,28.18,43.0,74.15,8.66,32.0,MODERATE
STU105276,51.12,53.08,64.62,66.75,100.0,64.92,62.92,HIGH
STU105277,27.51,22.22,51.84,43.25,34.75,9.22,32.31,MODERATE
STU105278,20.48,26.23,66.22,34.5,63.18,36.14,39.0,MODERATE
STU105279,25.51,45.82,55.49,32.75,86.6,33.92,44.62,MODERATE
STU105280,7.77,18.21,44.18,22.5,35.5,22.88,24.16,LOW
STU105281,28.82,36.9,59.05,39.5,73.9,32.21,43.33,MODERATE
STU105282,34.37,34.23,49.59,43.5,84.8,43.98,44.75,MODERATE
STU105283,17.53,26.63,46.01,38.75,38.4,23.92,31.41,MODERATE
STU105284,5.03,15.58,47.21,23.25,48.52,14.44,24.13,LOW
STU105285,28.73,46.28,47.01,36.5,78.45,40.17,44.06,MODERATE
STU105286,22.33,22.38,53.29,30.5,52.68,22.8,32.84,MODERATE
STU105287,8.67,26.06,61.11,34.75,23.85,36.2,31.69,MODERATE
STU105288,19.39,16.4,55.79,33.75,59.1,17.69,31.88,MODERATE
STU105289,15.38,17.0,56.01,20.5,64.9,25.7,30.66,MODERATE
STU105290,15.04,32.38,50.76,52.75,44.85,35.12,37.16,MODERATE
STU105291,28.45,36.36,48.26,41.75,44.72,28.39,38.01,MODERATE
STU105292,0.0,13.21,38.55,11.75,35.48,17.27,18.05,LOW
STU105293,27.29,34.54,26.41,45.5,67.73,30.69,36.04,MODERATE
STU105294,25.88,36.87,49.28,39.25,61.27,28.54,39.12,MODERATE
STU105295,4.34,17.62,55.96,37.0,68.23,15.96,30.43,MODERATE
STU105296,25.51,48.1,34.71,56.25,62.4,35.76,42.32,MODERATE
STU105297,18.77,26.02,43.01,26.25,80.5,20.58,32.91,MODERATE
STU105298,37.77,42.32,48.9,44.0,77.85,28.87,45.19,MODERATE
STU105299,0.0,0.52,49.89,7.25,31.12,0.0,14.31,LOW
STU105300,0.0,3.71,46.24,7.75,60.85,0.0,17.42,LOW
STU105301,33.99,33.24,60.8,32.75,61.92,35.52,41.92,MODERATE
STU105302,26.33,28.44,45.91,10.75,46.98,28.79,30.75,MODERATE
STU105303,27.24,27.2,50.18,32.0,64.85,23.4,35.91,MODERATE
STU105304,27.72,33.77,37.64,34.75,86.82,17.65,37.17,MODERATE
STU105305,38.14,26.22,24.28,34.25,44.9,18.01,30.47,MODERATE
STU105306,17.89,29.84,67.46,21.25,39.4,37.28,35.39,MODERATE
STU105307,41.71,50.47,45.58,69.25,80.3,47.2,53.21,MODERATE
STU105308,37.65,30.22,60.68,49.5,62.97,33.92,44.34,MODERATE
STU105309,31.41,22.36,43.24,36.75,67.4,16.35,34.41,MODERATE
STU105310,20.66,26.77,59.94,27.75,52.4,21.98,34.41,MODERATE
STU105311,37.11,34.74,51.4,61.0,62.55,38.98,45.69,MODERATE
STU105312,18.56,32.35,71.44,42.0,62.45,36.5,42.28,MODERATE
STU105313,10.01,33.27,50.9,28.25,43.75,28.87,32.0,MODERATE
STU105314,10.18,27.36,55.71,24.25,63.73,27.13,32.74,MODERATE
STU105315,13.48,9.06,66.31,16.25,51.85,9.76,26.82,LOW
STU105316,12.77,21.28,59.35,47.25,58.58,29.49,35.64,MODERATE
STU105317,29.66,28.8,69.41,49.5,59.63,30.22,43.42,MODERATE
STU105318,16.14,25.09,68.99,36.75,72.75,20.04,38.09,MODERATE
STU105319,42.94,63.1,70.5,55.75,95.08,66.48,62.98,HIGH
STU105320,0.0,14.36,48.45,8.0,31.4,22.82,19.9,LOW
STU105321,12.24,28.36,47.09,39.5,64.47,30.46,34.37,MODERATE
STU105322,0.0,7.09,54.76,9.0,12.2,14.57,16.75,LOW
STU105323,36.14,38.99,53.78,57.5,60.15,34.15,45.79,MODERATE
STU105324,28.67,42.6,50.84,33.5,74.08,43.46,43.33,MODERATE
STU105325,9.18,21.54,58.84,28.0,34.88,18.54,28.53,LOW
STU105326,16.95,36.12,45.08,26.0,46.08,20.7,32.01,MODERATE
STU105327,7.25,25.11,62.13,21.25,55.75,17.64,30.68,MODERATE
STU105328,21.65,27.31,61.1,26.25,65.68,31.91,37.07,MODERATE
STU105329,30.56,32.77,54.82,45.0,76.85,37.47,43.45,MODERATE
STU105330,39.79,45.49,44.22,57.75,80.02,26.12,47.45,MODERATE
STU105331,19.64,29.66,67.19,22.75,62.9,35.57,38.04,MODERATE
STU105332,39.88,37.88,52.59,53.25,100.0,36.29,49.58,MODERATE
STU105333,44.24,40.97,56.66,61.25,87.93,34.12,51.82,MODERATE
STU105334,34.52,40.3,28.65,25.0,55.38,28.65,34.86,MODERATE
STU105335,15.95,24.56,41.95,40.25,88.22,16.74,34.25,MODERATE
STU105336,0.0,9.58,61.75,27.75,15.15,8.53,21.28,LOW
STU105337,3.74,18.89,23.31,16.5,40.62,14.49,18.12,LOW
STU105338,1.7,14.49,58.2,26.0,43.92,12.29,25.12,LOW
STU105339,4.16,18.4,53.6,25.5,49.1,34.83,28.37,LOW
STU105340,17.44,26.35,45.48,17.0,44.98,27.12,28.93,LOW
STU105341,100.0,5.18,58.4,18.25,24.5,17.09,39.87,MODERATE
STU105342,40.67,45.52,61.04,54.5,70.47,36.82,50.63,MODERATE
STU105343,27.44,33.61,46.91,29.75,58.08,31.16,36.66,MODERATE
STU105344,30.12,29.1,53.3,35.75,65.35,23.89,38.25,MODERATE
STU105345,6.4,27.37,48.4,28.0,62.97,30.11,31.31,MODERATE
STU105346,26.26,40.69,67.01,28.75,78.4,38.06,44.78,MODERATE
STU105347,26.7,15.96,53.27,28.75,76.58,20.32,33.99,MODERATE
STU105348,16.21,20.96,53.26,26.75,48.22,28.87,30.86,MODERATE
STU105349,35.46,26.27,62.09,13.0,55.55,22.73,35.86,MODERATE
STU105350,13.19,24.42,56.68,19.0,58.28,25.87,31.34,MODERATE
STU105351,4.36,8.9,63.85,6.75,31.22,12.9,21.29,LOW
STU105352,8.38,24.16,44.22,46.0,79.12,14.57,32.83,MODERATE
STU105353,3.83,23.16,41.62,20.25,53.15,15.69,24.8,LOW
STU105354,23.38,37.34,46.99,45.25,77.8,30.61,41.04,MODERATE
STU105355,41.26,36.74,58.38,56.0,79.22,41.1,49.54,MODERATE
STU105356,8.96,9.93,41.39,37.0,32.48,12.97,22.65,LOW
STU105357,40.51,31.18,57.95,46.0,51.9,23.86,41.96,MODERATE
STU105358,2.09,26.23,33.98,13.25,47.9,26.01,23.15,LOW
STU105359,22.91,19.28,46.73,27.5,37.55,28.01,29.43,LOW
STU105360,10.98,17.3,49.56,29.75,27.42,31.99,26.84,LOW
STU105361,49.1,52.64,50.65,67.0,77.75,60.04,56.94,MODERATE
STU105362,21.37,15.09,43.19,26.75,72.17,9.91,28.9,LOW
STU105363,20.04,29.61,71.24,50.0,66.38,47.81,44.58,MODERATE
STU105364,27.97,32.43,22.99,51.25,85.12,20.73,36.57,MODERATE
STU105365,42.81,40.71,39.22,42.75,30.48,33.86,39.43,MODERATE
STU105366,19.97,22.16,42.75,28.25,59.5,15.27,29.8,LOW
STU105367,11.18,20.45,51.11,22.0,70.25,12.05,29.1,LOW
STU105368,24.11,26.24,41.12,45.5,99.05,35.97,39.93,MODERATE
STU105369,38.88,38.98,35.24,73.25,92.55,35.41,48.35,MODERATE
STU105370,29.98,43.84,65.56,65.5,77.0,49.09,52.5,MODERATE
STU105371,24.51,22.46,71.31,28.25,37.62,27.1,35.49,MODERATE
STU105372,42.09,48.7,38.36,58.5,95.05,38.31,50.38,MODERATE
STU105373,19.27,29.77,49.2,49.75,49.62,26.31,36.19,MODERATE
STU105374,0.0,3.15,42.14,0.0,23.08,0.0,11.52,LOW
STU105375,21.65,24.77,54.05,24.5,61.68,11.0,32.28,MODERATE
STU105376,22.26,20.54,64.4,28.75,49.2,22.19,33.92,MODERATE
STU105377,41.32,36.86,30.58,48.75,60.7,25.37,39.51,MODERATE
STU105378,50.99,40.69,51.15,55.25,80.27,41.21,51.04,MODERATE
STU105379,28.91,27.0,39.06,38.5,64.42,15.71,34.13,MODERATE
STU105380,29.2,27.96,43.99,32.0,61.42,25.31,35.1,MODERATE
STU105381,4.32,16.22,45.96,15.5,39.8,21.44,22.56,LOW
STU105382,21.2,25.18,29.18,53.0,62.72,25.67,33.16,MODERATE
STU105383,0.0,1.46,53.64,0.0,0.0,5.82,11.68,LOW
STU105384,30.81,36.88,55.11,40.5,98.2,33.1,45.61,MODERATE
STU105385,34.29,23.73,57.51,35.5,52.2,24.56,37.29,MODERATE
STU105386,28.78,35.78,41.25,37.0,64.6,32.2,38.18,MODERATE
STU105387,17.04,14.7,75.3,6.0,63.62,18.74,31.28,MODERATE
STU105388,14.51,21.43,37.62,34.0,72.93,7.51,28.93,LOW
STU105389,50.62,41.74,65.11,50.25,62.95,53.26,52.74,MODERATE
STU105390,26.81,32.01,48.76,43.25,51.08,41.73,38.89,MODERATE
STU105391,0.0,17.91,57.15,24.5,23.42,22.36,24.16,LOW
STU105392,1.14,11.11,62.75,28.75,50.88,15.51,26.51,LOW
STU105393,39.78,41.06,62.82,49.5,79.7,49.5,51.13,MODERATE
STU105394,26.8,37.46,63.7,25.0,63.82,43.27,41.92,MODERATE
STU105395,2.92,11.86,58.66,0.0,55.02,14.04,22.19,LOW
STU105396,25.19,28.11,51.06,31.5,61.55,42.96,37.45,MODERATE
STU105397,13.58,31.4,28.52,55.0,56.53,22.75,32.45,MODERATE
STU105398,21.65,5.22,62.89,39.75,36.28,14.7,29.27,LOW
STU105399,42.0,39.59,67.4,43.5,88.12,53.16,52.43,MODERATE
STU105400,44.71,41.66,37.5,33.75,59.48,29.82,40.85,MODERATE
STU105401,19.51,35.98,64.99,35.5,64.85,43.23,42.03,MODERATE
STU105402,8.9,20.09,52.19,23.75,21.55,20.37,25.0,LOW
STU105403,18.67,20.33,50.72,11.75,36.38,15.55,25.92,LOW
STU105404,21.65,22.89,54.1,20.75,46.73,19.9,30.65,MODERATE
STU105405,23.28,28.6,83.45,28.0,77.85,43.58,44.84,MODERATE
STU105406,13.62,13.34,44.02,38.5,60.55,12.58,27.95,LOW
STU105407,15.93,30.63,63.15,35.25,43.28,29.75,36.06,MODERATE
STU105408,17.03,10.74,41.52,13.5,41.35,4.97,21.05,LOW
STU105409,22.85,14.92,44.85,20.25,62.4,13.46,27.89,LOW
STU105410,0.0,18.74,7.28,6.75,40.75,0.0,11.23,LOW
STU105411,28.63,36.24,42.22,36.75,59.08,37.11,38.36,MODERATE
STU105412,1.43,38.75,48.85,39.75,83.25,45.71,38.6,MODERATE
STU105413,9.26,9.4,54.1,7.75,47.42,2.86,21.21,LOW
STU105414,20.9,15.52,53.06,25.0,32.78,10.94,26.79,LOW
STU105415,13.72,32.04,43.03,49.75,59.82,16.86,34.49,MODERATE
STU105416,34.95,50.3,32.63,54.25,82.18,29.22,45.37,MODERATE
STU105417,4.56,9.47,47.35,20.75,22.7,5.71,18.7,LOW
STU105418,37.88,47.02,59.12,70.75,72.58,40.58,53.08,MODERATE
STU105419,52.43,45.55,59.18,51.0,96.0,53.24,56.28,MODERATE
STU105420,41.79,24.27,74.01,41.0,80.97,40.15,47.49,MODERATE
STU105421,5.58,30.59,65.86,28.75,53.52,45.95,36.2,MODERATE
STU105422,47.66,48.01,48.75,69.25,84.02,44.78,54.55,MODERATE
STU105423,6.67,32.98,47.99,27.25,67.18,26.71,32.65,MODERATE
STU105424,15.03,23.26,65.25,22.5,55.72,27.11,33.53,MODERATE
STU105425,26.8,36.85,58.82,39.75,60.72,33.7,41.74,MODERATE
STU105426,1.78,12.29,62.39,37.0,22.1,27.3,26.4,LOW
STU105427,0.0,25.78,48.32,24.5,55.38,22.6,27.58,LOW
STU105428,14.43,9.53,31.1,12.25,74.25,3.94,21.14,LOW
STU105429,45.23,45.46,39.26,51.25,72.42,51.08,48.3,MODERATE
STU105430,34.63,45.47,50.84,50.5,94.55,56.93,51.18,MODERATE
STU105431,22.3,25.87,68.96,17.25,51.75,38.5,36.33,MODERATE
STU105432,8.27,13.41,81.99,7.75,36.2,28.87,29.07,LOW
STU105433,35.01,38.79,59.18,57.25,49.6,42.57,46.34,MODERATE
STU105434,15.2,27.69,53.39,24.5,34.63,25.61,30.34,MODERATE
STU105435,22.21,43.44,42.9,54.0,86.78,34.61,44.12,MODERATE
STU105436,14.38,40.92,49.41,46.25,90.08,44.99,43.43,MODERATE
STU105437,34.43,30.63,42.04,34.25,75.43,32.01,38.83,MODERATE
STU105438,19.99,42.53,74.2,35.25,66.5,48.73,46.28,MODERATE
STU105439,45.96,33.22,57.75,38.5,88.82,37.45,47.45,MODERATE
STU105440,45.83,44.75,44.69,54.0,96.3,46.37,51.66,MODERATE
STU105441,49.37,48.08,69.3,46.0,97.32,50.65,57.45,MODERATE
STU105442,21.53,14.86,50.08,30.0,49.7,12.48,28.76,LOW
STU105443,23.81,30.6,35.34,17.75,54.52,22.15,29.81,LOW
STU105444,33.91,24.53,29.61,28.25,59.65,8.07,29.85,LOW
STU105445,21.75,39.42,46.56,53.25,80.6,31.59,42.72,MODERATE
STU105446,3.15,17.73,67.45,8.0,49.42,22.58,26.95,LOW
STU105447,14.06,20.92,78.64,33.75,49.12,28.87,36.63,MODERATE
STU105448,30.06,18.36,48.1,43.25,58.88,30.55,35.65,MODERATE
STU105449,14.41,25.46,47.87,50.5,85.45,21.55,37.1,MODERATE
STU105450,30.71,38.56,62.13,34.5,70.15,48.26,45.22,MODERATE
STU105451,21.65,21.06,52.72,22.0,64.15,32.68,33.12,MODERATE
STU105452,16.16,17.34,68.55,14.0,50.92,20.26,30.5,MODERATE
STU105453,4.45,22.62,45.61,32.0,50.1,21.22,27.6,LOW
STU105454,28.16,30.15,61.29,40.75,51.9,28.08,39.54,MODERATE
STU105455,13.86,23.09,57.19,33.5,44.32,21.69,31.61,MODERATE
STU105456,34.28,40.26,41.89,60.25,77.8,28.87,45.0,MODERATE
STU105457,8.56,29.49,53.29,32.75,62.78,34.15,34.35,MODERATE
STU105458,30.64,43.49,55.49,43.5,91.95,31.29,46.95,MODERATE
STU105459,16.56,23.5,49.92,34.25,63.92,13.12,32.01,MODERATE
STU105460,0.0,1.48,53.71,0.0,17.8,0.94,12.99,LOW
STU105461,21.64,41.66,53.59,60.25,70.62,42.85,45.85,MODERATE
STU105462,0.0,1.49,53.71,0.0,26.8,0.0,13.79,LOW
STU105463,25.48,26.8,32.78,34.75,44.18,12.01,29.18,LOW
STU105464,22.5,36.39,53.61,39.25,68.95,33.17,40.42,MODERATE
STU105465,44.65,50.87,57.41,45.75,100.0,44.05,54.4,MODERATE
STU105466,21.65,9.8,60.8,4.5,25.65,14.4,23.62,LOW
STU105467,21.21,25.27,40.16,41.25,45.65,18.87,31.23,MODERATE
STU105468,22.46,41.42,57.38,51.25,68.45,48.8,45.74,MODERATE
STU105469,12.9,40.72,67.4,46.5,58.28,43.47,43.39,MODERATE
STU105470,15.4,23.2,43.71,32.0,59.32,22.7,30.62,MODERATE
STU105471,22.48,19.96,51.38,26.0,63.45,14.98,31.5,MODERATE
STU105472,18.64,15.28,36.3,29.5,57.88,15.12,26.53,LOW
STU105473,4.48,13.8,24.78,23.25,33.6,7.43,16.89,LOW
STU105474,26.54,49.78,67.51,50.75,86.65,59.3,53.46,MODERATE
STU105475,15.13,26.91,69.88,30.25,39.18,44.43,36.63,MODERATE
STU105476,40.28,28.39,59.14,41.5,45.8,31.41,40.93,MODERATE
STU105477,20.92,29.78,29.92,43.75,76.62,18.19,33.66,MODERATE
STU105478,2.48,25.71,45.46,17.5,61.02,26.05,27.35,LOW
STU105479,39.19,38.63,44.5,62.0,100.0,36.32,49.33,MODERATE
STU105480,56.7,51.77,56.49,70.0,92.92,50.52,60.42,HIGH
STU105481,28.59,32.67,54.87,26.0,51.78,31.93,37.13,MODERATE
STU105482,29.94,36.43,58.54,35.0,59.45,34.16,41.41,MODERATE
STU105483,36.64,42.04,65.27,37.0,76.6,57.96,49.9,MODERATE
STU105484,57.27,45.05,45.26,46.25,95.28,42.81,52.52,MODERATE
STU105485,0.0,5.8,54.62,25.25,58.42,15.29,23.53,LOW
STU105486,15.86,29.72,61.74,37.0,61.78,16.65,36.34,MODERATE
STU105487,11.47,28.34,58.35,41.75,41.52,30.56,34.52,MODERATE
STU105488,0.0,4.28,50.8,20.5,26.25,9.2,17.85,LOW
STU105489,15.52,21.55,85.39,31.75,41.85,37.59,38.28,MODERATE
STU105490,14.3,8.8,44.38,18.0,24.65,8.36,19.94,LOW
STU105491,42.73,47.89,41.26,54.75,90.7,36.65,49.72,MODERATE
STU105492,25.56,40.68,56.01,58.0,77.97,29.99,45.98,MODERATE
STU105493,12.24,24.18,66.86,30.0,46.85,30.21,34.07,MODERATE
STU105494,12.25,29.61,17.88,11.0,67.95,22.38,24.11,LOW
STU105495,12.04,18.35,29.61,37.0,39.2,12.63,23.65,LOW
STU105496,37.69,46.61,71.03,48.0,70.78,57.05,53.38,MODERATE
STU105497,25.72,16.82,44.4,28.75,56.95,27.61,31.0,MODERATE
STU105498,2.65,23.74,74.95,29.0,69.2,29.59,35.68,MODERATE
STU105499,20.01,23.29,68.09,43.5,46.3,29.43,37.54,MODERATE
STU105500,42.68,27.14,54.91,36.0,76.8,36.98,43.08,MODERATE
STU105501,0.0,30.44,45.08,43.75,62.4,29.7,32.4,MODERATE
STU105502,30.23,36.34,60.14,40.0,84.65,37.16,45.34,MODERATE
STU105503,24.66,28.81,56.88,26.0,66.12,26.35,36.66,MODERATE
STU105504,49.47,41.4,51.35,61.75,62.8,34.44,49.5,MODERATE
STU105505,26.12,34.79,40.01,36.75,74.22,29.64,37.82,MODERATE
STU105506,17.8,33.22,63.42,40.25,86.72,33.91,42.65,MODERATE
STU105507,29.49,26.69,45.49,62.0,65.18,38.66,41.35,MODERATE
STU105508,23.99,40.45,77.79,57.5,73.62,47.77,51.23,MODERATE
STU105509,28.23,34.32,47.65,52.25,79.32,35.89,43.11,MODERATE
STU105510,0.0,0.59,48.59,9.5,20.92,0.05,13.39,LOW
STU105511,45.34,34.88,48.21,57.5,76.58,23.11,46.02,MODERATE
STU105512,27.25,21.5,56.84,33.0,61.15,22.93,35.55,MODERATE
STU105513,29.61,49.89,45.48,52.25,100.0,51.14,50.44,MODERATE
STU105514,5.05,15.06,54.75,11.75,39.72,24.84,23.94,LOW
STU105515,19.3,31.88,80.64,39.0,57.9,39.33,43.53,MODERATE
STU105516,33.98,37.09,63.51,39.25,72.4,51.31,47.03,MODERATE
STU105517,32.32,37.77,49.86,33.5,59.7,24.21,39.29,MODERATE
STU105518,2.03,19.86,34.65,19.25,62.42,16.61,23.09,LOW
STU105519,45.45,48.49,15.88,66.5,100.0,38.05,48.17,MODERATE
STU105520,25.51,44.9,55.34,37.0,67.35,38.4,43.52,MODERATE
STU105521,19.02,37.56,59.75,39.75,71.05,29.7,41.18,MODERATE
STU105522,18.55,28.24,59.19,36.75,81.62,27.13,39.0,MODERATE
STU105523,0.0,2.18,49.51,12.75,46.1,0.0,16.97,LOW
STU105524,35.68,33.79,59.04,32.0,65.62,38.65,42.62,MODERATE
STU105525,21.48,17.07,50.94,38.5,26.48,19.23,29.1,LOW
STU105526,0.0,5.92,53.89,19.25,42.95,3.54,19.79,LOW
STU105527,14.22,16.06,47.95,29.5,46.8,7.78,26.33,LOW
STU105528,21.65,37.37,72.81,41.75,100.0,44.28,48.92,MODERATE
STU105529,35.73,43.78,63.44,47.75,77.1,40.36,49.69,MODERATE
STU105530,10.96,20.33,46.05,15.25,64.92,20.6,27.32,LOW
STU105531,0.0,13.05,44.0,16.25,42.75,14.63,20.24,LOW
STU105532,9.87,21.24,50.71,37.0,53.32,14.23,29.73,LOW
STU105533,13.34,13.5,50.79,23.25,64.75,0.0,26.16,LOW
STU105534,0.0,1.7,45.75,8.0,0.0,0.0,10.78,LOW
STU105535,21.65,16.18,49.96,22.5,57.5,27.57,30.25,MODERATE
STU105536,33.29,43.09,51.1,60.5,71.43,53.04,49.17,MODERATE
STU105537,30.85,25.14,54.86,38.5,43.08,29.13,36.42,MODERATE
STU105538,6.89,18.17,45.28,6.25,38.28,6.45,20.39,LOW
STU105539,30.26,30.84,42.89,39.0,81.58,33.59,39.71,MODERATE
STU105540,3.74,12.5,42.48,28.0,62.4,11.22,23.93,LOW
STU105541,16.92,28.85,47.02,41.25,86.48,12.18,36.05,MODERATE
STU105542,17.38,26.06,35.65,52.75,61.62,19.76,33.17,MODERATE
STU105543,10.52,35.58,52.06,42.5,46.8,31.75,35.64,MODERATE
STU105544,13.72,28.16,56.24,21.0,77.75,39.51,35.91,MODERATE
STU105545,21.28,25.12,34.36,45.25,69.62,19.67,33.12,MODERATE
STU105546,41.99,42.78,51.4,70.25,63.45,40.32,50.29,MODERATE
STU105547,24.28,31.47,61.08,48.75,71.3,26.07,41.99,MODERATE
STU105548,31.16,45.15,54.44,44.75,92.18,52.92,49.63,MODERATE
STU105549,36.76,40.1,31.0,27.75,63.75,33.55,37.47,MODERATE
STU105550,26.45,39.93,50.96,43.5,80.27,31.9,43.21,MODERATE
STU105551,19.52,25.59,55.46,36.0,81.27,32.18,38.14,MODERATE
STU105552,5.4,11.32,44.01,25.0,64.15,17.38,24.62,LOW
STU105553,6.48,18.47,30.7,14.75,28.38,13.2,18.42,LOW
STU105554,34.81,47.55,56.95,56.0,77.42,47.71,51.15,MODERATE
STU105555,41.78,32.82,60.58,37.5,45.68,20.58,40.93,MODERATE
STU105556,52.43,30.11,53.24,52.25,95.57,28.87,48.94,MODERATE
STU105557,19.27,28.93,30.34,52.75,65.4,29.59,34.57,MODERATE
STU105558,33.86,14.01,61.8,20.75,54.9,28.87,34.12,MODERATE
STU105559,5.22,17.63,66.34,17.75,54.45,24.96,29.32,LOW
STU105560,8.45,27.73,49.51,49.0,52.77,35.67,34.72,MODERATE
STU105561,0.0,16.3,64.69,33.5,57.55,18.5,29.64,LOW
STU105562,20.81,25.81,37.04,42.75,43.48,23.31,31.11,MODERATE
STU105563,21.29,34.68,49.24,33.75,60.18,28.16,36.67,MODERATE
STU105564,9.84,16.89,63.82,33.25,51.58,17.2,30.82,MODERATE
STU105565,22.9,25.08,47.85,22.75,47.22,26.54,31.21,MODERATE
STU105566,22.33,36.77,50.6,45.75,74.15,30.05,41.06,MODERATE
STU105567,6.33,24.33,46.78,32.25,78.35,26.07,31.98,MODERATE
STU105568,20.02,29.87,53.39,36.75,79.3,18.29,37.42,MODERATE
STU105569,50.13,38.8,43.56,60.25,94.88,41.65,51.13,MODERATE
STU105570,10.8,21.4,47.54,32.25,60.3,19.77,29.86,LOW
STU105571,27.15,48.14,48.26,50.75,73.82,43.72,46.48,MODERATE
STU105572,8.73,27.49,64.1,31.5,50.58,28.68,34.09,MODERATE
STU105573,32.21,46.44,59.63,58.5,92.52,46.72,52.68,MODERATE
STU105574,43.37,34.17,61.18,50.25,85.25,34.14,48.93,MODERATE
STU105575,24.02,30.38,44.22,26.5,59.58,24.53,33.63,MODERATE
STU105576,2.41,24.14,54.59,26.25,42.1,29.8,28.56,LOW
STU105577,20.09,37.85,62.42,37.0,78.28,38.93,43.24,MODERATE
STU105578,30.77,40.31,30.46,37.0,92.9,28.84,40.05,MODERATE
STU105579,5.21,22.35,71.54,25.75,65.47,30.3,34.38,MODERATE
STU105580,39.23,44.59,41.55,24.5,60.85,38.99,40.96,MODERATE
STU105581,8.05,22.81,35.11,30.5,29.55,11.09,22.97,LOW
STU105582,30.31,41.56,67.58,56.0,80.32,34.83,49.88,MODERATE
STU105583,12.25,25.86,59.96,38.5,69.75,24.83,36.14,MODERATE
STU105584,0.0,5.11,37.22,6.75,0.0,0.0,9.73,LOW
STU105585,31.98,29.92,46.68,37.75,70.75,34.13,39.36,MODERATE
STU105586,7.69,30.01,37.65,37.0,69.62,26.69,31.75,MODERATE
STU105587,35.41,54.97,48.82,62.0,92.5,45.14,53.65,MODERATE
STU105588,21.65,44.19,52.3,31.0,81.0,40.73,42.66,MODERATE
STU105589,23.75,22.03,68.39,33.5,39.72,27.26,35.66,MODERATE
STU105590,24.39,32.13,52.62,47.0,88.38,40.41,43.36,MODERATE
STU105591,12.34,18.23,52.56,22.5,45.85,27.13,28.21,LOW
STU105592,14.17,25.55,55.16,24.75,56.28,28.56,32.45,MODERATE
STU105593,42.83,44.21,62.72,41.5,89.22,59.43,53.25,MODERATE
STU105594,4.94,17.16,57.01,8.0,51.48,13.14,24.34,LOW
STU105595,40.16,47.2,36.21,50.0,84.28,39.4,46.94,MODERATE
STU105596,21.45,30.15,42.15,49.5,72.88,23.36,37.31,MODERATE
STU105597,5.56,28.29,43.48,51.25,64.7,38.38,34.88,MODERATE
STU105598,9.7,18.53,61.84,26.0,39.83,22.15,29.04,LOW
STU105599,33.57,34.88,38.61,48.25,87.28,30.93,42.21,MODERATE
STU105600,12.45,22.53,48.36,46.0,33.0,38.09,31.8,MODERATE
STU105601,17.92,35.83,50.1,49.5,47.55,27.72,37.51,MODERATE
STU105602,24.93,30.89,53.15,28.75,46.52,24.57,34.76,MODERATE
STU105603,0.87,9.72,30.72,16.0,50.28,3.04,16.48,LOW
STU105604,21.65,34.26,56.96,44.75,58.3,33.62,40.19,MODERATE
STU105605,8.25,18.72,53.44,17.0,43.58,19.1,25.84,LOW
STU105606,13.99,8.14,50.54,15.5,41.05,13.49,22.72,LOW
STU105607,0.0,20.28,45.35,5.25,42.4,18.52,21.02,LOW
STU105608,19.35,26.43,47.55,12.25,51.55,28.47,29.83,LOW
STU105609,12.91,39.29,51.49,12.75,39.1,37.07,32.23,MODERATE
STU105610,29.41,19.2,72.45,37.0,68.6,28.06,40.39,MODERATE
STU105611,43.36,39.97,47.92,59.75,87.68,37.82,49.76,MODERATE
STU105612,22.04,32.65,58.59,40.5,65.42,39.42,40.85,MODERATE
STU105613,29.25,35.9,35.22,22.25,60.28,30.28,34.26,MODERATE
STU105614,8.93,31.6,47.29,46.75,70.97,28.57,36.11,MODERATE
STU105615,13.34,23.59,67.19,17.25,62.8,35.4,34.41,MODERATE
STU105616,43.98,41.89,56.19,57.25,74.4,39.1,50.44,MODERATE
STU105617,27.38,27.58,47.81,37.75,50.18,28.87,35.5,MODERATE
STU105618,0.0,12.47,78.8,19.75,4.25,23.63,24.63,LOW
STU105619,2.09,14.6,36.71,36.75,41.85,18.14,22.92,LOW
STU105620,21.76,19.81,49.32,32.25,51.8,17.33,30.92,MODERATE
STU105621,20.26,18.65,29.16,21.25,45.38,16.88,23.96,LOW
STU105622,26.78,34.76,40.39,37.0,79.32,28.68,38.47,MODERATE
STU105623,30.71,47.61,62.46,45.25,80.78,52.91,50.69,MODERATE
STU105624,21.65,20.75,31.31,36.75,42.65,7.5,26.31,LOW
STU105625,21.65,59.4,59.79,77.5,86.42,53.29,56.73,MODERATE
STU105626,25.66,39.97,57.8,39.25,46.55,40.54,41.28,MODERATE
STU105627,10.58,28.09,46.4,31.5,70.02,20.24,32.17,MODERATE
STU105628,17.23,31.49,54.56,41.5,75.35,30.89,39.08,MODERATE
STU105629,0.0,0.32,49.21,9.0,32.63,0.0,14.54,LOW
STU105630,0.0,4.6,48.59,0.75,49.08,0.0,15.89,LOW
STU105631,14.36,17.86,37.78,23.75,40.28,22.0,24.68,LOW
STU105632,18.48,48.26,77.1,53.25,67.95,49.24,50.89,MODERATE
STU105633,0.9,7.52,48.42,23.5,26.65,13.77,19.31,LOW
STU105634,10.09,29.34,65.38,18.5,51.35,43.42,34.68,MODERATE
STU105635,27.89,33.4,58.82,53.0,64.05,38.19,43.87,MODERATE
STU105636,32.58,25.44,34.79,40.0,54.82,19.91,33.31,MODERATE
STU105637,10.91,24.02,54.44,16.25,55.65,19.01,28.98,LOW
STU105638,27.56,32.91,36.69,27.0,100.0,31.0,38.23,MODERATE
STU105639,21.22,22.54,46.82,33.5,64.53,20.65,32.79,MODERATE
STU105640,18.52,16.43,36.17,34.75,57.28,12.31,27.22,LOW
STU105641,23.27,43.77,43.46,51.25,78.42,38.64,43.68,MODERATE
STU105642,31.86,32.09,49.05,44.75,68.8,28.87,40.68,MODERATE
STU105643,44.46,46.27,54.42,53.5,84.6,44.82,52.31,MODERATE
STU105644,16.27,12.7,60.05,29.75,60.05,5.8,29.49,LOW
STU105645,26.94,42.73,51.35,41.0,89.02,43.64,45.76,MODERATE
STU105646,11.76,25.78,24.06,34.5,52.68,9.22,24.97,LOW
STU105647,33.83,36.89,65.96,43.0,69.75,46.07,47.21,MODERATE
STU105648,28.31,49.38,55.62,52.75,95.15,48.15,51.37,MODERATE
STU105649,34.13,42.8,47.79,55.5,81.0,37.25,47.23,MODERATE
STU105650,29.62,34.97,40.25,30.0,56.97,29.74,35.89,MODERATE
STU105651,27.4,43.51,57.18,35.0,62.15,42.19,43.48,MODERATE
STU105652,27.72,22.06,41.32,34.0,48.08,19.05,31.14,MODERATE
STU105653,45.08,53.81,64.31,59.25,75.6,63.67,58.15,MODERATE
STU105654,17.72,31.5,30.34,26.75,60.1,14.29,28.94,LOW
STU105655,29.11,36.78,52.19,44.25,79.95,49.49,45.04,MODERATE
STU105656,15.41,30.98,41.59,20.0,38.05,20.76,28.03,LOW
STU105657,33.65,34.7,51.1,43.0,69.85,26.99,41.76,MODERATE
STU105658,2.34,30.66,68.05,29.0,67.05,20.92,34.89,MODERATE
STU105659,37.54,40.48,62.21,44.75,67.25,49.59,48.47,MODERATE
STU105660,0.34,3.02,50.76,8.25,40.4,6.64,16.92,LOW
STU105661,29.38,52.4,68.66,45.0,84.55,51.7,53.08,MODERATE
STU105662,26.46,31.89,67.07,50.75,73.18,30.87,44.7,MODERATE
STU105663,27.16,30.01,67.32,35.5,63.15,45.42,42.58,MODERATE
STU105664,18.55,38.44,36.0,32.25,63.8,26.76,34.41,MODERATE
STU105665,41.88,41.32,35.3,37.25,98.62,25.36,43.75,MODERATE
STU105666,29.8,55.48,38.54,49.25,90.9,49.96,49.01,MODERATE
STU105667,28.04,28.8,49.18,45.25,94.92,35.37,42.46,MODERATE
STU105668,35.54,43.3,36.81,36.0,81.98,33.33,42.23,MODERATE
STU105669,13.18,15.77,32.21,22.25,33.07,8.84,20.55,LOW
STU105670,4.04,10.18,49.95,22.25,32.63,20.32,21.98,LOW
STU105671,23.03,38.16,69.39,40.5,54.47,40.45,43.59,MODERATE
STU105672,23.72,44.8,52.86,44.5,79.22,46.82,45.8,MODERATE
STU105673,11.28,25.53,59.2,37.75,78.38,20.56,36.04,MODERATE
STU105674,31.0,41.57,53.72,37.0,62.25,43.19,43.43,MODERATE
STU105675,25.5,34.54,39.61,59.5,67.62,33.7,40.71,MODERATE
STU105676,10.63,43.1,28.71,39.0,79.05,26.17,35.02,MODERATE
STU105677,31.54,37.34,36.99,56.5,75.88,37.47,42.85,MODERATE
STU105678,13.73,40.38,68.47,37.25,93.88,42.58,45.77,MODERATE
STU105679,40.95,45.37,39.94,56.75,79.47,38.0,47.78,MODERATE
STU105680,36.05,31.57,53.45,53.0,64.9,28.87,43.12,MODERATE
STU105681,10.4,24.83,65.31,33.5,55.7,16.03,33.55,MODERATE
STU105682,21.65,26.22,59.86,36.0,74.32,33.63,39.05,MODERATE
STU105683,16.0,34.02,75.98,42.5,58.88,29.22,42.09,MODERATE
STU105684,67.38,56.23,51.26,65.5,81.05,56.34,61.35,HIGH
STU105685,9.44,25.66,25.54,22.25,34.65,16.57,21.87,LOW
STU105686,35.02,44.49,62.55,37.0,62.42,54.99,47.93,MODERATE
STU105687,14.3,21.76,36.05,15.25,20.4,16.52,21.49,LOW
STU105688,30.51,17.67,50.76,34.25,48.62,29.05,33.58,MODERATE
STU105689,31.66,29.71,63.58,53.75,56.47,26.6,42.84,MODERATE
STU105690,46.27,57.43,59.81,54.5,86.58,59.02,58.31,MODERATE
STU105691,0.0,8.3,50.66,4.5,34.2,17.13,18.02,LOW
STU105692,25.47,23.16,38.81,29.0,36.28,17.66,28.39,LOW
STU105693,10.86,14.95,34.95,29.25,61.82,8.51,24.32,LOW
STU105694,6.51,14.46,60.51,0.0,29.92,11.7,21.18,LOW
STU105695,32.39,35.76,63.99,46.0,66.75,29.0,44.69,MODERATE
STU105696,10.16,17.72,63.21,16.25,37.98,22.21,27.56,LOW
STU105697,33.94,38.1,45.98,34.25,66.32,33.61,40.64,MODERATE
STU105698,12.82,17.88,77.76,31.25,49.4,30.11,35.22,MODERATE
STU105699,34.05,40.72,63.41,46.75,72.17,47.46,48.65,MODERATE
STU105700,39.64,43.16,49.74,47.25,63.4,29.4,45.03,MODERATE
STU105701,27.94,31.97,50.35,36.25,52.37,35.88,37.91,MODERATE
STU105702,51.02,43.4,49.56,45.5,99.0,36.28,51.32,MODERATE
STU105703,8.95,31.11,66.81,35.0,58.13,26.08,36.6,MODERATE
STU105704,15.36,31.43,48.75,14.25,72.4,23.3,32.39,MODERATE
STU105705,34.5,53.46,61.66,66.25,89.88,58.97,57.42,MODERATE
STU105706,32.21,32.61,35.34,31.25,74.57,26.62,36.47,MODERATE
STU105707,15.76,30.94,64.34,37.0,51.72,32.23,37.7,MODERATE
STU105708,8.51,28.81,28.51,26.0,50.55,28.87,26.45,LOW
STU105709,25.15,29.82,40.72,21.0,45.9,32.55,31.62,MODERATE
STU105710,9.66,15.36,65.27,33.5,52.7,20.52,31.17,MODERATE
STU105711,17.13,28.1,28.34,37.0,58.2,20.17,29.51,LOW
STU105712,27.83,33.71,53.85,50.75,78.5,43.31,44.56,MODERATE
STU105713,19.8,24.98,65.21,42.0,58.45,40.63,39.46,MODERATE
STU105714,26.19,36.33,45.38,46.0,82.52,36.3,42.18,MODERATE
STU105715,18.93,14.95,66.35,39.75,76.55,15.87,36.0,MODERATE
STU105716,10.47,31.38,61.4,51.25,69.42,27.18,39.57,MODERATE
STU105717,30.45,34.1,46.84,42.0,64.92,38.0,40.58,MODERATE
STU105718,23.27,33.72,53.46,38.0,72.5,23.73,39.1,MODERATE
STU105719,18.2,27.24,58.05,34.25,52.28,33.03,35.73,MODERATE
STU105720,34.98,39.68,21.69,43.5,85.7,23.28,38.68,MODERATE
STU105721,29.1,27.5,42.98,29.5,79.65,11.08,34.79,MODERATE
STU105722,48.97,45.38,62.58,59.5,75.52,49.47,55.08,MODERATE
STU105723,0.0,23.0,55.94,0.0,37.8,16.74,22.39,LOW
STU105724,28.88,26.15,52.29,22.0,55.1,24.85,34.07,MODERATE
STU105725,0.27,21.45,59.89,0.0,37.53,28.87,24.03,LOW
STU105726,32.66,41.8,52.71,55.0,81.85,32.3,47.19,MODERATE
STU105727,0.3,27.23,35.66,21.25,58.4,30.66,26.09,LOW
STU105728,7.84,14.46,59.42,36.75,32.15,22.74,28.07,LOW
STU105729,9.06,27.72,63.16,42.75,66.5,26.24,37.06,MODERATE
STU105730,24.6,23.64,56.78,47.25,63.62,18.95,37.53,MODERATE
STU105731,24.24,40.24,46.5,24.75,85.0,27.94,39.21,MODERATE
STU105732,29.83,44.64,39.19,60.5,77.15,49.0,46.65,MODERATE
STU105733,18.68,42.1,64.9,49.0,59.45,43.69,44.9,MODERATE
STU105734,36.87,46.16,57.5,66.0,79.25,45.81,52.82,MODERATE
STU105735,0.0,15.8,50.52,13.0,34.05,0.0,19.41,LOW
STU105736,42.98,40.22,37.15,64.25,74.05,40.92,47.22,MODERATE
STU105737,18.94,18.81,27.95,27.5,51.42,1.97,23.54,LOW
STU105738,15.05,16.54,34.81,47.75,42.92,18.94,27.46,LOW
STU105739,34.33,21.28,30.49,34.0,53.12,10.56,29.75,LOW
STU105740,17.8,25.54,47.18,48.0,51.82,25.46,34.31,MODERATE
STU105741,3.52,24.47,74.9,30.0,45.3,26.79,33.51,MODERATE
STU105742,38.15,28.33,49.04,45.5,58.38,28.87,40.07,MODERATE
STU105743,28.84,32.04,59.85,41.75,66.58,40.33,42.7,MODERATE
STU105744,16.28,36.77,53.38,45.5,60.28,29.56,38.93,MODERATE
STU105745,0.0,13.69,46.48,12.75,14.25,14.5,17.51,LOW
STU105746,1.77,4.42,61.05,0.0,26.52,13.03,17.62,LOW
STU105747,34.94,38.3,61.2,49.5,95.38,38.28,49.59,MODERATE
STU105748,47.0,51.53,49.51,70.5,96.6,51.4,57.56,MODERATE
STU105749,21.65,25.92,49.04,29.75,46.2,31.01,32.8,MODERATE
STU105750,13.42,21.01,70.9,27.25,54.82,29.93,34.68,MODERATE
STU105751,1.55,5.08,43.92,5.25,45.38,5.3,16.22,LOW
STU105752,2.42,29.84,57.99,25.75,68.68,28.67,33.14,MODERATE
STU105753,13.28,12.68,55.46,33.75,44.18,19.72,28.37,LOW
STU105754,6.06,12.16,54.64,7.25,17.45,19.53,19.97,LOW
STU105755,3.36,14.46,67.42,10.75,47.18,21.4,26.24,LOW
STU105756,0.0,16.8,45.13,13.5,38.32,21.31,21.21,LOW
STU105757,46.93,53.55,66.56,58.0,85.22,53.7,58.68,MODERATE
STU105758,27.79,31.98,47.09,35.0,67.48,32.24,38.19,MODERATE
STU105759,13.66,23.06,51.15,44.0,51.55,20.88,32.57,MODERATE
STU105760,17.22,23.36,44.32,39.25,83.17,24.83,34.84,MODERATE
STU105761,20.76,30.97,47.05,34.5,42.2,33.97,34.1,MODERATE
STU105762,4.13,19.5,69.52,23.5,32.28,19.72,28.33,LOW
STU105763,30.04,33.83,55.32,44.0,60.7,26.2,40.82,MODERATE
STU105764,24.47,16.7,37.86,26.0,53.75,17.56,27.67,LOW
STU105765,17.39,28.25,43.01,37.5,51.55,21.3,32.05,MODERATE
STU105766,20.43,39.04,52.22,36.0,63.7,26.49,38.71,MODERATE
STU105767,45.48,35.98,53.44,53.0,79.77,28.87,47.59,MODERATE
STU105768,48.69,39.7,44.59,57.5,98.92,38.86,50.98,MODERATE
STU105769,19.35,26.66,77.03,44.25,67.0,40.28,43.31,MODERATE
STU105770,25.43,35.12,60.19,33.75,68.73,35.07,41.35,MODERATE
STU105771,17.18,41.69,63.1,52.0,72.05,49.67,46.45,MODERATE
STU105772,51.97,46.16,57.09,52.5,92.68,36.41,54.14,MODERATE
STU105773,25.86,24.42,48.45,43.5,62.4,28.11,36.54,MODERATE
STU105774,17.92,32.88,61.85,36.0,56.62,37.72,39.01,MODERATE
STU105775,35.74,40.32,31.94,65.5,78.97,28.87,44.22,MODERATE
STU105776,27.27,39.38,27.66,44.25,84.42,33.4,39.25,MODERATE
STU105777,26.44,36.52,48.26,42.0,54.32,27.31,38.53,MODERATE
STU105778,12.69,22.03,44.81,28.25,48.58,24.13,28.52,LOW
STU105779,38.5,31.45,33.01,47.0,82.78,22.06,39.7,MODERATE
STU105780,32.62,48.15,58.99,60.75,96.98,44.45,53.62,MODERATE
STU105781,20.96,26.98,60.54,42.0,77.22,43.39,41.41,MODERATE
STU105782,11.5,23.95,57.08,22.75,47.2,22.05,30.04,MODERATE
STU105783,31.38,37.46,54.84,32.0,47.18,32.7,39.4,MODERATE
STU105784,19.44,35.54,38.65,34.0,43.38,22.57,32.2,MODERATE
STU105785,20.12,32.89,52.62,49.75,58.0,23.99,38.43,MODERATE
STU105786,36.93,37.76,69.68,32.5,51.92,45.0,45.33,MODERATE
STU105787,37.17,41.02,87.94,46.0,73.82,57.96,55.36,MODERATE
STU105788,35.59,41.02,40.92,63.75,73.58,28.27,45.3,MODERATE
STU105789,0.0,20.22,41.9,19.0,51.92,15.18,23.0,LOW
STU105790,8.93,31.01,56.8,29.5,75.02,42.94,37.12,MODERATE
STU105791,19.17,30.54,57.64,38.0,65.12,42.97,39.51,MODERATE
STU105792,20.4,19.06,48.89,36.25,59.63,24.05,32.43,MODERATE
STU105793,18.15,28.68,55.8,24.75,25.1,30.02,31.18,MODERATE
STU105794,41.42,28.5,69.82,31.5,73.52,25.57,44.01,MODERATE
STU105795,27.14,34.72,44.69,59.5,80.1,37.11,43.69,MODERATE
STU105796,18.73,31.16,46.45,32.75,57.55,34.41,34.93,MODERATE
STU105797,0.0,2.96,54.47,6.0,34.33,8.89,16.86,LOW
STU105798,14.76,16.28,57.72,22.75,45.4,19.89,28.51,LOW
STU105799,25.73,26.46,57.36,23.5,49.02,26.78,34.34,MODERATE
STU105800,5.86,19.22,32.67,43.75,53.65,3.07,24.75,LOW
STU105801,17.0,12.86,60.82,14.75,24.92,13.62,24.85,LOW
STU105802,45.83,38.98,67.74,43.5,69.12,42.42,50.14,MODERATE
STU105803,21.65,24.88,53.24,46.25,61.42,24.42,36.72,MODERATE
STU105804,30.48,24.14,41.06,50.0,40.85,17.35,33.66,MODERATE
STU105805,21.07,27.31,67.5,15.5,58.1,34.85,36.16,MODERATE
STU105806,22.36,40.58,37.55,55.75,55.92,37.19,39.8,MODERATE
STU105807,26.72,30.05,60.62,35.0,60.5,28.2,39.1,MODERATE
STU105808,26.83,32.74,60.74,34.25,77.4,33.8,41.96,MODERATE
STU105809,2.51,17.14,59.11,21.0,54.37,23.75,27.57,LOW
STU105810,51.7,47.74,57.5,50.5,58.75,61.4,53.37,MODERATE
STU105811,21.09,32.54,61.46,45.25,55.68,35.78,40.58,MODERATE
STU105812,48.78,46.2,52.79,56.5,79.03,44.51,52.69,MODERATE
STU105813,36.64,42.29,46.85,56.5,85.75,26.68,46.99,MODERATE
STU105814,2.82,32.88,48.38,38.5,48.9,25.25,31.65,MODERATE
STU105815,29.19,25.88,55.69,33.0,62.05,25.67,37.17,MODERATE
STU105816,21.03,25.88,36.97,55.0,45.98,39.07,34.83,MODERATE
STU105817,0.0,24.38,43.0,18.5,30.48,17.26,22.24,LOW
STU105818,11.22,15.15,53.96,37.0,30.7,19.6,27.4,LOW
STU105819,28.17,30.51,40.48,35.25,53.32,24.63,34.44,MODERATE
STU105820,21.94,29.9,39.04,30.25,59.85,22.37,32.43,MODERATE
STU105821,32.95,29.57,56.71,50.0,63.2,20.95,41.24,MODERATE
STU105822,13.95,12.36,67.25,40.5,33.83,19.9,30.78,MODERATE
STU105823,29.19,42.4,58.81,56.0,74.57,36.25,47.68,MODERATE
STU105824,3.36,11.06,59.02,9.5,46.08,23.03,23.58,LOW
STU105825,0.89,25.28,33.98,20.25,29.72,14.07,20.71,LOW
STU105826,25.18,37.69,44.76,62.25,88.98,34.55,45.1,MODERATE
STU105827,28.02,38.6,72.9,46.5,74.7,36.01,47.88,MODERATE
STU105828,12.74,21.54,62.39,30.0,62.1,25.07,33.63,MODERATE
STU105829,30.81,37.57,58.5,39.75,100.0,34.34,46.65,MODERATE
STU105830,36.45,19.69,33.46,39.25,52.15,8.85,30.89,MODERATE
STU105831,21.63,35.84,53.99,40.75,40.72,47.1,38.98,MODERATE
STU105832,0.0,20.81,49.85,10.5,35.62,1.99,20.51,LOW
STU105833,19.96,32.38,55.39,32.75,25.32,25.01,33.11,MODERATE
STU105834,0.0,10.96,33.46,3.75,28.1,8.69,13.67,LOW
STU105835,19.15,20.68,53.3,15.5,50.7,18.01,28.86,LOW
STU105836,34.04,40.74,49.99,53.0,84.05,39.08,47.25,MODERATE
STU105837,0.0,17.82,34.44,18.75,30.45,16.55,18.86,LOW
STU105838,3.49,19.94,31.34,31.0,41.4,8.11,21.55,LOW
STU105839,6.7,19.24,52.11,31.25,37.93,22.97,27.35,LOW
STU105840,3.45,27.46,62.94,42.0,63.28,29.33,35.7,MODERATE
STU105841,46.04,39.64,49.05,55.0,80.23,27.42,47.94,MODERATE
STU105842,37.9,54.5,46.55,56.0,81.88,41.89,51.29,MODERATE
STU105843,27.56,33.18,36.55,27.75,47.13,25.84,32.58,MODERATE
STU105844,14.31,15.57,53.89,33.75,68.8,5.77,30.05,MODERATE
STU105845,19.54,26.02,38.55,31.75,74.05,24.8,32.77,MODERATE
STU105846,0.0,15.1,37.3,16.75,36.35,3.64,17.75,LOW
STU105847,10.5,8.86,51.38,20.75,28.7,8.16,21.39,LOW
STU105848,35.82,33.55,57.68,36.0,68.2,33.87,42.69,MODERATE
STU105849,19.35,14.43,48.75,23.0,36.38,18.35,26.15,LOW
STU105850,0.0,10.18,47.72,6.25,14.95,17.29,16.25,LOW
STU105851,29.03,24.06,43.28,27.5,63.58,17.3,32.69,MODERATE
STU105852,21.65,34.3,74.7,21.5,68.55,44.68,42.39,MODERATE
STU105853,31.56,23.42,41.75,35.75,54.5,24.45,33.77,MODERATE
STU105854,49.61,54.77,33.0,71.25,96.43,41.34,54.68,MODERATE
STU105855,12.4,37.34,46.34,42.5,55.1,36.94,36.66,MODERATE
STU105856,16.92,23.04,44.3,33.0,53.95,21.07,30.46,MODERATE
STU105857,15.07,20.6,37.71,29.5,63.55,16.55,28.14,LOW
STU105858,10.54,36.22,41.18,25.5,69.88,28.66,33.08,MODERATE
STU105859,28.79,31.14,59.55,32.25,55.48,28.13,38.65,MODERATE
STU105860,21.65,50.4,32.35,68.25,100.0,28.87,46.52,MODERATE
STU105861,6.85,20.77,56.05,37.0,47.78,20.6,30.16,MODERATE
STU105862,22.1,33.7,55.3,25.0,83.0,36.18,39.57,MODERATE
STU105863,34.31,35.53,53.11,52.5,75.85,41.19,45.95,MODERATE
STU105864,15.41,15.28,65.32,8.25,41.8,29.04,28.29,LOW
STU105865,9.83,17.38,48.26,21.75,61.58,6.03,25.99,LOW
STU105866,9.84,20.63,50.37,40.5,61.72,22.08,31.65,MODERATE
STU105867,8.68,21.41,57.36,38.25,48.95,24.49,31.64,MODERATE
STU105868,27.81,47.12,56.22,58.0,99.45,45.14,51.74,MODERATE
STU105869,15.62,30.01,54.95,34.75,73.2,33.6,37.51,MODERATE
STU105870,6.13,13.91,48.08,29.25,20.52,22.34,22.99,LOW
STU105871,34.91,32.39,76.24,32.25,81.53,39.55,47.27,MODERATE
STU105872,40.94,29.41,47.87,51.75,68.62,28.87,42.63,MODERATE
STU105873,33.75,28.65,44.05,30.5,67.68,22.08,36.27,MODERATE
STU105874,11.26,29.34,69.05,30.75,58.48,44.57,38.31,MODERATE
STU105875,16.87,16.99,62.11,15.25,62.75,20.64,30.67,MODERATE
STU105876,52.18,52.22,52.02,58.5,100.0,51.36,57.81,MODERATE
STU105877,42.72,61.99,48.24,68.5,100.0,46.81,58.65,MODERATE
STU105878,10.19,12.77,45.78,38.25,43.15,21.05,26.54,LOW
STU105879,27.25,40.79,65.1,50.25,70.28,36.76,46.91,MODERATE
STU105880,31.41,40.54,33.55,35.25,69.85,40.87,39.49,MODERATE
STU105881,54.55,43.13,43.86,62.75,100.0,39.79,53.86,MODERATE
STU105882,6.16,23.59,61.1,4.5,35.65,29.58,26.55,LOW
STU105883,13.57,26.66,49.51,28.5,66.27,31.41,33.32,MODERATE
STU105884,20.52,21.3,66.9,38.25,66.1,34.75,38.63,MODERATE
STU105885,7.85,27.68,40.49,29.75,70.2,26.45,30.72,MODERATE
STU105886,39.16,55.66,51.76,76.0,98.7,49.24,58.29,MODERATE
STU105887,29.3,45.93,58.1,56.75,80.97,50.43,50.62,MODERATE
STU105888,36.3,38.77,44.05,53.75,65.6,43.21,44.71,MODERATE
STU105889,40.99,48.38,59.95,46.75,90.65,46.9,53.05,MODERATE
STU105890,15.67,47.82,55.62,41.5,72.32,44.89,44.16,MODERATE
STU105891,36.55,27.89,56.75,24.0,68.82,32.94,39.41,MODERATE
STU105892,10.65,13.47,46.28,25.75,42.05,3.02,23.12,LOW
STU105893,38.59,44.3,53.49,64.75,80.92,42.87,51.58,MODERATE
STU105894,21.65,34.37,57.41,24.0,75.5,35.2,39.07,MODERATE
STU105895,13.74,22.76,42.46,54.25,45.68,24.09,32.04,MODERATE
STU105896,29.73,40.26,58.41,48.75,77.03,52.46,47.95,MODERATE
STU105897,29.01,39.31,48.19,38.0,55.48,44.46,40.96,MODERATE
STU105898,9.35,29.2,66.2,31.75,63.58,31.89,36.72,MODERATE
STU105899,17.21,26.68,60.25,33.0,54.95,40.21,36.63,MODERATE
STU105900,15.35,28.73,47.64,28.0,41.58,14.32,29.57,LOW
STU105901,27.48,26.13,52.98,32.0,60.22,11.09,34.56,MODERATE
STU105902,26.47,32.4,40.15,46.75,40.95,28.87,35.42,MODERATE
STU105903,19.19,44.16,71.19,65.0,73.95,47.9,51.05,MODERATE
STU105904,25.09,28.97,55.81,34.75,36.75,26.32,34.94,MODERATE
STU105905,8.55,25.06,52.45,45.25,29.47,23.0,30.5,MODERATE
STU105906,21.65,41.15,31.54,56.25,98.3,35.91,42.78,MODERATE
STU105907,21.9,13.96,50.92,20.0,39.38,9.6,25.95,LOW
STU105908,11.13,22.37,31.66,8.0,37.02,26.8,21.73,LOW
STU105909,22.33,40.04,48.35,35.75,69.35,34.3,39.87,MODERATE
STU105910,30.29,43.18,50.32,38.25,81.68,36.99,44.52,MODERATE
STU105911,20.69,39.1,69.7,46.5,85.1,39.83,47.32,MODERATE
STU105912,44.81,49.15,67.03,49.5,100.0,60.35,58.12,MODERATE
STU105913,0.0,14.0,47.46,9.25,4.65,21.42,16.99,LOW
STU105914,30.02,25.63,29.66,26.0,63.15,21.98,30.76,MODERATE
STU105915,16.09,40.43,31.83,56.25,92.38,30.03,40.37,MODERATE
STU105916,44.48,44.51,81.44,45.75,92.55,51.03,57.53,MODERATE
STU105917,30.72,31.63,64.61,53.5,93.62,49.47,49.31,MODERATE
STU105918,0.0,39.1,58.29,40.25,58.05,35.87,36.86,MODERATE
STU105919,0.16,19.07,60.5,34.5,40.37,14.92,27.6,LOW
STU105920,46.11,38.73,35.55,63.75,74.88,28.87,45.95,MODERATE
STU105921,25.89,35.96,45.53,37.0,85.55,26.08,39.99,MODERATE
STU105922,14.73,25.57,19.02,28.5,42.37,12.1,22.86,LOW
STU105923,19.99,33.34,65.85,35.75,69.08,39.81,41.75,MODERATE
STU105924,20.97,21.9,35.04,18.75,62.15,19.41,27.65,LOW
STU105925,15.44,21.82,41.88,37.0,50.68,21.18,29.66,LOW
STU105926,19.39,25.85,61.73,29.0,74.95,21.17,36.65,MODERATE
STU105927,21.88,28.0,39.45,36.75,72.25,37.12,35.72,MODERATE
STU105928,34.71,52.22,20.98,49.0,87.38,37.81,44.06,MODERATE
STU105929,48.6,43.94,38.67,57.0,83.5,26.16,47.96,MODERATE
STU105930,38.34,37.66,45.46,36.75,55.65,25.54,39.81,MODERATE
STU105931,28.44,44.46,77.25,60.25,77.32,33.37,52.36,MODERATE
STU105932,18.78,28.48,58.79,55.5,59.55,42.93,41.21,MODERATE
STU105933,59.64,44.16,65.03,56.25,85.6,39.93,56.96,MODERATE
STU105934,31.17,42.58,30.31,59.0,71.18,29.51,41.86,MODERATE
STU105935,11.84,33.77,56.72,28.25,65.38,37.96,36.73,MODERATE
STU105936,23.76,28.25,70.88,42.75,44.15,32.21,40.04,MODERATE
STU105937,21.46,23.94,49.88,41.5,59.3,25.78,34.99,MODERATE
STU105938,37.88,36.86,48.08,18.0,64.12,27.65,38.28,MODERATE
STU105939,34.55,45.4,68.06,46.0,80.58,48.94,51.72,MODERATE
STU105940,16.38,14.95,52.49,23.75,28.08,15.78,25.46,LOW
STU105941,22.41,30.68,48.45,35.0,78.7,18.37,36.8,MODERATE
STU105942,21.65,23.7,45.56,12.75,42.1,9.65,26.45,LOW
STU105943,28.81,41.18,59.79,31.5,55.1,41.97,42.45,MODERATE
STU105944,28.29,29.46,48.28,49.25,73.58,26.88,40.11,MODERATE
STU105945,11.45,29.42,48.86,34.5,53.72,25.85,32.55,MODERATE
STU105946,24.87,31.15,48.34,37.25,84.65,45.47,41.03,MODERATE
STU105947,32.65,33.94,35.49,50.75,82.45,30.72,41.04,MODERATE
STU105948,22.79,29.91,43.2,36.0,62.22,27.91,35.09,MODERATE
STU105949,4.46,19.04,61.59,37.0,9.43,27.24,27.19,LOW
STU105950,5.56,13.14,49.05,16.25,44.95,0.97,21.24,LOW
STU105951,1.89,12.13,57.01,26.75,44.58,15.28,24.81,LOW
STU105952,31.26,49.56,29.55,58.5,68.28,44.43,44.6,MODERATE
STU105953,16.72,50.75,35.08,53.5,93.78,48.69,45.32,MODERATE
STU105954,32.93,30.79,48.81,36.25,97.15,26.19,41.82,MODERATE
STU105955,10.9,22.44,40.74,18.0,29.28,17.16,23.28,LOW
STU105956,21.65,30.57,52.68,53.5,62.72,22.36,39.04,MODERATE
STU105957,14.29,44.21,62.68,49.5,78.53,37.03,45.43,MODERATE
STU105958,3.87,14.93,67.51,22.0,40.88,26.84,28.08,LOW
STU105959,30.01,21.86,66.2,38.25,39.05,28.87,37.24,MODERATE
STU105960,5.83,15.43,48.88,23.0,48.25,18.91,24.97,LOW
STU105961,25.16,36.54,42.58,49.25,67.3,18.72,38.67,MODERATE
STU105962,22.18,35.36,60.96,56.25,44.85,31.48,41.54,MODERATE
STU105963,16.4,14.05,47.38,21.0,62.4,16.01,27.26,LOW
STU105964,22.53,40.54,49.8,27.25,59.98,36.56,38.34,MODERATE
STU105965,31.49,30.12,73.08,44.75,86.95,32.21,47.07,MODERATE
STU105966,38.33,46.15,39.64,49.75,56.65,45.86,44.84,MODERATE
STU105967,25.39,33.94,44.88,45.0,66.5,32.71,39.21,MODERATE
STU105968,10.28,14.58,38.9,31.0,57.95,12.93,25.22,LOW
STU105969,31.72,47.98,53.31,46.25,100.0,44.59,50.4,MODERATE
STU105970,14.24,21.96,45.05,28.75,57.45,12.65,28.67,LOW
STU105971,25.67,34.83,51.79,65.5,70.8,28.87,43.99,MODERATE
STU105972,34.18,28.92,54.68,29.75,51.17,20.95,36.68,MODERATE
STU105973,12.6,28.76,52.22,31.0,78.38,29.9,35.63,MODERATE
STU105974,30.87,36.24,56.81,35.0,76.12,39.8,43.44,MODERATE
STU105975,18.22,41.07,57.99,65.25,73.03,40.85,46.69,MODERATE
STU105976,25.23,39.3,56.55,43.0,78.85,28.7,43.39,MODERATE
STU105977,27.77,40.44,39.85,36.75,77.5,32.47,40.14,MODERATE
STU105978,0.08,11.2,54.02,17.75,54.52,16.0,23.33,LOW
STU105979,38.82,26.39,74.57,35.5,56.9,33.7,43.66,MODERATE
STU105980,28.1,30.39,70.24,31.25,70.43,30.27,42.02,MODERATE
STU105981,23.77,32.2,60.02,44.25,72.03,47.94,43.44,MODERATE
STU105982,11.52,35.85,59.23,32.0,64.82,38.76,38.27,MODERATE
STU105983,29.89,30.18,60.18,44.0,89.35,37.51,44.84,MODERATE
STU105984,32.32,12.79,52.19,27.25,43.6,15.04,30.05,MODERATE
STU105985,33.58,31.24,39.55,39.0,71.18,27.97,38.2,MODERATE
STU105986,49.44,48.27,91.3,69.0,93.58,69.5,66.87,HIGH
STU105987,12.42,31.04,82.49,46.25,63.3,42.6,44.27,MODERATE
STU105988,24.97,37.81,55.49,41.0,70.05,25.44,41.24,MODERATE
STU105989,39.24,34.98,57.74,39.75,70.62,34.2,44.59,MODERATE
STU105990,3.35,20.9,54.66,18.0,47.62,13.9,25.68,LOW
STU105991,50.26,63.12,51.22,63.5,100.0,62.54,61.86,HIGH
STU105992,8.68,8.06,52.21,18.5,62.4,17.88,25.0,LOW
STU105993,3.58,24.72,55.19,25.75,55.38,24.81,29.82,LOW
STU105994,33.91,43.94,46.14,50.5,71.08,59.58,47.64,MODERATE
STU105995,29.8,41.77,38.49,41.0,54.7,43.63,40.08,MODERATE
STU105996,20.18,25.38,59.2,45.5,59.2,33.52,38.32,MODERATE
STU105997,18.1,24.58,48.59,30.75,51.58,31.91,32.44,MODERATE
STU105998,22.35,35.66,73.24,20.5,99.4,44.35,45.48,MODERATE
STU105999,55.69,46.72,60.13,70.75,100.0,54.11,60.87,HIGH
STU106000,0.0,17.12,37.34,9.75,31.12,9.51,17.27,LOW
STU106001,9.12,11.96,70.81,22.25,45.8,14.21,28.31,LOW
STU106002,23.24,38.82,68.46,31.0,46.32,53.21,42.65,MODERATE
STU106003,19.72,31.54,64.03,43.75,49.85,35.59,39.74,MODERATE
STU106004,21.82,27.67,72.03,37.0,73.08,30.99,41.64,MODERATE
STU106005,26.16,16.6,52.85,33.0,35.52,35.26,31.98,MODERATE
STU106006,54.08,54.16,52.42,76.0,100.0,40.55,60.3,HIGH
STU106007,41.37,38.18,40.54,33.5,56.97,42.72,40.92,MODERATE
STU106008,38.28,35.09,68.23,37.25,74.98,30.12,46.17,MODERATE
STU106009,36.92,38.1,51.5,48.0,30.98,37.72,41.28,MODERATE
STU106010,2.96,18.19,49.14,32.5,58.32,9.64,26.64,LOW
STU106011,53.75,48.06,48.58,65.0,90.28,55.13,56.77,MODERATE
STU106012,38.52,50.2,44.89,68.75,80.75,51.11,52.73,MODERATE
STU106013,21.25,41.54,56.84,39.25,75.75,37.57,43.22,MODERATE
STU106014,13.35,24.94,45.76,28.5,72.65,13.95,30.99,MODERATE
STU106015,14.38,18.86,35.0,30.0,22.47,15.92,22.93,LOW
STU106016,21.65,7.12,57.15,17.25,45.68,18.37,26.53,LOW
STU106017,24.0,37.74,46.45,40.0,74.88,30.41,40.05,MODERATE
STU106018,21.65,29.31,54.18,25.0,51.4,25.56,33.94,MODERATE
STU106019,10.17,12.44,66.41,40.5,49.42,8.35,30.28,MODERATE
STU106020,10.15,19.59,44.82,26.5,62.93,16.47,27.81,LOW
STU106021,4.16,32.52,67.25,48.0,50.95,29.31,37.64,MODERATE
STU106022,24.57,32.33,56.62,36.5,66.58,31.38,39.59,MODERATE
STU106023,25.6,45.59,64.39,60.25,78.22,45.56,50.81,MODERATE
STU106024,31.76,43.59,54.96,63.0,72.5,40.52,48.99,MODERATE
STU106025,14.13,24.18,43.25,33.5,67.9,20.3,31.37,MODERATE
STU106026,30.36,31.65,39.88,38.5,70.62,21.74,36.97,MODERATE
STU106027,36.02,32.16,53.96,41.75,69.0,37.25,42.92,MODERATE
STU106028,18.12,22.07,61.21,37.0,40.9,41.53,35.18,MODERATE
STU106029,17.35,23.9,21.2,38.25,68.55,24.75,28.75,LOW
STU106030,26.28,34.76,60.61,46.25,80.15,43.97,45.42,MODERATE
STU106031,14.53,30.55,40.51,30.75,92.85,24.22,34.96,MODERATE
STU106032,12.24,24.68,66.96,25.5,58.85,34.38,35.16,MODERATE
STU106033,29.98,40.4,39.46,55.5,98.48,36.68,45.83,MODERATE
STU106034,15.15,26.52,37.0,46.75,76.88,28.78,34.64,MODERATE
STU106035,23.53,33.52,57.45,51.5,58.75,33.59,41.54,MODERATE
STU106036,33.7,36.34,46.85,44.25,32.42,23.49,37.42,MODERATE
STU106037,37.4,31.5,72.41,34.25,64.47,38.71,45.29,MODERATE
STU106038,42.08,47.24,53.58,65.0,81.92,32.87,52.17,MODERATE
STU106039,21.52,22.87,41.95,34.0,70.35,8.4,31.39,MODERATE
STU106040,29.3,51.1,67.88,56.0,96.08,54.32,55.65,MODERATE
STU106041,0.0,19.98,56.91,17.75,20.7,25.93,23.7,LOW
STU106042,21.94,22.14,68.21,31.0,73.95,28.87,38.5,MODERATE
STU106043,12.35,35.12,53.44,64.5,96.08,36.86,44.91,MODERATE
STU106044,6.55,15.47,48.6,14.0,62.4,7.12,23.95,LOW
STU106045,26.12,44.82,50.0,48.25,83.35,29.59,44.96,MODERATE
STU106046,31.77,36.02,47.44,51.5,66.27,41.05,43.3,MODERATE
STU106047,53.07,60.18,58.14,64.75,70.35,54.8,59.51,LOW
STU106048,9.69,14.94,54.36,20.75,38.25,18.57,25.34,LOW
STU106049,0.0,5.65,45.66,18.5,31.57,7.83,17.26,LOW
STU106050,44.2,48.79,63.05,66.5,79.35,56.46,57.2,MODERATE
STU106051,35.52,43.02,39.4,54.0,40.92,48.52,42.78,MODERATE
STU106052,21.19,34.31,40.15,45.75,32.98,34.87,34.49,MODERATE
STU106053,31.3,37.36,70.06,32.25,74.18,38.46,45.71,MODERATE
STU106054,12.83,27.19,46.48,37.5,51.1,32.49,32.64,MODERATE
STU106055,8.33,38.18,63.22,19.25,41.95,47.93,35.73,MODERATE
STU106056,17.06,29.61,50.8,29.25,47.72,28.62,33.0,MODERATE
STU106057,29.21,37.91,64.53,44.25,77.75,50.57,47.7,MODERATE
STU106058,11.91,29.37,58.36,44.5,65.82,26.37,37.29,MODERATE
STU106059,34.53,40.43,58.98,53.25,78.0,51.8,49.78,MODERATE
STU106060,33.97,38.94,32.04,42.0,82.93,30.49,40.58,MODERATE
STU106061,46.12,46.66,39.66,64.75,77.35,48.34,51.1,MODERATE
STU106062,23.56,20.89,62.56,46.5,51.17,20.21,36.56,MODERATE
STU106063,25.72,34.04,56.62,41.0,76.05,32.31,41.96,MODERATE
STU106064,25.01,23.2,49.66,21.75,53.97,21.32,31.53,MODERATE
STU106065,26.2,28.69,66.31,50.0,76.6,30.25,43.86,MODERATE
STU106066,26.43,25.41,61.94,33.5,54.82,27.33,37.27,MODERATE
STU106067,15.21,31.18,66.72,33.0,62.97,34.52,38.88,MODERATE
STU106068,53.14,56.33,52.35,69.25,100.0,53.25,60.89,HIGH
STU106069,49.65,53.17,70.59,68.5,56.03,53.88,58.61,MODERATE
STU106070,29.79,37.74,57.59,37.5,89.5,35.72,45.06,MODERATE
STU106071,12.33,23.84,47.01,56.5,76.32,30.34,36.97,MODERATE
STU106072,17.07,37.8,38.26,40.5,54.28,34.6,35.48,MODERATE
STU106073,28.42,42.38,62.76,34.0,67.25,38.19,44.48,MODERATE
STU106074,16.03,28.16,65.38,63.25,75.02,26.46,42.96,MODERATE
STU106075,16.04,20.54,56.6,34.5,77.15,24.08,34.96,MODERATE
STU106076,27.13,26.59,57.1,23.0,45.1,26.85,34.14,MODERATE
STU106077,8.59,24.27,64.82,41.0,46.92,34.26,35.02,MODERATE
STU106078,31.6,35.44,41.2,39.75,79.6,27.77,40.12,MODERATE
STU106079,32.65,28.46,25.8,29.25,50.82,10.17,29.29,LOW
STU106080,21.24,31.7,34.69,44.25,51.2,21.46,33.01,MODERATE
STU106081,11.06,26.28,47.13,38.5,39.42,27.53,30.68,MODERATE
STU106082,0.0,8.77,43.32,16.5,38.32,10.09,18.17,LOW
STU106083,33.1,36.95,49.29,29.25,52.8,28.02,38.18,MODERATE
STU106084,3.03,23.62,43.26,27.75,47.82,17.38,25.85,LOW
STU106085,20.2,46.33,63.15,52.25,73.15,48.79,48.28,MODERATE
STU106086,15.01,40.18,36.8,51.25,67.6,26.49,37.5,MODERATE
STU106087,75.26,50.31,54.72,64.0,83.93,58.36,62.4,HIGH
STU106088,2.75,21.06,45.79,26.5,53.72,18.59,26.18,LOW
STU106089,6.54,16.77,61.33,28.5,76.4,17.62,31.44,MODERATE
STU106090,71.12,54.05,37.64,72.5,100.0,42.72,60.41,HIGH
STU106091,25.87,18.95,39.26,35.5,58.62,20.72,31.02,MODERATE
STU106092,4.69,26.44,84.52,37.0,47.6,43.61,39.12,MODERATE
STU106093,12.55,29.81,60.31,39.25,43.97,36.02,35.91,MODERATE
STU106094,40.94,39.04,65.03,42.0,73.58,40.74,48.69,MODERATE
STU106095,12.19,18.66,34.5,13.5,59.7,6.1,22.61,LOW
STU106096,17.52,29.85,49.14,53.0,62.4,32.4,38.22,MODERATE
STU106097,19.54,26.29,73.03,25.0,63.75,35.5,38.76,MODERATE
STU106098,24.53,27.31,50.19,31.5,48.6,23.1,33.67,MODERATE
STU106099,10.25,16.2,45.65,43.25,40.15,10.25,26.76,LOW
STU106100,14.3,20.78,67.56,27.75,46.0,24.92,32.82,MODERATE
STU106101,35.3,32.76,54.75,45.0,73.65,36.12,43.93,MODERATE
STU106102,23.69,27.16,40.01,17.25,66.95,11.55,29.97,LOW
STU106103,14.11,20.62,72.5,7.5,57.42,27.92,32.14,MODERATE
STU106104,28.44,31.47,51.46,47.25,76.02,40.16,42.55,MODERATE
STU106105,49.32,41.76,60.4,64.25,81.62,50.52,55.24,MODERATE
STU106106,12.0,22.72,59.88,22.25,59.35,20.63,31.39,MODERATE
STU106107,0.0,7.32,59.59,14.75,61.1,16.98,23.77,LOW
STU106108,13.03,13.04,44.11,10.5,49.22,21.38,23.32,LOW
STU106109,18.64,21.68,40.96,37.75,50.62,13.9,29.45,LOW
STU106110,51.63,68.78,28.41,60.5,100.0,45.72,56.85,MODERATE
STU106111,36.92,32.92,49.8,51.75,83.22,22.71,43.93,MODERATE
STU106112,21.14,39.69,67.35,39.25,100.0,34.61,46.97,MODERATE
STU106113,28.57,27.59,48.85,37.25,47.5,21.62,34.88,MODERATE
STU106114,5.95,12.97,64.21,0.0,37.68,22.09,23.25,LOW
STU106115,41.07,36.48,47.72,47.0,74.7,33.68,44.77,MODERATE
STU106116,0.0,6.09,47.99,12.25,26.6,0.0,15.62,LOW
STU106117,28.44,33.82,50.16,41.0,62.03,40.06,40.53,MODERATE
STU106118,15.26,36.22,59.99,48.0,71.0,31.25,41.53,MODERATE
STU106119,9.03,17.26,58.03,37.0,48.6,18.14,29.95,LOW
STU106120,1.64,19.32,63.94,9.0,39.1,15.23,24.73,LOW
STU106121,16.79,26.66,43.94,15.5,40.52,13.79,26.57,LOW
STU106122,38.77,33.45,52.47,48.75,62.4,35.32,43.7,MODERATE
STU106123,16.24,17.96,41.04,25.0,65.38,13.52,27.59,LOW
STU106124,39.84,44.53,64.88,32.5,74.88,49.7,49.41,MODERATE
STU106125,47.56,34.84,65.68,36.75,94.52,45.3,50.85,MODERATE
STU106126,15.03,27.5,52.11,41.5,69.95,31.39,36.66,MODERATE
STU106127,31.58,37.3,78.15,48.5,77.25,44.38,50.71,MODERATE
STU106128,14.97,14.7,51.38,39.25,37.45,15.91,28.17,LOW
STU106129,25.93,30.93,68.77,38.0,72.65,37.95,43.43,MODERATE
STU106130,24.27,35.5,42.54,29.5,57.4,33.9,35.79,MODERATE
STU106131,21.28,40.19,55.48,37.5,80.02,40.88,43.11,MODERATE
STU106132,6.09,20.23,70.49,37.0,54.15,16.24,32.96,MODERATE
STU106133,31.25,38.75,46.32,42.75,82.52,35.98,43.46,MODERATE
STU106134,2.75,21.24,38.67,32.0,36.72,13.88,23.45,LOW
STU106135,9.47,18.95,57.45,21.25,51.2,21.6,28.59,LOW
STU106136,25.88,41.82,76.0,48.5,99.52,50.38,53.1,MODERATE
STU106137,11.83,29.48,30.46,32.5,54.1,21.88,28.3,LOW
STU106138,37.03,41.48,44.66,50.0,81.23,41.09,46.44,MODERATE
STU106139,22.36,25.45,69.59,26.25,51.9,20.96,35.98,MODERATE
STU106140,27.69,31.22,37.02,28.25,79.53,31.16,36.05,MODERATE
STU106141,29.19,31.36,29.46,39.5,68.58,13.41,33.69,MODERATE
STU106142,12.19,29.36,70.51,34.0,97.68,52.79,44.03,MODERATE
STU106143,52.3,49.19,59.26,49.25,86.65,51.3,55.79,MODERATE
STU106144,23.15,29.49,50.8,23.0,74.57,26.49,35.72,MODERATE
STU106145,18.61,23.62,54.09,30.25,68.6,36.95,35.54,MODERATE
STU106146,6.74,30.1,41.61,31.25,50.88,27.77,29.75,LOW
STU106147,3.51,24.8,57.91,12.5,49.7,34.28,28.76,LOW
STU106148,24.62,34.4,58.96,36.25,71.2,32.97,41.17,MODERATE
STU106149,19.76,41.6,66.7,60.75,78.45,33.36,47.99,MODERATE
STU106150,45.96,39.74,39.09,57.75,68.08,34.14,45.83,MODERATE
STU106151,10.65,34.93,35.1,36.0,74.02,30.57,33.74,MODERATE
STU106152,5.14,12.68,40.77,16.5,14.43,17.56,18.03,LOW
STU106153,8.64,29.87,28.4,21.5,43.0,25.47,24.95,LOW
STU106154,24.61,41.1,26.78,28.5,53.48,32.0,33.38,MODERATE
STU106155,31.96,47.14,51.01,55.25,65.5,47.43,47.96,MODERATE
STU106156,31.46,46.04,51.0,66.5,94.05,36.6,51.04,MODERATE
STU106157,23.99,40.01,67.51,51.0,74.3,32.39,46.62,MODERATE
STU106158,12.03,23.81,71.25,31.75,53.65,35.93,36.33,MODERATE
STU106159,30.5,31.26,57.75,29.5,62.4,33.21,39.45,MODERATE
STU106160,32.51,41.26,48.6,58.5,62.4,48.14,46.37,MODERATE
STU106161,21.65,44.78,54.15,41.5,78.28,55.64,45.97,MODERATE
STU106162,11.37,33.24,38.84,17.25,32.02,27.39,26.88,LOW
STU106163,14.81,25.04,58.09,31.25,67.8,33.21,35.63,MODERATE
STU106164,21.65,29.55,42.35,41.5,79.72,16.36,36.02,MODERATE
STU106165,24.22,36.24,70.96,42.75,72.15,37.15,45.44,MODERATE
STU106166,0.76,11.43,32.63,0.0,16.02,6.09,11.75,LOW
STU106167,4.77,14.42,42.26,24.5,41.85,13.79,22.25,LOW
STU106168,17.94,16.48,41.24,10.75,34.75,17.45,22.79,LOW
STU106169,49.41,45.12,74.25,60.75,85.82,44.68,58.17,MODERATE
STU106170,18.96,37.6,56.39,55.5,92.18,37.23,45.74,MODERATE
STU106171,22.66,33.66,46.49,48.0,85.52,45.64,42.56,MODERATE
STU106172,15.64,30.14,53.3,32.0,57.82,28.85,34.79,MODERATE
STU106173,7.67,18.82,62.74,25.5,42.68,29.78,29.86,LOW
STU106174,15.12,31.5,62.98,39.25,69.9,20.47,38.42,MODERATE
STU106175,27.02,32.3,54.3,43.0,88.28,38.82,43.5,MODERATE
STU106176,31.54,38.95,43.05,39.25,76.32,40.48,42.22,MODERATE
STU106177,22.42,17.58,36.54,32.5,36.62,17.66,26.49,LOW
STU106178,10.26,28.14,55.74,31.25,78.6,27.4,35.52,MODERATE
STU106179,21.65,31.27,62.5,45.0,93.52,54.82,46.23,MODERATE
STU106180,27.82,30.06,66.29,33.75,38.85,32.75,38.56,MODERATE
STU106181,22.41,24.02,37.15,24.75,80.88,22.11,31.93,MODERATE
STU106182,21.86,33.09,54.92,22.0,63.52,17.62,35.04,MODERATE
STU106183,0.0,23.24,48.6,33.75,70.53,32.99,30.94,MODERATE
STU106184,22.12,19.82,65.39,12.25,56.82,28.3,32.81,MODERATE
STU106185,23.0,28.67,37.22,40.25,63.85,22.57,33.89,MODERATE
STU106186,25.51,34.45,50.96,47.0,43.1,43.18,39.58,MODERATE
STU106187,33.08,32.43,45.55,50.5,54.8,33.11,40.2,MODERATE
STU106188,41.83,36.07,24.67,56.75,90.25,34.79,43.33,MODERATE
STU106189,26.97,27.35,41.64,44.5,98.25,24.99,39.56,MODERATE
STU106190,9.8,30.81,31.51,33.0,48.1,27.84,28.51,LOW
STU106191,35.03,43.34,51.31,52.0,79.7,49.46,48.82,MODERATE
STU106192,0.96,20.25,42.65,34.75,59.32,28.01,27.73,LOW
STU106193,40.62,25.5,17.74,47.75,48.45,8.51,30.91,MODERATE
STU106194,22.23,23.06,41.11,35.0,72.15,18.45,32.74,MODERATE
STU106195,20.95,22.77,37.0,20.75,57.53,12.0,27.35,LOW
STU106196,11.96,25.97,49.39,11.25,41.97,20.81,26.73,LOW
STU106197,31.32,36.67,53.12,27.25,84.4,41.58,42.74,MODERATE
STU106198,18.7,31.56,44.65,26.5,40.15,34.74,32.02,MODERATE
STU106199,9.26,15.64,59.18,32.5,64.08,26.05,31.49,MODERATE
STU106200,28.96,43.56,29.62,62.75,86.65,38.66,44.55,MODERATE
STU106201,0.0,6.83,62.64,9.5,45.65,23.77,22.6,LOW
STU106202,0.0,3.69,40.77,11.25,62.75,0.0,17.04,LOW
STU106203,11.27,23.12,57.52,22.0,53.55,30.16,31.21,MODERATE
STU106204,3.52,23.23,53.31,10.5,40.5,23.69,25.17,LOW
STU106205,0.0,22.1,45.25,28.25,66.6,23.8,27.85,LOW
STU106206,20.77,30.02,45.95,21.5,75.2,27.27,34.32,MODERATE
STU106207,27.24,25.44,60.3,48.75,70.6,33.27,41.57,MODERATE
STU106208,8.35,21.83,50.55,21.5,41.32,14.74,26.07,LOW
STU106209,29.04,44.67,57.56,47.0,81.6,42.2,47.92,MODERATE
STU106210,39.17,47.03,40.59,59.25,78.12,36.86,48.09,MODERATE
STU106211,19.84,29.1,55.65,35.5,68.0,33.62,37.86,MODERATE
STU106212,12.01,24.29,44.82,16.0,59.2,20.96,27.85,LOW
STU106213,23.07,38.7,31.96,29.0,54.37,36.42,34.11,MODERATE
STU106214,32.52,32.27,66.18,36.75,78.7,32.83,44.47,MODERATE
STU106215,21.65,37.54,35.1,55.5,55.32,20.16,36.61,MODERATE
STU106216,37.28,39.98,50.75,46.0,61.72,34.4,44.11,MODERATE
STU106217,51.09,60.94,47.61,61.5,100.0,52.9,59.49,LOW
STU106218,48.73,44.49,60.82,52.5,77.12,45.02,53.12,MODERATE
STU106219,23.74,25.56,27.11,32.25,51.95,5.0,27.09,LOW
STU106220,5.9,18.64,47.24,35.75,59.85,10.49,27.68,LOW
STU106221,11.8,29.55,66.05,32.5,78.77,33.43,39.05,MODERATE
STU106222,13.58,25.31,46.8,21.0,56.47,17.72,28.97,LOW
STU106223,37.96,35.76,31.74,33.25,51.32,24.56,35.46,MODERATE
STU106224,22.09,37.34,54.26,59.25,68.0,33.37,43.63,MODERATE
STU106225,20.84,33.39,43.01,37.25,55.9,25.62,34.86,MODERATE
STU106226,23.78,33.92,58.99,54.0,56.22,36.99,42.46,MODERATE
STU106227,7.86,20.17,60.59,10.0,50.7,15.78,26.88,LOW
STU106228,16.05,24.41,42.74,25.0,56.4,33.58,30.61,MODERATE
STU106229,0.0,11.45,54.97,39.0,48.62,19.56,26.52,LOW
STU106230,22.99,27.68,45.49,44.0,63.52,38.73,37.44,MODERATE
STU106231,6.48,14.67,52.98,26.75,53.2,13.8,26.27,LOW
STU106232,0.0,6.79,46.29,18.75,35.93,0.0,17.36,LOW
STU106233,17.9,33.76,56.65,27.75,50.7,33.01,35.88,MODERATE
STU106234,17.69,24.79,49.35,22.5,57.45,27.72,31.5,MODERATE
STU106235,31.65,38.12,48.45,46.75,69.4,27.18,42.22,MODERATE
STU106236,14.01,25.44,55.91,32.0,41.0,24.97,31.74,MODERATE
STU106237,12.45,23.34,51.89,29.0,46.52,43.22,32.03,MODERATE
STU106238,35.26,24.31,58.78,43.25,74.28,17.84,40.58,MODERATE
STU106239,17.14,22.34,40.09,34.25,70.2,14.41,30.63,MODERATE
STU106240,21.33,24.61,45.76,34.0,72.0,19.35,33.81,MODERATE
STU106241,2.68,21.37,52.29,27.75,49.02,21.73,27.57,LOW
STU106242,4.32,24.54,64.86,40.75,42.92,21.59,32.53,MODERATE
STU106243,16.85,35.11,59.94,37.75,67.1,40.93,40.6,MODERATE
STU106244,27.05,28.0,40.02,39.5,59.63,32.73,35.58,MODERATE
STU106245,7.08,18.36,60.42,13.5,47.3,22.88,27.13,LOW
STU106246,0.0,14.53,54.96,16.25,34.12,18.96,22.37,LOW
STU106247,22.28,30.43,49.11,44.5,43.75,29.59,35.89,MODERATE
STU106248,35.78,27.48,46.1,34.0,55.35,15.93,35.47,MODERATE
STU106249,36.32,57.21,47.58,60.5,97.68,48.15,54.74,MODERATE
STU106250,6.67,28.22,58.73,20.75,44.45,25.07,30.2,MODERATE
STU106251,0.0,17.06,45.31,18.5,57.18,3.28,22.15,LOW
STU106252,27.07,36.95,58.71,29.5,38.6,38.99,38.58,MODERATE
STU106253,19.29,32.33,52.85,47.75,75.82,28.87,40.14,MODERATE
STU106254,21.04,31.55,69.6,47.25,60.32,31.29,42.26,MODERATE
STU106255,32.72,31.82,55.56,40.0,68.23,40.52,42.49,MODERATE
STU106256,26.05,25.54,42.04,30.25,64.2,30.18,33.98,MODERATE
STU106257,28.22,38.86,67.0,26.25,80.23,40.36,44.76,MODERATE
STU106258,37.17,34.14,60.75,56.25,49.0,24.84,43.94,MODERATE
STU106259,43.39,36.83,62.81,49.0,69.0,41.34,48.83,MODERATE
STU106260,8.41,24.51,32.71,30.75,55.58,25.62,27.08,LOW
STU106261,15.15,31.97,50.86,37.0,37.25,22.46,32.72,MODERATE
STU106262,17.18,36.1,70.06,27.75,70.45,38.05,41.49,MODERATE
STU106263,17.85,34.86,78.08,29.25,52.75,37.06,41.27,MODERATE
STU106264,24.57,28.96,27.71,54.25,82.58,7.86,34.88,MODERATE
STU106265,0.0,16.48,66.45,9.75,61.42,18.12,26.83,LOW
STU106266,30.68,32.55,44.11,29.75,60.25,31.82,36.76,MODERATE
STU106267,21.65,20.36,51.91,27.25,49.12,25.27,31.33,MODERATE
STU106268,21.65,30.41,68.29,60.5,46.25,49.94,44.28,MODERATE
STU106269,8.63,18.15,50.55,28.75,59.1,25.67,29.16,LOW
STU106270,10.09,23.67,70.58,37.0,38.5,28.71,34.32,MODERATE
STU106271,20.87,15.4,55.46,15.25,49.3,13.5,27.68,LOW
STU106272,6.48,6.73,49.45,34.5,29.83,10.48,22.07,LOW
STU106273,18.74,25.35,65.51,40.5,48.5,21.07,36.22,MODERATE
STU106274,6.23,29.41,34.11,12.5,44.28,25.51,24.27,LOW
STU106275,6.11,20.5,51.65,4.0,47.4,30.8,25.1,LOW
STU106276,31.42,45.22,71.3,47.75,83.58,61.27,53.5,MODERATE
STU106277,42.12,36.18,41.5,35.0,85.45,28.87,42.45,MODERATE
STU106278,36.62,49.81,57.01,52.25,80.38,48.18,51.87,MODERATE
STU106279,0.0,22.03,68.15,15.75,81.7,30.1,32.68,MODERATE
STU106280,44.96,40.48,56.38,55.0,92.4,39.99,51.88,MODERATE
STU106281,42.9,49.83,44.44,55.5,77.9,39.7,50.01,MODERATE
STU106282,37.14,38.92,34.39,62.0,67.95,41.1,44.24,MODERATE
STU106283,44.7,53.97,61.36,53.0,100.0,52.53,57.91,MODERATE
STU106284,26.96,29.8,47.92,45.0,62.4,28.64,38.28,MODERATE
STU106285,19.08,41.71,56.08,44.75,93.02,29.85,44.46,MODERATE
STU106286,39.2,52.44,26.65,62.5,92.58,37.17,48.63,MODERATE
STU106287,27.87,32.52,51.74,34.75,53.55,31.85,37.8,MODERATE
STU106288,28.07,33.13,35.71,45.5,74.42,28.13,38.12,MODERATE
STU106289,43.95,42.32,30.94,65.25,72.7,7.48,43.36,MODERATE
STU106290,47.91,37.15,53.6,43.25,70.0,17.85,44.86,MODERATE
STU106291,14.47,31.29,33.75,31.75,57.82,29.57,30.97,MODERATE
STU106292,21.65,31.36,30.93,32.5,54.37,20.11,30.68,MODERATE
STU106293,22.84,32.59,38.1,51.75,56.3,29.16,36.64,MODERATE
STU106294,4.36,14.92,28.14,36.0,34.78,3.81,19.49,LOW
STU106295,0.0,6.66,56.69,19.25,38.52,13.87,21.13,LOW
STU106296,21.82,31.62,40.58,50.75,81.08,25.93,38.7,MODERATE
STU106297,31.92,40.52,62.24,40.25,85.85,33.63,46.95,MODERATE
STU106298,16.66,37.56,44.42,28.75,60.1,31.77,35.11,MODERATE
STU106299,22.31,24.99,49.65,43.75,75.65,31.29,37.9,MODERATE
STU106300,5.43,23.72,40.25,23.25,56.03,27.55,26.91,LOW
STU106301,11.85,28.48,49.22,18.75,48.65,35.17,30.53,MODERATE
STU106302,0.0,14.99,72.88,24.0,31.6,10.24,26.11,LOW
STU106303,49.29,48.83,54.69,68.0,87.42,51.89,57.13,MODERATE
STU106304,29.74,33.68,29.38,58.25,69.3,26.81,38.59,MODERATE
STU106305,0.29,14.68,44.38,19.0,33.88,8.78,19.72,LOW
STU106306,27.5,34.66,59.75,43.75,61.0,28.76,41.65,MODERATE
STU106307,0.0,17.25,35.02,27.5,14.77,10.2,17.94,LOW
STU106308,17.55,25.81,61.4,47.25,50.92,32.9,37.71,MODERATE
STU106309,1.72,13.62,44.04,34.5,52.0,2.03,23.14,LOW
STU106310,8.04,11.59,55.08,11.25,57.63,1.71,23.14,LOW
STU106311,0.54,32.07,72.9,28.0,75.1,38.13,38.23,MODERATE
STU106312,52.5,46.28,41.25,77.0,98.15,40.36,55.72,MODERATE
STU106313,13.81,39.11,56.92,57.5,64.4,31.08,42.1,MODERATE
STU106314,0.0,1.64,49.96,1.25,34.65,3.25,14.38,LOW
STU106315,56.85,43.88,42.68,66.0,78.62,52.33,53.87,MODERATE
STU106316,5.22,21.87,70.94,31.5,64.2,24.2,34.26,MODERATE
STU106317,51.52,53.28,65.15,80.5,62.4,49.01,59.87,LOW
STU106318,41.84,35.93,65.38,47.0,71.88,42.7,48.93,MODERATE
STU106319,6.22,28.0,27.28,44.0,54.22,31.99,28.92,LOW
STU106320,16.25,29.19,54.24,39.75,56.53,32.0,36.21,MODERATE
STU106321,23.2,33.16,58.34,34.0,73.65,29.87,40.05,MODERATE
STU106322,22.69,37.17,63.35,37.0,90.12,39.19,44.98,MODERATE
STU106323,43.94,38.37,59.23,66.5,85.52,28.87,51.64,MODERATE
STU106324,8.48,23.26,46.86,35.0,46.95,15.22,28.35,LOW
STU106325,29.57,29.29,37.95,43.0,59.32,25.68,35.78,MODERATE
STU106326,34.14,44.22,47.32,67.75,73.38,28.87,47.73,MODERATE
STU106327,25.78,28.96,52.59,38.0,65.15,32.87,38.42,MODERATE
STU106328,24.02,15.18,43.85,31.0,55.97,8.04,28.42,LOW
STU106329,26.06,34.56,49.79,43.75,69.08,34.56,40.74,MODERATE
STU106330,22.81,27.04,57.54,27.25,56.45,27.27,35.29,MODERATE
STU106331,14.12,32.92,44.04,46.5,63.65,29.38,36.14,MODERATE
STU106332,42.11,40.19,72.56,61.25,71.52,48.91,54.21,MODERATE
STU106333,12.6,28.91,37.78,41.5,70.7,24.49,33.05,MODERATE
STU106334,18.16,23.63,37.62,27.25,64.32,12.91,28.87,LOW
STU106335,29.3,19.7,58.39,25.5,58.35,23.95,34.52,MODERATE
STU106336,22.17,25.47,57.65,29.0,45.42,23.71,33.59,MODERATE
STU106337,32.56,35.55,41.41,55.75,73.15,43.41,43.7,MODERATE
STU106338,10.81,16.42,36.46,38.25,59.12,6.39,25.85,LOW
STU106339,17.48,24.97,64.09,36.0,47.22,20.35,34.71,MODERATE
STU106340,40.19,29.14,51.55,51.25,54.92,24.48,41.26,MODERATE
STU106341,21.65,38.12,56.62,33.75,75.65,37.65,41.58,MODERATE
STU106342,23.39,29.81,38.28,26.75,65.85,17.28,32.11,MODERATE
STU106343,3.41,21.07,61.4,25.0,30.02,28.91,27.87,LOW
STU106344,44.46,46.56,61.15,50.5,89.48,53.02,54.59,MODERATE
STU106345,0.0,6.62,50.11,13.0,40.2,0.0,17.65,LOW
STU106346,22.19,18.29,44.1,34.75,32.32,13.51,27.63,LOW
STU106347,23.88,32.64,39.4,63.5,62.8,30.01,39.62,MODERATE
STU106348,8.66,32.52,60.1,52.0,61.15,47.81,40.58,MODERATE
STU106349,12.19,23.42,25.6,27.5,54.65,23.3,25.33,LOW
STU106350,32.06,38.5,55.44,37.75,31.55,39.12,39.85,MODERATE
STU106351,32.03,31.98,47.36,54.25,66.85,23.31,41.03,MODERATE
STU106352,30.84,51.64,53.19,50.25,72.93,57.01,50.25,MODERATE
STU106353,30.64,49.14,33.22,53.75,91.75,38.71,46.17,MODERATE
STU106354,3.2,2.31,55.78,0.0,21.9,9.25,15.49,LOW
STU106355,21.65,31.94,69.04,28.5,64.0,37.81,40.58,MODERATE
STU106356,17.33,21.32,34.61,23.0,49.5,25.16,26.63,LOW
STU106357,19.39,30.83,44.24,33.5,64.15,12.93,33.17,MODERATE
STU106358,28.07,32.36,49.14,43.75,68.62,30.89,40.05,MODERATE
STU106359,10.94,28.33,50.89,44.25,76.55,29.24,36.66,MODERATE
STU106360,28.68,30.28,71.96,29.25,71.1,33.07,42.5,MODERATE
STU106361,24.04,31.22,34.8,51.5,88.98,18.41,38.04,MODERATE
STU106362,25.26,39.91,65.3,37.0,69.2,33.48,43.91,MODERATE
STU106363,10.56,31.7,66.04,26.75,63.42,41.84,37.78,MODERATE
STU106364,24.92,26.63,46.35,22.75,32.22,20.1,29.56,LOW
STU106365,22.15,24.87,48.81,36.75,62.5,22.92,34.46,MODERATE
STU106366,17.21,10.58,65.65,20.25,36.35,22.82,28.17,LOW
STU106367,10.42,33.38,41.65,41.25,50.75,19.33,31.95,MODERATE
STU106368,31.85,33.26,51.95,31.0,68.1,37.52,40.29,MODERATE
STU106369,6.81,11.94,49.34,26.0,49.47,18.68,24.93,LOW
STU106370,27.12,42.37,49.49,43.0,78.35,40.25,44.22,MODERATE
STU106371,53.19,45.34,61.12,61.75,62.4,44.56,54.16,MODERATE
STU106372,13.27,25.87,70.56,41.0,25.6,28.63,34.81,MODERATE
STU106373,44.75,46.73,59.35,46.75,87.38,44.76,52.73,MODERATE
STU106374,33.39,46.24,53.78,37.0,78.48,41.92,46.58,MODERATE
STU106375,10.96,18.67,43.16,35.25,56.78,24.58,28.92,LOW
STU106376,22.43,23.35,36.09,52.25,69.2,15.74,33.87,MODERATE
STU106377,44.11,49.96,44.4,49.75,60.13,60.51,49.72,MODERATE
STU106378,0.0,6.23,42.02,28.0,43.1,1.42,18.61,LOW
STU106379,41.64,55.07,50.75,44.0,100.0,64.14,55.26,MODERATE
STU106380,12.65,30.13,59.2,25.0,61.27,30.61,34.84,MODERATE
STU106381,39.57,55.72,56.89,52.0,86.1,58.18,55.45,MODERATE
STU106382,30.34,26.47,95.99,34.25,63.7,40.54,47.45,MODERATE
STU106383,36.35,34.56,40.96,31.0,80.62,23.99,39.21,MODERATE
STU106384,17.1,23.43,30.9,37.0,48.2,14.28,27.26,LOW
STU106385,20.77,28.92,61.91,42.5,79.62,28.91,40.99,MODERATE
STU106386,7.15,14.0,40.59,37.0,36.97,14.16,23.71,LOW
STU106387,28.54,34.54,45.6,50.75,73.3,40.53,42.46,MODERATE
STU106388,18.71,52.14,59.5,59.25,69.22,49.39,49.43,MODERATE
STU106389,23.25,28.46,27.6,50.25,54.95,32.99,33.62,MODERATE
STU106390,13.9,34.88,45.18,39.5,68.2,36.39,36.92,MODERATE
STU106391,45.01,43.03,53.16,62.75,92.65,49.79,54.05,MODERATE
STU106392,52.09,40.49,49.49,54.75,100.0,28.4,51.49,MODERATE
STU106393,29.31,34.53,42.46,48.25,75.1,31.41,40.88,MODERATE
STU106394,0.0,9.88,46.21,23.25,41.7,10.43,20.41,LOW
STU106395,8.44,27.05,53.64,28.25,51.25,30.81,31.62,MODERATE
STU106396,24.12,36.57,53.55,30.5,70.1,28.73,39.13,MODERATE
STU106397,16.16,33.59,56.86,41.0,37.58,46.66,37.58,MODERATE
STU106398,50.43,52.21,51.55,55.5,96.45,56.41,57.06,MODERATE
STU106399,21.61,35.53,66.44,42.75,81.53,46.07,45.66,MODERATE
STU106400,20.66,26.53,52.42,29.25,77.3,28.62,36.23,MODERATE
STU106401,25.14,28.21,60.9,35.75,65.6,30.19,39.2,MODERATE
STU106402,25.19,37.96,68.31,50.5,83.68,38.68,48.0,MODERATE
STU106403,24.86,28.76,54.0,34.0,79.3,29.9,38.98,MODERATE
STU106404,7.7,29.38,53.24,28.75,61.33,24.29,32.41,MODERATE
STU106405,18.37,31.19,21.49,44.5,48.4,17.11,29.0,LOW
STU106406,17.89,18.0,55.91,38.5,37.9,27.67,31.59,MODERATE
STU106407,21.65,26.58,40.14,32.75,73.75,33.66,34.66,MODERATE
STU106408,20.45,21.97,63.29,24.5,54.37,25.0,33.85,MODERATE
STU106409,0.0,11.68,46.1,7.25,31.5,8.86,17.26,LOW
STU106410,13.97,28.47,49.99,16.75,42.78,20.36,28.74,LOW
STU106411,21.65,9.63,46.02,12.5,16.35,0.0,19.45,LOW
STU106412,40.51,29.04,63.92,48.25,87.2,28.7,46.97,MODERATE
STU106413,49.77,41.5,51.56,57.5,97.45,33.35,52.35,MODERATE
STU106414,25.19,34.59,43.84,50.25,62.4,26.65,38.9,MODERATE
STU106415,11.1,29.75,64.88,46.25,61.3,30.57,38.76,MODERATE
STU106416,14.81,22.84,54.69,19.75,74.63,37.4,33.78,MODERATE
STU106417,40.6,44.74,49.88,54.0,82.3,40.46,49.66,MODERATE
STU106418,15.73,27.24,48.14,37.75,85.98,33.06,37.15,MODERATE
STU106419,4.4,26.68,48.3,44.5,56.45,27.64,32.29,MODERATE
STU106420,17.3,45.08,86.24,46.25,35.12,19.14,44.34,MODERATE
STU106421,18.65,33.48,48.76,32.75,53.8,42.85,36.43,MODERATE
STU106422,24.87,28.19,46.89,40.25,72.45,16.03,36.29,MODERATE
STU106423,19.63,13.9,59.76,30.0,51.55,12.75,30.28,MODERATE
STU106424,12.74,14.94,57.19,17.5,50.58,11.78,26.58,LOW
STU106425,28.59,27.28,51.56,45.25,45.82,21.69,36.39,MODERATE
STU106426,29.99,33.82,68.5,38.0,100.0,54.04,49.26,MODERATE
STU106427,13.34,12.25,46.74,29.25,44.98,10.41,25.01,LOW
STU106428,32.93,47.95,75.62,51.0,87.38,53.89,55.47,MODERATE
STU106429,3.03,10.73,50.76,21.75,50.3,8.05,22.54,LOW
STU106430,10.37,17.28,55.82,19.25,21.6,26.44,25.25,LOW
STU106431,0.0,9.38,67.1,23.25,59.73,21.5,27.38,LOW
STU106432,21.45,27.2,47.4,29.25,67.15,26.78,34.35,MODERATE
STU106433,35.86,48.96,56.82,53.25,74.25,53.47,51.54,MODERATE
STU106434,27.82,36.6,55.0,56.5,79.32,38.41,45.96,MODERATE
STU106435,26.24,24.04,52.44,39.75,60.1,20.15,35.73,MODERATE
STU106436,20.49,35.75,26.45,48.75,62.4,14.82,33.36,MODERATE
STU106437,34.65,28.42,74.44,28.5,67.25,39.02,43.82,MODERATE
STU106438,4.3,15.36,69.01,30.75,58.68,22.08,31.19,MODERATE
STU106439,21.38,28.98,58.05,28.75,74.22,32.2,38.09,MODERATE
STU106440,49.26,48.35,40.44,54.25,98.3,52.0,53.2,MODERATE
STU106441,21.74,21.29,65.48,16.0,48.7,38.4,33.88,MODERATE
STU106442,19.06,29.65,49.38,27.5,62.4,33.05,34.77,MODERATE
STU106443,18.05,32.24,64.74,35.75,72.1,37.22,40.91,MODERATE
STU106444,14.83,19.18,55.09,41.25,62.4,25.8,33.79,MODERATE
STU106445,22.42,35.54,47.85,50.25,67.4,41.65,41.38,MODERATE
STU106446,5.7,14.54,57.96,11.5,43.9,18.79,24.36,LOW
STU106447,36.15,23.36,70.43,26.25,39.3,29.8,38.0,MODERATE
STU106448,0.0,19.21,50.9,0.0,37.85,24.13,21.18,LOW
STU106449,33.77,50.21,53.92,74.0,97.35,42.02,55.13,MODERATE
STU106450,10.17,36.96,59.11,27.5,69.32,40.4,38.19,MODERATE
STU106451,30.16,32.34,34.79,51.5,70.12,31.33,38.95,MODERATE
STU106452,39.39,35.4,45.41,54.75,65.55,40.59,44.64,MODERATE
STU106453,16.75,14.95,54.71,27.5,52.5,17.21,29.13,LOW
STU106454,20.4,24.0,30.99,23.0,49.7,16.96,26.39,LOW
STU106455,27.96,46.06,67.31,68.5,100.0,47.44,55.59,MODERATE
STU106456,14.04,21.57,68.64,28.25,56.88,40.01,35.85,MODERATE
STU106457,7.63,29.75,37.39,22.75,69.55,25.92,29.4,LOW
STU106458,23.88,36.46,48.15,36.75,70.72,32.8,39.39,MODERATE
STU106459,30.88,38.51,60.7,42.0,73.98,33.73,45.01,MODERATE
STU106460,48.54,39.94,58.35,53.5,68.68,53.14,51.57,MODERATE
STU106461,21.9,42.8,55.22,43.0,67.03,42.82,43.56,MODERATE
STU106462,32.79,28.75,43.45,44.75,74.9,26.54,39.29,MODERATE
STU106463,7.62,23.16,50.58,22.75,33.2,16.94,25.86,LOW
STU106464,27.06,36.89,63.98,43.25,54.72,36.71,43.06,MODERATE
STU106465,38.21,47.04,41.75,49.75,76.85,52.15,48.11,MODERATE
STU106466,22.64,30.76,45.81,44.0,59.92,30.98,37.07,MODERATE
STU106467,13.86,31.73,80.19,41.0,65.25,39.29,43.35,MODERATE
STU106468,52.69,31.46,65.71,58.5,88.18,38.64,53.0,MODERATE
STU106469,22.43,45.11,47.68,60.75,88.25,33.83,46.62,MODERATE
STU106470,20.95,16.28,60.3,35.5,56.75,34.87,34.81,MODERATE
STU106471,17.63,32.48,52.42,39.0,52.22,26.63,35.87,MODERATE
STU106472,12.01,28.37,56.8,31.25,41.08,31.14,32.76,MODERATE
STU106473,28.12,35.93,38.78,67.75,62.25,30.61,41.81,MODERATE
STU106474,13.2,27.45,49.51,51.25,54.42,20.8,34.61,MODERATE
STU106475,33.62,54.85,49.29,47.75,100.0,52.39,52.7,MODERATE
STU106476,17.54,34.68,52.69,48.5,83.62,30.2,41.37,MODERATE
STU106477,15.74,26.16,38.01,43.5,85.65,22.38,34.62,MODERATE
STU106478,19.79,29.57,48.3,25.75,45.92,28.9,32.36,MODERATE
STU106479,45.97,42.21,62.02,63.5,89.33,40.22,54.63,MODERATE
STU106480,39.32,45.87,67.41,55.75,81.1,53.39,54.62,MODERATE
STU106481,16.04,28.89,49.38,49.0,77.45,16.69,37.07,MODERATE
STU106482,0.0,25.17,50.15,8.75,33.2,19.63,22.92,LOW
STU106483,23.72,30.48,44.28,45.5,74.32,27.09,38.19,MODERATE
STU106484,45.63,28.01,52.09,34.0,62.7,34.48,41.36,MODERATE
STU106485,37.03,32.85,72.78,30.25,58.15,42.14,44.74,MODERATE
STU106486,25.06,40.23,35.65,56.75,64.6,28.54,40.03,MODERATE
STU106487,20.12,29.12,46.09,39.25,61.05,34.16,35.93,MODERATE
STU106488,37.98,45.74,49.56,50.25,67.77,49.58,48.22,MODERATE
STU106489,19.86,37.74,49.45,45.75,57.58,34.56,39.37,MODERATE
STU106490,0.0,14.07,45.46,0.25,40.7,7.94,17.51,LOW
STU106491,2.54,8.86,59.1,23.25,50.52,11.64,24.25,LOW
STU106492,24.08,22.06,42.58,18.75,46.65,12.21,27.55,LOW
STU106493,18.63,17.04,43.11,16.75,54.32,20.93,26.65,LOW
STU106494,43.37,46.0,39.4,59.0,72.93,36.57,47.85,MODERATE
STU106495,30.05,40.76,38.91,46.5,57.98,32.38,39.99,MODERATE
STU106496,35.47,37.98,67.25,44.0,59.05,43.26,46.87,MODERATE
STU106497,0.0,5.43,46.99,24.5,41.65,0.0,18.6,LOW
STU106498,39.78,39.28,46.14,38.25,73.9,33.43,43.47,MODERATE
STU106499,34.37,23.62,61.7,24.5,54.7,30.07,37.27,MODERATE
STU106500,24.46,33.11,25.78,27.75,68.2,21.37,31.44,MODERATE
STU106501,6.74,22.48,36.5,32.5,62.4,22.69,27.65,LOW
STU106502,10.1,24.98,55.61,29.25,60.82,24.35,32.29,MODERATE
STU106503,49.16,47.65,72.05,60.0,74.78,52.6,57.89,MODERATE
STU106504,66.56,67.16,51.89,58.5,87.8,77.76,65.81,HIGH
STU106505,0.53,20.77,60.11,30.0,44.4,20.19,28.28,LOW
STU106506,32.92,35.69,53.31,46.25,76.38,39.22,44.67,MODERATE
STU106507,33.47,52.22,49.46,55.0,100.0,45.1,52.4,MODERATE
STU106508,10.79,32.68,56.58,36.5,52.45,50.06,37.37,MODERATE
STU106509,9.64,28.75,30.1,25.75,62.72,20.29,27.3,LOW
STU106510,19.36,23.15,37.04,31.0,54.45,15.19,28.68,LOW
STU106511,5.06,11.67,70.2,22.5,62.4,10.96,28.68,LOW
STU106512,21.65,35.33,63.11,50.5,83.85,32.05,44.95,MODERATE
STU106513,31.36,38.43,61.9,53.5,67.5,49.07,47.94,MODERATE
STU106514,26.18,29.4,70.7,21.75,68.85,41.46,41.02,MODERATE
STU106515,15.63,19.37,35.36,34.5,31.5,23.61,25.73,LOW
STU106516,60.05,54.67,50.55,83.75,100.0,53.44,63.69,HIGH
STU106517,29.25,31.47,46.3,43.0,45.8,37.53,37.76,MODERATE
STU106518,17.95,14.03,69.66,37.0,55.53,19.27,34.06,MODERATE
STU106519,24.46,15.23,70.35,29.75,50.68,17.13,34.01,MODERATE
STU106520,25.85,20.43,38.65,19.75,46.52,19.99,27.62,LOW
STU106521,21.65,20.72,53.51,15.5,34.57,18.09,27.8,LOW
STU106522,61.23,63.65,58.96,74.75,91.22,54.68,65.75,HIGH
STU106523,0.0,15.24,63.14,37.0,26.05,15.6,26.15,LOW
STU106524,20.57,22.72,50.9,44.5,60.98,21.84,34.93,MODERATE
STU106525,8.48,13.35,59.94,37.0,20.65,12.45,25.88,LOW
STU106526,29.96,38.81,53.64,65.75,73.28,48.91,48.5,MODERATE
STU106527,29.53,39.69,32.41,62.75,100.0,31.17,44.84,MODERATE
STU106528,0.0,10.68,63.25,2.75,35.8,0.0,19.31,LOW
STU106529,31.96,39.56,51.81,46.0,81.68,33.1,45.02,MODERATE
STU106530,27.98,28.73,31.25,41.0,71.58,22.82,34.62,MODERATE
STU106531,18.98,24.75,46.24,40.0,62.4,21.55,33.63,MODERATE
STU106532,8.0,11.82,51.49,26.25,47.58,24.84,26.03,LOW
STU106533,10.31,13.79,40.11,26.25,55.28,8.62,23.86,LOW
STU106534,20.54,30.23,56.46,32.5,40.85,24.68,34.39,MODERATE
STU106535,35.34,39.36,41.19,44.25,94.88,34.13,44.68,MODERATE
STU106536,21.06,13.86,62.71,20.75,69.3,8.68,31.13,MODERATE
STU106537,31.99,22.94,70.69,27.25,65.75,36.41,40.57,MODERATE
STU106538,49.13,53.36,52.01,55.75,84.67,44.02,54.8,MODERATE
STU106539,0.0,19.04,57.46,24.25,37.12,22.99,25.9,LOW
STU106540,40.56,52.98,56.84,58.75,100.0,56.34,57.17,MODERATE
STU106541,2.07,18.93,70.31,32.25,54.92,25.75,32.11,MODERATE
STU106542,33.56,37.7,61.59,47.25,72.58,25.51,45.35,MODERATE
STU106543,19.86,19.68,47.81,17.75,65.78,18.18,29.51,LOW
STU106544,2.88,28.98,41.8,35.25,45.38,23.44,28.35,LOW
STU106545,31.11,31.07,56.05,49.75,43.97,43.74,41.43,MODERATE
STU106546,16.27,25.84,65.14,35.5,58.45,29.62,36.87,MODERATE
STU106547,9.52,32.46,40.15,26.5,59.95,34.39,31.46,MODERATE
STU106548,12.44,20.56,42.9,48.5,50.92,19.36,30.51,MODERATE
STU106549,0.0,2.72,56.79,9.25,13.12,10.85,15.82,LOW
STU106550,28.82,49.48,60.6,59.75,58.85,45.79,49.68,MODERATE
STU106551,59.68,72.6,62.94,78.75,100.0,83.98,72.88,HIGH
STU106552,25.42,33.62,32.66,45.75,68.82,25.33,36.3,MODERATE
STU106553,15.69,36.88,67.89,35.25,59.52,44.84,41.66,MODERATE
STU106554,46.89,37.21,79.08,41.75,64.35,39.84,51.18,MODERATE
STU106555,30.25,38.94,58.22,40.25,88.3,34.31,45.73,MODERATE
STU106556,17.66,21.98,49.95,15.25,72.52,12.9,29.85,LOW
STU106557,40.23,48.93,50.99,54.5,91.18,43.58,52.13,MODERATE
STU106558,15.69,33.64,43.96,35.0,52.12,21.56,32.96,MODERATE
STU106559,19.74,21.15,35.9,26.25,58.35,14.48,27.64,LOW
STU106560,16.37,26.59,73.5,28.5,71.43,49.87,41.03,MODERATE
STU106561,13.07,23.37,56.26,41.5,62.95,16.62,33.89,MODERATE
STU106562,8.98,28.78,57.54,23.5,25.88,39.06,30.52,MODERATE
STU106563,20.47,36.95,47.79,39.0,76.3,31.97,39.57,MODERATE
STU106564,27.1,30.74,49.14,45.5,72.12,29.37,39.91,MODERATE
STU106565,16.95,30.21,61.35,37.5,62.15,33.39,38.39,MODERATE
STU106566,14.16,28.23,52.04,35.5,29.52,25.04,31.08,MODERATE
STU106567,18.86,29.83,62.4,15.5,68.05,49.27,37.77,MODERATE
STU106568,32.39,49.62,76.18,62.0,98.5,58.78,59.15,LOW
STU106569,24.93,35.13,32.42,29.75,64.92,38.72,35.08,MODERATE
STU106570,38.01,44.67,65.54,49.75,76.85,49.49,51.97,MODERATE
STU106571,12.1,24.62,41.91,40.5,40.55,25.11,29.6,LOW
STU106572,14.2,14.36,40.11,26.75,39.35,6.62,23.06,LOW
STU106573,15.35,35.07,54.87,51.25,75.9,24.71,40.56,MODERATE
STU106574,23.59,27.05,72.9,41.25,70.0,28.97,42.14,MODERATE
STU106575,14.09,26.65,49.35,31.75,56.18,19.38,31.67,MODERATE
STU106576,16.09,27.56,66.47,31.75,70.7,43.77,39.61,MODERATE
STU106577,3.0,8.72,52.47,7.25,28.88,4.23,17.67,LOW
STU106578,9.96,11.6,33.05,30.5,33.2,8.15,20.21,LOW
STU106579,2.87,19.42,23.49,29.0,28.02,14.44,18.72,LOW
STU106580,34.41,21.68,36.0,45.25,53.52,20.11,33.65,MODERATE
STU106581,28.23,13.06,51.4,0.0,24.0,6.59,22.25,LOW
STU106582,13.53,30.82,54.22,38.25,93.3,24.0,38.72,MODERATE
STU106583,24.2,42.6,57.82,55.0,69.03,41.84,46.39,MODERATE
STU106584,21.65,31.84,63.54,26.25,67.68,45.66,40.27,MODERATE
STU106585,19.33,38.28,52.69,52.75,66.95,45.78,43.16,MODERATE
STU106586,22.27,37.16,58.22,37.0,43.72,55.75,40.89,MODERATE
STU106587,19.47,25.68,48.62,41.75,48.25,29.43,34.07,MODERATE
STU106588,32.61,47.9,46.18,54.0,99.3,39.27,49.69,MODERATE
STU106589,33.1,22.41,69.94,42.75,62.93,24.14,41.33,MODERATE
STU106590,21.35,26.78,57.95,42.25,49.25,33.92,37.21,MODERATE
STU106591,12.26,15.6,69.71,33.75,62.4,23.96,33.99,MODERATE
STU106592,21.65,31.22,63.5,37.25,68.45,34.44,40.71,MODERATE
STU106593,21.73,20.15,47.0,22.75,49.4,25.02,29.64,LOW
STU106594,40.79,42.47,51.64,50.0,81.42,54.64,50.21,MODERATE
STU106595,41.9,44.16,53.46,53.75,62.87,43.7,48.83,MODERATE
STU106596,29.03,22.46,63.42,40.25,61.45,37.46,40.03,MODERATE
STU106597,1.32,23.37,35.38,24.5,82.48,18.59,26.96,LOW
STU106598,21.35,40.03,55.5,20.0,58.65,42.57,38.5,MODERATE
STU106599,30.67,44.88,61.81,57.75,80.55,34.88,49.92,MODERATE
STU106600,36.77,25.06,73.62,30.75,58.68,23.72,41.2,MODERATE
STU106601,0.0,14.6,62.48,21.25,34.85,26.98,25.52,LOW
STU106602,22.36,22.94,60.92,45.0,66.45,29.73,38.76,MODERATE
STU106603,33.35,34.93,54.28,55.5,62.78,38.84,44.75,MODERATE
STU106604,34.8,31.92,50.45,38.75,71.5,25.43,40.54,MODERATE
STU106605,37.7,34.6,44.55,33.75,67.97,24.33,39.39,MODERATE
STU106606,19.0,24.08,43.49,42.5,50.5,20.68,32.01,MODERATE
STU106607,30.78,25.6,41.19,36.0,71.45,22.87,35.63,MODERATE
STU106608,6.12,30.12,51.95,46.0,56.28,15.24,33.2,MODERATE
STU106609,9.83,27.73,38.55,26.0,84.85,19.84,30.98,MODERATE
STU106610,27.39,33.63,37.16,42.5,53.62,18.39,34.89,MODERATE
STU106611,41.38,32.14,56.76,57.5,68.95,34.02,46.58,MODERATE
STU106612,3.93,19.73,50.41,10.0,33.2,30.35,23.66,LOW
STU106613,28.18,38.46,71.46,56.5,72.45,39.15,49.18,MODERATE
STU106614,47.18,46.26,35.29,48.75,75.88,37.42,46.7,MODERATE
STU106615,50.05,50.11,42.09,67.5,74.08,48.75,53.36,MODERATE
STU106616,17.84,42.04,40.56,39.0,71.45,21.82,37.37,MODERATE
STU106617,9.48,12.21,57.0,31.5,43.28,26.85,28.09,LOW
STU106618,27.92,31.19,42.48,65.5,66.18,26.75,41.0,MODERATE
STU106619,0.05,19.78,63.27,10.25,67.82,27.16,28.64,LOW
STU106620,23.4,29.96,61.71,28.5,71.45,26.13,38.54,MODERATE
STU106621,9.16,15.62,62.52,28.25,40.43,24.89,29.01,LOW
STU106622,27.44,38.18,65.15,44.5,58.45,48.65,45.45,MODERATE
STU106623,24.43,40.8,37.56,43.0,56.65,36.94,38.41,MODERATE
STU106624,16.92,32.38,50.39,32.25,76.45,39.06,37.95,MODERATE
STU106625,21.65,27.74,26.76,16.25,42.78,16.89,25.02,LOW
STU106626,23.95,34.38,63.05,36.0,52.28,33.99,40.02,MODERATE
STU106627,29.27,27.41,50.45,37.0,52.95,25.26,36.17,MODERATE
STU106628,6.23,25.16,43.26,26.5,78.92,23.51,30.41,MODERATE
STU106629,41.01,50.29,37.28,59.0,90.52,38.55,49.99,MODERATE
STU106630,32.24,30.51,59.48,51.0,66.25,38.82,44.13,MODERATE
STU106631,22.53,36.98,22.2,33.25,73.22,24.19,32.92,MODERATE
STU106632,24.68,33.33,43.86,38.75,62.4,15.56,35.65,MODERATE
STU106633,27.35,48.2,98.17,48.75,59.68,34.95,53.93,MODERATE
STU106634,22.69,27.08,61.44,49.75,81.7,19.84,41.21,MODERATE
STU106635,31.07,51.84,63.95,56.0,85.2,54.28,54.31,MODERATE
STU106636,22.25,37.27,65.77,54.25,60.05,35.9,44.65,MODERATE
STU106637,36.82,35.7,52.2,57.5,71.92,32.27,45.77,MODERATE
STU106638,29.4,12.52,61.27,8.0,59.68,34.06,31.84,MODERATE
STU106639,0.0,20.88,39.04,30.25,62.4,15.19,25.32,LOW
STU106640,52.23,48.42,31.69,55.25,96.18,46.39,51.43,MODERATE
STU106641,42.55,32.81,50.84,34.0,62.7,37.65,42.02,MODERATE
STU106642,16.87,23.64,67.94,41.0,63.88,26.41,38.05,MODERATE
STU106643,30.84,41.6,62.5,52.75,93.1,48.23,51.11,MODERATE
STU106644,2.72,12.35,54.91,9.75,38.75,14.27,21.38,LOW
STU106645,14.79,19.38,43.49,20.25,36.5,21.74,25.36,LOW
STU106646,24.73,36.05,37.11,18.75,59.1,20.62,32.16,MODERATE
STU106647,31.28,30.58,55.74,52.75,54.37,26.5,41.05,MODERATE
STU106648,41.91,52.2,55.53,50.75,71.05,65.51,53.81,MODERATE
STU106649,7.49,24.74,75.41,27.25,34.9,32.4,33.58,MODERATE
STU106650,0.0,5.62,48.76,15.25,41.8,10.24,18.65,LOW
STU106651,21.65,14.0,38.72,9.5,25.18,18.99,21.42,LOW
STU106652,35.24,41.68,57.01,41.0,64.05,37.33,45.16,MODERATE
STU106653,31.75,49.82,49.5,52.0,85.92,47.56,49.85,MODERATE
STU106654,10.18,20.48,33.36,22.75,59.2,3.12,23.47,LOW
STU106655,23.92,28.71,34.17,55.0,61.02,19.98,35.15,MODERATE
STU106656,18.26,33.23,39.02,38.5,45.13,31.64,33.22,MODERATE
STU106657,17.29,34.05,60.86,27.5,40.72,43.13,36.65,MODERATE
STU106658,25.45,27.44,60.48,27.75,52.68,33.18,36.79,MODERATE
STU106659,0.0,22.74,49.05,21.5,39.9,29.83,25.69,LOW
STU106660,0.0,16.88,47.87,21.75,49.1,11.6,23.13,LOW
STU106661,19.53,29.1,46.9,40.5,67.62,33.7,36.77,MODERATE
STU106662,37.31,45.81,44.19,40.75,95.02,43.83,47.75,MODERATE
STU106663,59.65,58.04,43.25,81.25,92.92,55.44,62.11,HIGH
STU106664,27.85,41.72,57.88,46.25,62.3,42.93,45.04,MODERATE
STU106665,34.21,34.51,68.39,51.75,54.97,42.14,46.62,MODERATE
STU106666,21.65,24.53,41.49,30.5,56.7,10.17,30.02,MODERATE
STU106667,22.19,43.23,41.31,60.25,52.65,38.48,41.66,MODERATE
STU106668,16.07,26.11,46.81,51.25,71.85,30.37,37.01,MODERATE
STU106669,30.14,24.39,59.7,27.5,29.1,27.82,33.88,MODERATE
STU106670,24.44,23.14,72.58,23.75,38.43,32.1,35.8,MODERATE
STU106671,13.58,40.51,40.0,42.75,50.1,22.52,34.52,MODERATE
STU106672,0.0,16.73,61.91,37.0,36.45,22.84,28.04,LOW
STU106673,20.07,27.67,59.85,23.75,54.2,23.19,34.2,MODERATE
STU106674,21.11,34.22,47.46,45.5,73.38,41.13,40.54,MODERATE
STU106675,31.21,32.0,37.01,34.5,80.23,20.59,36.9,MODERATE
STU106676,14.43,23.27,43.58,29.5,44.82,27.14,29.04,LOW
STU106677,28.68,30.14,54.01,44.75,62.55,38.5,40.89,MODERATE
STU106678,35.32,42.48,65.32,39.0,74.53,41.92,48.24,MODERATE
STU106679,3.12,20.86,40.21,15.5,46.95,21.14,23.02,LOW
STU106680,10.73,12.08,51.14,30.25,57.08,6.4,26.28,LOW
STU106681,2.66,16.8,49.55,19.25,31.52,21.68,22.85,LOW
STU106682,3.89,16.82,70.19,21.0,38.15,9.38,26.92,LOW
STU106683,0.0,10.1,68.9,6.25,20.67,16.77,20.99,LOW
STU106684,4.94,12.08,44.34,23.5,51.12,1.64,21.68,LOW
STU106685,5.47,20.21,52.16,25.5,66.95,17.48,28.85,LOW
STU106686,19.05,36.88,53.27,29.75,70.53,26.11,37.81,MODERATE
STU106687,42.0,46.08,24.61,68.75,62.4,40.21,45.42,MODERATE
STU106688,19.63,26.12,41.9,36.75,63.62,26.55,33.37,MODERATE
STU106689,19.49,22.38,37.99,20.25,37.65,22.59,26.15,LOW
STU106690,25.71,31.56,41.01,45.75,48.92,38.86,36.87,MODERATE
STU106691,42.56,49.07,57.52,37.0,99.95,54.44,53.27,MODERATE
STU106692,35.03,26.72,71.82,35.25,29.97,24.22,38.76,MODERATE
STU106693,19.07,18.07,48.3,30.75,53.88,15.2,29.51,LOW
STU106694,41.81,42.38,45.3,64.0,61.75,31.51,46.94,MODERATE
STU106695,15.44,28.16,58.86,38.25,63.58,31.14,37.11,MODERATE
STU106696,12.12,16.94,41.94,16.75,48.22,9.37,23.32,LOW
STU106697,0.0,19.99,53.34,5.5,33.85,18.9,21.77,LOW
STU106698,4.13,10.86,53.86,21.75,55.62,7.47,23.88,LOW
STU106699,33.0,23.58,34.5,50.25,46.32,7.81,32.35,MODERATE
STU106700,31.55,34.03,52.55,39.25,69.5,31.95,41.36,MODERATE
STU106701,17.25,29.15,43.11,19.0,63.65,20.33,30.61,MODERATE
STU106702,3.03,24.31,65.05,22.0,60.32,35.86,32.61,MODERATE
STU106703,16.15,23.49,49.44,18.0,61.52,26.88,30.53,MODERATE
STU106704,4.69,21.37,17.0,11.0,47.62,9.08,17.0,LOW
STU106705,50.03,56.06,66.96,78.25,100.0,58.48,65.0,HIGH
STU106706,14.95,31.07,57.08,40.5,46.73,24.28,35.35,MODERATE
STU106707,8.17,17.63,49.65,37.5,53.75,21.86,29.16,LOW
STU106708,9.47,34.89,71.52,45.0,67.75,29.79,41.42,MODERATE
STU106709,45.18,62.27,53.66,71.75,83.75,71.92,61.66,HIGH
STU106710,18.22,18.86,55.68,43.25,41.32,9.24,31.04,MODERATE
STU106711,32.44,42.37,49.89,40.75,92.65,46.42,47.08,MODERATE
STU106712,2.73,14.55,47.56,15.25,17.03,18.92,19.58,LOW
STU106713,18.47,31.04,59.35,22.25,62.4,39.78,36.88,MODERATE
STU106714,34.47,40.98,59.18,45.25,91.32,46.57,49.55,MODERATE
STU106715,45.61,56.94,38.14,69.0,88.12,50.63,55.21,MODERATE
STU106716,9.91,22.05,39.99,28.5,55.1,14.04,26.68,LOW
STU106717,13.14,31.64,69.36,42.0,41.3,27.58,37.6,MODERATE
STU106718,26.83,34.22,46.52,60.5,63.92,30.32,41.72,MODERATE
STU106719,13.75,18.78,49.01,24.25,48.98,20.21,27.8,LOW
STU106720,33.86,44.31,100.0,33.0,73.18,43.19,54.44,MODERATE
STU106721,2.77,23.68,52.64,23.5,59.35,35.16,29.98,LOW
STU106722,13.39,26.57,30.41,28.5,38.35,27.86,26.3,LOW
STU106723,50.91,43.96,47.2,69.75,93.65,34.38,53.88,MODERATE
STU106724,35.05,49.24,50.25,44.75,78.4,50.91,49.01,MODERATE
STU106725,0.0,13.73,60.42,7.75,13.45,15.21,19.55,LOW
STU106726,17.69,20.74,46.42,23.25,50.52,17.02,28.25,LOW
STU106727,32.16,44.52,37.52,53.25,72.68,36.69,43.99,MODERATE
STU106728,35.77,50.2,63.88,61.25,86.45,55.95,55.91,MODERATE
STU106729,3.71,22.64,60.71,44.75,63.95,20.71,33.72,MODERATE
STU106730,37.59,42.02,42.51,49.5,99.18,37.1,47.58,MODERATE
STU106731,21.65,27.89,68.36,46.25,67.75,38.14,42.5,MODERATE
STU106732,27.42,36.16,53.46,41.75,65.25,47.1,42.71,MODERATE
STU106733,19.14,32.2,59.9,23.5,74.75,23.5,37.21,MODERATE
STU106734,8.52,11.61,57.63,23.75,71.05,15.18,28.32,LOW
STU106735,0.0,11.48,65.18,36.0,55.85,9.42,27.83,LOW
STU106736,31.22,38.1,64.07,48.25,47.38,47.02,45.26,MODERATE
STU106737,31.79,30.38,33.11,37.0,78.97,20.85,36.11,MODERATE
STU106738,19.24,38.09,100.0,33.75,74.63,100.0,55.9,MODERATE
STU106739,17.16,11.54,55.16,29.5,45.55,18.22,28.15,LOW
STU106740,21.81,35.46,53.99,37.0,68.42,28.87,39.3,MODERATE
STU106741,25.78,18.34,37.42,29.5,44.12,20.31,28.09,LOW
STU106742,33.32,34.87,57.55,52.25,77.97,36.59,46.18,MODERATE
STU106743,22.9,37.97,73.77,36.0,36.92,40.18,41.94,MODERATE
STU106744,36.01,45.46,68.65,52.75,54.08,52.98,50.92,MODERATE
STU106745,21.49,26.13,53.64,38.5,57.55,26.08,35.7,MODERATE
STU106746,23.1,32.44,56.74,41.0,68.82,34.56,40.57,MODERATE
STU106747,11.8,21.11,22.08,30.0,48.6,6.23,22.04,LOW
STU106748,1.53,16.06,64.47,12.25,52.45,22.06,26.5,LOW
STU106749,5.74,38.78,42.49,40.5,55.85,36.86,34.69,MODERATE
STU106750,48.74,53.25,55.82,52.75,90.35,48.36,56.01,MODERATE
STU106751,34.21,24.66,74.54,44.75,80.62,35.83,46.27,MODERATE
STU106752,29.69,31.59,55.79,31.75,65.33,33.78,39.67,MODERATE
STU106753,14.31,29.9,44.56,13.5,52.3,26.64,29.17,LOW
STU106754,36.62,24.22,29.84,39.75,85.67,13.18,35.19,MODERATE
STU106755,13.83,16.7,70.76,19.0,51.35,20.24,31.1,MODERATE
STU106756,31.2,26.99,48.4,46.75,66.27,42.78,40.58,MODERATE
STU106757,19.6,21.53,27.96,45.0,51.88,25.42,29.37,LOW
STU106758,20.69,42.07,53.18,48.25,52.72,40.4,41.84,MODERATE
STU106759,50.51,43.43,61.58,54.75,83.98,56.65,55.55,MODERATE
STU106760,14.67,27.73,30.5,27.75,97.08,20.65,31.9,MODERATE
STU106761,40.15,27.06,38.15,31.5,72.78,22.98,36.73,MODERATE
STU106762,40.67,44.33,62.34,43.75,34.7,46.16,46.33,MODERATE
STU106763,17.71,31.73,79.0,46.75,61.2,44.73,44.88,MODERATE
STU106764,26.22,23.4,68.49,35.0,97.25,22.8,42.05,MODERATE
STU106765,21.54,39.61,57.48,45.25,42.2,41.59,40.87,MODERATE
STU106766,49.39,35.76,72.79,46.25,91.1,35.41,52.96,MODERATE
STU106767,23.02,29.95,51.79,35.5,49.25,26.39,35.34,MODERATE
STU106768,21.09,34.45,28.69,48.75,80.23,27.1,36.61,MODERATE
STU106769,25.57,26.94,53.35,55.5,43.85,32.99,38.53,MODERATE
STU106770,28.2,38.99,50.06,45.5,93.12,26.33,44.17,MODERATE
STU106771,21.9,24.5,31.07,34.75,71.78,24.66,31.58,MODERATE
STU106772,20.06,29.9,65.94,27.0,35.52,37.48,36.02,MODERATE
STU106773,25.75,28.48,68.61,37.0,66.32,30.4,41.21,MODERATE
STU106774,6.31,37.07,61.76,46.75,59.98,30.03,38.9,MODERATE
STU106775,28.37,25.08,82.31,29.25,47.5,29.66,40.51,MODERATE
STU106776,16.95,14.21,25.22,20.0,39.83,4.6,19.43,LOW
STU106777,10.68,30.67,36.85,34.5,69.03,19.98,31.25,MODERATE
STU106778,27.35,32.24,60.82,26.75,68.42,43.68,40.92,MODERATE
STU106779,0.0,25.08,54.0,23.75,57.72,25.7,28.97,LOW
STU106780,2.02,35.22,58.41,53.0,57.53,30.13,37.61,MODERATE
STU106781,21.72,33.91,67.55,34.75,49.6,34.31,39.93,MODERATE
STU106782,25.39,32.22,80.3,52.0,67.27,27.88,46.51,MODERATE
STU106783,55.2,41.63,64.59,55.75,76.97,40.07,54.43,MODERATE
STU106784,9.63,24.75,46.56,60.75,77.25,22.07,36.47,MODERATE
STU106785,35.75,29.45,48.58,31.5,53.58,19.11,36.22,MODERATE
STU106786,36.17,34.59,63.21,34.75,67.62,20.07,42.5,MODERATE
STU106787,8.62,14.89,40.67,25.5,40.77,10.9,22.57,LOW
STU106788,26.28,31.96,45.8,56.75,63.92,29.03,40.21,MODERATE
STU106789,55.13,46.82,79.32,42.5,100.0,47.55,59.72,LOW
STU106790,34.71,44.37,58.6,36.0,74.32,41.43,46.73,MODERATE
STU106791,53.78,44.18,28.54,37.0,68.92,26.44,42.6,MODERATE
STU106792,20.48,30.06,63.22,35.5,53.62,21.82,37.12,MODERATE
STU106793,37.43,40.38,76.76,64.25,75.02,45.48,54.62,MODERATE
STU106794,15.27,19.45,34.98,21.0,62.95,19.77,26.33,LOW
STU106795,5.22,22.11,56.15,37.0,41.25,22.16,29.69,LOW
STU106796,30.85,36.36,53.75,43.25,93.75,31.12,44.98,MODERATE
STU106797,27.21,45.17,56.25,38.5,76.85,40.06,45.45,MODERATE
STU106798,16.62,32.56,34.91,31.5,60.62,37.45,32.98,MODERATE
STU106799,4.51,18.19,49.39,34.5,42.88,13.58,26.15,LOW
STU106800,46.43,52.62,46.75,51.75,100.0,54.49,55.0,MODERATE
STU106801,21.65,36.32,62.34,34.0,62.38,46.95,41.91,MODERATE
STU106802,43.81,54.68,57.5,64.25,100.0,43.34,57.9,MODERATE
STU106803,31.97,45.04,47.61,52.5,73.82,46.5,47.08,MODERATE
STU106804,11.51,24.8,57.39,22.25,43.4,26.71,30.33,MODERATE
STU106805,0.0,9.73,65.2,1.75,21.7,0.0,17.9,LOW
STU106806,17.07,37.24,50.92,52.0,70.0,30.11,40.72,MODERATE
STU106807,39.34,43.56,54.36,41.25,79.15,28.87,46.62,MODERATE
STU106808,21.65,32.86,46.5,28.5,57.7,30.81,34.97,MODERATE
STU106809,31.43,30.11,36.12,27.75,52.2,20.85,32.51,MODERATE
STU106810,32.37,45.8,56.06,38.25,88.72,44.29,48.17,MODERATE
STU106811,39.11,30.37,55.46,33.5,66.78,37.84,41.99,MODERATE
STU106812,27.14,38.76,51.08,52.0,51.8,32.09,41.52,MODERATE
STU106813,11.38,24.39,32.05,41.75,47.75,14.05,27.23,LOW
STU106814,19.59,34.75,77.11,43.25,95.2,28.98,46.93,MODERATE
STU106815,29.22,49.69,53.3,46.0,72.42,54.58,48.53,MODERATE
STU106816,28.94,36.8,52.29,48.5,55.25,14.99,39.74,MODERATE
STU106817,28.24,34.22,64.36,51.5,74.32,32.35,45.47,MODERATE
STU106818,24.38,38.51,51.46,50.0,41.25,36.65,40.09,MODERATE
STU106819,42.86,34.87,59.63,47.25,100.0,37.62,50.07,MODERATE
STU106820,19.61,30.42,41.05,22.0,51.02,20.08,30.15,MODERATE
STU106821,21.47,32.17,49.01,40.0,56.9,27.51,36.58,MODERATE
STU106822,30.82,49.48,41.25,76.0,86.65,39.94,50.84,MODERATE
STU106823,12.47,20.4,58.53,21.25,45.2,20.0,29.01,LOW
STU106824,19.09,31.58,56.61,18.5,69.25,46.44,37.38,MODERATE
STU106825,21.65,45.78,56.69,54.5,90.45,47.41,49.07,MODERATE
STU106826,30.72,40.07,47.9,33.5,60.8,34.8,40.33,MODERATE
STU106827,25.84,35.85,46.38,51.75,100.0,43.53,45.52,MODERATE
STU106828,1.24,25.58,62.22,24.0,41.02,31.73,29.96,LOW
STU106829,28.81,35.51,69.2,48.75,69.5,37.31,46.47,MODERATE
STU106830,29.27,19.63,59.71,40.5,56.7,22.22,36.67,MODERATE
STU106831,23.71,36.07,32.24,42.0,54.75,28.18,34.8,MODERATE
STU106832,52.68,55.51,71.72,51.75,38.08,56.36,55.96,MODERATE
STU106833,0.0,22.1,77.88,27.25,23.92,30.35,30.62,MODERATE
STU106834,21.65,30.91,47.22,42.0,67.58,38.49,38.41,MODERATE
STU106835,28.46,38.24,59.64,42.75,46.7,34.43,41.71,MODERATE
STU106836,17.31,29.52,63.15,31.25,93.55,40.98,41.61,MODERATE
STU106837,5.29,26.47,41.01,24.25,53.42,19.96,26.85,LOW
STU106838,19.29,27.6,44.09,28.75,62.4,22.72,32.4,MODERATE
STU106839,3.3,12.99,38.62,19.75,43.2,9.72,19.89,LOW
STU106840,0.0,6.1,59.12,0.0,15.2,2.57,15.13,LOW
STU106841,16.84,29.28,53.99,42.25,66.5,16.45,36.12,MODERATE
STU106842,14.62,31.68,52.12,47.0,55.18,40.42,37.88,MODERATE
STU106843,42.69,43.48,41.24,47.0,83.38,38.33,46.88,MODERATE
STU106844,63.28,57.14,44.28,45.25,97.15,55.59,57.86,MODERATE
STU106845,19.4,16.06,32.65,15.5,21.62,18.25,20.74,LOW
STU106846,40.75,25.73,50.52,37.0,55.7,25.59,38.37,MODERATE
STU106847,21.09,20.15,45.34,19.75,51.5,14.6,27.9,LOW
STU106848,21.65,21.73,78.88,44.5,40.45,34.66,39.72,MODERATE
STU106849,38.3,38.29,57.54,48.25,55.3,49.48,46.46,MODERATE
STU106850,26.33,46.06,13.05,41.25,93.78,31.39,38.1,MODERATE
STU106851,0.0,13.32,57.49,15.0,49.92,23.25,24.4,LOW
STU106852,27.82,20.86,64.9,38.75,70.72,39.23,40.57,MODERATE
STU106853,34.21,42.47,31.66,54.0,69.7,32.98,42.16,MODERATE
STU106854,18.46,33.52,59.74,54.25,66.07,30.96,41.86,MODERATE
STU106855,0.0,24.89,43.82,46.5,74.18,23.11,31.69,MODERATE
STU106856,2.52,19.26,48.14,10.0,51.65,28.38,24.45,LOW
STU106857,12.8,25.7,36.83,15.75,68.62,24.79,28.05,LOW
STU106858,22.13,35.78,63.49,18.25,71.55,30.95,39.06,MODERATE
STU106859,0.0,15.08,46.52,25.0,46.88,18.42,23.35,LOW
STU106860,6.77,17.97,66.88,26.0,68.6,29.35,32.92,MODERATE
STU106861,16.8,25.85,44.35,40.0,64.5,13.58,32.5,MODERATE
STU106862,1.88,2.49,47.18,11.75,33.98,2.1,15.8,LOW
STU106863,30.06,35.84,63.85,49.25,68.25,40.68,46.02,MODERATE
STU106864,13.23,15.17,44.58,28.25,24.8,14.71,23.54,LOW
STU106865,22.83,35.58,65.98,34.75,88.32,34.92,44.19,MODERATE
STU106866,17.37,25.0,51.95,32.5,36.28,12.47,29.86,LOW
STU106867,24.59,32.12,60.36,31.5,45.38,36.1,37.89,MODERATE
STU106868,21.31,20.08,51.65,19.75,43.53,28.44,29.77,LOW
STU106869,2.12,4.4,54.91,5.25,22.37,4.61,15.99,LOW
STU106870,19.71,17.03,52.89,14.75,31.8,13.3,25.5,LOW
STU106871,17.67,27.69,58.55,43.5,47.42,33.14,36.75,MODERATE
STU106872,30.47,51.44,82.48,52.0,60.22,28.87,52.16,MODERATE
STU106873,21.29,22.89,46.58,33.5,58.2,22.71,32.41,MODERATE
STU106874,40.76,47.08,41.99,48.25,90.88,37.19,48.36,MODERATE
STU106875,12.46,25.99,38.45,14.0,34.65,19.58,24.2,LOW
STU106876,14.24,18.84,63.66,35.5,16.95,19.44,29.25,LOW
STU106877,32.49,30.06,33.14,44.5,69.45,30.9,37.35,MODERATE
STU106878,1.37,17.18,40.84,17.5,37.28,0.0,19.09,LOW
STU106879,0.0,16.9,61.81,23.0,38.25,11.64,25.03,LOW
STU106880,21.4,21.4,60.28,44.75,78.62,29.55,39.22,MODERATE
STU106881,26.9,22.96,44.16,34.5,64.62,32.94,34.88,MODERATE
STU106882,17.31,43.12,39.38,47.0,67.52,38.5,39.77,MODERATE
STU106883,15.21,31.85,51.45,28.25,67.75,26.86,34.99,MODERATE
STU106884,23.48,36.71,55.9,60.0,78.45,33.41,45.24,MODERATE
STU106885,28.08,39.36,57.08,36.25,69.35,47.24,43.97,MODERATE
STU106886,29.52,24.92,31.1,27.75,65.53,22.35,31.3,MODERATE
STU106887,49.07,47.48,50.76,62.75,96.98,47.43,55.69,MODERATE
STU106888,5.95,18.82,40.96,28.0,48.4,1.93,23.32,LOW
STU106889,0.0,20.34,27.85,19.75,43.05,7.6,18.68,LOW
STU106890,29.46,28.78,45.53,34.0,73.62,31.09,37.76,MODERATE
STU106891,74.53,63.32,69.61,70.5,97.78,67.59,71.77,HIGH
STU106892,21.65,31.46,63.55,46.5,74.1,41.16,43.41,MODERATE
STU106893,45.95,42.84,64.46,49.0,75.22,48.38,52.5,MODERATE
STU106894,34.97,38.08,42.91,48.5,72.17,19.43,41.53,MODERATE
STU106895,6.48,14.35,58.65,19.0,35.8,17.18,24.76,LOW
STU106896,47.93,59.06,50.9,66.5,96.82,52.25,59.41,LOW
STU106897,38.04,42.77,50.72,40.25,75.45,39.05,45.93,MODERATE
STU106898,10.96,11.24,53.95,10.25,45.98,22.54,24.18,LOW
STU106899,31.43,39.6,51.72,52.75,62.5,40.24,44.72,MODERATE
STU106900,49.78,30.9,51.08,46.75,72.68,24.38,44.62,MODERATE
STU106901,0.0,2.03,46.56,25.0,30.7,0.75,16.71,LOW
STU106902,21.07,26.5,54.96,19.75,61.25,28.87,33.81,MODERATE
STU106903,20.9,24.58,63.82,25.5,71.23,34.93,37.53,MODERATE
STU106904,21.87,21.08,32.45,34.0,54.65,17.02,28.4,LOW
STU106905,18.44,21.03,38.91,35.0,75.9,18.06,31.37,MODERATE
STU106906,6.46,13.39,56.8,20.75,50.62,24.73,26.65,LOW
STU106907,0.0,9.15,56.62,20.0,44.75,13.75,22.46,LOW
STU106908,38.71,41.98,52.32,37.0,96.72,36.68,47.59,MODERATE
STU106909,31.8,36.36,40.12,32.25,71.23,24.08,37.84,MODERATE
STU106910,46.15,29.78,52.74,31.25,57.08,29.96,40.61,MODERATE
STU106911,26.18,34.86,59.69,48.75,64.78,28.48,42.53,MODERATE
STU106912,5.18,13.11,58.85,31.75,46.4,21.36,27.62,LOW
STU106913,20.54,22.46,46.95,35.25,43.53,30.17,31.77,MODERATE
STU106914,0.0,14.73,37.52,6.5,0.0,0.0,12.16,LOW
STU106915,16.81,12.98,54.95,19.25,39.65,28.87,27.34,LOW
STU106916,8.39,17.4,41.99,27.25,30.67,19.4,23.52,LOW
STU106917,21.65,41.38,47.56,46.75,76.97,26.28,41.52,MODERATE
STU106918,26.09,40.28,54.62,56.0,66.5,45.08,45.77,MODERATE
STU106919,37.97,31.01,31.94,52.25,93.65,21.85,41.12,MODERATE
STU106920,0.0,5.05,59.55,19.5,76.45,14.19,25.16,LOW
STU106921,37.62,37.51,45.28,59.75,100.0,39.27,48.85,MODERATE
STU106922,26.87,36.77,59.66,57.75,84.38,34.09,47.01,MODERATE
STU106923,39.37,45.28,46.95,38.0,62.22,33.07,43.81,MODERATE
STU106924,0.0,0.0,50.0,0.0,18.03,0.0,11.8,LOW
STU106925,13.31,34.68,44.56,19.25,69.53,32.57,33.34,MODERATE
STU106926,18.23,28.78,37.28,27.0,47.42,19.74,29.06,LOW
STU106927,33.49,47.22,53.02,46.0,75.2,44.85,48.01,MODERATE
STU106928,0.3,24.32,57.44,26.75,65.05,24.27,30.57,MODERATE
STU106929,40.85,46.6,49.44,62.75,83.25,46.21,52.07,MODERATE
STU106930,41.11,41.62,50.59,42.0,66.78,32.64,44.99,MODERATE
STU106931,30.22,37.12,54.12,34.75,47.2,44.81,40.56,MODERATE
STU106932,25.36,33.47,58.6,28.0,60.2,41.41,39.52,MODERATE
STU106933,30.31,40.98,58.66,54.75,53.22,46.37,46.21,MODERATE
STU106934,10.01,12.66,72.4,15.0,44.7,18.01,28.17,LOW
STU106935,12.98,21.68,38.11,38.0,25.88,12.24,25.15,LOW
STU106936,44.59,45.71,45.14,49.0,80.27,44.09,49.16,MODERATE
STU106937,19.0,21.82,51.92,10.75,39.5,14.57,26.66,LOW
STU106938,33.07,29.33,54.49,53.0,64.82,23.09,41.59,MODERATE
STU106939,30.37,44.16,51.89,26.0,52.72,42.09,40.87,MODERATE
STU106940,23.35,23.58,46.86,21.5,32.12,7.83,27.16,LOW
STU106941,58.5,53.24,46.71,72.25,100.0,49.26,60.12,HIGH
STU106942,6.96,27.71,61.7,27.75,55.68,30.34,33.42,MODERATE
STU106943,23.38,39.14,46.82,52.5,46.62,39.8,40.34,MODERATE
STU106944,50.84,32.73,45.75,51.25,71.97,43.92,46.78,MODERATE
STU106945,3.2,10.06,60.91,12.5,22.95,11.46,20.65,LOW
STU106946,18.18,28.83,59.01,47.0,83.85,31.06,41.19,MODERATE
STU106947,7.44,19.61,62.99,33.75,51.22,25.28,31.7,MODERATE
STU106948,15.39,27.2,43.48,36.0,67.18,23.07,33.0,MODERATE
STU106949,12.89,26.18,70.16,44.25,45.18,23.59,36.67,MODERATE
STU106950,32.68,32.67,58.86,51.75,57.05,41.41,44.08,MODERATE
STU106951,23.92,30.26,53.6,52.5,51.75,28.86,39.01,MODERATE
STU106952,0.0,8.53,33.61,3.75,53.15,3.95,15.13,LOW
STU106953,9.98,23.31,70.18,22.25,41.68,21.79,31.54,MODERATE
STU106954,31.15,28.56,67.04,38.5,69.75,27.76,42.3,MODERATE
STU106955,34.94,42.32,30.76,50.5,100.0,28.87,44.18,MODERATE
STU106956,38.13,30.54,38.48,40.5,65.47,21.43,37.72,MODERATE
STU106957,5.31,20.25,42.61,15.0,31.62,13.54,21.41,LOW
STU106958,19.34,10.24,44.05,19.25,25.18,10.8,21.72,LOW
STU106959,21.87,25.6,53.76,16.25,54.62,29.56,32.38,MODERATE
STU106960,35.95,47.09,44.28,58.0,76.38,39.28,48.08,MODERATE
STU106961,10.63,28.77,50.19,22.75,44.38,17.68,28.98,LOW
STU106962,10.23,14.79,37.48,15.0,52.45,9.26,21.66,LOW
STU106963,33.62,27.08,20.94,43.5,71.1,15.96,32.91,MODERATE
STU106964,0.0,12.48,57.52,12.5,33.4,13.3,21.17,LOW
STU106965,42.89,45.67,40.56,70.0,85.25,31.11,50.24,MODERATE
STU106966,9.94,25.05,53.56,30.0,51.12,15.24,30.1,MODERATE
STU106967,38.38,41.68,58.56,52.75,83.02,50.27,51.05,MODERATE
STU106968,23.3,15.52,41.7,27.25,43.97,3.59,25.72,LOW
STU106969,25.72,24.74,43.71,33.5,66.62,27.83,34.54,MODERATE
STU106970,3.8,10.26,48.51,10.5,16.42,8.71,17.11,LOW
STU106971,15.13,17.26,67.95,39.0,77.75,21.88,36.74,MODERATE
STU106972,36.16,38.4,53.51,26.25,69.58,41.93,42.62,MODERATE
STU106973,33.96,33.85,43.89,38.75,72.4,26.39,39.72,MODERATE
STU106974,18.66,34.57,51.39,47.75,67.95,35.49,40.16,MODERATE
STU106975,19.25,37.25,35.43,38.25,80.7,28.87,36.94,MODERATE
STU106976,3.62,15.5,41.29,12.0,61.18,22.71,23.05,LOW
STU106977,8.97,14.76,61.75,18.25,40.35,32.29,27.84,LOW
STU106978,44.93,45.38,48.19,65.0,87.5,56.45,54.11,MODERATE
STU106979,17.23,30.83,51.42,17.5,57.12,19.65,31.74,MODERATE
STU106980,23.78,37.34,58.3,31.0,82.18,42.35,42.85,MODERATE
STU106981,24.01,36.13,39.64,58.25,52.75,33.72,39.15,MODERATE
STU106982,8.96,28.3,62.21,30.25,56.92,29.7,34.51,MODERATE
STU106983,1.19,5.47,42.01,21.25,78.6,4.55,21.51,LOW
STU106984,15.28,18.73,61.08,26.25,46.78,20.12,30.58,MODERATE
STU106985,9.2,16.94,61.62,31.0,48.2,26.15,30.48,MODERATE
STU106986,43.77,37.07,49.39,46.0,87.45,28.87,46.43,MODERATE
STU106987,21.98,29.74,54.82,44.25,46.55,32.01,37.29,MODERATE
STU106988,31.86,39.52,20.6,50.25,62.38,30.79,37.23,MODERATE
STU106989,30.15,19.34,51.38,31.0,54.62,23.78,33.63,MODERATE
STU106990,0.0,18.35,50.41,37.5,56.6,28.87,28.84,LOW
STU106991,6.03,14.33,39.52,28.0,41.8,20.28,23.1,LOW
STU106992,12.96,13.68,67.85,14.0,62.52,20.94,30.03,MODERATE
STU106993,0.0,23.54,63.19,36.75,49.78,24.13,31.43,MODERATE
STU106994,36.29,43.95,40.0,54.0,59.92,39.06,44.24,MODERATE
STU106995,31.58,47.07,60.11,65.5,69.77,57.09,52.62,MODERATE
STU106996,15.06,26.84,59.86,38.25,67.82,21.12,36.33,MODERATE
STU106997,7.69,6.88,60.79,17.5,62.4,16.68,25.95,LOW
STU106998,24.99,31.22,76.65,32.25,76.9,40.93,44.75,MODERATE
STU106999,28.84,49.15,64.21,63.75,83.45,55.03,54.31,MODERATE
STU107000,0.0,7.9,59.55,6.0,40.62,23.44,21.19,LOW
STU107001,17.11,26.05,19.79,30.5,66.03,6.58,25.73,LOW
STU107002,36.35,31.84,41.8,47.5,55.45,27.79,39.04,MODERATE
STU107003,33.58,42.67,45.38,50.5,89.1,37.73,46.72,MODERATE
STU107004,31.78,22.01,46.92,26.75,72.2,16.14,34.09,MODERATE
STU107005,9.45,16.97,44.49,45.5,47.8,0.0,26.64,LOW
STU107006,21.68,20.26,65.91,13.75,73.47,30.5,35.04,MODERATE
STU107007,35.03,37.43,58.03,51.25,76.72,40.82,47.41,MODERATE
STU107008,27.79,33.57,54.11,37.0,82.58,38.91,42.47,MODERATE
STU107009,21.23,25.4,67.44,44.0,88.68,36.76,43.23,MODERATE
STU107010,16.16,18.6,50.0,9.5,62.4,28.37,28.38,LOW
STU107011,5.36,11.83,38.99,28.75,54.28,8.09,22.38,LOW
STU107012,25.55,40.97,39.26,41.25,79.32,29.96,40.32,MODERATE
STU107013,36.6,45.78,48.09,33.5,69.4,42.84,44.63,MODERATE
STU107014,22.25,37.94,58.89,32.25,38.12,39.28,38.29,MODERATE
STU107015,24.02,31.48,57.14,17.5,66.75,21.08,35.51,MODERATE
STU107016,30.54,37.03,55.04,31.75,56.03,37.27,40.47,MODERATE
STU107017,39.22,38.19,37.52,51.25,86.42,25.14,43.74,MODERATE
STU107018,33.63,44.0,54.34,47.5,77.0,42.1,47.63,MODERATE
STU107019,6.29,31.79,54.6,38.25,59.98,26.53,34.51,MODERATE
STU107020,37.31,34.08,58.65,38.75,62.45,43.13,44.08,MODERATE
STU107021,0.0,4.62,61.08,1.5,13.0,0.0,14.9,LOW
STU107022,16.01,30.69,72.38,33.5,71.95,38.13,41.38,MODERATE
STU107023,37.59,43.9,50.69,37.0,90.9,33.94,46.66,MODERATE
STU107024,52.64,43.52,40.67,45.25,91.6,32.53,48.74,MODERATE
STU107025,31.27,28.5,74.06,24.0,68.65,40.16,42.67,MODERATE
STU107026,24.04,27.78,56.18,54.75,65.58,24.65,40.22,MODERATE
STU107027,16.18,8.56,42.12,19.25,39.8,2.52,20.92,LOW
STU107028,10.49,25.05,44.69,25.0,57.55,22.12,29.02,LOW
STU107029,53.92,44.78,42.2,54.25,97.28,44.17,52.7,MODERATE
STU107030,29.83,33.67,63.98,56.25,60.95,35.83,45.3,MODERATE
STU107031,34.71,33.72,42.49,37.25,69.92,35.36,39.99,MODERATE
STU107032,21.69,17.74,73.4,31.75,57.75,33.77,37.37,MODERATE
STU107033,41.94,42.62,55.04,47.25,77.45,40.37,48.92,MODERATE
STU107034,16.67,34.46,50.98,43.75,50.9,30.06,36.8,MODERATE
STU107035,32.31,41.24,37.36,91.5,79.88,25.71,48.53,MODERATE
STU107036,24.45,32.8,61.3,44.25,73.2,29.64,42.27,MODERATE
STU107037,12.83,32.08,38.21,28.25,34.92,25.29,28.49,LOW
STU107038,4.36,18.72,37.95,37.0,34.8,12.28,23.4,LOW
STU107039,29.73,22.66,43.42,28.75,73.22,22.65,34.19,MODERATE
STU107040,28.77,43.75,57.71,38.0,97.45,44.46,48.12,MODERATE
STU107041,6.49,14.4,31.95,21.75,31.5,5.11,18.21,LOW
STU107042,45.11,39.42,46.31,43.5,49.1,31.76,42.75,MODERATE
STU107043,15.84,21.54,31.54,47.0,45.25,14.46,27.88,LOW
STU107044,42.9,32.96,52.61,58.75,64.03,43.52,46.91,MODERATE
STU107045,30.76,28.72,63.96,48.0,53.18,29.36,41.58,MODERATE
STU107046,33.61,26.9,63.06,42.75,74.45,23.85,42.3,MODERATE
STU107047,18.73,14.08,27.58,36.25,78.68,7.93,26.88,LOW
STU107048,19.03,19.42,57.12,32.25,59.18,14.87,32.33,MODERATE
STU107049,23.72,43.28,62.4,49.25,60.0,44.01,45.83,MODERATE
STU107050,29.53,38.26,63.9,51.25,63.45,51.18,47.4,MODERATE
STU107051,21.11,33.53,38.31,25.0,59.6,19.37,31.91,MODERATE
STU107052,31.55,35.08,34.89,47.0,81.72,19.65,39.25,MODERATE
STU107053,30.57,45.78,47.62,47.75,83.1,47.9,47.35,MODERATE
STU107054,34.96,28.39,60.85,52.25,61.5,27.31,42.98,MODERATE
STU107055,12.9,37.42,50.7,34.25,65.1,27.48,36.47,MODERATE
STU107056,28.48,24.1,28.6,43.25,62.78,7.7,30.98,MODERATE
STU107057,21.98,19.7,38.84,33.5,64.4,22.06,30.76,MODERATE
STU107058,17.29,25.89,44.32,17.5,42.6,20.31,27.71,LOW
STU107059,31.03,26.13,52.54,43.0,66.97,34.07,39.8,MODERATE
STU107060,43.8,42.06,29.47,37.0,73.25,39.55,42.0,MODERATE
STU107061,22.89,29.33,48.92,54.5,71.28,25.21,39.52,MODERATE
STU107062,13.7,20.95,62.51,29.75,34.45,28.61,31.25,MODERATE
STU107063,35.7,26.31,49.94,49.75,53.68,28.87,39.42,MODERATE
STU107064,23.2,32.11,38.95,44.75,65.65,25.46,36.28,MODERATE
STU107065,21.65,43.32,76.66,44.0,69.62,44.0,48.45,MODERATE
STU107066,26.46,23.93,41.36,20.0,27.18,15.37,26.8,LOW
STU107067,21.65,23.44,66.96,47.5,66.38,12.66,38.61,MODERATE
STU107068,8.0,18.83,82.74,32.75,49.15,32.11,35.89,MODERATE
STU107069,24.28,22.02,44.41,32.25,48.0,21.39,31.02,MODERATE
STU107070,23.47,30.8,56.6,43.75,91.78,29.94,42.45,MODERATE
STU107071,16.01,21.16,41.91,34.0,47.1,15.76,28.26,LOW
STU107072,16.0,32.12,53.92,54.75,47.72,35.91,38.59,MODERATE
STU107073,26.26,30.29,59.45,43.25,52.05,37.5,40.16,MODERATE
STU107074,39.93,48.51,74.34,65.25,76.45,57.78,58.19,MODERATE
STU107075,35.6,36.39,41.74,51.0,67.25,37.95,42.74,MODERATE
STU107076,37.92,37.09,56.45,44.25,69.98,42.57,46.04,MODERATE
STU107077,31.6,37.18,44.09,34.0,56.18,24.38,37.59,MODERATE
STU107078,13.64,23.34,56.24,40.0,56.22,16.77,33.11,MODERATE
STU107079,25.92,19.53,74.32,49.5,63.67,35.18,42.24,MODERATE
STU107080,10.09,27.58,48.56,30.5,59.82,22.92,31.47,MODERATE
STU107081,28.51,36.09,48.09,46.25,100.0,35.23,44.8,MODERATE
STU107082,24.79,15.56,40.8,31.0,32.2,0.0,24.88,LOW
STU107083,0.08,10.84,50.37,4.25,37.85,14.23,18.65,LOW
STU107084,25.87,27.35,47.4,38.0,80.85,28.96,38.17,MODERATE
STU107085,41.31,27.17,49.9,44.75,77.03,17.97,41.25,MODERATE
STU107086,30.16,28.6,71.79,44.75,50.82,53.75,44.71,MODERATE
STU107087,16.64,28.54,43.92,29.0,60.32,14.71,31.1,MODERATE
STU107088,19.28,34.5,72.78,50.0,67.18,39.75,45.23,MODERATE
STU107089,21.65,52.42,54.45,66.75,62.38,59.47,50.52,MODERATE
STU107090,20.37,42.72,58.75,57.75,73.9,40.74,46.63,MODERATE
STU107091,9.75,17.85,48.96,35.0,50.8,16.68,28.2,LOW
STU107092,2.19,11.9,49.14,21.75,64.53,10.32,23.99,LOW
STU107093,7.65,14.09,53.61,16.75,30.52,5.76,21.92,LOW
STU107094,4.21,26.53,81.58,35.25,67.58,27.43,38.58,MODERATE
STU107095,41.02,32.98,42.88,53.0,69.12,23.29,42.22,MODERATE
STU107096,12.54,37.8,45.78,28.5,69.68,20.69,34.43,MODERATE
STU107097,26.21,49.25,45.74,48.0,79.75,39.93,45.87,MODERATE
STU107098,46.64,48.77,45.36,57.5,74.25,41.36,50.78,MODERATE
STU107099,21.65,21.8,52.25,33.5,80.27,15.67,34.85,MODERATE
STU107100,11.88,24.22,40.0,18.75,52.8,22.91,26.81,LOW
STU107101,1.8,9.8,52.12,18.25,33.35,19.91,21.3,LOW
STU107102,24.08,30.73,49.8,47.0,60.15,30.67,38.59,MODERATE
STU107103,36.17,46.27,45.13,52.5,62.4,45.76,46.52,MODERATE
STU107104,20.58,32.16,60.29,35.5,62.42,28.82,38.66,MODERATE
STU107105,13.44,29.44,82.88,36.75,74.82,42.3,43.85,MODERATE
STU107106,23.32,28.05,36.7,36.5,83.98,43.39,37.23,MODERATE
STU107107,24.03,29.78,27.6,39.5,77.2,15.18,32.93,MODERATE
STU107108,30.62,45.29,34.94,65.0,79.22,40.53,46.16,MODERATE
STU107109,34.41,31.64,61.11,41.0,53.95,30.15,41.57,MODERATE
STU107110,17.27,20.75,51.6,24.25,57.0,26.05,30.9,MODERATE
STU107111,7.29,17.06,48.22,27.75,30.82,15.6,24.17,LOW
STU107112,13.01,28.31,51.08,50.5,59.28,24.02,35.8,MODERATE
STU107113,0.0,18.63,46.4,23.25,47.92,32.86,25.5,LOW
STU107114,25.59,34.4,37.92,48.0,87.13,37.01,40.92,MODERATE
STU107115,28.54,33.76,48.4,56.5,72.6,30.17,42.58,MODERATE
STU107116,11.41,15.5,47.84,20.0,30.78,16.27,23.43,LOW
STU107117,31.78,44.63,76.76,58.0,65.6,58.29,53.95,MODERATE
STU107118,28.4,36.74,59.51,27.75,70.92,32.7,41.29,MODERATE
STU107119,12.48,15.95,53.48,22.5,34.72,17.48,25.77,LOW
STU107120,16.92,36.22,45.5,37.0,47.98,36.94,35.58,MODERATE
STU107121,16.07,32.09,50.9,41.25,78.5,39.96,39.45,MODERATE
STU107122,32.86,29.77,48.34,46.0,62.5,28.87,39.72,MODERATE
STU107123,32.57,29.61,59.99,40.25,58.38,26.68,40.46,MODERATE
STU107124,9.75,22.44,59.34,14.5,32.78,13.34,26.22,LOW
STU107125,20.03,17.64,36.74,19.5,59.08,0.71,24.67,LOW
STU107126,32.08,29.05,62.7,50.5,58.38,23.53,41.98,MODERATE
STU107127,17.22,16.56,63.45,34.75,49.35,24.17,32.84,MODERATE
STU107128,9.53,20.32,45.29,43.75,52.05,13.76,29.19,LOW
STU107129,6.49,19.71,50.66,17.5,34.35,22.02,24.62,LOW
STU107130,14.68,42.32,56.35,65.5,59.45,41.13,44.67,MODERATE
STU107131,6.27,6.35,65.89,9.0,21.05,18.98,21.37,LOW
STU107132,8.72,21.19,42.46,31.25,71.58,21.25,29.5,LOW
STU107133,51.03,64.38,40.17,70.5,100.0,59.5,60.86,HIGH
STU107134,6.54,6.22,48.82,21.0,25.02,3.7,18.65,LOW
STU107135,23.11,27.91,55.7,27.0,54.87,23.27,34.6,MODERATE
STU107136,31.24,39.14,46.41,41.5,71.72,40.34,42.75,MODERATE
STU107137,27.2,26.73,67.46,57.75,83.05,43.45,46.93,MODERATE
STU107138,8.83,21.19,58.6,42.5,100.0,22.09,37.37,MODERATE
STU107139,35.61,37.99,45.9,63.0,95.75,26.69,47.49,MODERATE
STU107140,22.14,33.64,30.24,34.25,74.98,24.92,34.01,MODERATE
STU107141,18.46,33.63,41.44,32.0,74.42,20.45,34.67,MODERATE
STU107142,13.56,30.36,47.8,31.75,61.75,29.89,33.79,MODERATE
STU107143,37.57,27.14,59.1,45.25,62.7,25.72,41.75,MODERATE
STU107144,12.16,16.7,64.01,39.25,21.48,28.87,30.33,MODERATE
STU107145,13.07,21.04,31.76,43.25,68.05,7.63,28.28,LOW
STU107146,25.98,21.66,39.92,41.25,81.0,21.02,34.98,MODERATE
STU107147,25.15,23.35,40.94,30.25,64.95,25.79,32.67,MODERATE
STU107148,23.33,20.69,44.21,26.5,42.92,18.79,28.83,LOW
STU107149,37.55,44.81,59.64,38.25,77.65,50.77,49.22,MODERATE
STU107150,1.72,11.94,46.94,19.25,22.78,0.04,17.89,LOW
STU107151,14.64,19.48,37.11,45.5,55.62,6.84,28.29,LOW
STU107152,0.0,2.85,46.18,27.5,44.58,2.65,18.8,LOW
STU107153,13.28,20.37,56.95,14.25,68.4,26.35,30.75,MODERATE
STU107154,22.84,39.55,59.52,41.25,73.55,30.98,43.0,MODERATE
STU107155,46.03,42.85,37.95,70.0,97.58,42.5,52.02,MODERATE
STU107156,50.26,40.0,51.05,56.5,70.1,36.24,49.37,MODERATE
STU107157,2.63,28.38,54.86,36.0,45.95,28.87,31.48,MODERATE
STU107158,18.21,36.31,48.28,49.25,39.2,27.16,36.4,MODERATE
STU107159,25.78,24.05,39.75,24.5,70.72,4.85,30.35,MODERATE
STU107160,43.49,56.26,55.46,53.75,96.9,62.65,57.87,MODERATE
STU107161,22.54,24.43,69.61,44.75,62.9,39.84,41.52,MODERATE
STU107162,27.93,41.1,51.45,66.25,87.42,47.83,49.61,MODERATE
STU107163,45.7,27.52,71.16,45.0,68.25,16.7,45.5,MODERATE
STU107164,5.26,25.54,43.19,28.25,53.2,13.02,26.93,LOW
STU107165,21.65,39.66,60.31,44.75,57.15,43.7,43.1,MODERATE
STU107166,31.61,34.92,24.33,41.75,86.37,17.84,36.6,MODERATE
STU107167,26.51,27.38,69.34,45.5,63.98,36.74,42.91,MODERATE
STU107168,13.28,29.38,62.14,15.5,64.95,24.81,33.73,MODERATE
STU107169,28.82,31.66,59.38,45.5,64.3,43.05,43.12,MODERATE
STU107170,13.51,20.99,53.1,13.75,57.08,12.85,27.63,LOW
STU107171,34.48,39.61,62.39,55.75,81.77,37.17,49.53,MODERATE
STU107172,26.86,59.12,6.05,47.5,98.92,41.85,42.56,MODERATE
STU107173,51.84,37.44,51.99,77.5,97.88,33.57,54.9,MODERATE
STU107174,37.9,56.51,55.05,51.75,96.85,48.88,55.05,MODERATE
STU107175,21.32,26.4,41.04,40.5,48.32,27.44,32.72,MODERATE
STU107176,38.02,34.98,44.25,49.0,78.35,35.71,43.96,MODERATE
STU107177,38.32,37.18,42.41,44.25,85.18,26.27,43.22,MODERATE
STU107178,16.72,24.64,50.01,39.75,49.78,20.24,32.47,MODERATE
STU107179,10.64,12.72,67.12,35.5,58.4,22.54,32.15,MODERATE
STU107180,18.44,19.33,47.59,27.5,71.3,10.64,30.36,MODERATE
STU107181,2.78,19.39,40.41,30.25,63.1,21.29,26.46,LOW
STU107182,32.37,26.26,62.95,58.25,79.85,35.49,45.9,MODERATE
STU107183,13.94,27.42,55.46,33.0,58.98,27.08,34.29,MODERATE
STU107184,6.32,19.57,65.31,30.0,48.08,34.13,31.94,MODERATE
STU107185,43.07,33.95,48.2,39.5,71.45,39.31,43.74,MODERATE
STU107186,14.98,20.93,52.98,42.5,47.32,12.79,31.21,MODERATE
STU107187,38.33,47.4,66.56,37.0,76.75,38.5,49.9,MODERATE
STU107188,21.38,34.22,53.27,46.5,89.52,33.5,42.76,MODERATE
STU107189,23.95,24.07,93.22,35.0,88.78,24.61,46.04,MODERATE
STU107190,0.0,9.88,44.85,20.75,52.47,15.63,21.36,LOW
STU107191,16.62,15.13,46.71,29.25,43.5,16.33,26.82,LOW
STU107192,10.85,21.07,60.74,26.25,47.95,24.98,30.82,MODERATE
STU107193,18.77,27.69,38.51,44.75,62.62,25.33,33.89,MODERATE
STU107194,24.15,42.9,46.29,39.5,62.13,38.73,40.82,MODERATE
STU107195,47.63,39.32,45.16,58.25,67.7,37.08,47.6,MODERATE
STU107196,34.98,35.36,58.09,48.25,74.85,37.75,45.95,MODERATE
STU107197,21.65,42.05,53.41,37.25,70.18,48.14,42.94,MODERATE
STU107198,3.2,27.53,47.81,41.75,33.92,24.95,29.23,LOW
STU107199,0.0,19.73,57.42,46.5,70.97,22.38,32.73,MODERATE
STU107200,8.95,21.65,31.56,33.5,30.08,11.74,22.72,LOW
STU107201,5.8,15.96,65.89,32.75,76.75,18.12,32.73,MODERATE
STU107202,17.54,31.72,68.62,63.0,71.75,34.92,45.28,MODERATE
STU107203,18.37,38.75,64.85,34.5,84.22,56.42,45.57,MODERATE
STU107204,18.43,31.28,48.91,33.25,83.68,34.4,38.08,MODERATE
STU107205,30.0,42.15,39.39,40.75,75.43,25.4,40.61,MODERATE
STU107206,16.31,16.16,60.26,31.75,53.27,17.69,31.21,MODERATE
STU107207,27.59,38.02,49.79,38.25,58.62,40.02,40.58,MODERATE
STU107208,20.09,33.94,54.32,42.5,55.12,31.07,38.36,MODERATE
STU107209,19.69,22.1,47.42,21.75,49.92,20.79,29.28,LOW
STU107210,35.9,36.58,37.69,45.0,59.63,22.0,38.78,MODERATE
STU107211,10.94,16.87,44.92,37.0,39.97,18.58,26.79,LOW
STU107212,41.79,48.66,42.84,54.0,86.78,47.22,50.59,MODERATE
STU107213,13.55,28.53,48.36,20.75,56.42,22.21,30.49,MODERATE
STU107214,17.7,32.36,47.22,37.25,71.8,23.78,36.22,MODERATE
STU107215,9.97,19.96,38.7,36.25,62.4,13.32,27.73,LOW
STU107216,34.57,48.61,56.74,51.75,77.77,35.9,49.54,MODERATE
STU107217,39.43,45.5,45.22,52.25,100.0,25.09,48.65,MODERATE
STU107218,43.34,27.27,53.36,29.5,53.6,32.18,39.16,MODERATE
STU107219,33.7,33.59,56.58,42.75,97.1,34.06,45.98,MODERATE
STU107220,17.43,27.74,46.52,48.0,62.97,29.57,36.18,MODERATE
STU107221,36.63,42.62,70.24,45.0,81.48,47.07,51.63,MODERATE
STU107222,4.2,24.81,55.88,36.75,41.7,29.16,30.82,MODERATE
STU107223,11.12,26.12,54.85,36.0,60.8,27.79,33.98,MODERATE
STU107224,21.24,26.29,61.5,40.25,60.47,29.46,38.15,MODERATE
STU107225,40.76,41.59,69.95,43.5,79.4,45.29,51.53,MODERATE
STU107226,15.91,27.83,70.35,17.75,62.62,39.67,37.1,MODERATE
STU107227,34.26,39.72,63.95,60.0,84.48,48.93,51.91,MODERATE
STU107228,24.89,38.85,56.97,45.75,79.45,40.5,44.94,MODERATE
STU107229,57.11,45.76,57.9,57.25,84.55,45.1,55.99,MODERATE
STU107230,29.75,31.62,62.99,35.5,71.8,27.8,41.74,MODERATE
STU107231,17.33,14.69,38.55,23.25,40.9,20.22,24.45,LOW
STU107232,39.43,24.54,64.85,38.0,81.23,32.81,44.1,MODERATE
STU107233,31.26,28.95,42.69,42.25,87.87,30.23,40.18,MODERATE
STU107234,32.69,29.77,49.02,38.0,37.25,25.3,35.74,MODERATE
STU107235,23.86,24.97,69.7,22.25,66.38,36.12,38.54,MODERATE
STU107236,25.11,22.73,39.16,43.5,74.2,10.54,33.54,MODERATE
STU107237,16.24,28.32,77.21,33.0,60.15,47.41,41.48,MODERATE
STU107238,36.48,42.28,40.43,46.0,68.5,33.4,43.04,MODERATE
STU107239,34.25,31.38,31.61,32.25,52.9,19.6,33.1,MODERATE
STU107240,40.29,50.19,40.92,62.0,98.18,37.43,51.65,MODERATE
STU107241,0.0,23.24,48.86,18.25,60.28,19.77,26.32,LOW
STU107242,26.63,37.79,64.74,69.5,83.22,52.29,51.7,MODERATE
STU107243,2.43,9.24,60.88,32.25,40.95,0.0,23.9,LOW
STU107244,52.91,55.12,50.45,37.0,98.6,66.09,56.47,MODERATE
STU107245,5.83,15.02,46.38,24.25,48.85,21.38,24.86,LOW
STU107246,46.15,47.58,62.99,66.25,93.45,50.52,58.06,MODERATE
STU107247,34.47,41.27,59.41,56.5,83.82,52.48,51.2,MODERATE
STU107248,27.5,33.16,38.24,40.75,39.5,37.03,35.2,MODERATE
STU107249,12.81,19.59,65.4,24.25,55.42,30.44,32.76,MODERATE
STU107250,30.71,38.26,60.92,33.25,25.4,49.03,40.32,MODERATE
STU107251,25.0,23.55,61.48,25.5,52.47,18.85,34.14,MODERATE
STU107252,36.98,40.73,60.68,38.25,95.5,41.18,49.12,MODERATE
STU107253,16.79,35.59,49.71,54.75,64.1,35.04,40.32,MODERATE
STU107254,24.52,30.91,47.61,40.5,53.95,29.33,36.56,MODERATE
STU107255,56.88,29.06,69.69,32.5,64.62,35.86,47.5,MODERATE
STU107256,50.6,51.94,52.71,53.25,89.05,54.63,56.0,MODERATE
STU107257,15.07,28.76,52.47,25.25,67.62,24.98,33.75,MODERATE
STU107258,25.77,32.72,42.5,44.0,67.8,32.59,38.47,MODERATE
STU107259,4.87,14.36,45.69,16.0,75.43,25.28,26.17,LOW
STU107260,40.59,43.36,53.12,57.25,71.05,43.36,49.61,MODERATE
STU107261,28.2,26.41,65.16,40.25,62.4,24.05,39.96,MODERATE
STU107262,7.28,14.59,61.81,11.0,30.12,21.61,24.29,LOW
STU107263,23.65,21.21,47.38,37.0,64.75,20.15,33.55,MODERATE
STU107264,10.84,23.52,63.09,46.75,54.92,32.13,36.38,MODERATE
STU107265,21.65,24.52,40.96,15.75,40.08,23.81,27.4,LOW
STU107266,13.43,21.26,44.9,27.5,38.92,21.62,27.16,LOW
STU107267,0.0,7.96,52.61,15.75,24.68,18.0,19.14,LOW
STU107268,27.65,29.65,47.98,37.75,84.52,31.41,39.79,MODERATE
STU107269,26.63,42.74,56.79,68.5,93.62,47.83,51.79,MODERATE
STU107270,18.42,32.49,45.89,27.75,44.15,30.06,32.57,MODERATE
STU107271,24.31,34.16,56.56,49.25,79.72,34.89,43.56,MODERATE
STU107272,17.23,30.19,32.82,38.5,63.22,15.53,31.21,MODERATE
STU107273,9.66,20.66,41.6,32.5,54.35,21.3,27.86,LOW
STU107274,23.81,40.03,54.04,77.25,62.4,36.95,47.1,MODERATE
STU107275,20.36,35.96,50.64,39.5,83.35,21.39,39.59,MODERATE
STU107276,26.34,27.22,57.48,30.0,42.58,35.87,35.91,MODERATE
STU107277,35.46,33.54,40.14,41.5,77.28,22.54,39.71,MODERATE
STU107278,21.3,21.72,36.08,27.0,40.52,22.34,27.24,LOW
STU107279,45.35,37.36,59.2,49.5,79.88,36.59,49.32,MODERATE
STU107280,21.67,40.78,48.79,48.25,53.32,32.56,40.11,MODERATE
STU107281,7.01,8.82,52.21,11.25,15.8,4.92,17.81,LOW
STU107282,49.37,48.06,60.3,52.5,58.8,47.68,52.47,MODERATE
STU107283,22.77,28.45,56.09,35.25,42.25,21.45,34.54,MODERATE
STU107284,5.75,16.37,52.47,0.0,36.4,13.56,20.73,LOW
STU107285,4.25,32.22,77.51,44.25,69.6,32.61,41.27,MODERATE
STU107286,8.03,17.07,35.75,24.0,56.5,15.54,23.83,LOW
STU107287,10.61,24.49,37.85,14.5,49.38,17.48,24.68,LOW
STU107288,21.65,20.49,48.59,39.0,62.3,28.87,34.14,MODERATE
STU107289,36.86,34.82,71.19,31.0,65.0,38.24,45.29,MODERATE
STU107290,53.26,55.02,43.1,62.75,100.0,66.15,59.05,LOW
STU107291,21.65,33.6,55.94,43.5,62.78,34.6,40.18,MODERATE
STU107292,25.01,27.35,59.15,26.0,63.8,16.98,35.65,MODERATE
STU107293,32.02,27.89,41.97,30.0,65.05,0.0,32.78,MODERATE
STU107294,0.0,3.62,51.56,20.0,23.48,1.35,16.7,LOW
STU107295,21.32,18.56,41.85,32.5,59.25,11.11,29.18,LOW
STU107296,26.77,19.55,56.2,38.25,70.88,22.24,36.53,MODERATE
STU107297,7.17,17.34,53.26,11.75,54.87,15.89,25.26,LOW
STU107298,9.42,17.85,52.96,15.5,47.72,24.2,26.46,LOW
STU107299,13.45,35.12,39.17,22.25,64.38,29.89,32.07,MODERATE
STU107300,42.34,31.77,69.9,35.5,88.0,30.31,47.55,MODERATE
STU107301,32.06,34.69,36.57,46.0,59.02,35.28,38.73,MODERATE
STU107302,21.65,22.0,51.8,29.25,56.45,8.37,31.06,MODERATE
STU107303,29.26,30.37,62.25,47.75,78.32,25.67,43.46,MODERATE
STU107304,3.39,26.83,51.78,9.25,61.48,28.65,28.14,LOW
STU107305,39.93,42.54,36.68,39.75,75.58,33.37,42.81,MODERATE
STU107306,24.04,32.82,50.09,33.0,87.9,28.87,39.66,MODERATE
STU107307,10.01,16.73,76.4,9.25,33.95,23.95,28.64,LOW
STU107308,11.69,29.35,54.12,44.5,53.52,21.44,34.67,MODERATE
STU107309,18.28,8.44,31.24,24.25,23.72,1.86,18.21,LOW
STU107310,24.49,33.42,33.48,54.75,45.62,23.63,35.09,MODERATE
STU107311,29.6,27.18,28.14,37.5,73.1,15.2,32.8,MODERATE
STU107312,34.37,32.56,23.61,37.75,47.82,18.54,32.03,MODERATE
STU107313,16.92,38.88,48.55,36.75,63.77,35.42,38.25,MODERATE
STU107314,60.19,50.84,62.4,62.25,100.0,47.92,61.36,HIGH
STU107315,15.11,13.6,48.76,22.25,43.45,6.89,24.55,LOW
STU107316,0.0,12.1,36.68,3.0,24.15,10.35,14.26,LOW
STU107317,22.24,28.43,43.97,44.25,36.02,27.14,33.3,MODERATE
STU107318,29.38,19.5,56.11,23.25,39.42,20.49,31.45,MODERATE
STU107319,25.54,35.14,47.31,43.25,73.88,32.44,40.47,MODERATE
STU107320,14.2,9.22,50.76,18.5,40.88,0.0,22.16,LOW
STU107321,16.0,29.26,48.14,29.0,58.98,16.5,32.04,MODERATE
STU107322,14.66,26.65,39.9,25.25,55.35,5.97,27.49,LOW
STU107323,25.23,34.53,59.78,56.0,89.8,33.32,46.35,MODERATE
STU107324,27.47,33.61,66.05,42.5,48.5,31.83,41.51,MODERATE
STU107325,12.88,37.49,67.36,25.0,64.78,42.62,39.91,MODERATE
STU107326,13.98,15.02,62.68,37.0,62.4,15.93,32.47,MODERATE
STU107327,0.0,19.74,58.98,34.25,66.27,28.87,31.38,MODERATE
STU107328,40.87,46.78,72.95,59.75,90.95,58.87,58.4,MODERATE
STU107329,40.55,51.36,40.41,67.75,75.1,33.06,50.01,MODERATE
STU107330,10.67,25.23,44.94,32.5,66.9,32.57,32.25,MODERATE
STU107331,36.12,38.78,55.31,49.75,82.9,42.86,48.02,MODERATE
STU107332,15.26,24.73,29.78,25.5,42.4,23.79,25.63,LOW
STU107333,37.24,43.73,35.32,58.25,100.0,44.1,48.59,MODERATE
STU107334,17.32,29.38,49.3,29.25,50.18,30.07,33.08,MODERATE
STU107335,17.63,36.13,41.84,33.0,44.52,22.11,32.54,MODERATE
STU107336,16.88,33.9,59.16,32.0,36.28,18.43,33.95,MODERATE
STU107337,32.21,38.97,74.54,53.25,73.9,53.35,51.8,MODERATE
STU107338,37.92,51.86,50.84,62.5,97.35,34.97,53.32,MODERATE
STU107339,28.7,30.42,47.39,37.0,64.45,37.4,38.56,MODERATE
STU107340,15.67,27.07,43.16,9.0,51.0,32.4,28.22,LOW
STU107341,33.2,14.57,38.2,37.75,45.78,2.87,28.45,LOW
STU107342,20.38,42.66,40.7,50.0,72.62,33.12,40.96,MODERATE
STU107343,18.95,20.34,40.6,37.25,31.07,10.62,26.75,LOW
STU107344,22.22,21.33,58.53,29.0,58.3,28.87,34.55,MODERATE
STU107345,7.11,16.67,36.79,19.0,24.7,11.13,19.38,LOW
STU107346,17.71,27.72,77.61,43.25,62.07,35.74,42.26,MODERATE
STU107347,23.62,56.62,58.49,51.25,87.98,48.21,51.88,MODERATE
STU107348,35.24,32.01,24.72,35.0,57.05,14.63,32.41,MODERATE
STU107349,27.73,32.71,50.04,28.25,54.85,34.29,36.88,MODERATE
STU107350,13.95,18.68,56.95,20.5,56.53,23.01,29.88,LOW
STU107351,46.21,38.07,68.62,75.25,78.42,40.04,55.62,MODERATE
STU107352,19.06,32.2,60.58,35.5,58.58,35.58,38.72,MODERATE
STU107353,12.93,21.15,58.65,38.0,28.82,26.19,30.8,MODERATE
STU107354,16.17,32.04,54.8,36.5,63.18,31.56,37.15,MODERATE
STU107355,27.66,26.85,40.17,42.0,76.85,34.01,37.66,MODERATE
STU107356,0.0,12.55,61.21,14.0,42.37,23.02,24.02,LOW
STU107357,42.5,37.65,62.91,61.5,48.95,37.37,48.35,MODERATE
STU107358,0.0,15.56,28.81,13.0,67.5,4.46,18.8,LOW
STU107359,23.34,25.32,66.95,36.0,62.05,48.93,40.89,MODERATE
STU107360,30.36,34.78,42.65,33.75,65.55,29.72,37.89,MODERATE
STU107361,33.76,40.44,71.06,50.5,70.68,56.55,51.37,MODERATE
STU107362,16.04,30.61,50.14,38.0,52.8,15.93,33.46,MODERATE
STU107363,15.5,26.22,62.62,19.5,50.62,32.34,33.4,MODERATE
STU107364,38.88,34.32,59.89,24.25,78.1,35.16,43.3,MODERATE
STU107365,19.16,30.24,79.76,57.0,50.12,42.27,45.13,MODERATE
STU107366,31.85,31.08,26.74,48.0,81.62,15.02,36.35,MODERATE
STU107367,22.78,21.83,45.81,46.0,76.58,13.58,35.09,MODERATE
STU107368,20.75,34.5,46.35,21.75,47.5,42.0,34.26,MODERATE
STU107369,50.85,54.08,80.82,66.0,100.0,63.07,66.06,HIGH
STU107370,13.55,22.65,44.18,27.0,56.7,20.34,28.96,LOW
STU107371,29.48,35.32,66.49,41.5,50.8,26.54,41.98,MODERATE
STU107372,41.69,48.58,62.44,71.25,100.0,51.66,58.82,MODERATE
STU107373,28.39,31.41,58.81,58.25,71.97,42.16,45.44,MODERATE
STU107374,41.52,27.85,63.6,47.75,56.38,19.5,42.74,MODERATE
STU107375,7.69,16.76,68.36,1.25,46.75,18.4,26.1,LOW
STU107376,35.46,39.64,46.9,42.0,69.85,37.57,43.42,MODERATE
STU107377,2.85,16.77,43.18,20.0,50.12,20.93,23.5,LOW
STU107378,16.32,13.03,52.79,32.5,37.85,28.28,28.57,LOW
STU107379,19.74,38.26,40.6,48.25,82.0,41.09,41.18,MODERATE
STU107380,24.0,38.89,54.11,31.25,53.62,38.56,39.25,MODERATE
STU107381,0.0,18.18,54.42,25.5,33.38,29.16,25.51,LOW
STU107382,30.29,25.95,37.31,35.25,73.4,34.69,36.1,MODERATE
STU107383,19.99,15.18,67.39,40.5,62.72,25.81,36.2,MODERATE
STU107384,32.2,44.47,55.41,35.25,86.28,40.64,46.62,MODERATE
STU107385,0.0,18.68,51.4,25.5,49.52,23.15,26.04,LOW
STU107386,27.99,32.33,67.94,32.0,56.95,39.16,41.68,MODERATE
STU107387,21.65,44.12,64.04,52.75,87.32,42.28,49.04,MODERATE
STU107388,16.92,26.5,49.29,44.0,60.95,23.73,34.93,MODERATE
STU107389,27.08,40.6,54.92,43.5,78.57,35.17,44.45,MODERATE
STU107390,25.4,26.22,62.38,41.25,51.3,26.55,38.08,MODERATE
STU107391,18.56,42.2,23.56,43.5,77.85,30.98,36.38,MODERATE
STU107392,0.17,23.39,51.3,48.75,46.55,29.5,31.06,MODERATE
STU107393,18.53,32.88,47.85,43.5,77.9,35.87,39.4,MODERATE
STU107394,40.7,37.92,41.55,32.75,98.68,42.72,44.98,MODERATE
STU107395,34.8,43.22,35.8,38.25,68.8,39.14,41.46,MODERATE
STU107396,10.78,17.43,45.6,24.5,44.62,10.29,24.8,LOW
STU107397,7.7,16.99,33.85,30.25,48.75,0.0,21.97,LOW
STU107398,31.37,40.03,33.89,58.25,68.05,14.55,40.06,MODERATE
STU107399,45.95,45.62,50.7,53.5,75.1,32.09,49.48,MODERATE
STU107400,0.0,8.27,36.78,13.75,58.85,5.96,17.97,LOW
STU107401,12.97,31.07,75.74,20.75,33.6,46.49,36.63,MODERATE
STU107402,14.38,23.91,36.33,27.5,76.85,31.87,31.12,MODERATE
STU107403,34.19,46.76,49.8,45.75,85.4,43.37,48.23,MODERATE
STU107404,20.29,29.14,64.07,34.25,44.9,32.72,37.06,MODERATE
STU107405,13.17,7.99,39.72,9.5,36.52,0.0,17.65,LOW
STU107406,24.27,24.82,53.85,45.75,68.28,13.47,36.87,MODERATE
STU107407,11.94,26.87,52.7,41.0,52.4,21.97,33.23,MODERATE
STU107408,16.58,25.07,61.16,30.75,73.08,34.24,37.16,MODERATE
STU107409,39.96,43.86,75.59,49.75,87.9,41.64,54.49,MODERATE
STU107410,38.49,43.56,54.69,57.5,62.87,52.51,49.69,MODERATE
STU107411,29.35,40.17,39.88,69.75,85.5,28.83,45.78,MODERATE
STU107412,22.77,29.66,25.31,27.0,72.6,19.45,30.29,MODERATE
STU107413,14.02,17.58,56.09,26.75,53.65,27.73,30.57,MODERATE
STU107414,13.57,25.12,37.56,32.0,62.03,38.24,31.33,MODERATE
STU107415,22.02,27.09,53.18,43.75,76.48,17.21,37.74,MODERATE
STU107416,33.14,42.62,49.05,47.75,78.2,29.52,45.03,MODERATE
STU107417,20.54,18.18,15.49,38.25,52.82,8.66,23.64,LOW
STU107418,33.82,40.26,49.41,53.75,87.07,48.44,48.32,MODERATE
STU107419,31.3,40.98,46.09,46.75,90.25,24.2,44.18,MODERATE
STU107420,9.53,26.68,64.38,28.75,57.7,28.04,34.34,MODERATE
STU107421,24.37,36.4,44.46,44.0,49.28,29.97,37.39,MODERATE
STU107422,30.42,36.71,71.38,36.0,39.78,47.2,43.64,MODERATE
STU107423,28.4,32.54,57.01,33.75,64.45,28.87,39.61,MODERATE
STU107424,14.66,30.22,53.49,38.5,42.55,19.42,33.16,MODERATE
STU107425,27.7,30.24,55.16,35.75,71.78,30.76,39.75,MODERATE
STU107426,39.54,36.05,44.38,51.25,81.02,30.63,44.65,MODERATE
STU107427,31.2,45.9,52.44,46.25,67.48,43.08,46.2,MODERATE
STU107428,16.43,36.06,46.68,27.5,94.98,30.63,38.32,MODERATE
STU107429,21.65,35.1,39.6,30.5,48.3,28.58,33.29,MODERATE
STU107430,25.56,30.93,52.3,19.0,70.1,32.1,36.37,MODERATE
STU107431,21.31,23.06,41.69,37.25,77.85,22.64,34.0,MODERATE
STU107432,12.87,33.69,45.04,38.5,56.95,34.23,34.9,MODERATE
STU107433,8.04,34.19,57.02,38.25,45.03,30.29,34.83,MODERATE
STU107434,33.43,41.18,51.85,46.0,78.12,40.99,46.16,MODERATE
STU107435,0.0,9.65,47.69,20.75,42.25,2.72,19.56,LOW
STU107436,24.14,40.1,54.68,52.25,64.08,33.87,43.42,MODERATE
STU107437,13.94,30.39,57.75,38.0,57.55,27.51,36.14,MODERATE
STU107438,55.25,51.27,70.88,69.5,100.0,52.51,63.72,HIGH
STU107439,20.95,30.28,53.68,31.25,62.93,27.04,36.18,MODERATE
STU107440,27.99,42.7,59.34,68.0,76.7,43.75,50.39,MODERATE
STU107441,39.26,48.39,59.41,48.25,100.0,43.24,53.39,MODERATE
STU107442,13.78,8.49,49.62,20.5,15.45,8.34,20.26,LOW
STU107443,17.81,26.8,52.1,30.5,77.55,25.88,35.6,MODERATE
STU107444,9.01,12.03,36.01,25.75,42.5,6.61,20.78,LOW
STU107445,0.98,30.35,45.75,42.75,30.7,22.78,28.69,LOW
STU107446,14.51,32.63,43.36,17.0,50.8,30.73,30.43,MODERATE
STU107447,30.03,33.14,80.27,62.0,78.55,44.54,51.95,MODERATE
STU107448,12.09,16.66,44.35,17.75,31.43,0.0,21.26,LOW
STU107449,16.88,31.93,64.76,20.75,32.28,27.63,33.41,MODERATE
STU107450,0.17,27.8,28.21,25.0,75.75,11.27,25.08,LOW
STU107451,31.53,23.54,62.09,48.25,88.05,28.78,43.53,MODERATE
STU107452,34.32,34.48,49.61,43.75,49.78,39.05,40.85,MODERATE
STU107453,21.81,31.3,43.99,27.25,51.05,29.1,33.09,MODERATE
STU107454,6.73,34.03,40.34,28.0,58.35,23.57,30.31,MODERATE
STU107455,11.49,29.32,53.02,21.5,79.28,27.18,34.1,MODERATE
STU107456,0.0,6.25,55.09,0.0,28.92,16.51,17.12,LOW
STU107457,39.54,42.78,62.64,57.0,67.65,55.34,51.98,MODERATE
STU107458,19.41,21.83,48.15,20.0,18.4,22.88,26.1,LOW
STU107459,30.01,34.39,58.81,45.25,71.55,29.21,43.22,MODERATE
STU107460,7.76,20.26,56.12,39.0,41.48,29.88,30.83,MODERATE
STU107461,25.91,31.66,59.46,42.5,94.4,36.53,44.46,MODERATE
STU107462,18.76,22.62,62.82,49.75,44.2,22.31,36.08,MODERATE
STU107463,19.18,26.48,47.78,44.0,53.08,19.73,33.89,MODERATE
STU107464,48.46,49.06,57.68,72.0,83.4,56.77,58.31,MODERATE
STU107465,21.65,9.22,34.91,12.0,21.57,0.0,17.57,LOW
STU107466,42.95,36.28,45.42,56.0,86.42,34.71,47.26,MODERATE
STU107467,19.35,30.09,51.15,52.0,63.98,38.65,39.69,MODERATE
STU107468,33.78,44.12,30.99,43.0,80.53,38.46,42.33,MODERATE
STU107469,29.31,50.18,52.76,59.5,68.82,49.01,49.67,MODERATE
STU107470,12.08,31.7,60.01,43.75,51.55,44.95,38.56,MODERATE
STU107471,38.78,32.03,58.92,53.5,67.42,36.63,45.98,MODERATE
STU107472,35.84,38.73,53.6,42.0,62.4,42.16,44.33,MODERATE
STU107473,24.07,19.4,74.06,35.5,56.15,26.82,38.1,MODERATE
STU107474,52.08,46.41,56.99,61.5,88.92,52.91,56.82,MODERATE
STU107475,24.72,30.99,67.74,52.75,43.6,35.55,42.07,MODERATE
STU107476,10.99,29.03,40.54,17.0,70.05,21.72,29.29,LOW
STU107477,56.83,48.88,50.1,51.25,94.32,47.6,55.49,MODERATE
STU107478,34.67,41.54,30.81,31.5,77.8,45.7,40.56,MODERATE
STU107479,16.8,28.77,61.31,37.75,43.65,39.16,36.76,MODERATE
STU107480,27.47,41.27,43.05,55.25,79.7,49.9,45.67,MODERATE
STU107481,18.3,21.81,46.46,27.5,29.0,13.55,26.78,LOW
STU107482,15.79,33.4,54.4,40.0,57.6,50.57,39.2,MODERATE
STU107483,52.49,45.56,47.16,59.0,66.05,44.85,51.26,MODERATE
STU107484,17.57,30.62,23.78,25.0,70.58,20.81,28.81,LOW
STU107485,10.33,22.1,43.09,27.75,53.97,18.81,27.65,LOW
STU107486,25.44,37.05,67.25,58.25,76.18,39.26,48.08,MODERATE
STU107487,39.41,32.02,29.01,31.75,61.2,22.97,34.87,MODERATE
STU107488,21.65,17.77,58.4,28.25,54.58,19.31,32.08,MODERATE
STU107489,24.58,43.07,44.79,65.5,82.5,42.65,46.98,MODERATE
STU107490,20.95,24.02,66.11,41.75,54.5,17.58,36.89,MODERATE
STU107491,34.54,34.76,37.74,55.5,73.7,22.79,41.12,MODERATE
STU107492,27.21,32.47,98.8,37.5,65.38,51.19,50.6,MODERATE
STU107493,19.72,26.11,63.62,30.5,58.05,31.54,36.73,MODERATE
STU107494,41.52,59.64,65.05,56.75,100.0,56.31,60.37,HIGH
STU107495,39.8,42.47,55.7,46.25,64.25,39.65,47.04,MODERATE
STU107496,17.25,28.29,43.05,36.25,45.53,23.99,31.52,MODERATE
STU107497,17.28,27.34,59.91,23.75,47.1,26.77,33.22,MODERATE
STU107498,20.76,37.24,52.09,35.5,68.45,45.24,40.57,MODERATE
STU107499,36.23,43.2,46.11,53.25,86.6,35.24,47.44,MODERATE
STU107500,6.71,20.05,57.54,27.0,57.1,23.58,29.98,LOW
STU107501,26.31,34.45,45.31,45.75,65.4,21.05,38.44,MODERATE
STU107502,14.5,18.06,44.39,40.75,54.55,13.79,29.24,LOW
STU107503,16.79,22.69,59.09,13.5,67.35,27.08,32.32,MODERATE
STU107504,22.13,34.01,41.46,47.75,90.25,28.89,40.3,MODERATE
STU107505,4.8,28.74,40.55,21.5,53.35,38.66,28.68,LOW
STU107506,21.65,38.97,59.02,58.25,74.88,54.38,47.54,MODERATE
STU107507,5.98,13.06,42.55,16.25,40.77,6.93,20.18,LOW
STU107508,1.82,15.96,48.51,31.5,47.8,16.68,25.23,LOW
STU107509,0.0,21.06,43.45,9.75,49.9,28.87,23.29,LOW
STU107510,32.24,29.13,44.35,24.0,63.82,21.07,34.69,MODERATE
STU107511,0.0,6.34,61.14,0.75,4.7,16.68,16.06,LOW
STU107512,22.96,29.54,29.44,34.5,62.3,21.61,31.43,MODERATE
STU107513,17.57,28.47,44.31,36.25,78.25,33.7,36.13,MODERATE
STU107514,30.85,27.43,62.78,38.25,71.38,32.13,41.67,MODERATE
STU107515,35.66,48.01,44.22,48.0,56.85,51.91,46.05,MODERATE
STU107516,3.91,8.28,37.58,20.5,25.15,6.63,16.62,LOW
STU107517,36.63,35.54,44.9,37.0,59.35,28.87,39.56,MODERATE
STU107518,0.0,24.71,63.26,34.0,39.92,24.8,30.4,MODERATE
STU107519,20.44,15.24,78.3,9.75,36.2,24.22,31.06,MODERATE
STU107520,10.46,25.09,42.39,33.75,56.42,15.82,29.13,LOW
STU107521,49.73,36.2,63.98,52.75,62.05,43.35,50.24,MODERATE
STU107522,28.13,33.72,72.97,38.5,56.3,37.92,43.85,MODERATE
STU107523,50.29,67.74,66.31,67.25,92.1,62.92,65.84,HIGH
STU107524,17.7,30.35,63.25,54.25,71.72,36.86,42.77,MODERATE
STU107525,13.21,17.95,51.15,31.75,54.52,14.7,29.04,LOW
STU107526,26.78,34.04,34.67,59.5,74.08,29.47,40.08,MODERATE
STU107527,24.54,30.5,48.44,50.75,58.9,39.98,39.72,MODERATE
STU107528,17.97,41.49,59.42,46.75,63.18,41.41,43.32,MODERATE
STU107529,0.0,16.17,47.26,19.75,39.38,16.58,22.05,LOW
STU107530,32.98,25.59,37.3,45.0,56.12,32.06,36.02,MODERATE
STU107531,1.31,19.36,65.86,19.0,52.28,28.87,29.24,LOW
STU107532,46.4,35.66,73.9,33.25,60.05,41.53,48.12,MODERATE
STU107533,30.33,23.52,44.81,16.75,66.0,23.09,32.33,MODERATE
STU107534,32.83,33.24,56.14,51.0,74.63,35.85,44.8,MODERATE
STU107535,0.0,6.14,46.14,2.75,41.82,5.25,15.88,LOW
STU107536,23.69,20.23,44.7,31.75,58.8,12.58,30.64,MODERATE
STU107537,0.0,7.54,43.15,26.0,31.43,9.6,18.52,LOW
STU107538,24.64,30.45,32.4,49.75,86.2,13.83,36.49,MODERATE
STU107539,9.03,15.79,39.96,45.0,61.95,15.5,28.24,LOW
STU107540,36.54,30.64,73.56,33.25,63.25,37.39,44.73,MODERATE
STU107541,17.93,17.57,28.9,36.5,39.78,6.33,23.84,LOW
STU107542,37.6,41.02,17.94,51.5,71.82,25.13,38.78,MODERATE
STU107543,14.07,28.32,42.01,10.75,44.78,33.73,27.76,LOW
STU107544,36.48,41.07,56.38,37.0,81.0,47.1,47.2,MODERATE
STU107545,15.3,21.19,33.2,41.0,63.08,18.98,29.35,LOW
STU107546,32.82,43.23,51.9,65.25,86.68,39.33,50.14,MODERATE
STU107547,21.65,33.9,40.4,27.25,53.85,37.07,34.06,MODERATE
STU107548,7.47,12.46,52.8,32.5,25.9,25.67,25.2,LOW
STU107549,24.53,24.34,51.72,22.0,60.05,20.97,32.74,MODERATE
STU107550,46.77,37.93,51.65,29.0,84.32,43.02,46.25,MODERATE
STU107551,54.0,54.63,51.0,55.25,90.6,43.37,56.34,MODERATE
STU107552,24.64,27.8,47.44,21.0,58.35,18.87,32.24,MODERATE
STU107553,2.23,11.18,55.92,8.5,46.05,4.6,20.76,LOW
STU107554,18.47,53.42,69.21,54.5,78.53,57.09,52.63,MODERATE
STU107555,21.65,17.48,23.29,8.75,40.92,0.0,18.76,LOW
STU107556,22.75,26.94,52.11,46.0,53.52,24.35,36.39,MODERATE
STU107557,37.81,47.57,70.55,50.75,73.45,52.75,53.8,MODERATE
STU107558,47.36,50.08,62.35,66.5,89.48,46.06,57.99,MODERATE
STU107559,4.42,23.22,50.28,21.75,30.15,15.03,24.53,LOW
STU107560,12.7,31.54,50.29,26.0,61.9,25.47,33.12,MODERATE
STU107561,3.74,17.4,49.0,23.25,48.98,11.62,24.45,LOW
STU107562,19.63,39.01,39.1,58.75,71.9,41.84,41.68,MODERATE
STU107563,11.66,26.48,58.28,37.5,72.28,28.87,36.35,MODERATE
STU107564,21.56,23.52,41.36,45.25,54.6,25.81,33.29,MODERATE
STU107565,24.87,35.26,38.26,38.0,61.48,20.22,35.31,MODERATE
STU107566,30.05,30.28,23.81,50.25,73.28,13.35,34.54,MODERATE
STU107567,27.4,41.92,23.85,49.5,74.3,28.87,38.47,MODERATE
STU107568,20.72,32.65,46.66,30.5,70.8,24.58,35.75,MODERATE
STU107569,20.92,32.02,55.06,28.25,45.08,42.41,36.19,MODERATE
STU107570,20.68,28.76,54.55,37.0,61.5,30.14,36.95,MODERATE
STU107571,17.07,25.62,47.5,36.75,40.52,28.87,31.77,MODERATE
STU107572,40.96,39.55,78.32,42.25,80.65,38.39,51.98,MODERATE
STU107573,56.52,46.91,50.74,64.0,92.32,59.75,57.99,MODERATE
STU107574,6.48,21.19,40.11,6.75,43.18,20.43,21.99,LOW
STU107575,32.68,46.89,62.64,50.5,70.25,49.24,50.31,MODERATE
STU107576,27.53,37.32,43.89,41.0,66.45,37.01,40.11,MODERATE
STU107577,22.26,39.73,52.84,49.0,74.05,38.83,43.59,MODERATE
STU107578,36.51,38.02,38.54,43.25,85.58,40.94,43.65,MODERATE
STU107579,45.19,43.34,61.99,37.0,91.93,43.37,51.35,MODERATE
STU107580,40.68,42.23,60.68,47.75,74.88,53.4,50.82,MODERATE
STU107581,6.02,24.71,46.32,18.25,52.55,16.29,26.27,LOW
STU107582,17.2,28.86,32.29,36.75,84.3,16.23,32.68,MODERATE
STU107583,5.31,25.71,68.23,21.0,47.2,40.21,33.03,MODERATE
STU107584,15.29,36.31,21.39,60.5,65.92,24.33,34.51,MODERATE
STU107585,14.56,19.64,40.76,9.25,56.22,13.94,24.38,LOW
STU107586,33.79,30.84,29.15,40.75,81.58,31.07,37.68,MODERATE
STU107587,61.67,50.75,60.44,66.25,100.0,50.4,62.09,HIGH
STU107588,26.98,30.54,55.08,25.75,74.3,28.87,38.23,MODERATE
STU107589,15.39,19.84,54.52,26.75,55.22,13.4,29.82,LOW
STU107590,45.2,42.02,44.01,54.5,73.12,32.98,47.13,MODERATE
STU107591,16.23,14.3,46.08,43.75,33.03,0.0,25.9,LOW
STU107592,32.87,34.9,50.96,32.25,69.32,43.39,41.6,MODERATE
STU107593,6.8,15.27,53.42,31.0,36.85,7.12,24.91,LOW
STU107594,6.8,6.61,58.45,21.0,34.92,12.33,22.58,LOW
STU107595,20.54,32.73,63.92,41.75,73.35,32.24,41.9,MODERATE
STU107596,9.81,30.56,43.99,27.5,44.15,21.92,29.13,LOW
STU107597,37.72,36.07,72.23,43.0,68.08,33.05,47.57,MODERATE
STU107598,0.0,14.09,25.48,11.5,57.4,0.0,16.08,LOW
STU107599,14.12,31.11,51.97,35.5,53.7,31.54,34.84,MODERATE
STU107600,0.0,6.94,32.65,21.75,50.2,0.0,16.55,LOW
STU107601,10.91,17.74,56.64,26.0,59.38,20.63,29.85,LOW
STU107602,35.15,36.38,45.66,36.0,78.25,37.28,42.21,MODERATE
STU107603,28.99,38.18,69.03,50.75,64.7,43.78,47.61,MODERATE
STU107604,32.95,31.07,53.48,37.0,49.65,37.31,39.3,MODERATE
STU107605,50.68,55.3,30.6,62.25,97.17,57.65,54.9,MODERATE
STU107606,27.47,30.92,59.32,39.5,74.57,23.93,40.86,MODERATE
STU107607,25.0,31.72,69.32,26.0,59.82,33.14,39.99,MODERATE
STU107608,12.81,28.02,39.78,37.25,68.5,19.42,31.9,MODERATE
STU107609,0.0,6.11,51.45,16.0,32.58,7.73,18.25,LOW
STU107610,24.83,22.14,73.14,38.25,54.9,38.32,40.19,MODERATE
STU107611,35.91,53.76,34.91,69.75,100.0,45.45,52.61,MODERATE
STU107612,30.83,37.04,49.44,64.0,79.98,32.84,46.2,MODERATE
STU107613,29.31,33.49,63.84,33.0,57.3,42.17,41.9,MODERATE
STU107614,21.65,25.06,42.42,31.75,44.47,33.31,31.62,MODERATE
STU107615,1.58,10.37,48.79,17.25,53.25,19.76,22.56,LOW
STU107616,17.17,21.28,54.3,26.0,49.97,30.55,31.57,MODERATE
STU107617,19.16,19.04,48.31,33.75,31.62,28.87,29.37,LOW
STU107618,33.2,28.99,57.01,38.0,53.62,28.78,39.23,MODERATE
STU107619,13.16,20.92,43.2,22.25,49.45,5.99,25.38,LOW
STU107620,39.67,41.61,26.91,44.5,76.82,31.01,41.18,MODERATE
STU107621,0.54,19.59,68.4,22.5,42.22,21.66,28.45,LOW
STU107622,45.0,31.01,34.21,37.5,60.72,34.83,38.77,MODERATE
STU107623,38.49,46.37,44.35,44.0,67.0,27.76,44.24,MODERATE
STU107624,10.65,17.79,40.79,25.0,39.45,18.21,24.25,LOW
STU107625,12.93,8.48,34.49,15.75,58.82,4.54,20.3,LOW
STU107626,28.73,41.67,66.04,57.75,88.52,46.03,51.49,MODERATE
STU107627,5.98,15.52,79.0,8.75,45.85,27.32,29.51,LOW
STU107628,42.49,47.63,51.56,60.75,100.0,49.79,54.81,MODERATE
STU107629,31.06,38.36,32.54,51.75,64.05,32.29,39.71,MODERATE
STU107630,21.65,25.63,38.98,50.5,83.4,16.25,36.07,MODERATE
STU107631,31.25,40.6,53.5,23.75,71.8,39.75,41.82,MODERATE
STU107632,42.04,31.93,39.61,67.5,83.4,31.31,45.91,MODERATE
STU107633,19.08,19.37,40.79,22.75,80.32,24.02,30.66,MODERATE
STU107634,33.6,43.15,57.24,40.5,55.68,44.86,45.08,MODERATE
STU107635,30.53,31.2,62.48,58.75,75.1,40.44,46.77,MODERATE
STU107636,16.87,28.66,38.76,16.25,34.48,26.95,26.87,LOW
STU107637,33.49,42.74,54.91,41.25,54.95,47.26,44.77,MODERATE
STU107638,21.65,28.46,39.78,59.5,64.12,7.25,35.46,MODERATE
STU107639,9.64,46.75,51.65,49.25,98.38,45.09,45.68,MODERATE
STU107640,30.98,49.41,62.94,48.0,84.82,45.43,51.36,MODERATE
STU107641,2.08,16.12,47.81,13.0,22.47,17.55,19.96,LOW
STU107642,0.0,15.14,42.98,19.75,31.52,9.26,19.42,LOW
STU107643,8.61,14.27,32.02,47.25,48.62,12.54,24.9,LOW
STU107644,13.81,23.26,62.41,20.5,65.18,34.71,34.12,MODERATE
STU107645,25.88,45.72,45.06,41.25,61.02,47.66,42.67,MODERATE
STU107646,18.54,28.59,42.37,60.5,62.17,30.93,37.71,MODERATE
STU107647,8.84,22.86,49.54,21.25,43.1,26.3,27.52,LOW
STU107648,59.84,57.86,60.22,62.0,82.52,58.99,61.93,HIGH
STU107649,38.1,28.46,64.45,45.0,54.42,40.0,43.82,MODERATE
STU107650,9.5,26.65,53.91,35.5,46.02,28.62,32.13,MODERATE
STU107651,44.67,41.24,69.27,57.0,99.4,53.98,56.99,MODERATE
STU107652,21.65,25.1,58.51,35.0,68.42,34.3,37.83,MODERATE
STU107653,6.77,18.3,72.46,29.75,64.55,28.35,34.17,MODERATE
STU107654,41.22,38.29,53.4,48.75,84.78,33.74,47.66,MODERATE
STU107655,11.27,29.25,21.86,55.25,42.45,9.59,27.43,LOW
STU107656,27.34,30.35,54.05,43.0,62.4,26.81,39.24,MODERATE
STU107657,16.8,29.07,45.2,28.0,51.38,22.53,31.26,MODERATE
STU107658,13.38,13.79,73.81,27.75,45.58,12.89,30.9,MODERATE
STU107659,23.86,28.05,56.0,36.0,75.4,26.52,38.58,MODERATE
STU107660,28.8,34.91,42.4,24.25,66.7,26.08,35.88,MODERATE
STU107661,31.69,25.76,37.55,22.25,65.08,19.78,32.11,MODERATE
STU107662,41.98,37.77,37.18,55.5,88.1,36.3,46.04,MODERATE
STU107663,5.25,25.15,52.52,38.5,55.72,20.44,31.23,MODERATE
STU107664,43.5,36.44,34.65,40.75,80.08,31.25,41.99,MODERATE
STU107665,19.03,22.33,58.78,13.5,70.72,25.31,32.77,MODERATE
STU107666,20.25,22.3,61.36,37.0,41.72,28.87,34.51,MODERATE
STU107667,19.9,21.14,64.4,38.25,37.25,28.74,34.48,MODERATE
STU107668,0.0,5.43,48.4,13.75,33.2,4.81,16.9,LOW
STU107669,30.85,38.6,51.2,51.5,69.55,36.14,44.35,MODERATE
STU107670,30.18,40.64,45.25,61.5,81.98,46.35,47.3,MODERATE
STU107671,33.04,41.64,43.53,49.0,78.28,45.38,45.44,MODERATE
STU107672,45.03,40.14,44.19,54.0,73.15,25.95,45.89,MODERATE
STU107673,40.76,51.38,59.44,43.0,94.7,54.14,54.22,MODERATE
STU107674,21.65,22.38,62.24,36.0,28.02,13.95,31.97,MODERATE
STU107675,22.9,41.67,58.34,56.0,71.55,36.94,45.91,MODERATE
STU107676,35.12,35.54,47.55,49.5,74.38,31.7,43.45,MODERATE
STU107677,24.9,34.4,75.74,44.5,30.1,38.91,42.3,MODERATE
STU107678,46.92,41.67,58.19,49.0,52.72,37.14,47.78,MODERATE
STU107679,9.45,28.84,43.61,23.5,54.6,28.7,29.68,LOW
STU107680,37.08,23.85,64.91,47.25,74.4,19.8,42.87,MODERATE
STU107681,21.65,24.28,30.96,54.25,79.77,23.84,35.09,MODERATE
STU107682,9.2,15.68,57.09,27.25,49.2,19.46,28.13,LOW
STU107683,6.87,19.27,38.35,25.5,61.05,2.24,24.02,LOW
STU107684,44.01,43.91,39.31,68.5,97.72,41.29,51.82,MODERATE
STU107685,18.76,30.51,45.89,35.5,55.78,28.28,34.29,MODERATE
STU107686,25.17,38.57,49.47,57.75,62.13,35.33,42.98,MODERATE
STU107687,38.33,29.52,16.45,52.75,50.4,32.21,34.51,MODERATE
STU107688,0.0,19.24,68.18,7.25,33.5,23.16,25.2,LOW
STU107689,15.99,31.65,52.42,36.5,53.1,25.29,34.91,MODERATE
STU107690,25.69,33.0,45.39,25.5,88.9,32.87,38.47,MODERATE
STU107691,8.35,29.77,63.73,37.0,50.5,30.31,35.49,MODERATE
STU107692,7.38,29.5,41.54,18.0,62.0,21.29,28.19,LOW
STU107693,43.81,29.05,52.35,39.25,69.22,27.57,42.06,MODERATE
STU107694,20.46,35.97,59.39,44.25,71.0,34.35,42.14,MODERATE
STU107695,19.38,19.18,68.19,40.75,55.68,32.62,37.25,MODERATE
STU107696,33.82,49.24,48.18,57.25,100.0,43.95,51.69,MODERATE
STU107697,7.75,16.93,54.5,29.75,57.1,21.13,28.97,LOW
STU107698,62.4,45.67,59.23,62.5,98.5,45.81,59.55,LOW
STU107699,20.11,29.32,50.25,39.25,73.62,32.28,37.88,MODERATE
STU107700,42.96,45.82,40.64,70.25,71.7,42.21,50.1,MODERATE
STU107701,38.35,49.27,57.36,58.25,82.75,52.49,53.72,MODERATE
STU107702,9.81,25.78,60.99,30.25,51.45,28.06,33.09,MODERATE
STU107703,3.16,15.63,60.25,26.75,38.72,19.05,26.38,LOW
STU107704,15.55,21.1,51.56,29.75,41.15,19.7,29.24,LOW
STU107705,30.48,50.95,58.69,61.75,58.82,52.27,50.94,MODERATE
STU107706,46.77,53.28,67.5,49.5,65.62,58.31,55.99,MODERATE
STU107707,15.56,29.13,46.6,37.25,82.28,23.49,35.88,MODERATE
STU107708,7.24,30.02,35.38,28.5,41.7,25.67,27.04,LOW
STU107709,25.61,43.33,43.82,57.25,65.92,34.16,43.31,MODERATE
STU107710,27.47,28.03,69.75,52.0,50.45,32.43,42.54,MODERATE
STU107711,37.23,39.22,44.05,33.75,81.95,34.29,42.75,MODERATE
STU107712,6.5,12.45,45.9,22.75,62.4,21.62,25.41,LOW
STU107713,37.48,28.67,48.95,61.75,74.05,33.88,44.51,MODERATE
STU107714,27.11,25.67,46.04,34.0,58.4,10.01,32.99,MODERATE
STU107715,28.69,34.61,44.52,42.75,74.42,26.18,39.77,MODERATE
STU107716,17.74,20.38,45.34,21.5,63.1,4.52,27.7,LOW
STU107717,19.0,39.64,35.28,50.25,65.92,32.25,38.12,MODERATE
STU107718,21.65,15.97,61.65,18.0,44.92,25.24,30.37,MODERATE
STU107719,28.34,36.44,26.34,54.25,97.7,20.48,40.0,MODERATE
STU107720,17.9,8.2,55.25,25.0,34.83,4.64,24.38,LOW
STU107721,50.76,46.72,79.62,49.0,100.0,58.39,60.94,HIGH
STU107722,31.56,35.02,44.47,58.25,74.2,31.68,43.29,MODERATE
STU107723,11.38,16.26,27.49,28.75,58.88,0.0,22.04,LOW
STU107724,6.25,19.84,58.39,36.0,37.05,15.92,28.58,LOW
STU107725,12.24,27.02,66.47,47.0,61.6,41.26,39.83,MODERATE
STU107726,36.44,40.5,73.35,54.75,77.25,46.06,52.63,MODERATE
STU107727,9.16,38.27,42.04,51.75,69.73,43.36,38.88,MODERATE
STU107728,6.0,20.83,41.06,12.25,32.22,1.83,19.86,LOW
STU107729,15.85,25.29,28.75,32.25,46.73,19.46,26.7,LOW
STU107730,16.8,20.65,59.31,28.25,62.4,22.64,33.13,MODERATE
STU107731,27.55,37.24,76.4,40.0,64.7,35.35,46.1,MODERATE
STU107732,29.65,31.75,69.73,50.25,56.05,25.85,43.54,MODERATE
STU107733,5.99,14.83,69.75,20.0,59.2,22.23,30.0,MODERATE
STU107734,14.32,28.21,51.62,23.75,63.62,24.7,32.64,MODERATE
STU107735,13.71,29.18,46.16,50.25,84.25,25.28,37.76,MODERATE
STU107736,44.7,47.71,49.94,41.0,62.75,41.86,47.47,MODERATE
STU107737,5.84,22.94,50.18,31.5,60.6,31.45,30.87,MODERATE
STU107738,14.28,25.46,40.12,38.5,38.28,16.65,28.51,LOW
STU107739,25.8,37.07,30.61,41.0,64.88,25.8,35.77,MODERATE
STU107740,14.76,12.18,30.74,17.75,42.32,0.0,19.04,LOW
STU107741,27.38,25.24,53.0,35.0,54.25,28.87,35.95,MODERATE
STU107742,14.53,25.0,63.34,37.25,71.88,28.87,37.49,MODERATE
STU107743,4.41,13.54,34.81,16.25,29.18,8.21,17.41,LOW
STU107744,18.92,20.28,45.8,34.5,57.0,12.64,30.15,MODERATE
STU107745,13.6,26.12,59.61,34.5,45.42,24.41,33.33,MODERATE
STU107746,14.67,33.69,62.78,25.0,72.12,39.11,38.79,MODERATE
STU107747,1.09,8.91,47.02,24.5,50.65,11.44,21.73,LOW
STU107748,42.32,38.95,49.6,50.75,48.72,46.58,45.26,MODERATE
STU107749,23.56,28.48,43.16,19.25,58.85,35.11,32.75,MODERATE
STU107750,28.42,26.38,45.89,34.0,57.98,23.11,34.67,MODERATE
STU107751,20.11,29.46,54.62,24.0,93.52,32.19,38.48,MODERATE
STU107752,7.49,18.19,54.82,33.75,44.88,34.19,29.98,LOW
STU107753,25.87,36.54,42.04,38.5,59.63,31.02,37.56,MODERATE
STU107754,21.65,20.09,56.8,32.5,51.7,15.53,32.31,MODERATE
STU107755,13.38,34.66,48.74,14.25,59.75,20.53,31.25,MODERATE
STU107756,35.78,37.88,53.34,38.5,74.75,44.53,45.0,MODERATE
STU107757,21.65,15.52,65.74,22.0,32.75,21.34,30.07,MODERATE
STU107758,5.95,17.95,70.34,26.0,68.0,18.0,32.25,MODERATE
STU107759,20.28,35.2,56.1,42.5,71.97,25.22,40.17,MODERATE
STU107760,14.03,17.63,34.88,17.5,28.0,13.69,20.98,LOW
STU107761,32.91,31.18,60.05,55.5,93.5,29.79,47.04,MODERATE
STU107762,16.56,30.89,45.11,26.0,64.28,30.72,33.46,MODERATE
STU107763,28.75,33.61,52.79,54.5,82.72,29.91,44.15,MODERATE
STU107764,18.58,17.73,57.96,26.25,47.47,19.38,30.36,MODERATE
STU107765,33.67,37.07,60.13,50.75,69.27,43.87,46.95,MODERATE
STU107766,21.65,26.16,74.26,27.75,62.93,37.25,39.9,MODERATE
STU107767,24.15,27.4,40.77,21.5,53.27,30.74,31.46,MODERATE
STU107768,3.54,35.59,53.24,57.25,67.3,28.87,38.46,MODERATE
STU107769,15.66,10.93,41.74,16.0,42.68,0.0,20.88,LOW
STU107770,38.79,38.12,48.96,59.5,78.88,37.83,47.68,MODERATE
STU107771,34.14,46.92,45.1,57.5,91.72,51.01,50.48,MODERATE
STU107772,17.18,20.34,61.9,39.5,78.18,22.23,36.87,MODERATE
STU107773,50.61,47.72,30.12,63.0,83.15,28.87,48.73,MODERATE
STU107774,0.94,11.28,56.58,22.5,25.18,17.53,21.97,LOW
STU107775,12.52,28.45,61.69,29.75,82.85,33.25,38.03,MODERATE
STU107776,41.31,39.74,72.42,44.5,68.8,47.17,50.95,MODERATE
STU107777,26.01,44.83,39.39,49.25,71.7,36.72,42.52,MODERATE
STU107778,55.19,48.92,49.69,50.0,100.0,47.61,55.47,MODERATE
STU107779,22.25,17.71,62.32,20.5,59.38,29.41,33.3,MODERATE
STU107780,33.96,42.22,63.05,62.25,91.22,49.53,53.37,MODERATE
STU107781,0.19,20.4,60.16,18.75,43.42,20.63,26.39,LOW
STU107782,33.38,36.05,55.19,41.75,78.55,35.83,44.43,MODERATE
STU107783,36.84,36.56,39.95,52.0,43.1,28.73,39.48,MODERATE
STU107784,13.16,24.76,37.98,28.5,40.37,9.53,25.68,LOW
STU107785,14.09,26.83,76.72,30.25,68.45,32.79,39.53,MODERATE
STU107786,14.0,18.99,34.85,35.5,24.82,19.42,24.27,LOW
STU107787,39.34,42.11,58.58,55.0,62.87,49.97,49.65,MODERATE
STU107788,26.47,33.45,48.61,23.5,64.82,31.56,36.54,MODERATE
STU107789,25.45,29.71,31.48,43.0,63.58,18.42,33.46,MODERATE
STU107790,22.71,29.45,47.68,22.5,48.5,21.95,31.86,MODERATE
STU107791,21.97,36.7,58.46,50.75,83.65,42.95,45.53,MODERATE
STU107792,28.18,32.22,52.36,49.75,58.42,29.16,40.38,MODERATE
STU107793,22.22,37.7,52.14,57.5,74.2,43.44,44.69,MODERATE
STU107794,16.25,27.63,68.86,25.25,47.92,36.07,36.12,MODERATE
STU107795,21.65,25.65,43.51,33.75,64.15,23.13,33.24,MODERATE
STU107796,9.26,19.21,45.3,34.75,67.5,26.62,30.34,MODERATE
STU107797,33.02,27.95,73.79,45.75,56.22,32.18,44.05,MODERATE
STU107798,33.39,46.16,18.42,35.0,75.92,35.47,38.29,MODERATE
STU107799,23.02,20.32,71.52,36.75,57.7,29.37,38.21,MODERATE
STU107800,29.95,27.74,63.25,50.5,71.15,26.59,42.92,MODERATE
STU107801,10.12,17.34,77.05,35.75,35.6,36.11,34.3,MODERATE
STU107802,31.95,38.49,63.05,44.75,72.23,39.27,46.48,MODERATE
STU107803,27.19,26.28,62.54,30.25,70.02,25.03,38.56,MODERATE
STU107804,18.73,31.63,56.8,47.25,38.62,37.11,37.67,MODERATE
STU107805,15.08,11.4,46.36,16.75,38.43,19.6,23.45,LOW
STU107806,9.36,24.28,48.8,37.0,63.6,17.29,31.34,MODERATE
STU107807,22.91,30.13,52.49,37.25,56.88,35.83,37.47,MODERATE
STU107808,39.66,36.38,45.25,37.0,77.18,28.88,42.23,MODERATE
STU107809,21.89,22.57,61.88,15.75,53.8,33.02,33.44,MODERATE
STU107810,22.74,30.06,33.05,33.0,34.38,13.03,28.36,LOW
STU107811,38.02,47.86,52.18,61.25,97.72,38.57,52.82,MODERATE
STU107812,30.49,34.27,40.58,40.25,83.4,24.87,39.65,MODERATE
STU107813,20.61,27.63,61.05,32.0,44.3,30.43,35.51,MODERATE
STU107814,40.86,42.05,45.1,51.75,79.53,37.44,47.16,MODERATE
STU107815,25.49,29.88,33.0,43.5,60.28,5.93,32.31,MODERATE
STU107816,11.05,32.43,36.28,43.25,55.6,39.37,33.56,MODERATE
STU107817,5.63,37.68,61.15,16.0,85.2,34.59,37.16,MODERATE
STU107818,8.88,25.06,53.36,24.5,29.72,19.25,27.29,LOW
STU107819,34.28,46.23,40.3,44.5,89.2,40.9,46.16,MODERATE
STU107820,0.0,2.26,46.62,19.75,8.25,1.83,13.86,LOW
STU107821,36.16,32.32,21.29,23.0,72.95,25.1,32.83,MODERATE
STU107822,24.24,25.64,56.35,33.5,62.4,28.87,36.68,MODERATE
STU107823,38.99,33.68,29.94,35.5,38.75,20.84,33.49,MODERATE
STU107824,39.12,46.09,44.71,75.0,94.5,39.81,52.97,MODERATE
STU107825,19.12,35.29,48.98,41.0,80.73,39.0,40.57,MODERATE
STU107826,19.76,41.87,59.55,32.5,74.3,39.93,42.63,MODERATE
STU107827,9.72,13.02,59.76,35.5,28.6,16.1,26.95,LOW
STU107828,39.38,46.37,44.39,44.5,81.02,45.7,47.69,MODERATE
STU107829,35.09,41.61,50.96,60.0,68.68,38.18,47.3,MODERATE
STU107830,11.54,29.82,41.18,30.0,61.82,27.03,31.38,MODERATE
STU107831,14.6,25.29,67.05,34.0,49.5,31.95,35.9,MODERATE
STU107832,16.19,16.32,57.18,20.25,49.15,24.07,29.11,LOW
STU107833,42.63,41.06,61.66,47.5,84.72,29.61,49.68,MODERATE
STU107834,36.37,44.88,54.08,49.25,64.32,39.06,47.04,MODERATE
STU107835,16.73,23.96,46.31,20.0,56.95,25.23,29.82,LOW
STU107836,1.63,20.47,40.77,22.25,28.12,16.37,21.38,LOW
STU107837,18.15,21.48,51.81,42.0,83.45,16.72,35.68,MODERATE
STU107838,48.82,46.18,52.16,61.5,71.12,48.65,52.94,MODERATE
STU107839,29.52,33.72,42.85,45.5,55.62,27.52,38.04,MODERATE
STU107840,20.8,19.3,46.18,15.75,53.27,14.0,27.31,LOW
STU107841,29.03,33.12,62.94,33.75,52.55,41.24,41.12,MODERATE
STU107842,14.05,20.08,59.45,29.0,50.22,16.24,30.72,MODERATE
STU107843,16.72,22.94,8.57,11.75,42.72,9.55,17.78,LOW
STU107844,28.58,20.43,61.66,31.75,78.75,33.88,39.18,MODERATE
STU107845,38.85,46.69,53.5,54.75,89.95,47.58,52.11,MODERATE
STU107846,27.29,38.23,70.44,41.75,82.8,48.68,48.51,MODERATE
STU107847,26.11,33.85,55.91,37.0,71.58,38.2,41.39,MODERATE
STU107848,46.38,38.8,56.3,64.25,56.45,24.14,47.93,MODERATE
STU107849,4.12,33.39,58.81,25.5,37.93,28.87,31.44,MODERATE
STU107850,22.73,20.94,56.55,54.5,75.35,41.66,40.97,MODERATE
STU107851,28.13,47.28,70.35,49.5,72.05,46.2,50.77,MODERATE
STU107852,6.35,18.27,63.54,26.5,32.95,15.75,27.39,LOW
STU107853,23.66,22.1,74.21,30.0,58.2,33.21,38.74,MODERATE
STU107854,1.36,30.16,39.11,31.75,40.15,27.77,27.19,LOW
STU107855,8.52,22.03,41.84,37.0,56.53,14.66,28.25,LOW
STU107856,33.03,39.18,40.86,47.0,80.42,25.89,42.25,MODERATE
STU107857,10.02,16.65,62.26,19.25,49.97,11.5,27.65,LOW
STU107858,15.45,28.3,34.2,35.75,55.7,21.75,30.11,MODERATE
STU107859,8.14,16.15,35.84,2.25,41.02,13.82,18.66,LOW
STU107860,35.76,35.17,62.21,43.5,84.85,43.88,47.78,MODERATE
STU107861,9.52,23.48,68.36,31.0,49.28,27.76,33.8,MODERATE
STU107862,38.89,36.67,69.11,53.75,76.05,50.74,51.51,MODERATE
STU107863,0.0,1.04,52.61,0.5,34.88,4.18,14.76,LOW
STU107864,21.65,39.18,47.8,38.5,68.42,26.83,38.98,MODERATE
STU107865,1.26,16.33,42.78,30.5,31.72,26.43,23.28,LOW
STU107866,24.47,36.1,29.7,22.5,55.78,4.94,29.31,LOW
STU107867,17.8,27.08,40.37,27.0,15.37,23.05,26.3,LOW
STU107868,26.9,26.74,57.1,37.0,57.98,38.46,38.68,MODERATE
STU107869,38.03,39.83,61.34,62.0,57.68,45.03,49.4,MODERATE
STU107870,41.25,59.34,81.38,62.75,100.0,58.11,64.58,HIGH
STU107871,0.0,7.26,31.85,10.0,28.38,0.0,12.52,LOW
STU107872,15.14,33.54,62.3,43.0,59.92,28.87,39.2,MODERATE
STU107873,55.72,54.01,100.0,77.0,62.4,70.29,69.47,HIGH
STU107874,25.45,25.02,23.54,21.5,59.5,10.16,26.24,LOW
STU107875,12.9,22.56,69.61,24.75,65.7,27.54,35.18,MODERATE
STU107876,39.19,36.2,68.68,54.25,85.48,43.82,51.69,MODERATE
STU107877,20.94,40.18,52.09,51.0,58.95,31.83,41.38,MODERATE
STU107878,28.23,32.69,32.99,25.5,52.37,20.25,31.5,MODERATE
STU107879,12.14,8.96,43.99,24.5,22.22,7.89,20.15,LOW
STU107880,14.3,40.79,60.74,31.25,65.9,43.66,40.85,MODERATE
STU107881,10.03,14.03,29.62,12.25,46.62,0.0,17.94,LOW
STU107882,10.18,27.82,58.5,53.25,59.9,26.96,37.36,MODERATE
STU107883,45.85,26.45,33.62,29.25,52.72,25.81,34.75,MODERATE
STU107884,43.43,42.13,56.46,64.5,97.2,28.87,52.79,MODERATE
STU107885,19.97,22.16,63.29,43.5,66.27,25.85,37.93,MODERATE
STU107886,20.69,29.6,36.3,17.5,50.68,25.59,29.05,LOW
STU107887,16.81,30.94,32.71,24.0,81.15,18.06,31.16,MODERATE
STU107888,14.52,31.45,34.75,25.25,43.28,22.14,28.05,LOW
STU107889,2.94,26.62,36.28,20.25,36.92,7.34,21.96,LOW
STU107890,21.51,19.35,57.29,22.25,51.08,33.72,32.42,MODERATE
STU107891,27.24,29.69,51.55,28.5,67.73,15.77,35.81,MODERATE
STU107892,27.52,24.12,72.65,17.25,55.1,39.41,38.1,MODERATE
STU107893,0.0,4.77,48.1,8.5,11.48,0.0,13.24,LOW
STU107894,43.25,46.09,46.35,62.5,84.18,48.79,52.11,MODERATE
STU107895,8.47,16.64,37.41,33.75,55.45,20.02,25.95,LOW
STU107896,5.01,9.15,65.59,13.5,43.6,14.28,24.22,LOW
STU107897,39.48,46.45,52.02,52.75,100.0,49.35,52.76,MODERATE
STU107898,15.39,16.34,48.46,33.75,33.78,22.48,27.54,LOW
STU107899,8.17,10.17,43.01,19.5,45.53,9.97,21.25,LOW
STU107900,23.81,43.07,57.1,69.75,95.6,40.29,51.0,MODERATE
STU107901,41.43,16.28,53.08,27.75,25.43,10.39,30.72,MODERATE
STU107902,25.64,33.6,27.31,39.5,61.08,26.6,33.68,MODERATE
STU107903,13.33,36.0,56.34,37.0,65.98,25.96,37.68,MODERATE
STU107904,30.02,26.83,52.54,34.0,54.65,28.87,36.67,MODERATE
STU107905,2.03,17.8,48.92,14.75,38.2,10.9,21.76,LOW
STU107906,13.93,30.03,62.81,19.5,59.82,38.58,35.62,MODERATE
STU107907,29.77,40.12,51.94,47.75,77.05,44.65,45.7,MODERATE
STU107908,32.58,28.88,53.05,40.75,60.5,16.64,38.17,MODERATE
STU107909,18.61,39.01,34.7,40.0,55.85,32.88,35.29,MODERATE
STU107910,30.99,45.42,46.56,49.5,86.22,39.29,46.84,MODERATE
STU107911,28.16,37.18,40.65,54.5,93.28,39.05,44.46,MODERATE
STU107912,15.7,34.58,63.02,46.5,48.85,41.51,40.4,MODERATE
STU107913,9.46,21.95,50.25,32.5,48.58,6.74,27.84,LOW
STU107914,7.98,22.43,48.42,36.25,33.92,27.52,28.47,LOW
STU107915,16.66,31.22,53.05,37.5,58.3,35.14,36.72,MODERATE
STU107916,23.51,31.76,44.25,37.0,57.58,36.36,36.44,MODERATE
STU107917,37.83,39.67,61.06,52.75,85.82,43.45,50.54,MODERATE
STU107918,8.96,29.38,50.55,24.0,60.42,30.89,31.98,MODERATE
STU107919,31.66,37.24,43.99,48.5,77.35,23.95,41.85,MODERATE
STU107920,24.06,21.64,59.02,31.0,49.3,19.47,33.55,MODERATE
STU107921,12.71,26.48,66.97,39.25,59.15,26.42,37.0,MODERATE
STU107922,24.22,26.13,45.24,35.0,51.8,20.84,32.94,MODERATE
STU107923,11.79,28.0,69.85,30.0,53.05,34.15,36.55,MODERATE
STU107924,22.52,24.34,56.81,42.0,68.05,25.19,37.57,MODERATE
STU107925,21.02,36.16,61.88,55.25,64.25,39.13,44.25,MODERATE
STU107926,24.45,31.32,54.12,48.5,50.98,38.14,39.73,MODERATE
STU107927,13.12,14.98,66.06,42.5,37.53,11.22,30.83,MODERATE
STU107928,25.23,37.45,60.11,39.5,90.4,46.05,46.0,MODERATE
STU107929,36.01,39.7,51.15,37.0,81.32,33.1,44.35,MODERATE
STU107930,0.0,20.54,44.14,15.25,43.18,17.16,22.28,LOW
STU107931,32.63,39.13,46.14,44.0,61.1,42.5,42.5,MODERATE
STU107932,22.68,22.56,49.78,23.0,68.82,12.52,31.72,MODERATE
STU107933,17.67,18.7,69.64,12.25,68.15,16.48,32.44,MODERATE
STU107934,20.45,30.16,64.35,29.25,52.0,43.81,38.47,MODERATE
STU107935,60.81,50.94,35.32,74.0,99.9,45.44,57.6,MODERATE
STU107936,20.38,28.42,45.98,13.5,64.45,19.38,30.78,MODERATE
STU107937,14.18,19.57,55.25,31.25,45.85,26.64,30.72,MODERATE
STU107938,19.61,23.37,44.2,44.25,68.35,21.44,34.22,MODERATE
STU107939,41.06,49.77,40.19,47.75,92.22,43.05,49.38,MODERATE
STU107940,0.0,10.0,54.22,5.75,34.4,23.38,19.98,LOW
STU107941,43.85,41.62,48.9,70.5,75.72,35.2,50.62,MODERATE
STU107942,36.14,46.42,49.88,62.75,81.25,43.19,50.67,MODERATE
STU107943,14.59,15.6,72.86,23.0,50.32,22.23,32.1,MODERATE
STU107944,21.65,24.72,32.67,39.5,61.4,13.78,30.49,MODERATE
STU107945,33.09,30.6,65.1,42.75,64.47,34.86,43.63,MODERATE
STU107946,37.56,45.68,57.91,27.5,85.18,44.6,47.62,MODERATE
STU107947,17.56,13.99,48.5,2.0,29.62,8.67,20.84,LOW
STU107948,29.67,34.03,47.49,36.75,63.6,28.22,38.63,MODERATE
STU107949,46.57,43.64,71.04,58.5,100.0,48.87,58.09,MODERATE
STU107950,15.49,19.04,52.82,37.0,63.82,28.48,33.2,MODERATE
STU107951,13.25,29.61,48.71,39.75,46.25,29.91,33.37,MODERATE
STU107952,0.0,23.77,58.28,43.0,46.32,22.55,30.94,MODERATE
STU107953,8.52,30.08,52.12,54.5,54.15,25.04,35.74,MODERATE
STU107954,0.0,12.82,49.94,8.25,26.65,18.72,18.97,LOW
STU107955,24.04,36.56,71.29,33.75,61.05,38.2,43.19,MODERATE
STU107956,22.34,35.0,42.99,37.25,43.12,24.93,34.21,MODERATE
STU107957,18.23,20.03,66.91,21.5,46.15,22.29,32.1,MODERATE
STU107958,15.05,37.09,43.69,33.25,63.22,33.63,35.69,MODERATE
STU107959,0.0,26.91,46.1,37.0,57.6,29.19,30.18,MODERATE
STU107960,69.13,64.36,61.99,72.75,100.0,67.54,69.98,HIGH
STU107961,11.35,29.95,70.38,36.0,57.65,32.05,38.2,MODERATE
STU107962,27.96,40.82,49.0,39.0,57.1,30.3,40.19,MODERATE
STU107963,25.77,30.18,47.13,41.5,50.85,37.89,37.22,MODERATE
STU107964,30.26,37.6,64.99,62.25,54.25,36.15,46.83,MODERATE
STU107965,0.0,15.8,62.74,16.0,63.4,18.03,27.04,LOW
STU107966,25.8,35.16,70.23,47.25,77.75,43.45,47.2,MODERATE
STU107967,16.3,23.97,35.93,38.75,51.15,15.83,28.95,LOW
STU107968,15.62,31.04,55.1,42.75,63.05,36.7,38.29,MODERATE
STU107969,7.91,24.06,70.51,43.0,36.95,31.71,35.02,MODERATE
STU107970,0.74,19.41,38.03,20.25,43.45,19.97,21.99,LOW
STU107971,11.52,38.3,56.44,30.5,34.55,38.87,35.08,MODERATE
STU107972,16.69,22.87,66.4,33.25,49.18,36.1,35.85,MODERATE
STU107973,34.14,29.16,74.92,26.5,39.97,17.95,38.87,MODERATE
STU107974,13.47,33.74,41.97,47.0,100.0,25.97,39.17,MODERATE
STU107975,32.0,36.03,55.41,52.75,58.55,38.35,44.09,MODERATE
STU107976,29.67,37.34,36.57,29.0,66.45,26.14,36.19,MODERATE
STU107977,17.83,26.76,35.96,28.75,80.15,29.12,32.69,MODERATE
STU107978,24.75,32.54,62.79,28.5,61.1,37.07,39.74,MODERATE
STU107979,37.34,35.35,72.26,39.75,89.88,39.54,49.66,MODERATE
STU107980,20.95,38.65,51.45,48.5,72.32,28.87,41.54,MODERATE
STU107981,36.52,39.92,57.44,61.25,81.58,35.65,49.68,MODERATE
STU107982,19.26,34.17,73.41,30.75,66.8,52.17,43.59,MODERATE
STU107983,17.53,29.39,46.62,21.5,58.03,31.46,32.35,MODERATE
STU107984,3.63,13.48,29.1,14.25,33.4,0.0,15.39,LOW
STU107985,9.17,20.0,58.9,26.25,12.85,35.15,27.35,LOW
STU107986,25.46,36.36,63.96,35.75,74.78,44.56,44.27,MODERATE
STU107987,23.75,31.28,41.49,37.0,58.08,29.79,35.2,MODERATE
STU107988,23.7,20.8,68.1,32.0,53.95,25.43,36.3,MODERATE
STU107989,17.33,35.18,29.58,44.0,66.27,24.65,33.87,MODERATE
STU107990,24.15,25.31,58.32,37.25,62.4,29.55,37.6,MODERATE
STU107991,30.29,25.91,41.09,50.25,59.15,18.38,36.04,MODERATE
STU107992,3.49,8.58,44.96,17.25,18.28,13.12,17.56,LOW
STU107993,18.0,32.85,55.85,48.25,49.3,23.53,37.5,MODERATE
STU107994,13.22,23.54,52.72,27.5,48.78,26.74,30.75,MODERATE
STU107995,50.46,57.43,45.14,67.75,100.0,47.86,58.43,MODERATE
STU107996,21.45,24.06,47.89,19.5,46.85,26.42,30.14,MODERATE
STU107997,5.86,20.04,43.01,30.0,22.4,24.73,24.0,LOW
STU107998,36.33,40.23,67.39,52.5,81.08,51.65,51.95,MODERATE
STU107999,35.44,39.63,58.25,38.5,85.1,36.74,46.6,MODERATE
STU108000,21.39,25.52,63.92,24.25,28.1,30.61,32.95,MODERATE
STU108001,16.2,24.14,54.46,50.0,74.92,25.79,37.74,MODERATE
STU108002,6.46,31.7,49.4,29.0,75.15,28.87,33.85,MODERATE
STU108003,33.91,34.04,51.6,48.25,62.83,22.75,41.41,MODERATE
STU108004,7.09,8.8,46.52,6.25,29.45,2.56,17.06,LOW
STU108005,24.48,39.47,51.9,29.5,66.82,25.91,38.84,MODERATE
STU108006,0.0,4.49,47.16,26.75,11.15,0.0,15.68,LOW
STU108007,2.67,16.22,42.41,27.75,45.9,26.37,24.46,LOW
STU108008,15.4,19.24,58.58,24.75,51.85,18.01,30.3,MODERATE
STU108009,29.87,44.9,46.61,50.5,85.28,46.18,47.24,MODERATE
STU108010,22.07,25.04,50.28,18.0,47.15,21.08,30.25,MODERATE
STU108011,10.36,26.48,35.49,29.25,46.68,23.14,27.16,LOW
STU108012,64.23,58.9,70.23,68.75,82.95,73.26,67.55,HIGH
STU108013,31.45,43.21,59.52,64.0,94.8,52.75,53.35,MODERATE
STU108014,17.98,27.07,58.45,43.5,72.72,29.95,38.85,MODERATE
STU108015,20.07,34.6,80.5,45.75,53.42,55.4,46.51,MODERATE
STU108016,26.3,32.6,46.52,49.0,76.85,22.54,40.0,MODERATE
STU108017,22.7,16.65,53.49,20.75,58.62,17.1,30.08,MODERATE
STU108018,21.67,35.32,58.69,50.0,98.87,37.03,45.99,MODERATE
STU108019,24.79,36.3,45.11,49.0,51.72,24.32,38.01,MODERATE
STU108020,23.71,44.92,35.09,54.5,68.75,29.11,40.95,MODERATE
STU108021,22.27,24.1,61.36,37.25,48.02,17.36,34.88,MODERATE
STU108022,40.71,46.07,55.09,64.0,62.4,37.33,50.25,MODERATE
STU108023,38.45,38.66,61.64,50.25,67.3,31.5,47.1,MODERATE
STU108024,41.48,56.2,46.51,53.25,88.63,43.72,52.87,MODERATE
STU108025,33.27,36.36,42.39,29.5,68.08,28.27,38.28,MODERATE
STU108026,0.0,16.67,65.95,38.75,63.88,28.87,32.45,MODERATE
STU108027,8.27,30.76,56.71,18.5,73.45,40.49,34.85,MODERATE
STU108028,20.08,37.85,49.59,40.5,45.35,54.7,39.48,MODERATE
STU108029,17.6,28.37,28.69,29.25,54.02,17.24,27.86,LOW
STU108030,21.03,27.75,65.49,26.5,70.75,35.66,38.86,MODERATE
STU108031,0.0,17.8,60.66,22.0,52.1,17.5,26.84,LOW
STU108032,32.14,27.26,52.75,35.5,51.32,28.92,37.14,MODERATE
STU108033,63.06,58.21,41.23,73.5,100.0,46.71,61.11,HIGH
STU108034,3.48,20.5,54.19,26.0,59.88,13.86,27.93,LOW
STU108035,29.25,34.87,49.35,39.25,73.18,31.94,40.84,MODERATE
STU108036,31.27,24.44,49.2,40.5,62.72,28.13,37.36,MODERATE
STU108037,23.02,22.6,32.1,29.25,62.4,5.5,27.85,LOW
STU108038,48.88,51.63,37.91,61.25,73.68,52.58,52.08,MODERATE
STU108039,36.78,24.6,51.28,42.25,34.83,15.73,35.16,MODERATE
STU108040,29.16,23.34,75.06,36.75,59.75,23.52,40.52,MODERATE
STU108041,17.27,17.02,71.97,36.25,60.6,28.87,36.49,MODERATE
STU108042,23.81,30.95,60.66,36.0,81.85,29.5,41.17,MODERATE
STU108043,0.0,24.62,54.22,29.25,49.55,35.29,29.87,LOW
STU108044,21.65,49.83,41.54,44.25,100.0,48.99,46.63,MODERATE
STU108045,39.75,32.51,68.08,43.0,58.15,31.92,45.15,MODERATE
STU108046,23.86,32.07,44.22,43.0,81.23,26.38,38.84,MODERATE
STU108047,12.83,26.13,54.12,22.25,68.15,20.83,32.16,MODERATE
STU108048,17.65,31.0,62.45,35.0,66.32,25.8,38.23,MODERATE
STU108049,0.0,11.11,33.38,22.25,26.85,0.0,15.48,LOW
STU108050,13.87,35.06,48.15,34.5,68.75,31.78,36.4,MODERATE
STU108051,20.33,25.82,57.04,35.75,63.7,24.72,36.13,MODERATE
STU108052,12.98,24.54,60.04,47.75,54.92,19.5,35.34,MODERATE
STU108053,22.68,15.32,45.49,35.5,59.9,18.3,30.61,MODERATE
STU108054,35.18,26.79,48.12,30.5,60.4,27.72,36.74,MODERATE
STU108055,26.97,54.12,62.68,74.0,100.0,54.4,58.0,MODERATE
STU108056,9.3,20.0,47.99,30.5,52.75,19.75,28.28,LOW
STU108057,16.29,24.0,47.6,39.5,45.32,15.94,30.83,MODERATE
STU108058,36.2,32.78,0.0,3.5,42.02,2.45,20.41,LOW
STU108059,14.51,40.83,62.61,36.75,74.12,48.72,43.43,MODERATE
STU108060,34.67,50.04,60.61,50.75,100.0,47.51,53.93,MODERATE
STU108061,61.87,53.72,58.01,73.0,99.35,68.56,65.15,HIGH
STU108062,35.87,42.18,67.12,46.25,94.95,45.38,52.11,MODERATE
STU108063,13.66,24.16,61.65,46.5,57.2,21.55,35.95,MODERATE
STU108064,16.54,23.44,67.74,24.25,48.15,26.55,33.82,MODERATE
STU108065,14.47,26.6,59.45,29.25,63.55,29.93,35.17,MODERATE
STU108066,26.26,48.53,57.18,63.0,80.05,45.11,50.79,MODERATE
STU108067,28.82,30.63,41.89,43.75,67.55,35.22,38.64,MODERATE
STU108068,18.2,18.59,63.89,16.25,55.08,19.1,30.92,MODERATE
STU108069,46.02,41.99,54.64,59.25,70.2,31.92,49.73,MODERATE
STU108070,0.0,5.57,46.06,18.5,16.9,7.99,15.87,LOW
STU108071,1.48,4.38,60.94,20.25,6.88,17.51,19.06,LOW
STU108072,0.0,12.63,75.25,13.75,26.78,21.31,25.08,LOW
STU108073,19.55,26.86,57.74,35.5,38.38,32.78,34.61,MODERATE
STU108074,40.53,38.58,39.06,37.25,55.42,34.48,40.14,MODERATE
STU108075,11.28,24.38,61.82,37.75,54.78,20.81,33.94,MODERATE
STU108076,6.08,16.09,44.96,12.0,64.08,13.38,23.78,LOW
STU108077,25.63,34.68,65.2,31.75,61.08,27.41,40.45,MODERATE
STU108078,31.78,40.0,72.26,49.25,76.02,35.27,49.32,MODERATE
STU108079,27.68,30.37,35.4,44.0,44.42,23.16,33.57,MODERATE
STU108080,36.12,24.53,83.55,51.75,64.82,40.08,48.32,MODERATE
STU108081,15.25,15.65,33.44,19.25,30.7,18.04,21.41,LOW
STU108082,17.05,39.45,53.05,41.0,78.97,40.75,42.0,MODERATE
STU108083,21.02,24.42,52.19,38.0,58.0,35.29,35.78,MODERATE
STU108084,23.49,23.05,33.61,28.75,71.8,7.0,29.38,LOW
STU108085,6.88,10.24,52.49,18.5,36.38,17.58,22.6,LOW
STU108086,36.17,23.57,51.4,34.25,44.15,37.28,36.69,MODERATE
STU108087,15.4,33.28,53.21,37.75,39.32,32.73,34.91,MODERATE
STU108088,33.06,42.02,48.84,49.25,82.2,20.63,44.56,MODERATE
STU108089,14.06,11.45,63.96,30.0,69.82,16.53,31.6,MODERATE
STU108090,14.35,20.39,32.63,28.25,50.28,12.08,24.97,LOW
STU108091,39.94,57.17,44.0,61.0,91.52,53.0,54.68,MODERATE
STU108092,1.51,12.97,57.35,20.5,30.95,31.02,24.29,LOW
STU108093,45.94,44.63,63.82,52.75,98.38,48.04,55.66,MODERATE
STU108094,5.23,25.2,55.32,21.0,54.87,28.76,29.92,LOW
STU108095,28.59,33.88,56.74,40.0,74.3,34.1,42.38,MODERATE
STU108096,33.27,28.57,36.54,22.25,45.32,29.82,31.96,MODERATE
STU108097,13.61,23.82,53.84,34.5,94.78,23.77,36.48,MODERATE
STU108098,25.43,40.59,48.55,57.0,64.72,28.87,42.85,MODERATE
STU108099,19.08,23.13,48.78,20.75,56.62,20.01,30.13,MODERATE
STU108100,35.45,36.43,36.12,47.25,92.38,24.15,42.16,MODERATE
STU108101,44.99,42.5,57.2,36.5,61.18,29.5,45.61,MODERATE
STU108102,37.92,35.34,57.71,37.0,61.15,48.05,44.43,MODERATE
STU108103,27.78,39.63,63.99,49.0,66.25,38.48,46.08,MODERATE
STU108104,17.94,24.35,36.34,43.75,69.2,30.28,33.45,MODERATE
STU108105,14.85,22.73,52.81,29.0,63.62,21.9,32.12,MODERATE
STU108106,25.33,36.85,43.2,48.5,72.35,40.05,41.43,MODERATE
STU108107,11.97,22.98,52.25,33.5,41.05,27.99,30.52,MODERATE
STU108108,30.41,33.81,43.78,36.0,71.08,32.08,39.01,MODERATE
STU108109,37.48,32.52,56.45,32.25,77.58,30.24,42.54,MODERATE
STU108110,19.22,21.03,61.19,47.75,56.08,19.4,36.05,MODERATE
STU108111,0.0,14.77,33.32,6.5,39.12,16.2,16.86,LOW
STU108112,42.54,40.88,83.78,49.5,71.5,53.87,55.45,MODERATE
STU108113,0.0,8.96,54.08,20.5,18.63,21.17,20.11,LOW
STU108114,13.56,21.62,33.61,29.5,37.4,30.14,26.02,LOW
STU108115,21.59,32.18,56.26,21.5,77.22,30.42,37.6,MODERATE
STU108116,9.57,26.37,53.55,14.5,44.92,29.58,28.84,LOW
STU108117,15.98,38.66,54.81,31.5,62.5,39.52,38.75,MODERATE
STU108118,21.65,27.6,55.11,36.25,48.1,11.78,33.68,MODERATE
STU108119,28.96,33.92,54.55,39.5,59.9,36.35,40.73,MODERATE
STU108120,9.79,22.21,26.85,22.25,48.72,18.68,22.96,LOW
STU108121,40.0,41.44,69.84,47.75,79.25,48.45,52.26,MODERATE
STU108122,40.48,26.02,58.09,37.25,50.65,30.41,39.91,MODERATE
STU108123,18.1,29.08,56.4,19.25,47.6,37.29,33.55,MODERATE
STU108124,10.97,16.56,56.95,10.5,43.25,17.31,25.35,LOW
STU108125,27.6,38.49,67.82,50.0,83.62,48.97,49.47,MODERATE
STU108126,14.27,16.49,44.82,39.5,24.95,9.53,25.31,LOW
STU108127,37.54,59.99,88.08,35.5,74.12,100.0,62.86,HIGH
STU108128,21.65,52.58,63.58,50.0,95.85,57.48,53.02,MODERATE
STU108129,26.76,40.15,72.25,43.25,70.6,50.98,48.48,MODERATE
STU108130,10.3,20.76,54.72,11.5,51.62,24.8,27.56,LOW
STU108131,15.64,35.76,67.74,34.75,78.8,44.32,43.14,MODERATE
STU108132,28.2,50.64,7.59,52.25,66.8,37.89,38.12,MODERATE
STU108133,12.16,31.21,61.39,48.25,79.82,36.71,41.4,MODERATE
STU108134,26.14,25.77,64.45,48.75,60.88,18.82,39.84,MODERATE
STU108135,14.86,36.09,45.29,29.75,73.08,41.73,37.0,MODERATE
STU108136,39.42,54.51,51.52,61.75,100.0,57.67,56.85,MODERATE
STU108137,17.95,34.49,39.26,43.75,56.38,22.35,34.5,MODERATE
STU108138,17.18,34.74,63.29,37.0,74.42,33.46,41.12,MODERATE
STU108139,34.56,39.5,50.51,47.0,77.55,29.46,44.64,MODERATE
STU108140,36.4,45.66,48.61,37.0,81.08,42.97,46.37,MODERATE
STU108141,27.92,28.21,58.44,48.25,66.12,30.9,41.26,MODERATE
STU108142,14.69,28.6,38.43,41.5,70.2,26.2,33.64,MODERATE
STU108143,35.25,26.92,48.51,29.25,63.95,25.61,36.83,MODERATE
STU108144,33.71,29.56,56.75,45.0,79.05,28.87,43.02,MODERATE
STU108145,16.43,35.93,47.53,42.5,59.65,36.47,37.76,MODERATE
STU108146,32.12,39.28,32.95,28.75,74.48,22.3,36.82,MODERATE
STU108147,19.04,29.62,40.66,9.0,61.12,32.74,30.08,MODERATE
STU108148,0.0,16.56,48.62,16.25,34.52,14.65,21.22,LOW
STU108149,49.65,53.54,62.01,60.5,100.0,55.54,60.35,HIGH
STU108150,21.2,19.49,69.05,40.0,75.55,17.14,38.19,MODERATE
STU108151,13.75,27.21,41.45,35.75,77.42,18.66,32.81,MODERATE
STU108152,18.01,22.59,56.62,30.5,41.42,28.35,32.13,MODERATE
STU108153,9.54,21.32,41.52,14.75,43.68,25.79,24.7,LOW
STU108154,46.9,46.16,58.35,50.25,70.18,43.73,51.52,MODERATE
STU108155,11.69,19.24,32.29,24.0,44.65,11.08,22.78,LOW
STU108156,31.58,45.24,47.36,48.0,58.95,39.43,44.14,MODERATE
STU108157,23.92,32.55,53.94,19.25,86.52,28.63,38.11,MODERATE
STU108158,35.16,36.22,50.84,26.75,67.73,33.39,40.38,MODERATE
STU108159,25.29,37.08,50.59,25.75,62.4,34.98,38.05,MODERATE
STU108160,38.79,36.94,48.14,43.5,77.6,31.5,44.06,MODERATE
STU108161,18.79,25.49,53.64,35.75,45.95,22.93,33.11,MODERATE
STU108162,7.11,10.26,41.06,11.25,28.4,0.0,16.73,LOW
STU108163,20.35,40.46,58.26,56.5,79.77,39.11,46.2,MODERATE
STU108164,17.31,24.94,57.52,37.0,80.78,24.85,37.31,MODERATE
STU108165,25.65,25.81,57.02,11.25,18.3,24.39,28.94,LOW
STU108166,21.65,40.49,65.76,36.5,67.03,37.87,43.57,MODERATE
STU108167,5.99,7.8,50.11,18.5,41.0,15.69,21.61,LOW
STU108168,17.6,24.72,62.11,39.75,53.18,22.46,35.65,MODERATE
STU108169,24.64,20.79,46.08,39.75,69.15,34.48,35.67,MODERATE
STU108170,35.4,41.06,57.75,68.75,61.25,43.48,49.68,MODERATE
STU108171,5.58,29.67,64.57,47.0,64.42,40.41,38.98,MODERATE
STU108172,21.65,24.3,41.15,32.0,39.6,6.64,28.06,LOW
STU108173,7.99,19.89,58.08,37.5,47.28,27.74,31.31,MODERATE
STU108174,29.12,40.89,56.95,46.5,80.47,48.46,47.3,MODERATE
STU108175,34.19,41.08,57.31,56.75,45.48,34.29,45.06,MODERATE
STU108176,21.64,35.16,44.4,38.0,48.02,28.87,35.39,MODERATE
STU108177,0.0,15.05,55.7,20.0,49.15,7.58,23.58,LOW
STU108178,10.73,19.77,55.94,21.5,70.65,20.93,30.66,MODERATE
STU108179,0.0,11.96,62.2,4.5,26.08,25.82,21.3,LOW
STU108180,8.22,26.74,50.59,37.0,36.88,29.96,30.68,MODERATE
STU108181,13.03,20.48,57.4,28.25,49.88,14.04,29.84,LOW
STU108182,22.34,19.4,63.73,41.5,48.18,13.78,34.48,MODERATE
STU108183,16.72,8.46,41.27,18.5,20.7,9.95,19.55,LOW
STU108184,0.0,8.51,50.91,13.75,36.45,2.93,18.31,LOW
STU108185,33.35,43.41,43.95,51.75,87.0,42.29,47.0,MODERATE
STU108186,11.76,15.84,39.48,16.0,58.18,10.43,23.47,LOW
STU108187,4.38,24.86,86.8,26.75,51.58,30.0,36.62,MODERATE
STU108188,32.84,29.5,54.82,37.75,59.12,28.87,39.37,MODERATE
STU108189,63.46,52.85,36.4,61.75,75.5,51.95,55.19,MODERATE
STU108190,54.97,51.14,70.9,61.5,81.0,55.45,60.83,HIGH
STU108191,30.62,31.78,66.56,54.75,59.48,28.87,44.43,MODERATE
STU108192,38.64,49.74,42.02,67.25,80.12,31.49,49.82,MODERATE
STU108193,14.99,35.56,48.96,33.0,55.6,18.81,34.07,MODERATE
STU108194,6.68,21.88,54.72,15.25,42.45,29.99,27.28,LOW
STU108195,49.47,35.43,60.3,54.25,74.45,41.37,50.53,MODERATE
STU108196,0.0,39.44,67.61,35.75,63.6,49.49,40.05,MODERATE
STU108197,38.12,51.34,65.26,64.75,74.5,51.16,55.79,MODERATE
STU108198,8.59,26.1,66.49,42.25,56.62,28.32,36.37,MODERATE
STU108199,11.53,18.49,55.5,28.75,38.45,26.21,28.81,LOW
STU108200,39.03,56.9,62.79,59.75,81.2,62.5,57.92,MODERATE
STU108201,21.65,41.39,83.26,63.75,91.58,50.12,55.06,MODERATE
STU108202,46.1,43.13,36.33,38.25,96.28,25.55,45.19,MODERATE
STU108203,26.19,22.63,58.98,31.5,57.85,13.63,34.56,MODERATE
STU108204,21.36,18.19,54.49,45.0,51.02,26.08,34.18,MODERATE
STU108205,33.7,25.08,62.93,37.0,72.3,28.24,41.2,MODERATE
STU108206,10.36,32.96,52.87,39.75,56.28,30.07,35.48,MODERATE
STU108207,17.35,30.43,48.46,29.75,67.25,26.88,34.65,MODERATE
STU108208,1.14,24.66,62.99,36.25,55.38,25.15,32.48,MODERATE
STU108209,31.43,42.54,59.04,41.0,64.75,48.23,46.18,MODERATE
STU108210,34.35,28.66,46.89,37.25,86.32,37.99,41.43,MODERATE
STU108211,17.98,30.71,62.98,49.75,58.45,47.72,41.95,MODERATE
STU108212,26.35,33.42,54.18,37.0,45.15,32.71,37.8,MODERATE
STU108213,0.0,10.4,36.39,4.5,34.05,4.17,14.38,LOW
STU108214,15.1,38.16,58.39,47.0,67.3,37.88,41.81,MODERATE
STU108215,9.73,27.59,34.84,34.5,55.0,23.64,28.85,LOW
STU108216,5.49,37.17,64.66,35.75,54.37,25.05,36.63,MODERATE
STU108217,0.0,16.33,49.9,23.5,41.2,10.59,22.77,LOW
STU108218,36.13,40.56,59.14,52.0,75.32,34.19,47.94,MODERATE
STU108219,0.0,14.27,53.51,31.75,62.0,23.02,27.53,LOW
STU108220,18.19,32.6,66.99,35.25,59.05,43.25,40.7,MODERATE
STU108221,0.0,13.81,61.31,0.0,38.43,15.73,21.13,LOW
STU108222,21.58,27.82,60.75,34.5,52.35,33.56,37.19,MODERATE
STU108223,37.48,35.52,65.6,44.5,72.17,34.3,46.82,MODERATE
STU108224,15.47,26.69,40.8,37.0,60.38,24.38,31.95,MODERATE
STU108225,5.03,14.64,56.82,25.5,53.5,19.64,27.17,LOW
STU108226,21.07,33.19,47.59,33.0,57.32,30.8,35.79,MODERATE
STU108227,23.99,32.03,65.15,34.5,66.07,41.68,41.79,MODERATE
STU108228,16.2,29.83,77.48,29.5,59.1,33.17,39.85,MODERATE
STU108229,35.45,30.88,67.15,36.0,62.4,28.77,42.76,MODERATE
STU108230,18.17,40.96,62.24,51.5,76.9,35.06,45.24,MODERATE
STU108231,41.48,36.46,43.32,37.0,70.47,41.78,42.85,MODERATE
STU108232,0.71,13.79,44.3,7.5,17.5,5.16,15.84,LOW
STU108233,39.94,45.3,37.29,44.25,76.05,37.58,44.77,MODERATE
STU108234,13.84,32.95,57.39,28.0,67.65,29.33,36.38,MODERATE
STU108235,18.98,25.23,63.64,22.5,62.2,28.87,35.31,MODERATE
STU108236,30.21,33.25,57.21,41.0,80.18,34.16,43.38,MODERATE
STU108237,29.13,48.26,47.9,68.0,80.15,50.41,50.73,MODERATE
STU108238,40.59,42.83,66.64,52.25,75.85,50.7,52.65,MODERATE
STU108239,14.49,15.15,71.45,25.5,57.8,12.85,31.87,MODERATE
STU108240,21.17,44.94,71.15,40.25,56.4,42.44,45.62,MODERATE
STU108241,52.71,44.78,47.85,68.0,94.05,50.19,55.93,MODERATE
STU108242,18.18,24.13,44.0,41.25,76.08,8.31,33.1,MODERATE
STU108243,35.92,41.84,62.96,56.0,56.62,45.0,48.8,MODERATE
STU108244,13.37,21.18,64.9,34.25,67.38,21.58,34.98,MODERATE
STU108245,21.65,25.76,51.84,56.5,58.68,30.05,38.49,MODERATE
STU108246,17.63,32.5,62.62,45.25,57.78,30.99,39.84,MODERATE
STU108247,26.34,27.17,55.96,36.5,62.2,20.27,36.97,MODERATE
STU108248,25.47,39.67,54.89,52.5,67.4,37.03,44.31,MODERATE
STU108249,19.07,38.22,39.34,50.75,73.4,35.6,39.75,MODERATE
STU108250,23.07,24.59,56.56,46.75,70.38,16.56,37.78,MODERATE
STU108251,42.05,39.6,79.19,56.75,100.0,54.27,58.09,MODERATE
STU108252,13.76,27.24,56.39,33.5,72.9,32.51,36.41,MODERATE
STU108253,26.69,38.51,47.82,35.25,32.15,32.52,36.28,MODERATE
STU108254,25.21,37.3,47.31,55.75,74.5,38.91,43.53,MODERATE
STU108255,29.53,43.84,45.88,16.75,54.65,35.0,37.52,MODERATE
STU108256,9.72,31.6,49.09,39.25,62.4,33.54,35.14,MODERATE
STU108257,26.46,33.27,51.61,39.25,73.12,22.21,39.35,MODERATE
STU108258,16.84,25.38,38.12,35.25,57.65,17.61,30.15,MODERATE
STU108259,17.95,17.18,78.18,33.25,73.9,28.69,38.77,MODERATE
STU108260,0.0,2.7,46.68,0.0,29.5,0.0,12.96,LOW
STU108261,1.07,22.96,43.01,14.5,48.58,20.88,23.68,LOW
STU108262,21.65,49.38,69.04,73.25,91.32,48.31,55.43,MODERATE
STU108263,18.64,38.02,61.98,51.0,54.15,46.27,43.32,MODERATE
STU108264,13.67,32.39,75.18,42.0,56.95,29.16,40.78,MODERATE
STU108265,19.83,19.37,40.31,34.75,41.75,5.76,26.83,LOW
STU108266,23.54,39.98,40.76,62.25,91.15,21.57,43.46,MODERATE
STU108267,19.99,40.05,50.77,43.25,69.5,37.55,41.36,MODERATE
STU108268,29.98,45.57,55.91,69.5,76.27,46.49,51.27,MODERATE
STU108269,34.32,33.53,60.19,44.0,47.58,34.88,42.13,MODERATE
STU108270,29.73,38.82,61.1,38.25,68.9,21.95,42.69,MODERATE
STU108271,26.72,33.4,57.18,37.0,68.62,30.39,40.58,MODERATE
STU108272,19.51,38.82,52.72,53.5,66.1,33.67,42.15,MODERATE
STU108273,10.3,9.49,50.59,12.0,50.4,12.69,22.66,LOW
STU108274,17.8,20.24,39.02,28.75,48.92,28.87,28.52,LOW
STU108275,21.65,40.76,33.85,48.25,78.12,36.17,39.96,MODERATE
STU108276,29.46,37.22,52.26,37.0,68.0,34.61,41.46,MODERATE
STU108277,46.26,39.55,66.12,43.75,94.02,43.75,52.7,MODERATE
STU108278,3.0,16.16,42.02,20.75,62.4,19.24,24.32,LOW
STU108279,14.02,5.62,51.24,3.5,43.7,4.21,19.77,LOW
STU108280,28.0,32.12,45.41,26.25,82.08,25.09,37.37,MODERATE
STU108281,47.12,43.49,34.55,46.0,62.4,32.83,43.63,MODERATE
STU108282,18.76,38.64,41.29,42.25,65.33,32.34,37.77,MODERATE
STU108283,26.59,35.42,77.68,44.75,78.6,47.38,49.02,MODERATE
STU108284,20.8,31.38,48.21,46.0,74.6,28.87,38.89,MODERATE
STU108285,14.27,15.08,82.0,15.25,35.82,26.41,31.53,MODERATE
STU108286,1.24,19.64,35.93,20.75,26.28,28.01,20.89,LOW
STU108287,0.0,20.66,40.48,39.5,35.17,8.7,23.57,LOW
STU108288,19.42,26.32,54.41,36.0,44.92,30.62,34.3,MODERATE
STU108289,39.68,45.78,58.42,44.25,83.6,53.24,51.39,MODERATE
STU108290,26.82,41.14,51.64,34.25,68.85,42.39,42.24,MODERATE
STU108291,15.39,32.99,27.24,30.5,63.25,21.61,29.83,LOW
STU108292,29.45,34.62,65.98,65.75,89.6,45.53,51.12,MODERATE
STU108293,13.04,29.77,30.54,43.0,55.5,15.79,29.74,LOW
STU108294,4.63,18.65,37.72,30.5,61.27,12.53,25.09,LOW
STU108295,21.0,21.79,40.66,18.5,63.62,14.51,28.37,LOW
STU108296,8.64,23.14,63.89,36.5,60.47,17.89,33.6,MODERATE
STU108297,48.03,53.28,60.7,51.5,94.72,59.64,58.23,MODERATE
STU108298,26.08,28.93,37.44,26.25,42.88,28.87,31.05,MODERATE
STU108299,44.51,42.86,51.94,52.5,100.0,41.26,52.01,MODERATE
STU108300,28.26,39.92,32.32,47.75,76.45,37.91,40.69,MODERATE
STU108301,12.65,18.54,55.78,31.5,33.58,17.9,28.19,LOW
STU108302,10.99,19.86,50.39,43.0,57.22,15.64,30.98,MODERATE
STU108303,35.79,47.8,54.11,40.75,74.65,52.17,48.72,MODERATE
STU108304,19.11,46.63,68.32,57.25,73.77,56.29,50.74,MODERATE
STU108305,22.76,21.76,48.14,47.5,59.55,25.25,35.22,MODERATE
STU108306,31.77,14.9,41.21,45.25,65.88,2.06,31.9,MODERATE
STU108307,33.06,36.58,43.36,52.0,85.98,40.83,44.91,MODERATE
STU108308,21.65,30.79,55.2,36.5,32.12,36.32,35.39,MODERATE
STU108309,48.87,43.51,62.0,50.75,91.9,39.67,53.82,MODERATE
STU108310,16.89,29.36,58.24,31.75,31.62,19.52,32.24,MODERATE
STU108311,38.87,31.45,37.9,38.25,80.95,32.99,40.35,MODERATE
STU108312,26.51,17.73,49.1,39.75,65.27,8.58,32.9,MODERATE
STU108313,10.87,27.92,62.7,29.5,62.85,40.65,36.47,MODERATE
STU108314,7.08,9.62,39.98,31.25,47.3,10.3,22.26,LOW
STU108315,21.22,25.65,54.24,47.75,70.6,26.8,38.41,MODERATE
STU108316,16.41,35.93,57.21,52.25,71.68,31.2,41.83,MODERATE
STU108317,20.05,27.77,43.55,43.0,75.5,31.52,36.81,MODERATE
STU108318,6.13,16.78,72.16,21.5,25.8,19.68,27.63,LOW
STU108319,23.73,22.86,52.86,24.75,48.6,6.62,30.27,MODERATE
STU108320,21.65,16.25,48.14,40.5,54.28,13.36,30.86,MODERATE
STU108321,45.14,33.11,59.4,46.75,81.23,20.2,46.34,MODERATE
STU108322,38.78,40.31,60.65,40.5,62.52,41.98,46.49,MODERATE
STU108323,16.89,20.96,46.82,43.75,46.92,23.35,31.57,MODERATE
STU108324,23.57,37.34,69.06,43.5,74.2,26.94,44.5,MODERATE
STU108325,11.63,35.84,36.56,48.0,37.75,30.04,32.58,MODERATE
STU108326,0.0,13.24,57.2,24.5,35.05,20.29,23.96,LOW
STU108327,20.23,24.84,42.12,52.25,66.05,23.7,35.49,MODERATE
STU108328,39.51,33.24,79.82,45.25,59.48,51.06,50.02,MODERATE
STU108329,0.0,9.86,54.11,25.0,23.45,23.02,21.68,LOW
STU108330,0.0,0.81,49.76,26.0,13.83,0.0,15.44,LOW
STU108331,14.85,20.75,45.86,41.0,78.18,26.68,33.97,MODERATE
STU108332,21.65,19.07,39.6,22.75,47.13,8.6,26.0,LOW
STU108333,26.47,31.08,71.89,42.25,70.23,34.23,44.23,MODERATE
STU108334,15.44,29.46,41.97,21.25,75.25,19.59,31.52,MODERATE
STU108335,22.69,28.99,57.3,43.75,66.78,32.76,39.76,MODERATE
STU108336,44.37,42.54,78.96,46.0,87.48,56.46,56.6,MODERATE
STU108337,0.0,11.54,39.74,1.75,48.6,8.11,16.77,LOW
STU108338,34.33,40.48,43.34,63.25,93.18,36.92,48.15,MODERATE
STU108339,15.68,21.99,51.89,39.5,40.7,22.82,31.29,MODERATE
STU108340,27.26,28.36,28.15,20.75,46.85,26.24,28.59,LOW
STU108341,17.0,29.1,58.89,20.25,63.65,42.13,36.07,MODERATE
STU108342,27.29,30.35,40.71,31.5,73.1,25.4,35.76,MODERATE
STU108343,23.54,37.92,43.89,30.25,52.92,33.85,36.18,MODERATE
STU108344,25.67,31.36,78.09,31.75,85.0,33.34,45.19,MODERATE
STU108345,6.29,28.08,58.31,28.5,47.87,31.38,32.14,MODERATE
STU108346,20.53,37.61,41.01,37.0,85.43,28.4,38.64,MODERATE
STU108347,35.77,32.6,64.96,23.5,43.0,30.7,39.19,MODERATE
STU108348,48.49,42.79,59.08,58.0,74.08,46.22,52.94,MODERATE
STU108349,0.0,5.08,37.3,10.25,55.35,0.0,15.8,LOW
STU108350,17.01,25.4,53.32,45.75,59.23,23.23,35.52,MODERATE
STU108351,22.61,30.8,54.96,47.5,55.4,40.0,39.88,MODERATE
STU108352,20.47,38.42,62.28,29.5,96.7,41.17,44.37,MODERATE
STU108353,35.26,44.79,42.12,44.75,78.1,37.38,44.93,MODERATE
STU108354,21.24,23.89,42.59,28.5,43.58,14.23,28.79,LOW
STU108355,32.94,33.46,55.29,38.75,90.75,39.86,44.88,MODERATE
STU108356,9.53,25.55,48.5,41.5,43.85,31.43,31.75,MODERATE
STU108357,21.99,36.72,45.13,58.25,84.35,38.28,43.6,MODERATE
STU108358,0.0,14.52,52.46,31.0,27.82,12.33,22.79,LOW
STU108359,14.24,18.77,52.66,28.75,51.9,16.49,29.22,LOW
STU108360,24.79,30.09,47.19,32.5,76.92,36.07,38.09,MODERATE
STU108361,16.0,28.5,37.0,27.75,69.92,16.82,30.56,MODERATE
STU108362,29.27,19.91,41.25,14.25,55.28,14.68,28.22,LOW
STU108363,37.86,48.22,42.58,51.75,84.92,37.06,48.1,MODERATE
STU108364,0.0,10.12,53.75,38.25,24.02,15.84,23.0,LOW
STU108365,2.02,23.19,52.22,14.5,58.75,28.21,27.52,LOW
STU108366,21.72,34.06,46.73,53.75,92.58,37.9,43.32,MODERATE
STU108367,19.72,36.62,94.59,49.75,84.67,55.99,53.55,MODERATE
STU108368,0.0,17.4,53.5,24.25,66.75,22.59,27.62,LOW
STU108369,8.31,27.59,42.98,32.75,54.95,18.9,29.45,LOW
STU108370,16.0,32.6,61.09,31.0,48.02,31.64,36.18,MODERATE
STU108371,18.92,23.82,53.32,36.5,52.72,12.46,32.4,MODERATE
STU108372,47.39,44.22,68.16,61.5,81.32,51.0,56.62,MODERATE
STU108373,14.85,20.29,66.94,8.5,63.62,32.59,32.33,MODERATE
STU108374,19.84,35.21,62.75,34.25,71.85,37.45,41.39,MODERATE
STU108375,24.53,28.81,47.65,37.25,63.98,24.34,36.06,MODERATE
STU108376,5.81,2.79,56.99,0.0,33.2,8.22,17.4,LOW
STU108377,0.0,26.06,41.95,36.0,29.35,31.1,26.35,LOW
STU108378,7.63,15.41,61.95,18.25,53.18,14.96,27.32,LOW
STU108379,0.0,7.02,49.47,8.25,22.98,0.0,15.18,LOW
STU108380,11.45,24.25,52.16,29.25,66.12,32.22,33.01,MODERATE
STU108381,9.62,30.43,34.49,32.25,69.82,12.38,29.49,LOW
STU108382,21.65,34.48,37.49,66.5,88.6,29.63,42.25,MODERATE
STU108383,32.87,30.43,57.38,55.75,82.15,28.88,45.12,MODERATE
STU108384,50.64,51.27,61.55,49.25,69.8,55.5,55.17,MODERATE
STU108385,15.94,23.5,49.52,29.75,43.85,30.38,30.85,MODERATE
STU108386,44.93,40.13,37.89,35.75,85.75,29.36,43.47,MODERATE
STU108387,0.0,20.36,60.96,14.75,57.18,27.89,28.0,LOW
STU108388,22.18,24.93,64.68,40.0,62.4,24.83,38.33,MODERATE
STU108389,16.79,37.98,18.14,38.5,71.03,19.56,31.32,MODERATE
STU108390,33.16,37.78,72.3,23.5,84.42,42.55,46.76,MODERATE
STU108391,0.0,14.38,41.39,1.75,35.78,16.77,17.39,LOW
STU108392,10.76,17.86,69.8,25.0,55.95,25.67,32.49,MODERATE
STU108393,12.26,30.44,53.44,37.0,78.97,26.16,36.81,MODERATE
STU108394,38.27,38.32,70.61,39.75,89.65,45.97,50.88,MODERATE
STU108395,0.26,18.57,58.98,15.5,43.45,27.54,25.91,LOW
STU108396,26.17,51.05,42.58,48.75,78.42,50.99,46.77,MODERATE
STU108397,44.38,49.81,38.54,62.75,98.12,45.94,52.86,MODERATE
STU108398,4.68,23.46,65.98,40.5,49.15,39.13,34.9,MODERATE
STU108399,0.0,18.52,39.36,33.75,54.58,3.32,23.35,LOW
STU108400,22.94,33.58,66.68,25.75,89.02,35.36,42.62,MODERATE
STU108401,25.09,27.5,41.1,32.25,72.78,17.92,34.02,MODERATE
STU108402,21.65,35.33,41.68,52.75,68.45,34.16,39.67,MODERATE
STU108403,12.81,22.04,41.15,19.75,61.48,19.15,27.33,LOW
STU108404,8.46,19.62,53.4,28.0,44.75,29.72,28.92,LOW
STU108405,24.56,35.27,42.75,46.5,52.55,27.04,37.21,MODERATE
STU108406,34.57,42.76,49.66,32.25,85.8,50.63,46.02,MODERATE
STU108407,46.41,43.42,39.06,67.25,51.02,31.86,46.32,MODERATE
STU108408,23.01,21.0,61.64,23.75,45.15,24.6,32.72,MODERATE
STU108409,49.41,42.18,49.16,57.0,81.75,34.96,50.48,MODERATE
STU108410,15.14,27.29,51.9,39.5,73.6,36.69,37.18,MODERATE
STU108411,32.06,16.88,36.14,40.5,55.2,14.95,30.95,MODERATE
STU108412,22.21,46.73,64.41,43.25,73.12,49.61,47.77,MODERATE
STU108413,19.95,34.52,59.49,47.25,62.4,45.37,42.38,MODERATE
STU108414,12.43,18.18,61.73,19.75,54.95,9.85,28.82,LOW
STU108415,23.49,39.44,49.26,48.0,69.22,29.04,41.44,MODERATE
STU108416,35.0,32.78,69.66,51.5,75.62,42.79,48.69,MODERATE
STU108417,21.46,36.72,43.86,48.0,53.82,34.94,38.32,MODERATE
STU108418,22.33,19.71,53.44,9.0,30.15,17.59,26.21,LOW
STU108419,20.61,16.22,43.61,11.0,34.18,10.49,23.02,LOW
STU108420,25.07,25.96,41.71,44.75,54.42,21.42,34.14,MODERATE
STU108421,27.16,35.46,60.55,58.25,59.12,39.56,45.01,MODERATE
STU108422,1.63,23.2,55.99,40.75,39.83,32.35,30.65,MODERATE
STU108423,43.45,46.8,44.84,48.5,84.08,47.21,49.76,MODERATE
STU108424,17.06,27.71,48.86,26.5,53.68,33.38,32.79,MODERATE
STU108425,16.24,28.77,45.64,29.0,43.03,17.87,30.01,MODERATE
STU108426,21.65,16.89,44.66,22.5,41.68,19.48,26.98,LOW
STU108427,0.56,17.35,33.5,13.0,32.48,4.17,16.76,LOW
STU108428,42.34,38.24,57.25,40.25,85.1,39.52,47.98,MODERATE
STU108429,33.24,36.03,60.76,36.0,41.22,33.5,40.68,MODERATE
STU108430,33.12,33.2,53.65,47.75,65.45,24.63,41.82,MODERATE
STU108431,19.32,35.52,52.85,37.0,71.23,39.31,39.92,MODERATE
STU108432,20.28,26.73,56.74,26.0,54.12,23.11,33.71,MODERATE
STU108433,20.81,41.02,41.48,36.75,70.25,35.87,38.84,MODERATE
STU108434,27.89,28.4,79.71,38.75,59.52,34.76,43.86,MODERATE
STU108435,15.17,12.51,56.32,28.0,45.53,16.79,27.86,LOW
STU108436,1.88,19.76,36.69,20.5,42.22,28.87,22.84,LOW
STU108437,23.88,34.01,56.04,27.0,78.03,34.1,39.75,MODERATE
STU108438,24.57,33.69,60.71,48.0,38.55,29.67,39.5,MODERATE
STU108439,56.15,40.07,58.38,61.0,75.78,46.44,54.3,MODERATE
STU108440,0.0,15.02,45.95,27.25,35.32,16.76,22.24,LOW
STU108441,17.0,23.09,51.15,32.5,55.68,25.62,32.41,MODERATE
STU108442,27.93,21.43,53.97,33.0,49.1,22.7,33.87,MODERATE
STU108443,6.32,26.38,61.42,45.75,60.62,32.52,36.32,MODERATE
STU108444,23.99,26.96,47.02,25.0,60.98,37.51,34.54,MODERATE
STU108445,16.86,16.05,40.94,15.0,54.0,17.03,24.93,LOW
STU108446,18.95,12.93,52.16,22.75,33.43,25.7,26.78,LOW
STU108447,0.0,9.94,37.39,7.5,35.8,9.79,15.65,LOW
STU108448,7.62,48.08,75.92,42.5,59.3,16.91,42.72,MODERATE
STU108449,0.0,9.14,42.12,23.25,41.62,11.98,19.56,LOW
STU108450,0.0,21.95,49.51,19.75,50.65,26.46,26.06,LOW
STU108451,27.5,34.59,68.4,38.5,49.9,32.1,41.8,MODERATE
STU108452,28.63,47.3,57.54,66.25,98.98,53.48,54.24,MODERATE
STU108453,22.54,30.42,66.49,37.0,52.85,35.96,39.84,MODERATE
STU108454,15.64,16.73,60.53,15.5,30.3,28.87,27.66,LOW
STU108455,34.72,47.78,57.42,41.0,71.43,48.56,48.52,MODERATE
STU108456,0.0,37.22,27.35,42.25,63.62,38.39,31.31,MODERATE
STU108457,25.18,29.61,52.37,20.75,78.55,21.99,36.08,MODERATE
STU108458,9.52,22.01,52.95,27.0,40.08,18.6,27.91,LOW
STU108459,22.36,36.14,30.06,33.5,88.25,30.9,36.46,MODERATE
STU108460,29.15,33.43,56.25,53.5,73.45,32.02,44.01,MODERATE
STU108461,9.92,22.78,52.02,29.0,53.3,40.19,31.78,MODERATE
STU108462,32.36,43.76,30.85,42.0,64.05,40.03,40.29,MODERATE
STU108463,49.84,43.22,25.3,43.0,100.0,35.07,45.79,MODERATE
STU108464,11.68,9.16,52.25,18.25,46.7,0.0,22.48,LOW
STU108465,11.58,19.43,55.7,24.25,41.9,26.29,28.77,LOW
STU108466,21.65,4.6,61.51,8.75,36.38,18.42,24.57,LOW
STU108467,12.46,26.46,73.54,39.0,74.6,39.41,41.07,MODERATE
STU108468,30.4,21.0,60.62,48.0,52.37,26.72,38.56,MODERATE
STU108469,29.71,27.55,42.71,41.5,34.35,20.81,33.11,MODERATE
STU108470,20.15,31.18,40.72,31.25,58.42,23.51,32.85,MODERATE
STU108471,28.94,31.36,40.29,16.0,69.65,36.58,34.71,MODERATE
STU108472,30.16,36.13,52.91,52.5,64.92,37.19,43.73,MODERATE
STU108473,21.65,40.29,37.25,61.5,66.25,45.56,42.26,MODERATE
STU108474,33.14,45.06,66.1,28.25,89.05,43.16,48.57,MODERATE
STU108475,21.65,25.48,67.79,26.25,46.73,22.14,35.08,MODERATE
STU108476,36.56,43.41,46.81,56.25,64.75,34.8,45.92,MODERATE
STU108477,32.23,36.4,49.36,40.0,99.8,38.08,45.21,MODERATE
STU108478,23.72,24.85,46.85,18.75,57.12,20.72,30.92,MODERATE
STU108479,34.06,32.38,48.56,34.5,71.43,22.2,39.16,MODERATE
STU108480,7.19,24.39,77.54,46.5,60.4,25.83,38.64,MODERATE
STU108481,11.92,23.19,46.75,36.25,30.45,20.94,28.11,LOW
STU108482,13.53,21.95,60.91,22.0,40.3,21.13,29.82,LOW
STU108483,33.56,50.1,33.46,42.5,75.78,45.44,44.43,MODERATE
STU108484,2.96,12.17,53.36,28.25,55.97,9.29,25.07,LOW
STU108485,33.0,16.18,50.86,31.25,35.45,16.91,30.74,MODERATE
STU108486,12.47,24.7,65.61,27.5,52.4,26.05,33.76,MODERATE
STU108487,25.9,35.26,58.5,24.5,63.02,36.48,39.32,MODERATE
STU108488,27.5,23.9,49.35,33.0,48.7,19.98,33.16,MODERATE
STU108489,34.24,32.11,36.88,47.5,59.08,17.66,37.05,MODERATE
STU108490,43.68,51.43,54.24,60.25,97.9,41.91,55.46,MODERATE
STU108491,13.88,23.81,48.48,16.25,58.68,27.28,29.46,LOW
STU108492,12.58,27.39,35.26,17.25,52.08,6.81,24.89,LOW
STU108493,59.15,40.19,11.52,64.5,100.0,49.6,48.82,MODERATE
STU108494,8.9,24.84,37.78,35.75,59.12,8.94,27.71,LOW
STU108495,5.12,15.49,64.5,6.0,46.05,20.6,25.36,LOW
STU108496,40.13,37.61,37.98,37.5,77.28,47.47,43.12,MODERATE
STU108497,24.69,28.77,47.34,51.25,77.68,23.46,39.4,MODERATE
STU108498,18.88,30.18,73.03,41.75,59.85,55.23,43.7,MODERATE
STU108499,2.35,10.09,40.24,6.75,34.8,0.0,15.53,LOW
STU108500,12.89,12.52,33.66,22.75,46.95,6.75,21.22,LOW
STU108501,35.13,40.94,47.94,52.75,69.8,44.85,46.23,MODERATE
STU108502,8.14,21.55,52.77,31.5,49.97,14.93,28.78,LOW
STU108503,0.0,1.39,53.48,5.5,30.93,5.57,15.52,LOW
STU108504,26.57,31.04,54.65,55.25,71.43,38.06,43.24,MODERATE
STU108505,20.94,38.0,48.51,36.75,71.15,38.48,39.87,MODERATE
STU108506,0.0,22.01,45.78,27.75,63.42,14.92,26.65,LOW
STU108507,25.61,34.73,22.95,49.5,51.9,29.42,33.95,MODERATE
STU108508,0.0,8.32,50.91,22.25,38.57,8.94,20.35,LOW
STU108509,29.29,39.24,41.11,48.0,69.73,44.7,42.53,MODERATE
STU108510,35.81,33.84,65.12,63.25,84.3,39.06,50.47,MODERATE
STU108511,52.66,27.6,48.55,36.5,65.72,26.26,41.82,MODERATE
STU108512,5.94,20.15,25.75,38.0,59.5,6.93,23.72,LOW
STU108513,41.75,45.13,72.52,45.75,80.08,39.07,52.91,MODERATE
STU108514,24.12,29.93,55.86,37.0,46.25,30.97,36.75,MODERATE
STU108515,26.45,25.61,63.11,36.75,72.65,33.33,40.42,MODERATE
STU108516,42.4,48.65,34.44,40.5,78.3,40.9,45.53,MODERATE
STU108517,31.49,37.43,50.74,45.75,81.23,27.66,43.56,MODERATE
STU108518,10.7,24.65,34.7,39.0,62.4,8.18,28.15,LOW
STU108519,3.26,22.64,60.0,35.5,52.98,17.43,30.68,MODERATE
STU108520,12.94,34.97,64.3,41.25,85.0,22.69,41.15,MODERATE
STU108521,19.36,21.66,33.16,28.25,76.9,26.47,30.49,MODERATE
STU108522,27.16,28.51,60.1,30.0,34.3,25.52,35.06,MODERATE
STU108523,7.03,26.55,29.5,29.75,44.8,26.49,25.54,LOW
STU108524,22.6,20.48,46.51,33.0,47.62,21.48,30.8,MODERATE
STU108525,34.21,35.69,64.53,41.0,68.77,42.18,45.92,MODERATE
STU108526,19.2,15.64,42.94,30.0,70.25,14.6,29.32,LOW
STU108527,27.22,31.71,46.1,49.5,70.75,14.29,38.52,MODERATE
STU108528,33.05,24.96,50.8,19.0,62.4,23.19,34.42,MODERATE
STU108529,7.81,25.85,45.85,31.5,79.47,28.21,32.69,MODERATE
STU108530,0.0,4.89,40.98,3.25,4.55,0.0,10.36,LOW
STU108531,19.65,32.26,43.94,38.0,68.65,22.04,35.55,MODERATE
STU108532,36.26,38.24,42.68,35.75,75.02,17.12,39.92,MODERATE
STU108533,35.09,33.6,46.5,54.5,70.68,32.11,43.17,MODERATE
STU108534,40.12,34.91,68.58,37.0,95.22,49.0,50.44,MODERATE
STU108535,29.1,31.44,69.1,23.25,81.08,35.67,42.66,MODERATE
STU108536,14.29,13.88,59.88,15.25,33.32,21.29,26.05,LOW
STU108537,6.19,26.14,37.3,27.0,57.92,21.7,27.25,LOW
STU108538,17.66,25.64,52.31,37.0,58.3,35.81,35.37,MODERATE
STU108539,31.48,31.82,45.68,60.5,65.65,32.33,42.26,MODERATE
STU108540,10.42,35.81,66.82,48.0,72.08,44.27,43.24,MODERATE
STU108541,35.13,38.22,45.55,49.75,62.4,50.54,44.45,MODERATE
STU108542,35.94,36.71,69.86,47.25,42.5,41.69,45.84,MODERATE
STU108543,52.62,54.32,68.64,55.75,91.2,45.18,59.83,LOW
STU108544,4.98,20.88,71.35,15.0,53.3,17.21,29.79,LOW
STU108545,0.0,8.71,48.72,23.25,28.8,11.4,19.43,LOW
STU108546,54.35,55.9,49.47,59.25,100.0,32.84,56.91,MODERATE
STU108547,13.53,30.16,51.84,34.75,45.4,27.13,33.08,MODERATE
STU108548,18.06,29.87,50.86,41.75,60.92,42.95,37.9,MODERATE
STU108549,33.68,38.47,58.31,20.25,57.75,28.87,39.72,MODERATE
STU108550,24.11,40.22,48.38,38.25,67.7,37.57,40.82,MODERATE
STU108551,11.85,27.59,55.55,31.5,51.4,39.34,34.18,MODERATE
STU108552,26.08,36.93,42.4,27.75,44.9,25.37,34.12,MODERATE
STU108553,1.94,24.28,39.76,36.75,38.88,23.72,26.18,LOW
STU108554,23.35,34.55,64.44,52.5,67.1,37.82,44.56,MODERATE
STU108555,47.78,36.77,64.42,43.25,100.0,42.05,52.32,MODERATE
STU108556,14.43,28.46,46.01,29.0,60.32,26.54,32.24,MODERATE
STU108557,31.93,45.56,47.84,47.25,78.32,40.7,46.33,MODERATE
STU108558,9.89,19.42,50.04,15.75,24.95,23.54,24.05,LOW
STU108559,51.64,45.63,51.08,58.75,100.0,46.68,55.43,MODERATE
STU108560,28.81,28.12,57.65,45.75,77.5,38.36,42.77,MODERATE
STU108561,21.88,39.38,31.11,37.0,58.22,30.27,34.84,MODERATE
STU108562,22.72,37.57,44.94,56.5,79.22,43.2,43.64,MODERATE
STU108563,34.29,29.83,58.99,40.0,66.8,31.24,41.92,MODERATE
STU108564,34.39,26.1,58.14,33.5,35.62,28.87,36.5,MODERATE
STU108565,29.18,17.83,71.95,24.75,48.32,33.59,36.59,MODERATE
STU108566,23.81,22.62,54.99,31.0,62.4,28.87,35.19,MODERATE
STU108567,30.1,25.96,53.49,55.25,56.05,26.69,39.77,MODERATE
STU108568,0.32,8.91,46.62,28.0,29.4,15.11,20.27,LOW
STU108569,5.88,16.72,34.38,20.75,40.55,4.78,19.88,LOW
STU108570,26.01,32.98,71.74,45.5,56.1,32.8,43.51,MODERATE
STU108571,24.03,31.15,67.96,47.25,75.15,34.02,44.19,MODERATE
STU108572,16.85,26.2,61.29,51.0,45.82,27.68,37.18,MODERATE
STU108573,31.05,27.61,52.39,31.75,63.73,25.65,37.29,MODERATE
STU108574,30.99,43.6,60.21,37.0,64.3,39.31,45.05,MODERATE
STU108575,28.84,34.32,66.09,46.25,68.03,39.5,45.26,MODERATE
STU108576,58.11,51.92,69.69,53.0,100.0,53.49,61.84,HIGH
STU108577,22.51,35.52,53.86,45.75,62.42,43.19,41.58,MODERATE
STU108578,6.24,12.49,39.65,20.25,44.92,12.99,21.13,LOW
STU108579,24.17,21.17,71.12,27.5,86.85,36.9,40.85,MODERATE
STU108580,42.5,29.14,58.22,40.0,65.03,22.15,42.15,MODERATE
STU108581,10.95,30.65,61.06,33.75,73.92,35.33,38.05,MODERATE
STU108582,32.21,41.51,57.55,53.25,71.2,29.45,46.38,MODERATE
STU108583,18.47,32.08,40.85,32.0,63.9,36.38,34.71,MODERATE
STU108584,38.44,16.03,52.74,18.5,38.17,14.27,30.26,MODERATE
STU108585,22.57,33.48,19.79,30.5,66.6,30.42,31.12,MODERATE
STU108586,21.73,18.23,45.11,27.25,64.03,18.37,30.25,MODERATE
STU108587,0.0,23.7,44.62,34.75,57.0,22.13,27.97,LOW
STU108588,22.89,27.78,70.0,29.75,27.3,29.98,35.71,MODERATE
STU108589,18.73,35.59,57.51,48.0,35.35,39.91,38.87,MODERATE
STU108590,18.51,26.96,35.28,39.75,42.65,27.26,30.45,MODERATE
STU108591,0.0,4.24,44.82,12.25,52.77,4.35,17.57,LOW
STU108592,9.15,28.18,43.51,19.75,75.0,21.73,30.21,MODERATE
STU108593,27.38,29.81,34.88,41.25,73.1,25.99,36.0,MODERATE
STU108594,38.44,29.69,44.89,37.0,65.72,20.05,38.22,MODERATE
STU108595,15.72,30.54,46.04,48.75,37.53,37.76,34.83,MODERATE
STU108596,20.92,24.22,58.6,34.0,40.45,23.54,33.46,MODERATE
STU108597,32.43,34.24,63.59,27.75,59.9,51.77,43.09,MODERATE
STU108598,21.65,35.34,67.65,55.25,81.85,31.46,46.31,MODERATE
STU108599,32.51,39.26,70.71,51.25,70.38,40.73,49.26,MODERATE
STU108600,0.0,13.22,65.89,19.0,43.53,28.87,26.57,LOW
STU108601,7.78,26.46,34.44,21.75,41.45,29.28,25.39,LOW
STU108602,20.2,29.42,40.62,44.5,60.72,25.83,34.85,MODERATE
STU108603,24.72,18.58,67.98,47.5,50.88,24.0,37.8,MODERATE
STU108604,33.49,46.04,48.78,59.25,76.8,48.15,49.35,MODERATE
STU108605,9.23,25.37,37.85,28.25,57.15,24.03,28.11,LOW
STU108606,21.65,21.21,37.7,23.0,51.42,22.62,28.03,LOW
STU108607,32.74,32.26,57.28,47.25,64.9,38.33,43.48,MODERATE
STU108608,21.76,11.15,56.36,18.75,49.02,14.1,27.54,LOW
STU108609,18.48,22.66,42.74,29.5,64.1,22.3,30.97,MODERATE
STU108610,9.54,23.86,76.86,28.0,39.02,36.72,35.02,MODERATE
STU108611,25.15,28.33,51.66,51.0,42.05,32.06,37.51,MODERATE
STU108612,3.3,22.26,73.39,33.25,47.08,29.33,33.53,MODERATE
STU108613,35.36,37.92,45.16,38.75,85.05,32.85,43.19,MODERATE
STU108614,19.7,26.66,57.01,40.0,52.52,35.9,36.85,MODERATE
STU108615,9.38,23.45,54.6,37.0,49.5,27.99,31.96,MODERATE
STU108616,29.56,26.33,54.92,37.25,43.8,26.34,36.08,MODERATE
STU108617,12.84,17.1,33.78,22.75,44.72,14.11,22.89,LOW
STU108618,32.21,31.08,58.15,31.75,57.53,37.45,40.1,MODERATE
STU108619,25.49,39.45,38.52,39.0,49.05,33.77,36.8,MODERATE
STU108620,49.87,42.62,59.52,64.0,71.25,44.13,53.67,MODERATE
STU108621,24.62,34.05,62.87,29.75,68.55,47.14,42.04,MODERATE
STU108622,17.11,20.34,41.81,24.0,41.22,20.23,26.61,LOW
STU108623,8.07,28.06,61.41,32.0,62.4,26.44,34.6,MODERATE
STU108624,48.36,47.81,61.52,56.0,86.0,54.42,56.37,MODERATE
STU108625,4.28,15.16,61.23,17.5,34.45,1.59,23.12,LOW
STU108626,42.25,35.02,71.55,40.25,58.0,47.37,48.09,MODERATE
STU108627,31.17,23.56,71.66,52.25,73.7,24.41,44.1,MODERATE
STU108628,29.97,40.63,34.61,44.0,71.38,31.38,39.95,MODERATE
STU108629,7.44,30.6,66.6,32.5,56.2,40.0,36.95,MODERATE
STU108630,27.6,39.53,44.41,41.25,62.25,35.48,40.25,MODERATE
STU108631,28.09,23.35,67.99,34.0,67.52,32.78,40.18,MODERATE
STU108632,7.44,10.14,39.05,5.25,28.58,2.87,15.77,LOW
STU108633,20.31,16.24,58.45,27.75,72.47,18.82,33.1,MODERATE
STU108634,13.97,29.39,60.78,26.25,56.92,21.25,34.05,MODERATE
STU108635,13.36,24.92,60.61,36.75,38.7,33.52,33.76,MODERATE
STU108636,4.68,6.12,40.0,12.0,62.4,0.0,18.51,LOW
STU108637,15.25,24.04,44.69,26.5,68.53,14.84,30.31,MODERATE
STU108638,0.0,19.92,27.28,17.75,48.72,5.18,18.49,LOW
STU108639,43.05,51.81,57.1,45.5,92.9,44.75,53.57,MODERATE
STU108640,19.18,30.6,54.18,31.75,59.32,28.21,35.84,MODERATE
STU108641,28.46,32.26,50.2,50.5,65.38,39.96,41.91,MODERATE
STU108642,24.59,38.72,63.27,52.25,84.32,25.37,46.06,MODERATE
STU108643,26.47,31.43,54.51,36.5,42.1,30.89,36.83,MODERATE
STU108644,13.72,27.18,56.32,26.25,68.88,29.49,34.58,MODERATE
STU108645,20.99,33.94,43.62,58.0,60.18,25.75,38.7,MODERATE
STU108646,14.83,24.94,46.7,45.5,70.8,20.35,34.48,MODERATE
STU108647,25.88,37.32,43.58,33.0,64.32,33.15,37.92,MODERATE
STU108648,24.76,20.81,58.54,40.0,46.32,21.15,34.61,MODERATE
STU108649,21.06,32.04,47.81,44.5,57.4,24.62,36.66,MODERATE
STU108650,22.84,23.33,38.09,22.75,60.02,25.1,29.94,LOW
STU108651,16.48,16.57,35.38,27.25,53.97,9.02,24.9,LOW
STU108652,17.26,24.52,40.52,33.25,59.25,19.12,30.51,MODERATE
STU108653,18.24,34.37,45.44,25.5,71.03,32.29,35.49,MODERATE
STU108654,52.03,46.96,61.19,73.0,89.65,39.3,58.23,MODERATE
STU108655,26.83,18.47,73.55,42.25,31.9,29.6,37.18,MODERATE
STU108656,40.61,40.64,64.14,34.75,71.7,39.69,47.46,MODERATE
STU108657,9.51,27.12,46.24,36.5,62.4,32.1,32.86,MODERATE
STU108658,13.16,29.97,56.39,27.0,43.4,28.94,32.69,MODERATE
STU108659,13.67,15.35,70.29,23.5,48.15,18.62,30.83,MODERATE
STU108660,0.0,12.26,21.89,15.5,57.42,2.03,15.71,LOW
STU108661,34.97,35.08,65.99,55.25,76.27,38.2,48.7,MODERATE
STU108662,19.57,37.16,61.64,51.25,71.55,27.14,43.09,MODERATE
STU108663,15.99,23.72,53.79,26.25,32.48,30.32,30.1,MODERATE
STU108664,14.57,25.62,79.15,37.0,71.12,32.15,41.03,MODERATE
STU108665,29.72,43.42,74.65,43.25,66.78,53.06,50.2,MODERATE
STU108666,10.31,27.96,61.3,32.0,59.48,40.95,36.16,MODERATE
STU108667,21.65,18.3,45.99,39.25,58.4,30.07,32.84,MODERATE
STU108668,25.57,36.19,66.8,54.25,94.02,49.04,49.96,MODERATE
STU108669,38.93,41.95,47.29,53.75,84.72,44.7,48.74,MODERATE
STU108670,32.62,31.11,47.71,39.0,65.0,34.45,39.64,MODERATE
STU108671,24.48,34.6,58.42,36.0,50.4,38.59,39.53,MODERATE
STU108672,6.31,25.42,43.53,27.75,86.15,7.38,29.84,LOW
STU108673,28.56,30.09,70.38,37.0,61.0,33.49,42.31,MODERATE
STU108674,8.13,23.96,38.51,53.25,68.85,21.28,32.32,MODERATE
STU108675,0.0,7.81,68.77,14.75,34.8,14.18,22.82,LOW
STU108676,33.16,45.23,46.4,54.0,71.65,42.5,46.73,MODERATE
STU108677,37.56,38.86,43.59,43.5,48.28,33.12,40.61,MODERATE
STU108678,5.85,26.28,31.66,24.25,61.3,18.47,25.69,LOW
STU108679,26.91,15.75,42.39,25.25,48.88,11.36,27.61,LOW
STU108680,11.09,24.1,61.19,43.75,75.98,36.73,38.31,MODERATE
STU108681,6.88,6.02,34.94,11.25,29.87,0.0,14.54,LOW
STU108682,8.14,19.34,41.45,32.5,66.38,11.49,27.42,LOW
STU108683,56.8,45.34,48.1,75.0,72.45,47.44,55.55,MODERATE
STU108684,26.13,29.95,44.34,38.75,56.55,25.14,35.56,MODERATE
STU108685,25.35,35.6,26.05,41.25,74.6,33.09,36.14,MODERATE
STU108686,0.58,15.81,75.0,5.75,45.2,28.87,27.34,LOW
STU108687,15.43,22.11,46.68,35.0,43.48,31.58,30.71,MODERATE
STU108688,43.73,52.93,52.94,50.5,77.7,55.77,53.49,MODERATE
STU108689,0.0,20.26,39.81,30.0,56.85,26.82,25.89,LOW
STU108690,2.67,15.04,36.3,37.0,50.28,4.29,22.56,LOW
STU108691,28.71,26.32,59.23,52.25,67.4,36.92,42.44,MODERATE
STU108692,21.65,32.49,28.72,33.25,61.02,20.08,31.29,MODERATE
STU108693,16.25,14.65,53.96,19.0,25.3,17.1,24.79,LOW
STU108694,43.63,49.65,46.54,65.0,100.0,50.5,55.25,MODERATE
STU108695,10.15,24.7,64.61,28.0,43.88,26.56,32.37,MODERATE
STU108696,7.67,19.81,74.61,23.5,41.55,23.11,31.4,MODERATE
STU108697,30.46,32.23,56.36,37.75,70.05,14.45,39.53,MODERATE
STU108698,0.0,22.88,26.08,32.0,42.7,21.08,22.11,LOW
STU108699,37.59,29.17,32.12,45.25,65.75,15.72,36.17,MODERATE
STU108700,24.38,33.19,56.95,32.5,96.93,35.15,42.65,MODERATE
STU108701,29.97,30.93,60.56,35.25,100.0,24.81,43.61,MODERATE
STU108702,9.71,16.62,59.8,14.75,67.03,21.03,29.08,LOW
STU108703,35.92,40.28,55.62,50.25,78.85,38.17,47.62,MODERATE
STU108704,41.51,55.98,46.01,62.5,83.22,57.98,54.99,MODERATE
STU108705,18.18,26.78,69.84,39.5,53.2,21.09,37.65,MODERATE
STU108706,28.84,43.41,38.51,34.5,73.42,20.58,38.9,MODERATE
STU108707,50.74,35.85,76.26,52.5,98.12,32.73,55.32,MODERATE
STU108708,7.44,30.2,63.82,41.25,66.18,32.05,37.81,MODERATE
STU108709,7.59,20.51,27.22,24.75,53.72,14.0,22.57,LOW
STU108710,21.65,31.06,16.19,43.75,40.48,28.87,28.83,LOW
STU108711,34.0,43.6,44.16,62.75,71.52,49.06,48.0,MODERATE
STU108712,2.75,32.89,77.95,30.25,75.98,30.33,39.53,MODERATE
STU108713,15.52,18.21,37.39,29.0,50.9,24.67,27.04,LOW
STU108714,3.19,3.78,52.81,10.0,20.6,1.12,15.82,LOW
STU108715,0.0,10.42,69.75,43.0,40.6,6.78,27.74,LOW
STU108716,30.36,37.1,42.81,57.75,97.88,43.14,46.67,MODERATE
STU108717,19.78,15.12,51.52,27.25,39.4,5.96,26.66,LOW
STU108718,10.21,24.75,74.55,47.5,54.1,30.86,38.76,MODERATE
STU108719,33.47,41.77,47.76,64.75,81.75,30.31,47.61,MODERATE
STU108720,25.78,25.45,63.2,33.5,68.32,29.57,38.97,MODERATE
STU108721,0.0,6.85,47.16,7.5,21.05,9.16,15.29,LOW
STU108722,4.92,8.48,68.26,30.25,67.22,16.25,29.64,LOW
STU108723,34.87,46.3,37.98,52.5,97.12,32.0,46.93,MODERATE
STU108724,18.76,37.99,57.49,39.5,71.47,30.7,40.89,MODERATE
STU108725,11.09,29.46,67.2,45.0,51.35,38.99,38.81,MODERATE
STU108726,35.45,46.27,47.4,48.75,100.0,39.81,49.43,MODERATE
STU108727,41.49,50.51,56.9,60.25,94.75,46.48,55.47,MODERATE
STU108728,22.31,25.95,35.76,37.0,64.45,11.81,31.28,MODERATE
STU108729,18.08,36.66,44.22,37.0,55.7,38.89,36.63,MODERATE
STU108730,34.54,38.13,70.39,74.25,93.55,49.62,55.97,MODERATE
STU108731,12.3,28.72,57.98,24.5,60.1,39.49,34.87,MODERATE
STU108732,11.57,11.02,56.25,14.75,55.02,17.04,25.74,LOW
STU108733,24.17,32.79,51.78,39.0,52.15,30.22,37.47,MODERATE
STU108734,7.96,25.68,23.48,32.75,53.35,15.55,24.51,LOW
STU108735,9.15,24.16,49.66,33.25,46.12,18.66,29.27,LOW
STU108736,15.52,26.23,64.68,24.5,65.65,29.13,35.75,MODERATE
STU108737,32.9,49.8,30.75,65.5,93.92,45.24,48.92,MODERATE
STU108738,37.21,33.71,64.26,49.0,70.12,29.46,46.03,MODERATE
STU108739,24.12,39.84,71.23,42.25,75.78,48.91,47.84,MODERATE
STU108740,17.32,44.68,46.36,48.5,87.0,32.85,43.17,MODERATE
STU108741,0.0,18.78,52.11,9.75,36.88,20.33,22.3,LOW
STU108742,1.42,21.85,61.08,10.5,69.32,25.73,29.04,LOW
STU108743,35.99,39.27,53.95,52.25,81.77,40.25,47.84,MODERATE
STU108744,28.38,37.3,46.39,36.0,54.55,44.83,39.62,MODERATE
STU108745,0.0,18.78,63.8,30.5,43.72,30.86,29.49,LOW
STU108746,44.38,25.7,61.66,36.5,85.28,30.03,44.64,MODERATE
STU108747,10.34,24.88,34.52,31.5,43.82,24.04,26.7,LOW
STU108748,21.65,21.24,46.18,0.0,49.28,15.15,25.32,LOW
STU108749,2.91,20.45,50.26,37.0,33.67,14.38,26.1,LOW
STU108750,36.66,36.89,48.9,16.5,53.42,38.51,38.0,MODERATE
STU108751,17.76,21.99,71.72,13.25,48.08,23.04,32.49,MODERATE
STU108752,29.18,34.39,64.19,53.75,79.7,42.49,47.55,MODERATE
STU108753,0.0,10.47,59.55,0.0,35.82,24.63,20.57,LOW
STU108754,15.0,27.56,31.74,42.5,26.52,28.05,28.07,LOW
STU108755,8.29,15.27,44.41,26.0,73.95,18.92,27.54,LOW
STU108756,20.5,30.12,60.15,53.25,89.92,28.87,43.53,MODERATE
STU108757,12.51,20.87,43.5,32.5,41.22,20.58,27.47,LOW
STU108758,16.51,30.59,55.88,31.25,43.28,38.98,35.04,MODERATE
STU108759,28.85,46.3,49.78,37.0,71.92,53.85,45.43,MODERATE
STU108760,38.68,44.52,73.58,28.25,100.0,44.64,52.28,MODERATE
STU108761,19.36,33.19,53.36,44.5,58.82,29.11,38.31,MODERATE
STU108762,15.51,20.94,46.96,47.75,58.18,22.5,32.96,MODERATE
STU108763,40.08,48.45,68.65,54.75,91.2,54.77,56.67,MODERATE
STU108764,22.65,31.4,26.75,46.75,62.85,20.79,33.11,MODERATE
STU108765,8.67,12.1,48.15,5.25,36.52,10.4,19.87,LOW
STU108766,31.71,39.4,46.75,53.25,89.12,35.26,45.97,MODERATE
STU108767,0.0,17.24,40.76,28.5,27.62,12.83,20.78,LOW
STU108768,43.69,47.69,51.05,60.5,69.25,50.56,51.93,MODERATE
STU108769,25.36,32.62,50.69,43.5,88.25,31.8,41.9,MODERATE
STU108770,15.07,10.1,54.25,41.75,70.7,7.74,30.5,MODERATE
STU108771,1.18,22.09,37.82,1.25,43.88,4.42,18.34,LOW
STU108772,23.27,46.06,42.68,47.25,72.88,36.41,42.72,MODERATE
STU108773,44.83,49.66,67.29,46.75,62.4,60.56,54.15,MODERATE
STU108774,28.77,40.56,29.26,67.0,100.0,28.87,44.68,MODERATE
STU108775,32.73,14.61,46.95,41.0,73.32,13.64,34.43,MODERATE
STU108776,26.7,39.65,67.95,47.25,93.22,36.99,48.95,MODERATE
STU108777,16.64,25.48,45.64,26.75,27.78,26.12,28.23,LOW
STU108778,20.44,25.23,46.31,39.0,58.48,23.92,33.75,MODERATE
STU108779,28.9,37.33,52.06,46.75,43.28,37.98,40.66,MODERATE
STU108780,6.46,19.98,54.32,43.25,59.98,18.04,31.44,MODERATE
STU108781,33.44,45.07,37.99,42.0,85.05,31.83,43.54,MODERATE
STU108782,24.68,30.18,30.29,36.0,81.38,18.97,33.97,MODERATE
STU108783,27.36,46.6,40.75,61.75,90.75,45.61,48.17,MODERATE
STU108784,0.0,19.68,64.53,13.75,50.03,8.62,25.75,LOW
STU108785,37.0,30.97,54.39,37.0,100.0,38.68,45.44,MODERATE
STU108786,24.66,18.43,39.96,33.0,66.42,21.1,31.23,MODERATE
STU108787,43.43,47.04,62.93,41.75,62.4,39.21,49.46,MODERATE
STU108788,18.2,37.56,59.61,53.0,70.23,42.12,44.14,MODERATE
STU108789,23.13,36.22,62.84,37.0,68.62,29.86,41.65,MODERATE
STU108790,0.0,4.23,60.59,0.0,13.77,0.0,14.55,LOW
STU108791,18.24,27.56,60.26,44.5,83.0,39.17,41.48,MODERATE
STU108792,47.45,34.2,35.49,29.75,89.0,32.57,41.76,MODERATE
STU108793,29.93,32.69,51.39,41.0,57.6,28.85,39.23,MODERATE
STU108794,42.44,40.34,55.94,61.5,88.3,50.56,52.87,MODERATE
STU108795,16.1,32.08,55.51,39.25,54.35,28.12,36.48,MODERATE
STU108796,11.54,22.43,43.55,22.0,36.5,15.72,25.15,LOW
STU108797,9.54,22.99,57.29,43.5,55.12,20.15,33.17,MODERATE
STU108798,0.0,23.73,60.82,30.25,42.35,27.54,29.62,LOW
STU108799,46.67,34.53,45.82,52.25,83.1,26.64,45.94,MODERATE
STU108800,24.31,21.92,49.41,47.0,73.9,19.7,36.63,MODERATE
STU108801,15.56,35.56,36.86,24.0,67.95,19.56,31.73,MODERATE
STU108802,23.72,28.66,69.79,53.25,74.35,18.81,43.17,MODERATE
STU108803,34.52,24.92,26.06,40.75,49.32,12.21,30.61,MODERATE
STU108804,21.65,17.73,58.45,40.25,58.35,14.26,33.75,MODERATE
STU108805,17.24,17.52,39.7,42.0,39.92,9.3,26.99,LOW
STU108806,26.08,29.61,54.95,30.5,42.9,31.55,35.63,MODERATE
STU108807,0.0,20.99,57.44,21.5,57.12,22.76,27.95,LOW
STU108808,26.82,26.2,43.95,34.75,51.5,22.74,33.34,MODERATE
STU108809,22.59,32.07,46.74,33.0,67.95,33.51,36.98,MODERATE
STU108810,5.66,9.98,32.95,22.5,36.12,5.91,17.8,LOW
STU108811,33.35,45.5,54.89,38.5,80.78,47.27,47.6,MODERATE
STU108812,38.01,48.48,43.8,64.25,72.8,52.23,50.62,MODERATE
STU108813,25.27,39.32,35.36,58.0,71.18,28.87,40.66,MODERATE
STU108814,23.57,26.62,56.51,29.5,61.05,35.15,36.72,MODERATE
STU108815,5.38,20.05,46.88,20.25,48.48,12.77,24.63,LOW
STU108816,28.42,37.94,57.79,44.5,87.42,48.54,47.0,MODERATE
STU108817,13.41,12.85,57.91,6.0,42.42,19.52,24.57,LOW
STU108818,29.3,32.67,29.54,36.25,46.85,35.92,33.65,MODERATE
STU108819,16.26,33.92,48.88,36.25,50.7,33.68,35.38,MODERATE
STU108820,35.89,35.32,63.38,36.25,83.25,37.02,46.15,MODERATE
STU108821,0.0,5.23,36.94,10.75,46.95,0.0,15.0,LOW
STU108822,16.1,26.64,53.44,35.0,52.85,23.22,33.43,MODERATE
STU108823,34.37,46.58,64.32,66.5,77.12,47.88,53.86,MODERATE
STU108824,0.0,5.34,63.34,0.0,50.32,3.87,19.42,LOW
STU108825,11.09,27.52,62.84,46.5,20.6,29.49,33.65,MODERATE
STU108826,10.94,18.67,69.95,32.25,62.4,12.83,33.21,MODERATE
STU108827,13.13,10.99,46.34,21.5,16.0,6.7,20.14,LOW
STU108828,9.3,26.11,38.86,11.25,51.1,27.5,25.71,LOW
STU108829,0.0,21.96,63.32,30.5,60.88,28.87,31.7,MODERATE
STU108830,26.09,17.26,44.92,33.0,59.25,24.4,31.83,MODERATE
STU108831,27.8,24.72,54.34,33.25,69.85,21.29,36.71,MODERATE
STU108832,30.96,30.09,41.25,47.0,64.57,25.94,38.07,MODERATE
STU108833,8.17,23.07,56.99,32.75,76.4,23.92,33.74,MODERATE
STU108834,21.65,21.65,50.09,42.25,63.25,8.61,33.28,MODERATE
STU108835,15.08,30.22,49.9,40.75,65.35,22.12,35.41,MODERATE
STU108836,15.8,20.95,49.65,25.75,51.25,32.46,30.56,MODERATE
STU108837,19.95,18.94,48.98,14.5,73.22,21.77,30.2,MODERATE
STU108838,0.0,17.51,57.95,38.25,58.28,28.87,30.42,MODERATE
STU108839,17.3,21.14,63.49,30.75,77.6,19.36,35.75,MODERATE
STU108840,0.0,3.15,45.28,13.5,24.75,0.0,14.34,LOW
STU108841,5.68,15.16,25.71,24.25,44.18,0.0,18.12,LOW
STU108842,26.81,32.78,50.08,17.5,80.3,39.61,38.19,MODERATE
STU108843,10.34,25.83,66.69,33.25,62.4,24.79,35.57,MODERATE
STU108844,1.48,12.15,50.85,42.0,62.4,13.78,27.42,LOW
STU108845,29.52,38.43,67.31,51.0,78.08,50.43,49.47,MODERATE
STU108846,2.76,0.88,47.79,13.25,38.2,0.0,16.14,LOW
STU108847,44.59,37.14,55.15,49.25,82.1,34.06,48.24,MODERATE
STU108848,17.85,30.22,58.78,32.5,58.85,34.79,37.12,MODERATE
STU108849,27.87,37.24,41.11,49.0,47.72,26.0,37.83,MODERATE
STU108850,20.27,24.92,69.59,19.25,59.82,36.56,36.73,MODERATE
STU108851,44.16,40.74,47.19,51.0,95.15,42.73,49.89,MODERATE
STU108852,22.83,26.17,68.01,27.75,32.67,42.17,36.36,MODERATE
STU108853,46.63,42.81,54.19,35.0,82.95,43.99,48.81,MODERATE
STU108854,36.21,43.96,73.15,63.25,95.62,36.25,55.54,MODERATE
STU108855,2.58,24.86,62.29,17.75,20.4,20.67,25.96,LOW
STU108856,4.58,12.92,58.0,26.0,49.35,26.79,27.26,LOW
STU108857,33.21,36.86,48.08,39.25,82.82,36.47,43.29,MODERATE
STU108858,5.05,19.71,41.94,35.0,47.45,20.47,26.37,LOW
STU108859,11.12,23.64,53.12,23.5,46.52,6.68,27.6,LOW
STU108860,13.61,23.26,47.39,21.5,73.28,25.91,31.16,MODERATE
STU108861,7.23,14.17,63.35,20.0,70.1,17.58,29.43,LOW
STU108862,30.61,29.52,78.34,58.75,64.55,41.58,48.6,MODERATE
STU108863,7.1,24.14,43.48,30.75,67.8,24.08,29.95,LOW
STU108864,39.54,43.19,30.87,49.0,85.8,24.48,43.26,MODERATE
STU108865,42.84,39.9,35.48,44.75,90.8,38.14,45.25,MODERATE
STU108866,0.83,14.21,41.45,10.0,58.5,11.1,20.47,LOW
STU108867,21.65,22.57,62.56,17.25,57.58,45.49,35.38,MODERATE
STU108868,22.24,31.92,45.44,40.5,72.55,22.24,37.07,MODERATE
STU108869,7.14,8.36,40.05,19.5,44.38,8.77,19.77,LOW
STU108870,0.0,16.67,58.54,23.5,21.98,9.27,22.53,LOW
STU108871,13.72,25.01,50.59,36.75,68.35,22.99,33.76,MODERATE
STU108872,37.71,50.72,54.92,51.5,87.5,42.11,51.89,MODERATE
STU108873,26.57,28.42,59.71,50.75,64.65,32.51,41.69,MODERATE
STU108874,22.95,35.9,63.25,56.0,96.12,42.02,48.43,MODERATE
STU108875,29.79,28.66,69.03,31.5,75.12,40.91,43.26,MODERATE
STU108876,0.0,36.35,62.98,54.75,77.05,42.05,41.81,MODERATE
STU108877,21.2,44.55,44.66,49.25,81.4,31.07,42.94,MODERATE
STU108878,56.05,53.99,67.18,73.0,100.0,57.33,64.83,HIGH
STU108879,12.32,25.94,44.9,33.0,60.32,20.02,30.91,MODERATE
STU108880,38.56,54.74,73.73,73.0,93.62,62.04,62.66,HIGH
STU108881,24.16,35.62,46.31,58.25,59.98,44.4,42.17,MODERATE
STU108882,20.72,21.45,62.62,20.5,43.75,25.78,32.06,MODERATE
STU108883,21.65,35.27,34.72,52.5,58.22,27.91,36.58,MODERATE
STU108884,23.88,48.42,60.31,53.25,77.42,53.2,49.99,MODERATE
STU108885,20.07,24.77,38.65,44.5,80.88,13.81,34.08,MODERATE
STU108886,37.91,32.6,46.85,43.0,78.62,18.35,41.25,MODERATE
STU108887,17.32,23.48,39.95,32.25,75.58,20.8,31.8,MODERATE
STU108888,45.47,37.48,43.85,45.75,67.42,44.48,45.29,MODERATE
STU108889,31.04,34.56,45.48,43.5,46.9,34.33,38.59,MODERATE
STU108890,28.23,30.57,43.59,42.25,67.77,38.77,39.0,MODERATE
STU108891,21.65,34.19,50.5,34.0,48.15,35.22,36.41,MODERATE
STU108892,11.99,13.88,45.58,3.5,24.3,14.23,19.36,LOW
STU108893,17.6,26.58,75.92,32.25,55.7,43.35,40.09,MODERATE
STU108894,11.77,21.64,66.31,40.0,48.35,20.59,33.92,MODERATE
STU108895,31.22,38.64,20.69,43.0,60.02,28.87,35.38,MODERATE
STU108896,36.59,28.03,58.44,36.25,76.6,34.79,42.59,MODERATE
STU108897,24.46,40.09,47.49,58.5,63.52,38.64,43.4,MODERATE
STU108898,7.13,28.09,59.48,53.25,55.12,25.21,36.36,MODERATE
STU108899,10.55,10.37,46.14,30.0,70.7,12.47,26.75,LOW
STU108900,27.88,41.26,49.99,43.5,46.1,43.11,41.34,MODERATE
STU108901,29.76,22.94,68.31,45.0,54.82,22.19,39.8,MODERATE
STU108902,23.22,31.1,61.62,35.75,56.03,43.95,40.1,MODERATE
STU108903,21.65,28.42,58.13,52.0,64.98,40.68,41.43,MODERATE
STU108904,14.26,26.66,51.1,47.5,71.75,19.16,35.95,MODERATE
STU108905,35.14,35.64,58.79,49.25,83.82,47.9,48.26,MODERATE
STU108906,3.05,18.27,36.84,24.0,41.28,18.61,22.13,LOW
STU108907,0.0,4.67,52.0,4.5,13.6,9.96,14.6,LOW
STU108908,25.84,38.15,56.58,51.5,64.25,38.86,44.06,MODERATE
STU108909,34.04,27.87,63.76,52.5,36.7,32.22,41.29,MODERATE
STU108910,12.69,20.13,53.49,47.0,50.82,34.1,33.81,MODERATE
STU108911,20.85,33.07,40.99,39.75,70.97,26.23,36.32,MODERATE
STU108912,21.65,39.56,50.22,59.75,77.32,36.0,44.56,MODERATE
STU108913,1.39,14.96,39.07,33.25,50.88,3.23,22.23,LOW
STU108914,31.05,23.36,40.37,23.5,33.43,25.73,29.56,LOW
STU108915,13.04,28.92,41.97,20.0,60.85,26.54,29.97,LOW
STU108916,0.0,16.1,45.81,20.25,37.58,6.02,20.58,LOW
STU108917,19.47,23.38,47.98,25.5,40.77,19.1,29.15,LOW
STU108918,25.98,24.08,47.95,35.75,72.62,21.44,35.57,MODERATE
STU108919,27.27,46.46,49.94,70.0,73.68,31.41,48.07,MODERATE
STU108920,21.25,34.07,54.66,36.0,70.0,33.57,39.46,MODERATE
STU108921,0.0,15.13,42.58,11.5,32.22,15.62,18.81,LOW
STU108922,5.7,20.32,53.66,13.0,52.18,22.52,26.37,LOW
STU108923,36.5,28.41,51.14,43.75,100.0,30.43,44.24,MODERATE
STU108924,4.64,16.43,68.04,25.25,47.68,15.94,28.79,LOW
STU108925,18.88,32.29,62.52,27.5,83.6,27.61,39.6,MODERATE
STU108926,10.84,14.98,47.36,20.75,23.6,17.07,22.56,LOW
STU108927,16.43,26.94,54.08,27.0,41.52,32.02,32.24,MODERATE
STU108928,0.0,8.08,51.14,19.0,60.38,5.9,21.73,LOW
STU108929,16.45,19.28,39.85,25.75,63.82,10.31,27.36,LOW
STU108930,23.38,28.64,46.06,46.25,79.12,28.59,38.76,MODERATE
STU108931,33.12,38.17,41.39,39.75,62.4,30.3,39.68,MODERATE
STU108932,27.97,32.95,51.26,40.75,74.68,27.65,40.43,MODERATE
STU108933,21.65,50.34,58.98,26.0,76.7,53.61,45.64,MODERATE
STU108934,38.79,48.91,28.62,49.75,100.0,46.4,47.81,MODERATE
STU108935,13.75,21.95,35.5,52.5,52.5,4.91,28.95,LOW
STU108936,30.68,26.36,56.28,44.25,91.5,34.25,43.19,MODERATE
STU108937,15.03,39.89,67.51,41.0,39.25,42.2,40.78,MODERATE
STU108938,13.23,32.96,44.55,42.75,45.03,30.01,33.71,MODERATE
STU108939,25.39,30.28,69.92,46.5,30.7,33.39,40.02,MODERATE
STU108940,20.33,27.76,32.58,31.75,54.8,27.33,30.5,MODERATE
STU108941,0.0,7.89,42.01,24.25,16.97,9.39,16.65,LOW
STU108942,19.18,16.5,51.4,24.25,41.4,22.77,28.3,LOW
STU108943,2.69,4.38,60.95,20.25,43.45,0.0,21.21,LOW
STU108944,16.87,38.92,69.11,47.75,73.75,44.3,45.89,MODERATE
STU108945,7.06,28.02,31.4,19.25,45.45,17.89,23.92,LOW
STU108946,18.01,27.93,53.2,38.0,53.85,23.33,34.64,MODERATE
STU108947,26.21,33.64,54.45,44.25,71.0,37.21,42.0,MODERATE
STU108948,0.0,0.48,50.0,11.0,23.38,0.0,14.11,LOW
STU108949,41.95,44.86,38.48,46.25,78.18,39.1,45.97,MODERATE
STU108950,47.69,54.71,67.4,72.25,100.0,61.71,63.7,HIGH
STU108951,20.64,46.01,62.8,59.5,91.52,53.38,51.61,MODERATE
STU108952,36.15,46.18,64.66,57.5,87.1,54.42,54.48,MODERATE
STU108953,100.0,43.08,78.42,36.0,82.93,41.53,64.3,HIGH
STU108954,26.01,29.2,51.55,43.0,91.45,18.09,40.22,MODERATE
STU108955,3.89,29.15,48.6,34.75,69.38,28.06,32.74,MODERATE
STU108956,59.01,54.52,57.04,73.75,89.68,55.21,62.39,HIGH
STU108957,5.8,17.54,32.4,15.0,36.2,11.88,19.08,LOW
STU108958,52.0,43.39,62.87,56.75,92.95,51.84,56.81,MODERATE
STU108959,11.11,22.78,58.13,32.5,51.08,20.77,31.6,MODERATE
STU108960,30.31,24.07,28.75,32.5,48.72,18.37,29.41,LOW
STU108961,4.03,30.33,33.9,13.25,53.7,19.01,24.43,LOW
STU108962,21.38,24.42,65.39,42.75,45.05,28.87,37.26,MODERATE
STU108963,4.4,25.64,35.14,34.0,53.05,17.75,26.5,LOW
STU108964,27.21,30.98,46.98,40.75,84.18,34.28,40.54,MODERATE
STU108965,27.69,29.69,42.35,51.5,81.27,19.12,39.19,MODERATE
STU108966,14.38,27.88,64.05,42.0,67.12,20.79,37.75,MODERATE
STU108967,21.65,24.06,45.54,14.0,52.52,21.92,29.0,LOW
STU108968,12.97,20.77,42.5,36.0,25.35,7.81,25.0,LOW
STU108969,11.01,48.38,67.9,33.5,64.22,100.0,49.32,MODERATE
STU108970,10.91,28.41,60.02,48.75,63.73,27.69,37.74,MODERATE
STU108971,25.77,34.44,47.08,37.5,61.12,33.9,38.31,MODERATE
STU108972,2.0,22.44,65.05,22.0,72.85,14.28,31.03,MODERATE
STU108973,0.0,8.66,51.48,1.5,30.15,12.99,17.0,LOW
STU108974,28.36,23.54,43.36,31.5,57.92,25.63,33.31,MODERATE
STU108975,21.46,37.76,47.56,42.75,49.42,28.95,37.49,MODERATE
STU108976,21.65,26.58,59.26,33.25,52.7,32.69,36.35,MODERATE
STU108977,12.61,17.87,62.71,28.75,52.12,16.71,30.73,MODERATE
STU108978,45.85,47.4,50.32,67.75,97.12,36.87,54.65,MODERATE
STU108979,51.23,34.86,49.89,35.75,66.6,41.83,45.14,MODERATE
STU108980,19.17,23.89,59.45,18.75,44.2,21.5,31.08,MODERATE
STU108981,22.89,34.96,65.8,55.75,70.97,36.52,45.59,MODERATE
STU108982,27.66,23.5,72.65,44.5,60.82,26.23,41.32,MODERATE
STU108983,0.0,8.8,43.9,12.5,42.55,12.72,18.38,LOW
STU108984,10.94,30.9,37.71,44.0,49.15,34.71,32.44,MODERATE
STU108985,49.77,52.79,46.08,76.25,92.38,52.91,58.33,MODERATE
STU108986,53.04,45.19,29.45,58.75,93.1,34.54,49.37,MODERATE
STU108987,30.91,25.07,62.68,32.0,47.65,33.34,37.88,MODERATE
STU108988,26.17,44.65,52.62,39.0,71.95,33.41,43.31,MODERATE
STU108989,10.7,23.94,53.69,33.5,78.75,14.15,33.18,MODERATE
STU108990,42.19,29.97,60.76,39.5,55.1,30.65,42.58,MODERATE
STU108991,7.36,19.59,31.81,4.75,53.42,8.18,19.6,LOW
STU108992,46.84,37.1,65.16,55.75,84.0,30.62,51.5,MODERATE
STU108993,23.77,31.2,57.45,38.0,67.95,19.96,38.54,MODERATE
STU108994,20.65,25.95,44.88,40.0,48.45,7.98,31.24,MODERATE
STU108995,0.0,28.74,55.16,44.5,58.1,26.43,33.34,MODERATE
STU108996,24.55,24.96,54.05,25.25,52.58,19.28,32.93,MODERATE
STU108997,42.54,53.43,52.47,70.25,100.0,51.66,58.06,MODERATE
STU108998,12.93,26.82,53.15,30.5,75.05,23.65,34.37,MODERATE
STU108999,25.37,29.38,37.24,41.5,64.35,26.86,35.21,MODERATE
STU109000,10.68,16.76,38.99,15.75,58.6,9.45,23.29,LOW
STU109001,13.32,25.0,53.05,37.25,54.2,26.17,33.15,MODERATE
STU109002,25.06,24.5,48.22,24.25,49.58,23.01,31.68,MODERATE
STU109003,24.88,27.78,63.96,25.75,67.85,37.38,39.1,MODERATE
STU109004,9.05,20.32,54.0,36.25,51.4,22.42,30.51,MODERATE
STU109005,17.3,24.53,38.61,27.75,43.88,22.51,28.12,LOW
STU109006,22.7,20.47,56.04,25.25,84.95,21.08,35.26,MODERATE
STU109007,0.0,3.28,45.81,0.0,17.73,3.2,12.08,LOW
STU109008,28.24,29.66,26.38,39.0,70.3,22.81,33.5,MODERATE
STU109009,32.68,40.15,32.07,55.75,79.12,32.22,42.48,MODERATE
STU109010,23.7,32.01,59.34,46.0,69.4,29.31,41.38,MODERATE
STU109011,32.64,28.76,50.96,37.25,59.5,5.74,36.02,MODERATE
STU109012,48.18,52.13,46.86,72.0,100.0,52.53,58.09,MODERATE
STU109013,23.5,39.17,63.49,49.0,56.95,48.09,45.04,MODERATE
STU109014,21.76,34.26,54.45,35.25,78.72,37.06,40.67,MODERATE
STU109015,30.56,31.01,22.35,30.5,62.58,23.41,31.51,MODERATE
STU109016,34.89,37.83,73.55,31.5,73.62,51.07,48.34,MODERATE
STU109017,22.94,27.1,56.64,37.0,62.4,26.92,37.17,MODERATE
STU109018,11.36,31.0,56.47,36.0,43.1,30.52,34.08,MODERATE
STU109019,7.87,22.94,52.86,36.5,68.82,4.54,30.69,MODERATE
STU109020,29.72,41.05,66.62,39.75,89.55,46.2,49.07,MODERATE
STU109021,0.0,18.43,52.08,12.0,53.8,10.97,23.3,LOW
STU109022,35.37,41.62,77.66,42.25,100.0,43.46,53.69,MODERATE
STU109023,16.73,37.15,50.65,42.0,41.22,37.78,36.96,MODERATE
STU109024,0.0,8.01,40.5,20.5,25.35,0.0,15.71,LOW
STU109025,25.08,33.94,64.24,47.25,62.4,43.98,44.07,MODERATE
STU109026,27.34,32.9,61.98,35.75,62.6,43.75,42.09,MODERATE
STU109027,36.1,50.26,64.25,51.25,65.4,45.96,51.46,MODERATE
STU109028,31.89,41.94,60.24,48.75,82.6,46.61,49.14,MODERATE
STU109029,13.54,31.69,75.85,41.75,64.92,41.3,42.69,MODERATE
STU109030,19.84,24.18,55.16,6.0,47.62,28.84,29.59,LOW
STU109031,24.33,31.66,55.08,45.5,69.08,43.76,41.91,MODERATE
STU109032,12.56,34.98,64.05,50.25,78.97,40.01,43.5,MODERATE
STU109033,31.93,45.08,59.35,51.5,87.75,49.72,51.0,MODERATE
STU109034,23.09,46.08,47.47,48.25,68.62,28.87,42.62,MODERATE
STU109035,50.32,50.28,63.55,47.75,74.3,56.53,55.59,MODERATE
STU109036,16.62,20.63,27.59,19.0,67.32,16.25,25.21,LOW
STU109037,9.66,26.33,55.02,38.0,52.77,40.15,34.51,MODERATE
STU109038,22.82,38.33,51.79,44.5,63.77,37.78,41.33,MODERATE
STU109039,26.51,30.24,55.3,39.75,73.25,26.65,39.87,MODERATE
STU109040,5.41,23.12,48.39,19.75,43.75,23.54,26.23,LOW
STU109041,12.17,27.51,47.39,32.5,62.32,27.36,32.63,MODERATE
STU109042,7.56,18.48,65.84,23.25,53.32,26.93,30.81,MODERATE
STU109043,27.92,38.21,40.48,48.5,83.87,22.35,41.13,MODERATE
STU109044,9.95,37.72,47.04,51.75,62.4,17.75,36.61,MODERATE
STU109045,15.41,40.27,57.2,49.75,57.3,56.93,43.47,MODERATE
STU109046,16.16,26.29,46.24,40.75,48.55,16.94,31.71,MODERATE
STU109047,48.04,40.99,60.02,54.25,60.18,46.83,50.7,MODERATE
STU109048,2.78,15.85,42.66,18.25,26.85,15.17,19.99,LOW
STU109049,21.65,19.19,57.28,39.0,47.18,23.94,33.55,MODERATE
STU109050,0.0,16.4,48.36,37.0,45.03,18.31,25.66,LOW
STU109051,22.54,19.88,58.22,28.75,48.98,30.39,33.37,MODERATE
STU109052,16.11,34.94,45.15,53.5,80.35,20.85,39.13,MODERATE
STU109053,4.77,15.18,28.15,32.25,43.3,5.72,20.12,LOW
STU109054,24.83,20.93,44.12,20.0,77.6,19.93,31.78,MODERATE
STU109055,22.08,45.48,49.28,46.5,79.4,50.92,45.65,MODERATE
STU109056,45.02,52.08,58.16,74.5,100.0,51.87,60.02,HIGH
STU109057,50.85,56.87,37.88,64.25,93.48,50.67,56.02,MODERATE
STU109058,18.13,22.51,46.69,38.5,77.83,13.56,33.51,MODERATE
STU109059,0.2,14.45,43.99,19.75,39.05,24.09,21.73,LOW
STU109060,43.96,47.98,79.41,55.0,76.18,59.38,58.48,MODERATE
STU109061,26.23,35.53,55.72,27.25,74.7,38.3,40.66,MODERATE
STU109062,28.83,34.54,54.4,43.75,62.4,26.81,40.76,MODERATE
STU109063,0.0,10.44,64.03,28.5,30.95,17.87,24.57,LOW
STU109064,0.0,6.29,49.92,8.5,29.2,8.3,16.58,LOW
STU109065,30.51,22.64,30.83,17.0,39.28,18.14,26.22,LOW
STU109066,14.8,20.0,62.74,27.75,57.6,33.93,33.82,MODERATE
STU109067,19.13,24.47,54.1,30.5,42.72,21.26,31.74,MODERATE
STU109068,47.72,42.43,57.64,56.25,78.45,40.24,51.99,MODERATE
STU109069,4.17,18.86,38.06,23.75,71.88,16.24,25.54,LOW
STU109070,27.81,43.78,57.46,53.0,76.7,43.28,47.95,MODERATE
STU109071,31.79,29.04,39.95,53.0,66.15,17.19,37.89,MODERATE
STU109072,18.48,19.26,47.11,29.25,51.55,22.09,29.68,LOW
STU109073,21.85,26.94,50.15,37.0,39.1,20.94,32.69,MODERATE
STU109074,19.36,20.52,43.01,19.0,29.9,7.8,24.22,LOW
STU109075,8.35,20.42,64.65,26.25,52.55,38.91,32.79,MODERATE
STU109076,42.52,41.68,25.39,62.0,80.92,33.26,44.72,MODERATE
STU109077,45.7,60.14,55.22,64.25,85.88,61.21,59.57,LOW
STU109078,5.33,21.79,50.81,29.75,62.4,21.16,29.49,LOW
STU109079,13.82,12.81,39.5,23.25,58.2,7.2,23.89,LOW
STU109080,18.36,17.66,50.41,30.25,70.55,30.55,32.82,MODERATE
STU109081,7.05,23.39,68.11,43.0,50.03,25.75,34.91,MODERATE
STU109082,28.06,22.87,48.98,23.75,42.78,11.87,30.15,MODERATE
STU109083,8.9,11.93,60.19,36.0,52.95,18.69,29.36,LOW
STU109084,35.08,31.04,58.53,50.75,50.62,41.36,43.29,MODERATE
STU109085,0.0,25.25,34.61,31.25,29.5,8.39,21.71,LOW
STU109086,19.62,33.91,50.76,30.0,49.18,29.42,34.91,MODERATE
STU109087,12.8,32.82,69.15,49.5,40.28,40.55,40.1,MODERATE
STU109088,26.43,25.64,62.87,39.0,59.7,28.28,38.92,MODERATE
STU109089,30.2,41.71,46.4,48.5,92.07,35.04,45.73,MODERATE
STU109090,21.65,41.35,36.59,36.5,77.68,40.39,39.27,MODERATE
STU109091,14.16,7.12,58.71,0.0,30.42,21.2,21.52,LOW
STU109092,31.53,47.75,49.04,52.25,83.75,50.82,49.35,MODERATE
STU109093,12.65,23.34,46.4,28.25,61.7,31.39,31.19,MODERATE
STU109094,100.0,17.92,49.94,31.0,68.25,20.24,47.97,MODERATE
STU109095,17.83,25.74,66.79,39.0,54.37,19.16,36.56,MODERATE
STU109096,13.14,20.51,57.61,26.75,32.07,34.8,29.98,LOW
STU109097,7.0,25.87,48.18,47.25,27.8,30.73,30.44,MODERATE
STU109098,35.75,39.03,53.04,48.75,72.45,57.04,47.78,MODERATE
STU109099,14.14,21.26,55.3,26.75,56.6,24.02,31.28,MODERATE
STU109100,25.81,28.27,31.94,51.75,71.12,21.18,35.61,MODERATE
STU109101,23.57,13.5,54.39,11.75,19.38,2.33,22.9,LOW
STU109102,19.69,35.08,35.16,47.25,39.25,27.19,33.47,MODERATE
STU109103,29.71,39.98,74.84,45.5,76.0,39.43,49.27,MODERATE
STU109104,36.74,27.36,56.78,21.5,42.32,29.12,35.91,MODERATE
STU109105,27.7,37.18,60.7,51.0,74.35,41.33,46.19,MODERATE
STU109106,18.22,29.05,46.85,42.75,67.82,26.44,36.12,MODERATE
STU109107,24.07,31.6,46.39,52.75,67.82,34.84,40.17,MODERATE
STU109108,26.15,31.81,38.88,44.5,53.62,37.59,36.75,MODERATE
STU109109,35.36,44.77,55.38,39.75,66.07,48.0,46.71,MODERATE
STU109110,0.0,3.84,40.89,7.5,32.3,0.4,13.53,LOW
STU109111,13.98,23.04,50.15,40.5,49.4,22.58,31.86,MODERATE
STU109112,26.74,25.9,41.21,59.75,60.05,11.26,36.16,MODERATE
STU109113,44.01,36.93,35.5,44.0,75.45,31.2,42.4,MODERATE
STU109114,15.93,29.96,44.52,37.75,64.78,25.85,34.31,MODERATE
STU109115,29.15,29.85,38.8,51.0,85.98,21.41,39.44,MODERATE
STU109116,27.93,40.29,58.94,37.0,99.48,27.84,45.73,MODERATE
STU109117,25.13,36.48,42.5,53.75,71.18,36.06,41.43,MODERATE
STU109118,30.3,27.38,43.69,52.5,65.33,14.06,37.46,MODERATE
STU109119,21.65,22.41,47.21,40.75,53.0,30.38,33.83,MODERATE
STU109120,21.15,41.77,75.78,52.0,65.58,50.68,49.25,MODERATE
STU109121,24.38,29.67,65.1,47.0,65.9,39.61,42.91,MODERATE
STU109122,16.5,31.85,51.19,41.0,92.98,39.53,40.9,MODERATE
STU109123,17.01,34.34,47.46,42.75,67.92,21.78,36.86,MODERATE
STU109124,24.63,25.17,53.69,42.5,78.92,24.85,38.71,MODERATE
STU109125,1.84,5.14,56.06,14.75,18.2,5.34,17.43,LOW
STU109126,7.04,20.11,44.5,20.5,31.25,15.87,23.12,LOW
STU109127,0.0,3.5,41.24,11.75,32.72,0.0,14.16,LOW
STU109128,40.02,41.53,64.53,40.25,60.8,36.81,47.09,MODERATE
STU109129,0.0,18.68,50.14,21.75,24.7,28.87,23.32,LOW
STU109130,16.04,26.9,65.24,31.5,57.72,15.98,35.08,MODERATE
STU109131,19.17,12.2,54.59,16.75,49.52,17.57,27.02,LOW
STU109132,25.23,22.22,47.34,31.25,72.25,11.87,33.17,MODERATE
STU109133,22.56,38.48,65.95,42.75,72.08,36.29,44.57,MODERATE
STU109134,0.0,24.52,44.35,30.5,64.18,19.98,27.99,LOW
STU109135,18.54,21.53,53.96,36.75,67.8,8.01,32.98,MODERATE
STU109136,40.58,44.92,56.94,67.75,98.18,51.67,55.88,MODERATE
STU109137,28.33,26.94,38.99,41.75,88.88,21.77,37.53,MODERATE
STU109138,9.64,24.58,71.69,22.75,37.18,33.92,32.93,MODERATE
STU109139,23.67,23.11,45.66,41.75,55.6,19.6,33.43,MODERATE
STU109140,18.44,24.82,66.24,32.25,40.95,30.03,35.08,MODERATE
STU109141,11.42,37.61,46.22,48.5,63.75,28.47,37.43,MODERATE
STU109142,18.07,25.71,42.37,18.75,52.42,36.48,30.22,MODERATE
STU109143,35.67,27.71,53.11,32.5,54.02,20.94,37.05,MODERATE
STU109144,19.3,30.73,37.4,33.75,63.67,31.68,33.62,MODERATE
STU109145,21.12,37.97,23.24,38.0,56.38,32.16,32.92,MODERATE
STU109146,5.62,21.57,49.18,30.75,55.15,18.63,28.34,LOW
STU109147,19.27,26.14,48.92,21.25,57.58,26.55,31.77,MODERATE
STU109148,21.65,26.94,65.69,33.0,62.32,32.69,38.65,MODERATE
STU109149,4.53,6.06,63.88,12.25,6.52,16.71,19.36,LOW
STU109150,17.83,14.98,59.58,42.25,63.3,18.09,33.7,MODERATE
STU109151,10.53,23.12,48.36,26.0,28.4,27.02,27.0,LOW
STU109152,23.19,23.94,56.03,49.5,75.45,27.95,39.59,MODERATE
STU109153,16.52,33.47,72.28,37.0,66.55,41.77,42.51,MODERATE
STU109154,27.34,46.1,55.72,55.75,80.65,43.06,48.87,MODERATE
STU109155,8.97,39.48,46.45,38.0,62.4,43.61,37.25,MODERATE
STU109156,60.27,51.45,57.65,83.0,100.0,45.93,63.49,HIGH
STU109157,26.1,22.98,37.05,28.0,52.12,19.98,29.78,LOW
STU109158,17.6,28.77,48.36,28.25,61.98,26.42,33.46,MODERATE
STU109159,21.29,33.5,41.52,37.0,77.83,29.81,37.25,MODERATE
STU109160,22.54,37.36,33.75,24.0,52.68,19.45,31.41,MODERATE
STU109161,34.24,43.73,47.32,51.75,81.53,46.8,47.84,MODERATE
STU109162,0.0,10.96,49.76,11.25,37.58,3.08,18.45,LOW
STU109163,27.79,38.22,50.7,39.5,53.9,38.91,40.46,MODERATE
STU109164,27.21,41.91,47.95,53.5,57.75,39.27,43.24,MODERATE
STU109165,11.32,26.45,67.55,33.25,82.9,36.23,39.29,MODERATE
STU109166,19.91,26.0,56.51,30.5,62.17,15.65,34.14,MODERATE
STU109167,20.21,32.68,52.29,6.25,88.82,35.47,36.04,MODERATE
STU109168,33.71,28.68,52.05,33.0,35.37,30.71,35.88,MODERATE
STU109169,29.82,30.63,75.35,35.5,60.7,36.22,43.71,MODERATE
STU109170,2.39,12.29,56.55,16.5,30.15,17.09,22.06,LOW
STU109171,29.47,30.55,45.6,27.5,63.3,33.63,36.47,MODERATE
STU109172,18.32,29.2,68.21,38.75,67.45,37.13,40.88,MODERATE
STU109173,20.8,25.06,62.6,20.25,35.98,35.14,33.09,MODERATE
STU109174,9.53,30.84,37.52,38.5,55.65,31.09,31.57,MODERATE
STU109175,20.35,19.14,47.81,41.25,35.5,31.41,31.3,MODERATE
STU109176,8.56,19.73,31.49,31.5,70.68,7.74,25.51,LOW
STU109177,16.61,26.41,49.78,24.75,56.38,33.41,32.57,MODERATE
STU109178,29.36,32.76,50.08,44.25,62.75,40.12,41.0,MODERATE
STU109179,28.74,36.82,51.69,49.0,71.28,34.06,43.18,MODERATE
STU109180,8.77,22.67,63.99,17.75,43.65,28.98,30.15,MODERATE
STU109181,4.47,13.88,46.92,19.25,56.47,15.41,23.82,LOW
STU109182,38.34,47.35,48.06,55.0,90.65,34.36,49.87,MODERATE
STU109183,23.0,31.34,45.42,41.5,55.55,21.9,35.49,MODERATE
STU109184,8.53,31.0,49.44,45.25,88.52,33.68,38.35,MODERATE
STU109185,24.8,18.91,58.79,13.0,60.32,21.65,31.59,MODERATE
STU109186,28.66,28.96,47.39,36.25,58.32,18.54,35.57,MODERATE
STU109187,0.0,0.0,50.0,0.0,22.3,0.0,12.23,LOW
STU109188,16.8,35.87,59.99,44.0,64.15,32.02,40.54,MODERATE
STU109189,10.93,13.83,39.61,21.75,40.55,9.38,21.82,LOW
STU109190,16.4,8.6,71.38,24.75,47.82,17.85,29.99,LOW
STU109191,5.42,21.34,48.75,30.0,64.05,13.86,28.46,LOW
STU109192,29.93,24.31,51.39,41.5,45.98,22.36,35.4,MODERATE
STU109193,24.79,26.45,57.7,25.25,56.28,31.65,35.69,MODERATE
STU109194,21.11,33.81,62.96,38.25,59.25,34.3,40.36,MODERATE
STU109195,16.98,12.15,59.23,23.75,44.82,1.95,26.52,LOW
STU109196,25.08,42.64,51.59,50.0,86.92,43.19,46.5,MODERATE
STU109197,23.76,30.17,50.6,36.25,71.97,33.3,38.38,MODERATE
STU109198,21.65,42.47,52.04,28.0,96.75,44.14,43.64,MODERATE
STU109199,49.07,51.97,41.15,68.25,96.35,38.3,54.74,MODERATE
STU109200,1.32,18.27,61.14,24.25,57.35,25.46,28.98,LOW
STU109201,21.65,12.63,63.82,38.0,39.7,18.58,31.78,MODERATE
STU109202,24.69,42.93,38.98,34.75,79.55,36.77,40.31,MODERATE
STU109203,9.72,16.6,27.82,25.5,37.22,0.0,19.21,LOW
STU109204,55.04,40.39,62.3,70.5,89.5,29.95,56.09,MODERATE
STU109205,15.74,22.89,46.3,48.25,62.4,26.34,34.24,MODERATE
STU109206,14.92,34.1,56.04,32.0,64.78,36.59,37.65,MODERATE
STU109207,6.21,28.31,30.64,51.0,52.42,27.24,30.06,MODERATE
STU109208,36.21,40.26,52.11,34.0,46.18,29.37,40.38,MODERATE
STU109209,48.19,30.27,57.65,42.25,76.0,16.38,44.31,MODERATE
STU109210,21.54,24.82,47.25,44.0,46.32,10.07,32.2,MODERATE
STU109211,28.1,31.99,34.01,44.75,74.85,27.75,37.39,MODERATE
STU109212,17.08,14.63,40.39,28.75,44.35,8.45,24.74,LOW
STU109213,28.08,27.79,52.96,49.0,77.8,17.75,40.06,MODERATE
STU109214,0.0,1.13,50.89,4.25,9.82,1.51,12.23,LOW
STU109215,39.83,44.72,42.69,48.0,85.3,43.38,47.75,MODERATE
STU109216,19.78,25.21,33.51,30.75,49.92,27.86,29.35,LOW
STU109217,10.61,23.8,57.92,32.5,81.53,23.67,35.05,MODERATE
STU109218,24.1,28.49,55.66,37.0,56.7,38.77,38.17,MODERATE
STU109219,3.95,14.13,61.19,16.5,44.15,14.74,24.92,LOW
STU109220,11.91,22.84,74.98,35.5,59.0,37.41,38.05,MODERATE
STU109221,37.99,40.27,66.7,48.5,74.22,49.45,50.65,MODERATE
STU109222,5.96,25.99,13.11,12.0,42.78,15.79,17.97,LOW
STU109223,32.27,36.66,50.84,57.25,82.18,41.68,46.76,MODERATE
STU109224,31.81,35.42,36.4,40.25,89.62,19.14,39.41,MODERATE
STU109225,21.88,23.6,50.62,30.25,63.88,27.89,34.11,MODERATE
STU109226,18.35,15.42,60.39,31.5,40.5,18.24,30.2,MODERATE
STU109227,20.48,21.47,61.16,29.75,62.7,29.7,35.4,MODERATE
STU109228,16.21,30.38,59.88,27.0,74.3,46.94,38.99,MODERATE
STU109229,12.8,34.72,61.16,35.25,65.7,32.01,38.53,MODERATE
STU109230,0.0,19.96,55.0,22.25,39.42,15.36,24.81,LOW
STU109231,31.6,26.34,67.07,20.25,50.77,31.66,37.6,MODERATE
STU109232,39.98,45.37,45.38,63.0,71.35,39.89,48.99,MODERATE
STU109233,27.9,36.01,48.8,58.75,61.33,29.94,42.28,MODERATE
STU109234,0.0,15.11,48.78,22.75,39.18,15.95,22.46,LOW
STU109235,38.36,30.4,58.99,34.0,76.23,25.06,42.3,MODERATE
STU109236,17.26,23.69,57.66,25.75,47.5,24.2,31.94,MODERATE
STU109237,14.84,14.13,38.74,35.75,51.1,5.84,25.3,LOW
STU109238,13.28,23.26,44.66,34.5,59.42,9.21,29.44,LOW
STU109239,36.24,50.04,59.58,58.5,93.78,45.09,54.34,MODERATE
STU109240,32.72,36.98,61.18,50.5,55.05,29.57,44.06,MODERATE
STU109241,9.26,7.6,30.99,6.25,8.38,0.0,11.73,LOW
STU109242,47.56,50.26,50.62,42.0,80.3,30.19,49.55,MODERATE
STU109243,3.85,34.26,44.05,42.0,61.25,36.7,34.24,MODERATE
STU109244,16.98,32.81,71.65,36.5,48.18,49.9,41.21,MODERATE
STU109245,7.55,23.78,34.16,41.0,63.42,8.96,27.67,LOW
STU109246,3.04,25.77,75.49,24.25,38.7,37.0,33.36,MODERATE
STU109247,52.7,48.24,56.47,35.25,100.0,26.35,51.82,MODERATE
STU109248,21.63,37.29,62.71,50.5,67.97,41.62,44.72,MODERATE
STU109249,24.22,27.03,56.16,15.25,78.42,33.66,36.33,MODERATE
STU109250,16.2,20.12,51.35,26.75,64.92,21.41,31.19,MODERATE
STU109251,21.65,36.82,69.54,37.5,91.4,35.79,45.79,MODERATE
STU109252,46.85,32.16,46.08,48.75,100.0,20.12,45.95,MODERATE
STU109253,26.27,23.42,69.01,22.5,65.47,32.81,38.11,MODERATE
STU109254,42.12,39.18,62.66,51.0,77.62,34.21,49.58,MODERATE
STU109255,21.65,16.07,42.88,27.0,51.55,11.29,27.26,LOW
STU109256,28.4,34.0,46.02,31.5,66.95,35.5,38.35,MODERATE
STU109257,29.17,34.7,46.29,36.25,82.12,31.13,40.53,MODERATE
STU109258,25.57,39.1,56.15,37.0,76.58,40.35,43.36,MODERATE
STU109259,27.41,32.15,49.08,63.5,79.55,24.84,43.3,MODERATE
STU109260,41.28,41.78,43.61,58.0,98.5,46.99,50.67,MODERATE
STU109261,13.33,22.46,63.44,30.5,43.42,10.4,30.93,MODERATE
STU109262,43.11,38.4,65.38,48.0,85.45,34.03,50.45,MODERATE
STU109263,9.59,25.0,52.41,36.75,72.4,35.72,34.97,MODERATE
STU109264,25.13,35.48,60.86,19.25,45.2,39.5,37.43,MODERATE
STU109265,0.0,10.38,41.26,46.25,69.05,2.57,24.95,LOW
STU109266,12.81,21.84,60.66,33.5,43.35,26.68,32.18,MODERATE
STU109267,4.04,25.29,48.42,22.5,58.45,18.0,27.83,LOW
STU109268,0.57,9.89,47.09,1.75,40.7,12.4,17.58,LOW
STU109269,18.92,23.49,46.0,34.5,71.05,26.73,33.81,MODERATE
STU109270,24.47,21.79,61.23,29.5,57.55,24.7,35.24,MODERATE
STU109271,36.22,44.86,49.65,43.25,77.38,49.48,47.56,MODERATE
STU109272,19.84,35.4,38.49,49.0,89.6,30.55,39.88,MODERATE
STU109273,5.79,27.59,40.75,6.0,63.32,14.37,24.87,LOW
STU109274,23.65,23.02,35.43,39.75,60.18,16.58,31.21,MODERATE
STU109275,9.62,35.56,41.96,34.75,46.25,26.79,31.72,MODERATE
STU109276,26.35,31.64,56.3,38.25,62.93,34.98,39.97,MODERATE
STU109277,5.15,12.8,66.47,15.0,47.13,25.29,27.02,LOW
STU109278,31.93,35.92,31.06,42.75,74.88,21.41,37.62,MODERATE
STU109279,25.74,34.8,42.35,48.25,76.7,38.17,41.04,MODERATE
STU109280,21.65,42.48,82.46,36.75,71.1,56.35,49.7,MODERATE
STU109281,0.57,9.65,52.84,13.5,38.98,16.03,20.62,LOW
STU109282,34.76,40.25,53.44,57.75,84.6,36.91,48.52,MODERATE
STU109283,37.27,40.46,28.58,44.75,78.32,23.47,40.18,MODERATE
STU109284,0.0,3.14,57.85,1.75,22.62,12.57,16.14,LOW
STU109285,15.79,14.68,38.86,21.5,78.57,7.79,26.46,LOW
STU109286,40.98,37.19,38.43,49.5,78.57,30.21,43.48,MODERATE
STU109287,25.97,52.01,42.09,61.5,68.95,43.91,47.13,MODERATE
STU109288,50.31,47.54,36.55,52.5,70.18,38.02,47.95,MODERATE
STU109289,36.01,26.57,44.21,31.5,46.35,25.22,34.57,MODERATE
STU109290,2.79,21.41,51.8,16.0,50.45,26.35,26.35,LOW
STU109291,17.73,8.58,42.36,30.0,54.58,3.7,24.49,LOW
STU109292,47.85,47.06,45.1,61.75,97.75,35.88,52.98,MODERATE
STU109293,46.67,50.78,67.31,56.0,91.9,55.39,58.62,MODERATE
STU109294,29.23,36.62,39.46,42.5,81.9,27.11,40.17,MODERATE
STU109295,0.0,2.35,50.1,16.25,32.45,2.04,16.49,LOW
STU109296,12.18,19.38,47.35,35.75,58.32,15.72,29.52,LOW
STU109297,14.65,24.26,63.95,30.5,74.35,28.19,36.61,MODERATE
STU109298,30.38,37.26,27.51,57.25,69.22,27.75,39.18,MODERATE
STU109299,52.61,54.71,64.54,71.25,86.68,67.62,63.22,HIGH
STU109300,12.93,36.13,33.25,24.5,62.52,26.86,30.88,MODERATE
STU109301,20.18,33.48,47.55,18.0,59.23,34.7,34.01,MODERATE
STU109302,19.18,30.46,54.69,41.25,62.7,33.75,38.22,MODERATE
STU109303,32.36,28.04,61.78,55.5,77.38,50.42,46.94,MODERATE
STU109304,27.43,32.85,44.68,43.5,51.25,25.0,36.78,MODERATE
STU109305,33.8,42.79,67.71,68.0,86.78,51.71,55.05,MODERATE
STU109306,0.0,11.36,66.64,32.0,62.5,10.74,28.29,LOW
STU109307,36.96,37.91,59.9,45.0,73.77,43.13,47.29,MODERATE
STU109308,9.06,28.92,38.55,53.0,59.6,34.08,34.07,MODERATE
STU109309,19.76,32.39,41.68,40.5,66.85,24.11,35.56,MODERATE
STU109310,14.53,23.2,45.9,41.75,36.35,10.54,28.84,LOW
STU109311,34.16,38.12,57.45,47.75,73.03,49.69,47.29,MODERATE
STU109312,10.32,20.16,59.29,37.0,58.08,28.87,33.21,MODERATE
STU109313,33.99,36.15,69.71,50.0,78.62,32.55,48.39,MODERATE
STU109314,18.61,29.1,55.72,39.75,63.08,30.98,37.51,MODERATE
STU109315,2.38,8.22,35.65,24.0,36.85,4.5,17.4,LOW
STU109316,18.08,40.46,60.92,56.25,61.88,25.08,43.05,MODERATE
STU109317,21.65,19.75,55.06,35.75,41.25,27.59,32.53,MODERATE
STU109318,10.91,27.63,54.32,18.0,67.03,26.38,31.99,MODERATE
STU109319,21.65,26.34,48.15,46.0,59.95,20.91,35.53,MODERATE
STU109320,8.46,28.83,76.56,41.75,79.8,40.82,42.54,MODERATE
STU109321,8.06,10.94,26.35,7.25,12.38,2.96,12.24,LOW
STU109322,21.42,28.81,42.9,29.75,74.88,29.69,34.99,MODERATE
STU109323,17.05,33.76,54.76,31.0,56.92,28.35,35.98,MODERATE
STU109324,35.06,37.14,60.2,42.25,76.27,26.25,44.93,MODERATE
STU109325,21.65,31.82,66.62,40.5,84.98,31.75,43.36,MODERATE
STU109326,17.88,9.87,45.49,17.25,63.73,0.0,24.1,LOW
STU109327,25.04,39.99,65.92,48.5,69.75,34.51,45.89,MODERATE
STU109328,33.83,57.1,58.69,71.25,87.02,57.1,57.88,MODERATE
STU109329,18.84,11.74,45.26,19.25,48.15,3.28,23.79,LOW
STU109330,33.79,36.28,58.94,47.75,95.3,40.39,48.35,MODERATE
STU109331,15.86,29.44,65.01,24.75,47.45,30.99,35.09,MODERATE
STU109332,22.44,31.98,45.53,32.25,50.65,30.43,34.53,MODERATE
STU109333,2.03,16.46,49.62,26.5,41.95,2.75,22.89,LOW
STU109334,36.75,43.76,48.91,62.0,81.25,36.51,49.15,MODERATE
STU109335,49.66,41.32,56.15,42.0,69.92,43.03,49.09,MODERATE
STU109336,26.34,36.06,40.59,42.0,65.7,23.89,37.66,MODERATE
STU109337,39.28,45.0,49.09,63.5,67.27,38.38,49.01,MODERATE
STU109338,7.1,22.44,40.9,33.25,24.55,12.0,23.85,LOW
STU109339,42.97,55.52,60.21,58.25,78.82,60.37,57.17,MODERATE
STU109340,15.73,18.9,49.04,35.75,45.38,27.33,30.31,MODERATE
STU109341,21.65,24.23,71.18,33.5,56.53,38.61,39.16,MODERATE
STU109342,10.26,32.18,68.44,42.25,64.57,33.94,39.97,MODERATE
STU109343,18.19,21.7,44.58,37.0,54.75,12.3,30.23,MODERATE
STU109344,12.96,37.89,62.05,30.0,64.18,42.48,39.64,MODERATE
STU109345,35.07,39.99,49.4,37.0,43.9,43.8,41.21,MODERATE
STU109346,20.75,23.68,71.23,40.0,67.92,41.5,41.26,MODERATE
STU109347,21.23,20.02,36.75,20.75,35.35,14.46,24.69,LOW
STU109348,22.99,32.77,44.66,51.25,100.0,21.89,41.6,MODERATE
STU109349,30.29,29.14,54.79,17.75,60.75,23.35,35.37,MODERATE
STU109350,50.54,60.16,51.35,75.5,100.0,51.62,61.9,HIGH
STU109351,42.43,50.42,40.52,75.75,88.58,49.08,54.32,MODERATE
STU109352,13.02,26.92,49.1,23.25,58.58,24.88,30.99,MODERATE
STU109353,45.77,37.14,38.69,39.0,51.45,27.14,39.89,MODERATE
STU109354,48.42,35.04,65.04,37.75,78.32,46.21,49.57,MODERATE
STU109355,21.7,21.02,49.38,35.5,76.15,23.89,34.8,MODERATE
STU109356,34.14,29.29,60.09,37.0,80.53,28.87,42.66,MODERATE
STU109357,39.01,44.71,47.91,51.5,83.25,39.63,48.57,MODERATE
STU109358,45.06,45.53,41.14,48.75,78.03,50.86,48.82,MODERATE
STU109359,54.04,51.74,51.55,66.75,80.7,68.26,58.96,MODERATE
STU109360,22.94,20.08,47.05,24.0,66.45,15.0,30.76,MODERATE
STU109361,21.65,37.06,39.75,36.75,78.85,28.87,37.83,MODERATE
STU109362,25.61,18.19,43.68,18.0,61.27,19.99,29.23,LOW
STU109363,31.24,30.44,35.76,36.0,72.55,16.49,35.31,MODERATE
STU109364,23.08,34.1,35.01,61.5,45.15,28.87,36.77,MODERATE
STU109365,23.69,28.53,57.68,39.75,62.25,37.06,39.3,MODERATE
STU109366,2.37,37.93,55.04,42.0,54.95,42.25,36.98,MODERATE
STU109367,28.74,27.97,43.6,39.75,51.78,31.06,35.71,MODERATE
STU109368,24.1,35.04,38.38,45.5,76.53,29.96,38.73,MODERATE
STU109369,34.99,41.85,67.16,44.25,96.95,54.81,52.71,MODERATE
STU109370,8.33,11.57,65.08,26.25,58.35,11.5,28.5,LOW
STU109371,4.58,11.68,64.49,22.0,28.32,16.32,24.5,LOW
STU109372,0.0,20.18,53.06,29.5,30.08,13.56,24.45,LOW
STU109373,23.16,34.86,76.89,31.0,69.8,34.9,43.85,MODERATE
STU109374,25.19,48.47,62.46,52.25,61.62,49.35,48.58,MODERATE
STU109375,39.97,33.29,49.76,45.5,69.0,39.7,43.96,MODERATE
STU109376,23.34,31.9,55.31,21.0,69.27,27.3,36.51,MODERATE
STU109377,26.71,33.16,61.54,43.5,82.9,30.63,43.82,MODERATE
STU109378,40.87,45.74,46.88,52.5,61.58,43.87,47.4,MODERATE
STU109379,44.77,43.52,75.1,54.0,85.9,47.42,56.29,MODERATE
STU109380,21.85,24.71,62.1,51.0,67.4,23.74,39.73,MODERATE
STU109381,60.71,67.33,34.3,96.75,100.0,52.57,65.6,HIGH
STU109382,15.36,33.08,52.16,43.0,45.28,31.59,35.91,MODERATE
STU109383,25.86,41.16,63.76,53.25,64.28,46.66,47.3,MODERATE
STU109384,10.3,10.26,52.68,26.5,55.3,0.0,24.67,LOW
STU109385,8.98,20.66,51.26,33.0,40.92,9.22,27.18,LOW
STU109386,11.74,20.23,43.31,20.25,31.1,19.19,24.13,LOW
STU109387,28.14,27.54,56.29,60.75,63.35,38.12,43.03,MODERATE
STU109388,41.86,38.57,47.35,52.25,78.03,25.38,45.66,MODERATE
STU109389,35.2,43.03,50.64,44.5,100.0,45.36,49.14,MODERATE
STU109390,15.72,29.79,53.82,31.0,42.62,25.93,32.86,MODERATE
STU109391,29.43,44.46,49.09,59.5,100.0,28.87,48.63,MODERATE
STU109392,6.48,16.01,33.05,25.75,64.98,13.21,23.59,LOW
STU109393,32.43,33.08,62.25,43.25,90.02,41.29,46.82,MODERATE
STU109394,8.24,27.81,38.92,20.5,65.68,27.54,28.78,LOW
STU109395,59.4,42.65,67.05,65.0,83.15,47.62,58.78,MODERATE
STU109396,24.77,43.98,57.06,40.5,61.88,48.9,44.51,MODERATE
STU109397,56.33,51.61,38.05,51.25,86.82,50.33,53.18,MODERATE
STU109398,4.49,21.69,48.69,40.0,25.5,5.2,25.13,LOW
STU109399,27.73,33.9,36.09,40.5,69.95,14.55,35.76,MODERATE
STU109400,12.58,19.82,67.98,39.0,62.4,25.22,35.68,MODERATE
STU109401,4.57,29.21,51.56,49.75,62.4,28.95,35.13,MODERATE
STU109402,23.08,22.34,63.67,24.75,62.68,26.26,35.54,MODERATE
STU109403,34.05,39.6,58.59,37.5,93.08,51.77,48.54,MODERATE
STU109404,21.65,23.04,52.56,37.75,82.32,27.22,37.22,MODERATE
STU109405,10.9,32.89,57.7,48.25,56.0,27.52,37.53,MODERATE
STU109406,15.7,18.94,37.32,30.5,77.5,15.81,29.24,LOW
STU109407,16.46,22.76,48.5,43.5,75.88,15.3,34.33,MODERATE
STU109408,0.0,0.0,50.0,1.75,42.3,0.0,14.49,LOW
STU109409,9.86,9.65,47.71,22.25,27.58,6.28,20.65,LOW
STU109410,41.91,55.14,46.4,50.5,68.7,56.55,51.55,MODERATE
STU109411,26.86,28.74,41.69,42.5,65.58,29.06,36.73,MODERATE
STU109412,16.29,46.68,50.8,40.5,56.8,45.76,41.42,MODERATE
STU109413,0.25,19.62,54.71,19.5,57.85,19.49,26.56,LOW
STU109414,36.38,33.32,25.92,42.0,51.88,17.75,34.05,MODERATE
STU109415,18.69,18.1,72.47,30.75,64.47,19.75,35.79,MODERATE
STU109416,45.82,61.04,59.36,64.0,89.2,50.37,59.85,LOW
STU109417,48.02,46.0,46.56,64.25,85.55,45.07,53.12,MODERATE
STU109418,5.53,8.33,57.3,7.75,55.1,8.16,22.14,LOW
STU109419,25.09,28.05,42.34,29.25,72.8,27.27,34.89,MODERATE
STU109420,31.23,41.78,54.58,46.5,75.35,38.56,45.97,MODERATE
STU109421,10.79,19.83,48.46,37.5,81.98,20.75,32.71,MODERATE
STU109422,32.78,32.97,47.44,49.25,74.6,21.58,41.29,MODERATE
STU109423,5.7,33.85,54.37,44.25,84.45,28.87,38.45,MODERATE
STU109424,44.85,47.53,68.7,56.75,77.53,47.95,55.65,MODERATE
STU109425,25.54,38.7,61.73,57.75,91.35,42.75,49.2,MODERATE
STU109426,35.87,37.41,49.95,30.75,63.2,38.16,41.26,MODERATE
STU109427,0.0,32.02,29.5,6.5,35.48,23.12,20.74,LOW
STU109428,5.56,34.13,63.39,37.75,57.65,39.86,37.74,MODERATE
STU109429,8.65,27.59,40.81,22.75,53.92,21.43,27.74,LOW
STU109430,36.2,21.82,57.99,25.0,44.32,33.04,35.78,MODERATE
STU109431,6.51,17.75,55.99,35.5,59.95,20.84,30.34,MODERATE
STU109432,39.04,37.98,69.95,67.25,82.28,42.63,53.87,MODERATE
STU109433,27.16,32.96,61.74,33.5,65.47,35.91,41.18,MODERATE
STU109434,28.75,23.69,55.41,32.5,51.1,30.9,35.83,MODERATE
STU109435,23.19,31.12,75.1,45.5,69.73,37.63,45.0,MODERATE
STU109436,24.99,20.68,56.06,37.25,77.9,11.34,35.89,MODERATE
STU109437,30.2,37.34,53.18,42.75,62.4,41.74,42.84,MODERATE
STU109438,2.22,12.97,43.46,0.0,59.18,0.0,18.3,LOW
STU109439,6.74,19.22,71.71,25.75,14.45,27.67,28.57,LOW
STU109440,31.15,37.1,52.52,42.5,86.82,43.04,45.37,MODERATE
STU109441,37.22,59.22,68.24,48.25,100.0,58.42,58.98,MODERATE
STU109442,15.31,39.16,60.48,35.25,68.9,39.61,41.09,MODERATE
STU109443,30.56,47.64,79.44,39.0,69.1,68.64,53.53,MODERATE
STU109444,26.47,19.0,51.95,30.75,62.2,11.91,32.46,MODERATE
STU109445,23.42,17.52,47.66,27.25,27.53,27.02,28.14,LOW
STU109446,33.82,42.69,48.78,69.5,73.85,36.7,48.67,MODERATE
STU109447,22.84,31.08,36.84,47.5,76.92,21.13,36.64,MODERATE
STU109448,38.67,42.82,64.91,55.75,79.85,48.82,52.65,MODERATE
STU109449,16.29,21.02,59.59,29.25,45.35,23.98,31.75,MODERATE
STU109450,23.01,29.65,67.09,22.25,43.05,37.59,36.83,MODERATE
STU109451,4.83,16.87,43.25,21.5,48.25,13.35,23.22,LOW
STU109452,11.1,27.43,47.6,22.0,70.97,20.84,31.08,MODERATE
STU109453,22.83,27.98,59.35,30.0,69.08,34.27,38.27,MODERATE
STU109454,36.92,42.26,55.34,45.5,100.0,32.65,49.11,MODERATE
STU109455,41.86,34.58,48.85,45.25,79.92,36.62,45.23,MODERATE
STU109456,7.03,16.22,61.06,15.75,47.8,20.76,26.89,LOW
STU109457,30.72,31.95,42.98,37.25,67.9,28.35,37.94,MODERATE
STU109458,40.25,49.35,41.05,54.5,72.82,36.32,47.69,MODERATE
STU109459,9.71,24.14,65.14,41.0,76.3,30.17,37.8,MODERATE
STU109460,26.67,23.5,48.86,35.25,71.3,26.54,36.05,MODERATE
STU109461,0.0,17.39,56.95,21.0,40.8,17.61,24.73,LOW
STU109462,21.95,27.22,52.92,31.5,97.88,31.64,39.46,MODERATE
STU109463,23.82,32.11,60.85,38.25,61.0,37.62,40.56,MODERATE
STU109464,21.65,9.33,47.87,16.25,7.93,12.72,20.74,LOW
STU109465,22.46,47.86,59.14,42.5,72.38,54.82,47.38,MODERATE
STU109466,4.93,12.84,63.75,23.75,37.15,21.79,26.4,LOW
STU109467,33.77,45.22,51.01,41.5,75.5,50.77,47.11,MODERATE
STU109468,23.75,26.88,23.52,42.25,57.15,0.0,28.23,LOW
STU109469,16.33,25.28,55.14,30.25,40.7,25.57,31.78,MODERATE
STU109470,28.75,29.47,71.69,40.75,73.25,31.31,44.02,MODERATE
STU109471,45.14,37.74,52.52,52.5,59.0,41.06,46.85,MODERATE
STU109472,17.45,23.99,44.6,41.25,62.25,34.4,34.26,MODERATE
STU109473,27.65,45.62,54.04,55.25,57.38,40.91,45.86,MODERATE
STU109474,0.0,5.69,48.9,16.25,19.45,5.77,16.16,LOW
STU109475,17.02,39.44,57.86,40.5,67.35,47.59,42.4,MODERATE
STU109476,6.57,19.56,57.78,20.75,43.55,16.24,26.85,LOW
STU109477,7.59,16.69,40.76,41.5,51.0,14.38,26.61,LOW
STU109478,9.59,26.83,48.5,29.75,44.85,20.66,29.34,LOW
STU109479,33.35,25.98,51.6,41.75,71.92,12.53,38.19,MODERATE
STU109480,22.49,28.16,30.4,38.75,58.18,24.65,31.71,MODERATE
STU109481,15.61,22.15,49.31,40.25,56.32,15.32,31.72,MODERATE
STU109482,13.42,21.78,43.72,36.75,77.75,19.42,32.1,MODERATE
STU109483,45.11,41.94,67.16,61.75,83.25,51.77,55.7,MODERATE
STU109484,49.52,39.52,54.11,49.0,100.0,28.87,50.84,MODERATE
STU109485,7.34,15.46,58.99,34.0,45.48,30.89,29.87,LOW
STU109486,49.86,45.14,86.58,78.75,93.68,63.22,66.08,HIGH
STU109487,20.2,26.56,48.71,44.0,57.45,20.75,34.84,MODERATE
STU109488,36.43,40.89,48.16,38.25,64.12,41.62,43.45,MODERATE
STU109489,30.1,23.09,41.54,25.25,70.9,17.75,32.75,MODERATE
STU109490,34.59,36.76,19.66,47.25,66.5,31.17,36.89,MODERATE
STU109491,16.43,25.77,67.44,42.75,68.32,21.51,38.61,MODERATE
STU109492,19.31,31.7,51.61,38.75,50.58,24.13,35.39,MODERATE
STU109493,0.0,11.95,66.03,10.0,4.85,28.87,21.07,LOW
STU109494,14.14,30.02,49.52,31.5,79.68,25.96,35.53,MODERATE
STU109495,2.87,16.38,47.92,24.5,47.35,5.88,23.25,LOW
STU109496,37.3,44.35,36.79,68.5,91.2,33.88,48.69,MODERATE
STU109497,6.8,26.84,47.14,37.0,43.78,17.48,29.17,LOW
STU109498,6.51,33.43,56.39,23.5,70.9,38.54,35.41,MODERATE
STU109499,26.96,29.5,54.71,35.75,73.03,28.93,39.27,MODERATE
STU109500,21.97,21.18,49.97,33.0,58.92,23.72,32.9,MODERATE
STU109501,4.21,5.65,55.84,29.25,43.92,4.3,22.63,LOW
STU109502,8.88,30.54,54.24,52.25,60.5,22.32,36.38,MODERATE
STU109503,34.4,36.67,38.17,63.5,63.1,25.28,42.04,MODERATE
STU109504,35.73,41.36,59.84,45.5,91.95,41.56,49.63,MODERATE
STU109505,13.04,29.58,51.78,30.0,51.68,26.64,32.69,MODERATE
STU109506,15.79,19.97,38.65,27.25,63.18,15.39,27.83,LOW
STU109507,21.65,48.92,62.25,58.25,85.15,52.71,51.53,MODERATE
STU109508,18.86,29.47,43.74,22.5,62.13,33.05,32.78,MODERATE
STU109509,40.49,42.61,55.78,43.5,93.48,39.66,49.75,MODERATE
STU109510,24.02,26.94,35.06,34.75,51.02,17.7,30.64,MODERATE
STU109511,34.42,30.05,53.22,56.25,39.95,34.99,40.97,MODERATE
STU109512,4.87,36.82,68.55,57.75,67.97,55.17,44.87,MODERATE
STU109513,25.48,31.9,67.92,31.75,79.75,35.83,42.98,MODERATE
STU109514,0.0,16.49,67.1,26.75,48.82,20.08,28.44,LOW
STU109515,17.18,22.89,32.92,45.5,44.8,14.01,28.45,LOW
STU109516,5.77,20.31,51.4,20.5,54.55,29.95,28.04,LOW
STU109517,0.0,0.0,50.0,14.25,2.83,0.0,12.42,LOW
STU109518,16.94,33.7,41.69,35.75,82.25,28.43,36.58,MODERATE
STU109519,1.18,14.77,66.54,37.0,37.58,11.15,27.66,LOW
STU109520,30.26,36.76,50.36,38.25,64.7,28.91,40.41,MODERATE
STU109521,9.76,15.62,47.22,14.5,34.15,17.94,22.68,LOW
STU109522,28.3,32.55,43.51,38.0,65.95,36.29,38.42,MODERATE
STU109523,21.55,28.54,34.74,36.0,59.45,13.49,31.09,MODERATE
STU109524,0.0,27.47,34.67,38.25,40.03,14.17,24.96,LOW
STU109525,5.26,20.23,52.52,38.0,64.47,13.47,30.11,MODERATE
STU109526,42.66,45.23,46.24,58.0,89.65,34.07,50.16,MODERATE
STU109527,41.76,38.67,32.48,31.0,80.55,20.91,39.31,MODERATE
STU109528,17.85,18.84,34.5,32.0,34.78,17.4,25.2,LOW
STU109529,35.08,29.22,56.88,40.75,62.2,31.7,41.2,MODERATE
STU109530,42.43,40.25,55.15,41.75,74.92,37.57,47.09,MODERATE
STU109531,21.65,36.9,40.7,36.25,65.8,34.82,37.19,MODERATE
STU109532,26.04,29.95,64.46,45.5,54.08,22.54,40.07,MODERATE
STU109533,22.4,18.44,65.2,29.0,79.25,18.08,36.21,MODERATE
STU109534,21.65,27.77,57.25,34.75,59.68,26.54,36.56,MODERATE
STU109535,18.07,20.19,45.38,29.25,58.22,25.4,30.49,MODERATE
STU109536,38.44,39.84,55.48,42.5,79.95,33.81,46.5,MODERATE
STU109537,17.21,38.86,64.18,47.0,72.68,38.78,44.19,MODERATE
STU109538,7.64,22.39,77.1,24.25,41.75,28.68,33.23,MODERATE
STU109539,32.87,38.95,56.58,30.25,67.68,36.73,42.61,MODERATE
STU109540,33.83,40.1,68.16,48.0,53.5,28.87,45.86,MODERATE
STU109541,51.79,40.6,57.82,44.75,100.0,38.64,52.65,MODERATE
STU109542,34.67,24.73,56.08,43.0,44.32,24.29,37.64,MODERATE
STU109543,9.48,29.59,56.5,17.5,65.45,25.78,32.34,MODERATE
STU109544,38.18,48.76,42.12,69.75,75.68,43.84,50.66,MODERATE
STU109545,39.52,43.81,55.02,54.25,83.78,44.75,50.85,MODERATE
STU109546,28.13,51.47,55.97,42.0,79.2,56.94,49.6,MODERATE
STU109547,7.61,19.0,48.05,14.0,64.12,22.74,26.67,LOW
STU109548,43.32,45.69,48.94,54.25,100.0,46.38,52.65,MODERATE
STU109549,16.05,31.17,69.41,48.0,56.42,34.86,41.21,MODERATE
STU109550,8.44,25.26,77.72,27.75,85.02,34.95,39.71,MODERATE
STU109551,18.52,30.87,58.46,35.25,74.88,34.93,39.38,MODERATE
STU109552,29.2,35.55,43.79,50.5,59.52,44.29,41.44,MODERATE
STU109553,18.7,34.28,55.94,27.0,62.48,37.76,37.57,MODERATE
STU109554,22.42,15.74,45.54,31.25,57.98,18.07,29.82,LOW
STU109555,29.7,28.16,57.51,50.25,45.08,19.33,38.46,MODERATE
STU109556,34.47,54.06,54.65,79.75,72.65,51.22,55.69,MODERATE
STU109557,14.85,13.81,53.56,8.25,45.28,6.7,23.57,LOW
STU109558,32.0,31.2,61.33,37.0,40.58,48.41,40.92,MODERATE
STU109559,15.17,34.95,35.16,42.25,44.02,27.32,32.28,MODERATE
STU109560,43.78,55.8,47.19,71.25,92.4,44.18,56.49,MODERATE
STU109561,23.14,36.2,47.65,29.25,73.38,38.91,38.82,MODERATE
STU109562,33.77,46.66,57.51,60.5,74.53,45.93,51.04,MODERATE
STU109563,29.31,45.7,47.36,63.25,98.92,44.66,50.6,MODERATE
STU109564,11.4,35.23,44.15,42.0,57.45,22.14,34.18,MODERATE
STU109565,21.65,38.49,57.31,44.5,74.65,45.14,44.07,MODERATE
STU109566,22.58,40.71,41.78,37.5,68.85,41.12,39.67,MODERATE
STU109567,4.18,32.06,31.49,34.25,50.88,33.07,28.68,LOW
STU109568,23.56,25.42,40.61,20.75,69.25,21.06,31.33,MODERATE
STU109569,15.87,33.39,60.02,49.5,70.38,40.23,42.01,MODERATE
STU109570,20.55,35.25,70.24,54.0,88.82,36.25,47.58,MODERATE
STU109571,37.39,34.28,59.2,52.75,75.35,29.52,46.29,MODERATE
STU109572,12.21,39.47,50.84,47.25,80.12,35.93,41.17,MODERATE
STU109573,24.51,22.72,70.8,40.5,64.7,36.39,40.93,MODERATE
STU109574,40.01,37.05,44.15,44.0,100.0,35.34,46.23,MODERATE
STU109575,0.0,12.14,57.01,28.0,46.0,8.81,24.12,LOW
STU109576,6.65,24.05,35.12,31.25,47.65,8.42,24.66,LOW
STU109577,54.07,55.4,46.16,80.75,100.0,54.23,61.43,HIGH
STU109578,26.01,30.82,63.02,46.75,47.68,27.43,40.03,MODERATE
STU109579,11.59,27.33,41.11,14.75,58.8,15.93,27.06,LOW
STU109580,20.36,24.51,48.5,18.5,62.65,26.72,31.61,MODERATE
STU109581,20.22,39.37,48.11,31.5,57.22,33.35,37.29,MODERATE
STU109582,25.98,32.91,56.81,51.25,64.5,35.06,42.43,MODERATE
STU109583,25.07,25.85,37.58,47.0,57.53,28.87,34.68,MODERATE
STU109584,21.65,23.9,47.84,10.5,24.52,18.52,25.75,LOW
STU109585,43.73,44.72,47.34,57.5,86.9,45.06,51.22,MODERATE
STU109586,30.21,25.73,45.6,57.0,77.62,28.87,40.79,MODERATE
STU109587,11.38,14.17,62.44,7.5,50.32,25.75,27.04,LOW
STU109588,35.56,34.79,44.96,36.5,65.62,33.66,40.2,MODERATE
STU109589,0.0,8.56,52.29,13.5,26.8,18.95,19.2,LOW
STU109590,0.0,8.83,72.08,19.75,10.55,28.87,23.53,LOW
STU109591,38.38,35.99,55.56,46.5,51.97,38.2,43.78,MODERATE
STU109592,23.81,39.04,37.21,44.25,75.95,25.64,38.76,MODERATE
STU109593,18.4,46.97,40.21,46.5,94.5,35.33,43.42,MODERATE
STU109594,0.61,25.98,59.51,37.0,38.15,29.58,30.84,MODERATE
STU109595,3.09,23.44,39.59,33.5,42.62,16.08,25.29,LOW
STU109596,0.0,7.72,42.4,10.0,28.4,9.21,15.67,LOW
STU109597,15.37,30.95,34.58,23.5,47.82,12.46,27.28,LOW
STU109598,18.9,32.57,28.99,41.5,58.6,21.38,31.94,MODERATE
STU109599,39.06,33.06,43.91,44.0,65.92,28.28,40.88,MODERATE
STU109600,62.35,53.01,56.7,63.75,100.0,54.55,62.08,HIGH
STU109601,23.59,31.67,72.0,37.25,82.08,27.82,43.61,MODERATE
STU109602,44.64,43.37,54.4,54.0,87.3,45.79,52.06,MODERATE
STU109603,20.66,18.44,56.01,37.25,56.78,22.96,33.51,MODERATE
STU109604,45.8,51.46,61.62,59.25,83.87,56.38,57.26,MODERATE
STU109605,19.69,38.08,50.08,47.75,87.3,40.48,43.41,MODERATE
STU109606,30.87,21.65,51.49,46.75,39.65,23.44,35.21,MODERATE
STU109607,17.29,24.31,46.8,23.25,68.97,21.79,31.46,MODERATE
STU109608,32.58,22.7,69.92,46.0,64.32,27.65,42.27,MODERATE
STU109609,4.04,14.76,40.7,26.5,34.35,15.41,21.59,LOW
STU109610,0.0,22.74,38.11,23.0,35.22,0.0,20.28,LOW
STU109611,37.0,37.71,34.75,53.75,62.4,36.9,41.77,MODERATE
STU109612,4.79,7.51,43.92,19.75,10.08,10.16,16.61,LOW
STU109613,0.0,0.0,50.0,26.25,43.6,0.0,18.3,LOW
STU109614,17.88,30.0,63.39,35.25,60.45,38.56,38.94,MODERATE
STU109615,25.84,24.75,58.13,24.75,62.87,30.21,36.0,MODERATE
STU109616,12.52,29.2,31.75,37.25,50.98,12.79,28.12,LOW
STU109617,33.3,37.22,42.19,58.25,66.58,31.5,42.95,MODERATE
STU109618,24.67,31.26,37.25,52.25,67.95,27.37,37.57,MODERATE
STU109619,7.69,26.98,48.38,19.0,61.38,18.98,28.85,LOW
STU109620,10.82,28.7,41.24,49.25,61.6,28.17,33.95,MODERATE
STU109621,12.43,42.49,57.85,55.25,83.02,44.25,45.69,MODERATE
STU109622,35.33,42.7,37.59,63.5,81.98,20.55,45.04,MODERATE
STU109623,31.23,39.61,55.36,46.0,84.2,40.88,46.63,MODERATE
STU109624,27.42,37.95,67.04,20.75,71.43,42.91,42.93,MODERATE
STU109625,15.73,19.71,53.95,37.0,53.95,9.14,30.72,MODERATE
STU109626,37.92,39.89,79.22,41.0,80.32,43.91,51.97,MODERATE
STU109627,11.33,25.0,36.56,31.25,52.65,13.44,27.12,LOW
STU109628,25.85,26.09,41.64,46.5,71.15,21.07,36.22,MODERATE
STU109629,26.26,18.6,53.91,22.0,59.9,18.27,31.8,MODERATE
STU109630,35.01,20.17,38.92,5.75,58.38,31.43,29.67,LOW
STU109631,21.65,21.24,50.05,23.25,57.32,16.88,30.56,MODERATE
STU109632,25.7,39.94,67.74,52.0,84.2,53.01,50.19,MODERATE
STU109633,29.82,41.74,49.66,50.5,100.0,39.66,47.87,MODERATE
STU109634,31.75,25.94,56.01,41.75,34.8,23.51,36.13,MODERATE
STU109635,27.84,25.8,66.55,30.0,50.6,40.85,38.97,MODERATE
STU109636,18.14,6.62,66.56,14.5,38.03,19.1,26.48,LOW
STU109637,16.11,26.78,62.09,22.25,68.05,36.83,36.16,MODERATE
STU109638,0.0,14.82,44.34,20.75,35.78,10.06,20.27,LOW
STU109639,29.15,37.27,58.42,45.25,88.22,46.38,47.08,MODERATE
STU109640,21.59,40.31,40.48,45.0,64.42,28.24,38.51,MODERATE
STU109641,21.65,30.12,55.22,32.25,88.12,34.46,40.0,MODERATE
STU109642,37.97,43.64,39.74,26.75,90.62,38.04,43.33,MODERATE
STU109643,0.01,26.18,48.88,13.75,53.97,15.01,25.28,LOW
STU109644,47.67,72.02,56.71,65.25,62.4,82.31,63.14,HIGH
STU109645,35.97,35.34,52.9,35.75,83.82,43.97,44.75,MODERATE
STU109646,1.76,15.28,40.65,12.0,41.1,3.99,18.61,LOW
STU109647,26.93,31.62,67.42,20.25,92.98,43.47,43.46,MODERATE
STU109648,11.21,19.62,64.94,38.75,46.1,27.52,33.31,MODERATE
STU109649,0.0,4.34,60.85,4.75,7.85,9.63,15.72,LOW
STU109650,18.16,23.59,44.18,59.0,55.05,21.07,34.83,MODERATE
STU109651,0.86,17.5,70.8,14.5,70.88,29.58,30.93,MODERATE
STU109652,0.0,12.71,44.02,2.5,25.67,6.67,15.59,LOW
STU109653,12.65,26.96,61.02,37.25,62.28,13.87,34.68,MODERATE
STU109654,31.86,27.53,67.54,61.5,47.9,28.87,43.66,MODERATE
STU109655,12.6,27.13,57.98,26.25,50.22,28.69,32.73,MODERATE
STU109656,8.69,19.54,51.38,20.75,62.75,7.68,27.05,LOW
STU109657,14.71,36.31,53.51,38.5,64.78,32.31,38.21,MODERATE
STU109658,27.73,27.55,78.35,49.0,78.45,29.89,46.29,MODERATE
STU109659,3.49,15.12,62.7,24.0,63.75,18.64,28.86,LOW
STU109660,13.84,27.76,35.74,41.25,68.73,22.75,32.19,MODERATE
STU109661,11.11,18.58,70.68,29.5,44.55,19.77,31.86,MODERATE
STU109662,22.61,24.19,48.68,27.25,53.8,24.31,32.2,MODERATE
STU109663,15.09,13.38,55.53,15.25,22.37,26.82,24.68,LOW
STU109664,33.92,34.8,38.7,63.25,78.75,24.27,43.01,MODERATE
STU109665,39.73,31.11,58.85,46.5,94.02,26.18,46.49,MODERATE
STU109666,13.75,19.98,49.97,23.25,60.15,30.97,30.34,MODERATE
STU109667,33.64,36.87,48.55,37.5,79.7,26.76,41.93,MODERATE
STU109668,29.28,27.0,73.2,28.0,45.55,39.87,39.99,MODERATE
STU109669,10.0,8.28,61.85,26.0,39.22,24.59,26.72,LOW
STU109670,56.21,49.24,58.29,47.25,90.92,49.34,56.32,MODERATE
STU109671,21.25,26.4,66.91,44.5,59.42,23.28,39.18,MODERATE
STU109672,15.01,10.57,49.72,22.0,44.42,8.67,24.2,LOW
STU109673,5.16,26.35,47.61,31.25,39.0,29.69,28.7,LOW
STU109674,21.09,37.98,65.27,36.25,77.45,47.91,44.74,MODERATE
STU109675,14.42,32.51,44.55,24.25,69.73,21.93,32.72,MODERATE
STU109676,42.42,45.09,36.1,36.75,74.6,39.28,43.88,MODERATE
STU109677,21.65,26.64,42.14,37.75,69.92,22.59,34.33,MODERATE
STU109678,34.95,36.43,45.74,36.0,86.18,23.49,41.61,MODERATE
STU109679,13.42,43.63,63.29,42.0,91.95,39.23,45.67,MODERATE
STU109680,9.76,30.3,41.85,38.0,64.6,26.43,32.7,MODERATE
STU109681,11.47,7.3,43.29,18.75,24.05,6.94,18.69,LOW
STU109682,15.11,32.12,39.71,17.75,43.0,16.81,27.64,LOW
STU109683,21.65,24.03,51.82,15.0,56.3,20.93,30.67,MODERATE
STU109684,21.65,11.47,51.04,0.0,40.8,13.11,22.8,LOW
STU109685,30.44,44.2,50.75,54.25,69.65,47.47,47.14,MODERATE
STU109686,12.78,29.66,57.54,37.5,67.45,29.79,36.83,MODERATE
STU109687,19.2,23.52,47.64,39.25,52.52,19.77,32.36,MODERATE
STU109688,39.62,49.48,73.03,49.5,75.2,60.57,55.9,MODERATE
STU109689,19.52,20.51,40.0,34.0,52.65,8.97,28.29,LOW
STU109690,60.51,32.32,44.6,43.75,77.42,23.5,45.76,MODERATE
STU109691,3.69,30.33,52.75,24.5,74.78,34.74,33.5,MODERATE
STU109692,45.93,34.85,52.2,69.0,68.88,28.87,48.46,MODERATE
STU109693,19.13,28.41,41.71,28.75,52.68,27.01,31.55,MODERATE
STU109694,22.78,45.57,58.1,47.75,80.95,48.47,47.67,MODERATE
STU109695,23.47,24.46,39.31,26.5,61.62,12.71,30.08,MODERATE
STU109696,26.55,26.82,43.72,58.5,76.55,26.06,39.8,MODERATE
STU109697,23.9,34.34,43.44,46.0,63.67,34.59,38.78,MODERATE
STU109698,0.0,20.68,47.92,19.5,31.83,29.07,23.77,LOW
STU109699,25.85,35.12,49.38,49.0,45.78,34.52,39.21,MODERATE
STU109700,11.27,22.91,43.75,28.0,70.02,4.84,28.42,LOW
STU109701,27.71,31.27,75.3,33.5,67.48,28.93,43.09,MODERATE
STU109702,11.56,16.64,47.79,30.0,81.08,10.85,29.72,LOW
STU109703,6.17,14.32,61.29,24.25,77.62,14.96,29.97,LOW
STU109704,12.7,10.88,52.95,25.25,43.4,4.61,24.44,LOW
STU109705,25.01,26.19,43.69,43.25,80.18,34.25,38.22,MODERATE
STU109706,14.49,10.1,38.12,33.75,69.03,5.77,25.59,LOW
STU109707,35.39,35.25,47.47,52.75,90.78,29.59,45.33,MODERATE
STU109708,41.2,37.86,52.79,46.25,69.35,35.75,45.71,MODERATE
STU109709,27.07,32.6,37.38,26.75,59.63,29.33,33.95,MODERATE
STU109710,0.33,17.18,58.89,18.25,67.27,31.33,28.74,LOW
STU109711,32.68,44.48,56.46,39.25,64.6,44.08,45.7,MODERATE
STU109712,8.84,13.3,46.39,38.75,57.82,0.0,25.97,LOW
STU109713,35.45,28.48,33.54,41.25,59.88,13.33,34.43,MODERATE
STU109714,24.64,44.71,36.74,24.75,68.53,33.97,37.42,MODERATE
STU109715,100.0,25.42,49.72,30.25,46.18,25.2,47.97,MODERATE
STU109716,27.33,35.33,60.45,54.25,86.25,25.89,45.74,MODERATE
STU109717,0.0,4.71,41.71,11.25,28.52,2.79,14.34,LOW
STU109718,27.39,29.38,69.0,22.0,61.78,26.29,38.73,MODERATE
STU109719,21.65,29.37,68.2,41.5,62.75,29.98,40.81,MODERATE
STU109720,0.0,17.43,51.25,13.25,38.1,0.0,20.4,LOW
STU109721,24.72,28.26,39.61,31.75,46.1,24.58,31.76,MODERATE
STU109722,7.03,19.76,47.95,39.5,50.55,10.95,28.01,LOW
STU109723,61.41,53.94,48.76,62.0,83.62,58.4,59.02,LOW
STU109724,29.78,39.78,48.46,47.75,71.78,40.37,43.97,MODERATE
STU109725,6.8,26.53,44.86,26.5,38.75,34.78,28.29,LOW
STU109726,6.34,15.32,63.08,8.75,63.85,13.76,26.79,LOW
STU109727,5.57,16.19,61.73,31.0,34.65,19.98,27.62,LOW
STU109728,6.24,23.31,49.74,32.0,59.0,33.85,31.11,MODERATE
STU109729,0.0,13.77,59.86,2.25,20.18,28.87,20.66,LOW
STU109730,19.08,27.24,29.6,37.75,49.92,22.84,29.48,LOW
STU109731,40.18,56.9,57.81,76.0,84.02,67.51,60.38,HIGH
STU109732,0.0,19.54,45.08,7.5,42.88,20.6,21.37,LOW
STU109733,32.26,31.0,62.01,48.5,66.55,35.25,44.06,MODERATE
STU109734,28.79,34.71,58.79,31.0,49.3,35.11,39.28,MODERATE
STU109735,24.59,28.91,56.66,15.75,61.58,29.53,34.95,MODERATE
STU109736,17.69,29.7,41.14,49.25,52.22,35.11,35.31,MODERATE
STU109737,48.57,37.48,70.65,53.0,100.0,54.86,56.65,MODERATE
STU109738,51.36,55.24,82.09,72.5,99.63,68.06,68.14,HIGH
STU109739,36.67,41.36,60.01,47.0,77.28,49.93,49.45,MODERATE
STU109740,11.21,20.81,39.78,32.0,43.82,2.6,24.84,LOW
STU109741,24.99,47.07,66.12,37.0,72.05,54.73,48.22,MODERATE
STU109742,27.06,28.2,63.84,42.0,78.88,39.55,43.37,MODERATE
STU109743,25.89,29.2,65.39,32.25,61.1,25.48,39.05,MODERATE
STU109744,3.39,42.72,41.36,61.25,67.03,21.63,37.68,MODERATE
STU109745,21.65,38.97,65.31,54.75,56.25,53.14,46.29,MODERATE
STU109746,34.46,36.96,34.1,37.0,52.02,34.78,37.18,MODERATE
STU109747,26.92,22.6,62.65,48.5,60.18,23.66,39.22,MODERATE
STU109748,42.83,40.76,40.54,48.5,46.35,40.82,42.86,MODERATE
STU109749,31.09,26.0,65.38,24.0,59.4,31.62,38.5,MODERATE
STU109750,13.11,20.03,55.32,26.75,53.8,19.99,30.08,MODERATE
STU109751,58.61,48.26,65.01,58.75,61.18,61.37,57.86,MODERATE
STU109752,11.56,28.36,55.48,32.5,40.17,29.41,32.33,MODERATE
STU109753,24.08,34.02,58.36,57.5,64.4,41.56,44.21,MODERATE
STU109754,24.16,23.34,65.14,34.75,71.9,20.12,38.11,MODERATE
STU109755,6.0,21.85,59.04,31.25,50.25,40.83,32.27,MODERATE
STU109756,32.86,35.24,34.01,48.75,62.4,33.13,39.05,MODERATE
STU109757,17.78,19.78,41.01,20.5,24.4,21.43,24.36,LOW
STU109758,8.11,17.23,37.98,45.0,13.77,24.83,24.14,LOW
STU109759,12.78,21.44,49.18,36.5,56.38,25.48,31.41,MODERATE
STU109760,22.16,25.43,51.84,41.75,45.8,26.52,34.65,MODERATE
STU109761,9.7,15.0,40.36,28.25,56.18,8.38,24.46,LOW
STU109762,6.83,23.32,55.24,21.25,62.4,19.56,29.63,LOW
STU109763,31.77,50.12,57.46,51.75,98.35,52.99,53.27,MODERATE
STU109764,28.1,41.19,64.28,46.5,53.52,43.96,45.5,MODERATE
STU109765,21.65,29.12,55.38,39.75,62.7,41.53,39.07,MODERATE
STU109766,18.88,30.12,55.14,38.75,62.4,21.29,36.52,MODERATE
STU109767,24.61,30.71,57.3,21.0,56.53,31.37,36.0,MODERATE
STU109768,22.33,38.7,69.06,63.5,69.9,48.78,49.35,MODERATE
STU109769,0.0,14.0,74.11,5.75,27.25,28.87,24.8,LOW
STU109770,7.78,33.86,50.0,43.25,72.6,28.1,36.58,MODERATE
STU109771,28.51,26.22,64.69,33.25,83.72,32.56,41.81,MODERATE
STU109772,37.46,38.24,39.74,41.5,89.15,35.81,43.72,MODERATE
STU109773,29.63,48.52,54.34,43.75,97.68,41.66,49.42,MODERATE
STU109774,25.71,35.8,42.11,25.25,61.95,26.52,35.15,MODERATE
STU109775,13.67,29.99,44.6,49.25,72.3,27.03,36.47,MODERATE
STU109776,12.5,25.19,67.12,29.75,51.55,36.23,35.46,MODERATE
STU109777,0.0,12.19,28.21,17.25,34.67,6.95,15.44,LOW
STU109778,23.05,31.38,44.04,37.0,87.32,38.92,39.44,MODERATE
STU109779,15.99,33.44,37.35,20.75,68.92,40.28,33.06,MODERATE
STU109780,16.35,22.81,65.15,21.25,76.8,20.15,34.89,MODERATE
STU109781,22.32,32.39,42.82,43.25,79.38,28.22,38.37,MODERATE
STU109782,15.96,22.2,39.16,22.5,60.55,16.58,27.66,LOW
STU109783,38.2,46.96,40.46,54.0,93.5,26.32,47.55,MODERATE
STU109784,22.66,45.85,71.08,57.25,58.0,58.97,50.5,MODERATE
STU109785,31.27,27.25,52.29,41.25,51.3,33.87,38.23,MODERATE
STU109786,24.82,33.77,37.1,37.75,70.08,31.05,36.6,MODERATE
STU109787,31.28,30.34,38.84,53.0,56.8,22.72,37.51,MODERATE
STU109788,15.39,34.79,39.66,34.5,72.85,32.1,35.38,MODERATE
STU109789,28.27,34.24,61.29,27.0,63.52,42.53,41.13,MODERATE
STU109790,32.91,40.05,51.66,45.5,62.48,46.85,44.68,MODERATE
STU109791,32.99,39.11,44.14,26.75,84.22,37.06,41.34,MODERATE
STU109792,37.42,23.99,51.3,34.75,50.7,24.21,36.44,MODERATE
STU109793,24.95,42.42,48.01,38.5,74.15,20.28,40.42,MODERATE
STU109794,41.01,43.77,42.3,36.5,64.2,41.96,43.7,MODERATE
STU109795,28.42,16.82,58.82,17.5,32.02,19.52,29.43,LOW
STU109796,14.71,33.85,31.17,20.5,62.4,20.55,29.01,LOW
STU109797,30.41,36.76,56.91,59.0,68.08,39.88,46.3,MODERATE
STU109798,35.24,39.66,36.78,46.5,94.78,24.21,43.19,MODERATE
STU109799,36.41,49.5,49.54,51.25,75.08,45.47,49.31,MODERATE
STU109800,14.99,34.96,44.31,38.25,70.47,40.46,37.43,MODERATE
STU109801,2.1,4.32,51.91,15.75,33.65,0.0,17.61,LOW
STU109802,10.45,27.69,74.05,35.25,62.4,24.46,37.8,MODERATE
STU109803,47.12,47.88,65.56,63.75,76.35,53.7,57.07,MODERATE
STU109804,10.87,24.44,60.96,37.0,64.28,26.63,35.12,MODERATE
STU109805,23.89,41.26,57.4,38.75,62.4,44.01,43.03,MODERATE
STU109806,10.82,26.81,74.69,42.0,75.6,34.89,41.15,MODERATE
STU109807,41.46,29.31,70.79,47.75,93.82,34.64,49.79,MODERATE
STU109808,0.1,6.94,54.72,18.25,36.43,12.35,20.31,LOW
STU109809,22.82,38.36,49.59,60.5,73.73,22.79,42.8,MODERATE
STU109810,10.86,31.72,42.6,35.75,67.5,29.9,33.72,MODERATE
STU109811,31.82,32.79,58.14,43.0,71.08,38.32,43.58,MODERATE
STU109812,13.1,15.51,55.71,17.25,55.95,9.05,26.73,LOW
STU109813,16.1,21.76,42.62,44.25,71.05,15.76,32.5,MODERATE
STU109814,21.65,4.56,55.7,22.0,36.72,10.28,24.61,LOW
STU109815,9.01,23.9,63.73,18.25,59.88,26.16,31.86,MODERATE
STU109816,26.4,36.72,34.98,56.5,68.23,23.97,39.15,MODERATE
STU109817,0.0,2.12,49.46,0.0,37.0,3.8,14.5,LOW
STU109818,19.25,20.15,70.47,34.5,52.45,33.84,36.79,MODERATE
STU109819,32.24,33.87,75.24,38.25,62.95,40.93,46.09,MODERATE
STU109820,21.58,22.4,50.51,36.75,55.02,20.62,33.09,MODERATE
STU109821,12.27,24.6,52.95,25.5,41.88,25.72,29.78,LOW
STU109822,13.44,25.72,59.8,16.0,45.55,21.96,30.23,MODERATE
STU109823,21.81,29.17,53.8,32.25,51.32,33.71,35.76,MODERATE
STU109824,0.0,23.4,46.28,16.75,37.42,12.4,22.6,LOW
STU109825,11.54,29.1,59.15,24.25,54.15,27.7,33.24,MODERATE
STU109826,20.46,38.48,53.66,55.0,68.7,46.37,44.2,MODERATE
STU109827,0.0,16.71,58.06,12.5,30.6,10.26,21.75,LOW
STU109828,6.85,7.38,58.34,14.75,9.82,21.42,20.22,LOW
STU109829,16.31,23.09,50.48,39.75,47.08,30.04,32.8,MODERATE
STU109830,24.87,28.81,45.76,33.0,78.0,37.5,37.83,MODERATE
STU109831,18.82,27.72,32.98,31.0,58.5,27.21,30.51,MODERATE
STU109832,20.07,35.32,42.18,34.5,79.25,39.65,38.34,MODERATE
STU109833,23.16,39.22,36.59,27.5,56.3,29.13,34.42,MODERATE
STU109834,52.65,48.36,46.41,56.5,85.98,28.87,51.86,MODERATE
STU109835,0.0,12.78,56.31,23.75,47.15,18.48,24.58,LOW
STU109836,11.38,8.23,47.71,26.25,57.8,6.86,24.28,LOW
STU109837,36.19,48.94,44.46,51.0,86.0,61.83,50.8,MODERATE
STU109838,21.65,20.18,57.74,23.0,60.45,15.33,31.95,MODERATE
STU109839,22.61,27.5,61.66,37.75,73.1,40.28,40.73,MODERATE
STU109840,19.0,30.37,65.68,47.75,71.8,39.27,42.8,MODERATE
STU109841,3.74,27.35,48.96,36.0,47.3,28.55,30.36,MODERATE
STU109842,40.47,46.99,53.5,54.25,100.0,49.89,53.67,MODERATE
STU109843,26.05,35.82,71.23,54.75,72.1,30.63,46.9,MODERATE
STU109844,9.21,25.82,59.52,57.0,31.33,28.87,34.77,MODERATE
STU109845,17.08,34.52,59.54,30.5,36.88,33.5,35.57,MODERATE
STU109846,37.05,51.24,55.1,59.25,67.9,65.28,53.45,MODERATE
STU109847,8.42,25.63,54.86,27.75,55.25,31.86,31.94,MODERATE
STU109848,6.7,10.96,39.51,10.5,37.2,11.54,18.43,LOW
STU109849,0.0,22.18,35.17,41.25,61.2,20.61,26.95,LOW
STU109850,24.74,28.3,64.65,55.0,99.75,27.26,45.9,MODERATE
STU109851,0.0,1.22,53.05,6.25,29.3,4.88,15.27,LOW
STU109852,29.56,36.1,37.71,55.0,82.3,35.18,42.48,MODERATE
STU109853,9.21,28.74,33.14,28.0,50.55,26.3,27.54,LOW
STU109854,21.98,28.68,44.15,29.75,52.82,30.9,33.23,MODERATE
STU109855,0.71,5.93,53.44,9.5,11.68,14.61,16.37,LOW
STU109856,13.39,21.31,33.81,32.25,56.3,17.41,26.98,LOW
STU109857,21.73,28.66,65.76,20.75,66.03,47.35,39.11,MODERATE
STU109858,20.54,21.93,43.62,25.25,57.38,23.93,30.23,MODERATE
STU109859,34.58,32.76,62.3,52.25,70.32,39.84,46.42,MODERATE
STU109860,22.5,38.96,30.49,42.75,76.92,37.1,38.15,MODERATE
STU109861,24.66,31.54,55.82,54.5,76.68,33.78,43.2,MODERATE
STU109862,9.99,17.98,25.36,16.25,41.58,9.17,19.08,LOW
STU109863,27.67,26.77,58.64,34.5,73.3,27.6,39.22,MODERATE
STU109864,10.92,26.86,61.91,50.5,76.58,34.09,39.92,MODERATE
STU109865,0.0,10.66,42.86,24.0,36.72,10.12,19.52,LOW
STU109866,36.03,55.36,53.27,53.25,100.0,64.71,56.16,MODERATE
STU109867,49.17,47.17,50.05,60.5,86.35,50.16,54.36,MODERATE
STU109868,49.15,56.52,44.09,65.0,99.75,46.21,57.12,MODERATE
STU109869,15.01,15.6,41.96,14.75,62.4,15.36,25.28,LOW
STU109870,16.99,31.66,59.63,38.5,76.05,43.73,40.99,MODERATE
STU109871,7.83,20.45,21.74,33.0,43.9,0.0,20.37,LOW
STU109872,19.16,31.34,44.95,39.5,75.6,32.76,37.42,MODERATE
STU109873,15.45,21.22,72.14,37.0,26.52,26.47,33.67,MODERATE
STU109874,31.84,34.43,55.44,43.25,69.42,44.45,43.94,MODERATE
STU109875,22.21,28.61,49.89,42.0,48.75,13.75,34.12,MODERATE
STU109876,16.38,30.8,63.77,34.5,49.38,35.76,37.42,MODERATE
STU109877,19.89,22.7,60.99,44.5,61.88,30.21,37.74,MODERATE
STU109878,0.0,32.23,100.0,15.75,49.32,100.0,45.35,MODERATE
STU109879,49.68,52.47,85.24,48.0,77.75,64.88,61.56,HIGH
STU109880,22.87,36.32,52.72,28.0,81.3,23.56,38.88,MODERATE
STU109881,8.46,36.23,45.15,46.0,75.4,36.13,37.83,MODERATE
STU109882,18.76,35.17,26.39,42.75,54.2,19.83,31.64,MODERATE
STU109883,23.62,33.37,68.82,35.0,70.97,31.61,42.34,MODERATE
STU109884,25.19,39.11,39.06,38.0,79.35,25.31,38.79,MODERATE
STU109885,7.74,8.04,51.17,23.75,45.78,12.66,23.2,LOW
STU109886,9.79,31.58,53.24,42.75,73.5,21.48,36.41,MODERATE
STU109887,0.0,9.76,56.1,6.25,0.0,0.91,14.69,LOW
STU109888,14.24,15.06,58.6,47.0,41.85,25.09,32.08,MODERATE
STU109889,19.98,32.94,38.81,36.5,77.15,29.97,36.18,MODERATE
STU109890,7.84,30.06,65.59,21.0,58.13,51.07,36.27,MODERATE
STU109891,30.66,23.0,73.74,39.5,53.4,33.92,41.29,MODERATE
STU109892,5.45,33.5,91.25,33.25,54.58,100.0,48.16,MODERATE
STU109893,18.13,42.42,64.26,39.75,87.0,53.36,47.08,MODERATE
STU109894,30.37,49.34,60.01,58.0,93.25,53.63,53.8,MODERATE
STU109895,18.52,33.36,53.54,26.75,68.1,40.11,37.59,MODERATE
STU109896,6.15,23.67,48.46,38.5,36.25,28.87,29.13,LOW
STU109897,21.18,28.3,62.55,45.5,67.15,30.74,40.43,MODERATE
STU109898,11.1,16.38,49.14,37.0,53.88,19.49,29.03,LOW
STU109899,19.36,22.33,44.02,22.0,53.15,27.32,29.61,LOW
STU109900,43.57,51.12,39.6,66.0,64.88,56.61,51.46,MODERATE
STU109901,23.36,26.36,68.0,35.0,59.35,38.04,39.85,MODERATE
STU109902,0.0,18.44,50.2,35.0,16.02,25.19,24.02,LOW
STU109903,23.78,24.24,82.51,41.5,62.4,31.27,42.91,MODERATE
STU109904,28.59,54.18,55.38,37.0,84.9,52.19,49.6,MODERATE
STU109905,29.46,27.49,46.45,37.5,55.8,23.79,35.64,MODERATE
STU109906,19.69,27.64,39.46,49.0,30.15,30.92,32.2,MODERATE
STU109907,0.0,18.72,57.89,37.0,38.88,16.3,27.33,LOW
STU109908,55.87,53.17,60.14,63.5,76.4,45.61,58.22,MODERATE
STU109909,12.35,37.16,59.0,21.75,46.5,44.77,35.95,MODERATE
STU109910,34.28,32.76,51.01,43.0,86.0,26.29,42.93,MODERATE
STU109911,20.31,27.03,42.2,23.75,55.1,17.69,30.1,MODERATE
STU109912,21.07,17.68,72.88,12.5,54.2,17.14,32.22,MODERATE
STU109913,9.03,36.3,55.64,47.25,78.9,39.23,40.91,MODERATE
STU109914,14.7,26.27,58.22,28.5,50.98,31.58,33.68,MODERATE
STU109915,8.93,19.28,43.11,32.0,44.4,24.1,26.88,LOW
STU109916,16.99,28.69,68.18,40.5,60.28,35.36,39.85,MODERATE
STU109917,44.78,40.87,30.96,48.0,81.68,32.67,44.0,MODERATE
STU109918,0.0,23.0,77.74,9.75,49.45,33.21,31.03,MODERATE
STU109919,12.34,18.77,36.72,30.5,19.5,9.84,22.01,LOW
STU109920,26.31,22.1,33.17,41.0,51.32,26.53,31.36,MODERATE
STU109921,34.54,32.64,55.09,45.5,56.62,27.6,41.33,MODERATE
STU109922,18.94,12.64,67.84,37.0,42.25,16.76,31.97,MODERATE
STU109923,0.0,9.62,47.18,17.0,62.4,3.47,20.98,LOW
STU109924,29.8,31.73,59.74,33.25,74.02,23.05,40.54,MODERATE
STU109925,28.1,23.34,53.19,37.0,62.2,28.87,36.75,MODERATE
STU109926,32.44,46.0,63.35,43.5,84.08,49.72,50.56,MODERATE
STU109927,30.28,36.57,55.59,49.5,80.45,45.81,46.37,MODERATE
STU109928,25.22,39.0,44.42,42.0,75.28,32.45,40.75,MODERATE
STU109929,11.11,19.88,48.6,35.75,63.62,14.92,30.13,MODERATE
STU109930,25.6,36.26,67.0,44.25,85.45,40.39,46.81,MODERATE
STU109931,13.53,26.53,34.08,42.5,60.7,16.35,30.23,MODERATE
STU109932,43.96,34.42,56.29,67.0,80.7,30.83,49.86,MODERATE
STU109933,18.44,36.62,55.18,53.25,54.0,45.37,41.8,MODERATE
STU109934,30.16,44.78,63.79,47.5,94.9,31.69,49.77,MODERATE
STU109935,12.12,26.34,56.64,43.0,66.1,33.59,36.76,MODERATE
STU109936,44.04,41.34,25.55,72.25,96.37,33.37,48.06,MODERATE
STU109937,22.56,31.8,56.99,39.25,50.92,26.33,37.47,MODERATE
STU109938,27.67,21.56,41.74,38.5,73.5,10.49,33.45,MODERATE
STU109939,8.35,33.66,40.96,31.5,46.7,28.17,30.49,MODERATE
STU109940,39.56,51.08,66.05,58.5,62.4,52.42,54.15,MODERATE
STU109941,26.11,27.74,55.62,29.75,46.55,28.87,35.29,MODERATE
STU109942,20.43,33.91,23.62,46.0,53.15,25.8,32.08,MODERATE
STU109943,23.1,25.54,47.64,29.25,74.28,22.59,34.61,MODERATE
STU109944,35.76,49.93,60.61,62.5,93.65,52.27,55.72,MODERATE
STU109945,32.6,47.23,54.79,53.75,75.88,35.42,48.48,MODERATE
STU109946,16.76,30.07,69.0,33.25,65.88,44.2,40.66,MODERATE
STU109947,0.0,15.59,61.68,13.5,58.08,36.13,27.68,LOW
STU109948,8.17,18.22,58.58,32.5,45.88,20.93,29.46,LOW
STU109949,11.37,31.41,33.88,38.75,59.95,8.2,29.53,LOW
STU109950,26.57,30.72,62.6,52.0,74.75,33.57,44.15,MODERATE
STU109951,40.83,39.94,44.1,69.0,81.85,48.11,50.32,MODERATE
STU109952,27.83,25.14,63.1,24.5,98.12,30.17,40.98,MODERATE
STU109953,20.23,18.86,47.41,34.75,45.18,22.55,30.23,MODERATE
STU109954,13.65,31.87,54.24,27.5,52.02,35.6,34.43,MODERATE
STU109955,19.27,11.71,63.8,15.75,42.12,21.35,28.25,LOW
STU109956,30.31,33.55,47.45,33.75,91.3,33.44,41.48,MODERATE
STU109957,21.97,30.19,46.45,30.5,66.5,24.06,34.86,MODERATE
STU109958,32.53,48.44,69.35,50.75,75.45,55.25,53.17,MODERATE
STU109959,20.41,25.78,35.52,40.0,64.42,39.98,34.07,MODERATE
STU109960,7.32,15.55,37.48,30.5,40.17,16.7,23.11,LOW
STU109961,23.97,46.32,44.3,37.0,82.3,44.26,43.44,MODERATE
STU109962,12.63,18.91,49.61,43.75,45.92,15.48,29.88,LOW
STU109963,21.65,13.33,59.84,23.5,57.35,22.02,31.09,MODERATE
STU109964,34.19,26.88,56.3,56.5,75.37,34.15,44.24,MODERATE
STU109965,14.11,27.43,53.11,39.0,41.8,21.35,32.47,MODERATE
STU109966,5.7,8.3,45.26,12.5,50.28,6.76,19.85,LOW
STU109967,21.86,26.31,45.75,30.0,62.48,28.4,33.69,MODERATE
STU109968,0.96,23.53,55.7,29.0,37.55,27.85,28.1,LOW
STU109969,42.9,47.22,47.14,56.75,79.77,50.79,51.38,MODERATE
STU109970,18.42,19.52,52.29,34.75,47.9,25.58,31.58,MODERATE
STU109971,21.65,18.38,34.34,9.75,49.88,6.87,22.93,LOW
STU109972,36.33,46.47,70.35,51.5,77.72,48.31,53.28,MODERATE
STU109973,38.05,31.06,62.56,54.75,79.85,22.94,46.38,MODERATE
STU109974,17.7,22.35,62.3,22.25,39.68,23.32,31.22,MODERATE
STU109975,32.44,34.66,45.1,37.0,72.9,36.82,40.7,MODERATE
STU109976,7.08,20.29,41.91,30.5,58.25,24.7,27.74,LOW
STU109977,28.7,29.84,60.09,46.0,75.15,36.79,43.31,MODERATE
STU109978,18.03,33.46,47.5,47.5,69.35,31.12,38.64,MODERATE
STU109979,28.42,24.78,43.65,45.5,72.93,32.51,37.98,MODERATE
STU109980,12.75,30.55,40.28,34.25,67.0,26.93,32.77,MODERATE
STU109981,8.48,7.95,54.64,41.75,65.15,1.99,27.59,LOW
STU109982,14.76,24.26,39.19,34.5,49.82,12.11,28.22,LOW
STU109983,20.31,33.07,39.11,44.5,80.67,33.59,38.25,MODERATE
STU109984,0.0,13.7,57.56,19.25,37.05,20.9,23.62,LOW
STU109985,3.96,23.8,62.74,24.0,43.62,35.86,30.84,MODERATE
STU109986,27.86,22.84,53.71,29.25,24.55,23.69,31.24,MODERATE
STU109987,25.74,30.45,43.16,20.75,66.8,20.33,33.22,MODERATE
STU109988,19.86,26.16,45.38,21.75,57.0,13.25,29.88,LOW
STU109989,38.87,52.3,54.55,58.5,99.3,53.89,55.85,MODERATE
STU109990,23.28,29.73,42.7,43.0,73.52,39.97,38.43,MODERATE
STU109991,6.81,7.92,65.4,23.0,43.15,13.29,25.52,LOW
STU109992,25.23,21.91,48.38,47.25,68.9,23.64,36.54,MODERATE
STU109993,18.61,28.87,61.86,35.0,76.05,32.28,39.39,MODERATE
STU109994,24.07,34.89,75.06,42.0,68.47,31.87,44.88,MODERATE
STU109995,25.78,29.27,48.91,23.5,68.5,26.28,35.26,MODERATE
STU109996,28.45,32.62,70.09,37.5,58.35,30.69,42.39,MODERATE
STU109997,21.45,11.87,49.38,12.0,32.18,14.66,23.62,LOW
STU109998,51.5,48.33,55.59,39.0,86.28,39.91,51.97,MODERATE
STU109999,23.55,40.55,51.92,37.0,51.8,46.1,40.57,MODERATE
